extra,producto,periodo,precio_estimado,confianza,casos_medidos
Bistec (1 pza.),1/2 Empanadas (2 pzas.),2023-09,74.00,0.778,999
Bistec (1 pza.),1/2 Empanadas (2 pzas.),2023-10,74.00,0.876,999
Bistec (1 pza.),1/2 Empanadas (2 pzas.),2023-11,74.00,0.781,999
Bistec (1 pza.),1/2 Empanadas (2 pzas.),2023-12,74.00,0.893,999
Bistec (1 pza.),1/2 Empanadas (2 pzas.),2024-01,74.00,0.839,999
Bistec (1 pza.),1/2 Empanadas (2 pzas.),2024-02,74.00,0.920,999
Bistec (1 pza.),1/2 Empanadas (2 pzas.),2024-03,74.00,0.922,999
Bistec (1 pza.),1/2 Empanadas (2 pzas.),2024-04,74.00,0.849,999
Bistec (1 pza.),1/2 Empanadas (2 pzas.),2024-05,74.00,0.854,999
Bistec (1 pza.),1/2 Empanadas (2 pzas.),2024-06,74.00,0.861,999
Bistec (1 pza.),1/2 Empanadas (2 pzas.),2024-07,74.00,0.861,999
Bistec (1 pza.),1/2 Empanadas (2 pzas.),2024-08,85.00,0.958,999
Bistec (1 pza.),1/2 Empanadas (2 pzas.),2024-09,85.00,0.932,999
Bistec (1 pza.),1/2 Empanadas (2 pzas.),2024-10,85.00,0.955,999
Bistec (1 pza.),1/2 Empanadas (2 pzas.),2024-11,85.00,0.972,999
Bistec (1 pza.),1/2 Empanadas (2 pzas.),2024-12,85.00,0.911,999
Bistec (1 pza.),1/2 Empanadas (2 pzas.),2025-01,85.00,0.905,999
Bistec (1 pza.),1/2 Empanadas (2 pzas.),2025-02,85.00,0.905,999
Bistec (1 pza.),1/2 Empanadas (2 pzas.),2025-03,85.00,0.905,999
Bistec (1 pza.),1/2 Empanadas (2 pzas.),2025-04,102.00,0.950,999
Bistec (1 pza.),1/2 Empanadas (2 pzas.),2025-05,102.00,0.975,999
Bistec (1 pza.),1/2 Empanadas (2 pzas.),2025-06,102.00,0.915,999
Bistec (1 pza.),1/2 Empanadas (2 pzas.),2025-07,102.00,0.979,999
Bistec (1 pza.),1/2 Empanadas (2 pzas.),2025-08,102.00,0.965,999
Bistec (1 pza.),1/2 Empanadas (2 pzas.),2025-09,102.00,1.000,999
Bistec (1 pza.),1/2 Empanadas (2 pzas.),2025-10,102.00,0.935,999
Bistec (1 pza.),1/2 Empanadas (2 pzas.),2025-11,102.00,0.989,999
Bistec (1 pza.),1/2 Empanadas (2 pzas.),2025-12,102.00,0.959,999
Bistec (1 pza.),1/2 Empanadas (2 pzas.),2026-01,102.00,0.908,999
Bistec (1 pza.),1/2 Empanadas (2 pzas.),2026-02,102.00,0.971,999
Bistec (1 pza.),1/2 Empanadas (2 pzas.),2026-03,102.00,0.948,999
Bistec (1 pza.),1/2 Empanadas (2 pzas.),2026-04,102.00,0.977,999
Bistec (1 pza.),1/2 Empanadas (2 pzas.),2026-05,102.00,0.975,999
Bistec (1 pza.),1/2 Empanadas (2 pzas.),2026-06,102.00,0.948,999
Bistec (1 pza.),1/2 Empanadas (2 pzas.),2026-07,102.00,0.962,999
Bistec (1 pza.),1/2 Empanadas (2 pzas.),2026-08,102.00,1.000,999
Bistec (1 pza.),1/2 Empanadas (2 pzas.),2026-09,102.00,1.000,999
Bistec (1 pza.),1/2 Enchiladas Mixtas (4 Piezas),2023-09,74.00,0.778,999
Bistec (1 pza.),1/2 Enchiladas Mixtas (4 Piezas),2023-10,74.00,0.876,999
Bistec (1 pza.),1/2 Enchiladas Mixtas (4 Piezas),2023-11,74.00,0.781,999
Bistec (1 pza.),1/2 Enchiladas Mixtas (4 Piezas),2023-12,74.00,0.893,999
Bistec (1 pza.),1/2 Enchiladas Mixtas (4 Piezas),2024-01,74.00,0.839,999
Bistec (1 pza.),1/2 Enchiladas Mixtas (4 Piezas),2024-02,74.00,0.920,999
Bistec (1 pza.),1/2 Enchiladas Mixtas (4 Piezas),2024-03,74.00,0.922,999
Bistec (1 pza.),1/2 Enchiladas Mixtas (4 Piezas),2024-04,74.00,0.849,999
Bistec (1 pza.),1/2 Enchiladas Mixtas (4 Piezas),2024-05,74.00,0.854,999
Bistec (1 pza.),1/2 Enchiladas Mixtas (4 Piezas),2024-06,74.00,0.861,999
Bistec (1 pza.),1/2 Enchiladas Mixtas (4 Piezas),2024-07,74.00,0.861,999
Bistec (1 pza.),1/2 Enchiladas Mixtas (4 Piezas),2024-08,85.00,0.958,999
Bistec (1 pza.),1/2 Enchiladas Mixtas (4 Piezas),2024-09,85.00,1.000,999
Bistec (1 pza.),1/2 Enchiladas Mixtas (4 Piezas),2024-10,85.00,1.000,999
Bistec (1 pza.),1/2 Enchiladas Mixtas (4 Piezas),2024-11,85.00,1.000,999
Bistec (1 pza.),1/2 Enchiladas Mixtas (4 Piezas),2024-12,85.00,1.000,999
Bistec (1 pza.),1/2 Enchiladas Mixtas (4 Piezas),2025-01,85.00,1.000,999
Bistec (1 pza.),1/2 Enchiladas Mixtas (4 Piezas),2025-02,85.00,1.000,999
Bistec (1 pza.),1/2 Enchiladas Mixtas (4 Piezas),2025-03,102.00,1.000,999
Bistec (1 pza.),1/2 Enchiladas Mixtas (4 Piezas),2025-04,102.00,1.000,999
Bistec (1 pza.),1/2 Enchiladas Mixtas (4 Piezas),2025-05,102.00,1.000,999
Bistec (1 pza.),1/2 Enchiladas Mixtas (4 Piezas),2025-06,102.00,1.000,999
Bistec (1 pza.),1/2 Enchiladas Mixtas (4 Piezas),2025-07,102.00,1.000,999
Bistec (1 pza.),1/2 Enchiladas Mixtas (4 Piezas),2025-08,102.00,1.000,999
Bistec (1 pza.),1/2 Enchiladas Mixtas (4 Piezas),2025-09,102.00,1.000,999
Bistec (1 pza.),1/2 Enchiladas Mixtas (4 Piezas),2025-10,102.00,1.000,999
Bistec (1 pza.),1/2 Enchiladas Mixtas (4 Piezas),2025-11,102.00,1.000,999
Bistec (1 pza.),1/2 Enchiladas Mixtas (4 Piezas),2025-12,102.00,1.000,999
Bistec (1 pza.),1/2 Enchiladas Mixtas (4 Piezas),2026-01,102.00,1.000,999
Bistec (1 pza.),1/2 Enchiladas Mixtas (4 Piezas),2026-02,102.00,1.000,999
Bistec (1 pza.),1/2 Enchiladas Mixtas (4 Piezas),2026-03,102.00,1.000,999
Bistec (1 pza.),1/2 Enchiladas Mixtas (4 Piezas),2026-04,102.00,1.000,999
Bistec (1 pza.),1/2 Enchiladas Mixtas (4 Piezas),2026-05,102.00,1.000,999
Bistec (1 pza.),1/2 Enchiladas Mixtas (4 Piezas),2026-06,102.00,1.000,999
Bistec (1 pza.),1/2 Enchiladas Mixtas (4 Piezas),2026-07,102.00,1.000,999
Bistec (1 pza.),1/2 Enchiladas Mixtas (4 Piezas),2026-08,102.00,1.000,999
Bistec (1 pza.),1/2 Enchiladas Mixtas (4 Piezas),2026-09,102.00,1.000,999
Bistec (1 pza.),1/2 Enchiladas Picositas,2023-09,74.00,0.778,999
Bistec (1 pza.),1/2 Enchiladas Picositas,2023-10,74.00,1.000,999
Bistec (1 pza.),1/2 Enchiladas Picositas,2023-11,74.00,1.000,999
Bistec (1 pza.),1/2 Enchiladas Picositas,2023-12,74.00,0.833,999
Bistec (1 pza.),1/2 Enchiladas Picositas,2024-01,74.00,0.833,999
Bistec (1 pza.),1/2 Enchiladas Picositas,2024-02,74.00,1.000,999
Bistec (1 pza.),1/2 Enchiladas Picositas,2024-03,74.00,0.750,999
Bistec (1 pza.),1/2 Enchiladas Picositas,2024-04,74.00,0.750,999
Bistec (1 pza.),1/2 Enchiladas Picositas,2024-05,74.00,0.750,999
Bistec (1 pza.),1/2 Enchiladas Picositas,2024-06,74.00,0.750,999
Bistec (1 pza.),1/2 Enchiladas Picositas,2024-07,74.00,0.750,999
Bistec (1 pza.),1/2 Enchiladas Picositas,2024-08,85.00,1.000,999
Bistec (1 pza.),1/2 Enchiladas Picositas,2024-09,85.00,1.000,999
Bistec (1 pza.),1/2 Enchiladas Picositas,2024-10,85.00,1.000,999
Bistec (1 pza.),1/2 Enchiladas Picositas,2024-11,85.00,1.000,999
Bistec (1 pza.),1/2 Enchiladas Picositas,2024-12,85.00,1.000,999
Bistec (1 pza.),1/2 Enchiladas Picositas,2025-01,85.00,0.875,999
Bistec (1 pza.),1/2 Enchiladas Picositas,2025-02,74.00,0.500,999
Bistec (1 pza.),1/2 Enchiladas Picositas,2025-03,74.00,0.500,999
Bistec (1 pza.),1/2 Enchiladas Picositas,2025-04,102.00,1.000,999
Bistec (1 pza.),1/2 Enchiladas Picositas,2025-05,102.00,1.000,999
Bistec (1 pza.),1/2 Enchiladas Picositas,2025-06,102.00,1.000,999
Bistec (1 pza.),1/2 Enchiladas Picositas,2025-07,102.00,1.000,999
Bistec (1 pza.),1/2 Enchiladas Picositas,2025-08,102.00,1.000,999
Bistec (1 pza.),1/2 Enchiladas Picositas,2025-09,102.00,1.000,999
Bistec (1 pza.),1/2 Enchiladas Picositas,2025-10,102.00,1.000,999
Bistec (1 pza.),1/2 Enchiladas Picositas,2025-11,102.00,1.000,999
Bistec (1 pza.),1/2 Enchiladas Picositas,2025-12,102.00,1.000,999
Bistec (1 pza.),1/2 Enchiladas Picositas,2026-01,102.00,0.889,999
Bistec (1 pza.),1/2 Enchiladas Picositas,2026-02,102.00,1.000,999
Bistec (1 pza.),1/2 Enchiladas Picositas,2026-03,102.00,1.000,999
Bistec (1 pza.),1/2 Enchiladas Picositas,2026-04,102.00,1.000,999
Bistec (1 pza.),1/2 Enchiladas Picositas,2026-05,102.00,1.000,999
Bistec (1 pza.),1/2 Enchiladas Picositas,2026-06,102.00,1.000,999
Bistec (1 pza.),1/2 Enchiladas Picositas,2026-07,102.00,1.000,999
Bistec (1 pza.),1/2 Enchiladas Picositas,2026-08,102.00,1.000,999
Bistec (1 pza.),1/2 Enchiladas Picositas,2026-09,102.00,1.000,999
Bistec (1 pza.),1/2 Enchiladas Rojas,2023-09,74.00,0.714,999
Bistec (1 pza.),1/2 Enchiladas Rojas,2023-10,74.00,1.000,999
Bistec (1 pza.),1/2 Enchiladas Rojas,2023-11,74.00,0.857,999
Bistec (1 pza.),1/2 Enchiladas Rojas,2023-12,74.00,0.933,999
Bistec (1 pza.),1/2 Enchiladas Rojas,2024-01,74.00,0.842,999
Bistec (1 pza.),1/2 Enchiladas Rojas,2024-02,74.00,1.000,999
Bistec (1 pza.),1/2 Enchiladas Rojas,2024-03,74.00,0.895,999
Bistec (1 pza.),1/2 Enchiladas Rojas,2024-04,74.00,1.000,999
Bistec (1 pza.),1/2 Enchiladas Rojas,2024-05,74.00,0.909,999
Bistec (1 pza.),1/2 Enchiladas Rojas,2024-06,74.00,0.938,999
Bistec (1 pza.),1/2 Enchiladas Rojas,2024-07,74.00,0.938,999
Bistec (1 pza.),1/2 Enchiladas Rojas,2024-08,85.00,0.947,999
Bistec (1 pza.),1/2 Enchiladas Rojas,2024-09,85.00,1.000,999
Bistec (1 pza.),1/2 Enchiladas Rojas,2024-10,85.00,1.000,999
Bistec (1 pza.),1/2 Enchiladas Rojas,2024-11,85.00,1.000,999
Bistec (1 pza.),1/2 Enchiladas Rojas,2024-12,85.00,1.000,999
Bistec (1 pza.),1/2 Enchiladas Rojas,2025-01,85.00,0.813,999
Bistec (1 pza.),1/2 Enchiladas Rojas,2025-02,85.00,0.500,999
Bistec (1 pza.),1/2 Enchiladas Rojas,2025-03,102.00,0.958,999
Bistec (1 pza.),1/2 Enchiladas Rojas,2025-04,102.00,0.870,999
Bistec (1 pza.),1/2 Enchiladas Rojas,2025-05,102.00,0.938,999
Bistec (1 pza.),1/2 Enchiladas Rojas,2025-06,102.00,0.950,999
Bistec (1 pza.),1/2 Enchiladas Rojas,2025-07,102.00,1.000,999
Bistec (1 pza.),1/2 Enchiladas Rojas,2025-08,102.00,1.000,999
Bistec (1 pza.),1/2 Enchiladas Rojas,2025-09,102.00,1.000,999
Bistec (1 pza.),1/2 Enchiladas Rojas,2025-10,102.00,1.000,999
Bistec (1 pza.),1/2 Enchiladas Rojas,2025-11,102.00,1.000,999
Bistec (1 pza.),1/2 Enchiladas Rojas,2025-12,102.00,1.000,999
Bistec (1 pza.),1/2 Enchiladas Rojas,2026-01,102.00,1.000,999
Bistec (1 pza.),1/2 Enchiladas Rojas,2026-02,102.00,0.929,999
Bistec (1 pza.),1/2 Enchiladas Rojas,2026-03,102.00,1.000,999
Bistec (1 pza.),1/2 Enchiladas Rojas,2026-04,102.00,1.000,999
Bistec (1 pza.),1/2 Enchiladas Rojas,2026-05,102.00,1.000,999
Bistec (1 pza.),1/2 Enchiladas Rojas,2026-06,102.00,1.000,999
Bistec (1 pza.),1/2 Enchiladas Rojas,2026-07,102.00,1.000,999
Bistec (1 pza.),1/2 Enchiladas Rojas,2026-08,102.00,1.000,999
Bistec (1 pza.),1/2 Enchiladas Rojas,2026-09,102.00,1.000,999
Bistec (1 pza.),1/2 Encremadas,2023-09,74.00,0.667,999
Bistec (1 pza.),1/2 Encremadas,2023-10,74.00,0.667,999
Bistec (1 pza.),1/2 Encremadas,2023-11,74.00,1.000,999
Bistec (1 pza.),1/2 Encremadas,2023-12,74.00,0.875,999
Bistec (1 pza.),1/2 Encremadas,2024-01,51.00,0.818,999
Bistec (1 pza.),1/2 Encremadas,2024-02,51.00,0.818,999
Bistec (1 pza.),1/2 Encremadas,2024-03,74.00,1.000,999
Bistec (1 pza.),1/2 Encremadas,2024-04,74.00,0.800,999
Bistec (1 pza.),1/2 Encremadas,2024-05,74.00,0.889,999
Bistec (1 pza.),1/2 Encremadas,2024-06,74.00,0.909,999
Bistec (1 pza.),1/2 Encremadas,2024-07,98.00,0.615,999
Bistec (1 pza.),1/2 Encremadas,2024-08,98.00,0.615,999
Bistec (1 pza.),1/2 Encremadas,2024-09,85.00,0.833,999
Bistec (1 pza.),1/2 Encremadas,2024-10,85.00,0.833,999
Bistec (1 pza.),1/2 Encremadas,2024-11,85.00,0.800,999
Bistec (1 pza.),1/2 Encremadas,2024-12,85.00,1.000,999
Bistec (1 pza.),1/2 Encremadas,2025-01,85.00,0.933,999
Bistec (1 pza.),1/2 Encremadas,2025-02,85.00,0.571,999
Bistec (1 pza.),1/2 Encremadas,2025-03,102.00,1.000,999
Bistec (1 pza.),1/2 Encremadas,2025-04,102.00,1.000,999
Bistec (1 pza.),1/2 Encremadas,2025-05,102.00,1.000,999
Bistec (1 pza.),1/2 Encremadas,2025-06,102.00,1.000,999
Bistec (1 pza.),1/2 Encremadas,2025-07,102.00,1.000,999
Bistec (1 pza.),1/2 Encremadas,2025-08,102.00,1.000,999
Bistec (1 pza.),1/2 Encremadas,2025-09,102.00,1.000,999
Bistec (1 pza.),1/2 Encremadas,2025-10,102.00,1.000,999
Bistec (1 pza.),1/2 Encremadas,2025-11,102.00,1.000,999
Bistec (1 pza.),1/2 Encremadas,2025-12,102.00,1.000,999
Bistec (1 pza.),1/2 Encremadas,2026-01,102.00,0.889,999
Bistec (1 pza.),1/2 Encremadas,2026-02,102.00,1.000,999
Bistec (1 pza.),1/2 Encremadas,2026-03,102.00,0.917,999
Bistec (1 pza.),1/2 Encremadas,2026-04,102.00,1.000,999
Bistec (1 pza.),1/2 Encremadas,2026-05,102.00,1.000,999
Bistec (1 pza.),1/2 Encremadas,2026-06,102.00,1.000,999
Bistec (1 pza.),1/2 Encremadas,2026-07,102.00,1.000,999
Bistec (1 pza.),1/2 Encremadas,2026-08,102.00,1.000,999
Bistec (1 pza.),1/2 Encremadas,2026-09,102.00,1.000,999
Bistec (1 pza.),1/2 Enfrijoladas,2023-09,74.00,0.778,999
Bistec (1 pza.),1/2 Enfrijoladas,2023-10,74.00,0.876,999
Bistec (1 pza.),1/2 Enfrijoladas,2023-11,74.00,0.781,999
Bistec (1 pza.),1/2 Enfrijoladas,2023-12,74.00,0.893,999
Bistec (1 pza.),1/2 Enfrijoladas,2024-01,74.00,0.839,999
Bistec (1 pza.),1/2 Enfrijoladas,2024-02,74.00,0.920,999
Bistec (1 pza.),1/2 Enfrijoladas,2024-03,74.00,0.922,999
Bistec (1 pza.),1/2 Enfrijoladas,2024-04,74.00,0.849,999
Bistec (1 pza.),1/2 Enfrijoladas,2024-05,74.00,0.854,999
Bistec (1 pza.),1/2 Enfrijoladas,2024-06,74.00,0.861,999
Bistec (1 pza.),1/2 Enfrijoladas,2024-07,74.00,0.861,999
Bistec (1 pza.),1/2 Enfrijoladas,2024-08,85.00,0.958,999
Bistec (1 pza.),1/2 Enfrijoladas,2024-09,85.00,0.932,999
Bistec (1 pza.),1/2 Enfrijoladas,2024-10,85.00,0.955,999
Bistec (1 pza.),1/2 Enfrijoladas,2024-11,85.00,0.972,999
Bistec (1 pza.),1/2 Enfrijoladas,2024-12,85.00,0.911,999
Bistec (1 pza.),1/2 Enfrijoladas,2025-01,85.00,0.905,999
Bistec (1 pza.),1/2 Enfrijoladas,2025-02,85.00,0.905,999
Bistec (1 pza.),1/2 Enfrijoladas,2025-03,85.00,0.905,999
Bistec (1 pza.),1/2 Enfrijoladas,2025-04,102.00,0.950,999
Bistec (1 pza.),1/2 Enfrijoladas,2025-05,102.00,0.975,999
Bistec (1 pza.),1/2 Enfrijoladas,2025-06,102.00,0.915,999
Bistec (1 pza.),1/2 Enfrijoladas,2025-07,102.00,0.979,999
Bistec (1 pza.),1/2 Enfrijoladas,2025-08,102.00,0.965,999
Bistec (1 pza.),1/2 Enfrijoladas,2025-09,102.00,1.000,999
Bistec (1 pza.),1/2 Enfrijoladas,2025-10,102.00,0.935,999
Bistec (1 pza.),1/2 Enfrijoladas,2025-11,102.00,0.989,999
Bistec (1 pza.),1/2 Enfrijoladas,2025-12,102.00,0.959,999
Bistec (1 pza.),1/2 Enfrijoladas,2026-01,102.00,0.908,999
Bistec (1 pza.),1/2 Enfrijoladas,2026-02,102.00,1.000,999
Bistec (1 pza.),1/2 Enfrijoladas,2026-03,102.00,1.000,999
Bistec (1 pza.),1/2 Enfrijoladas,2026-04,102.00,1.000,999
Bistec (1 pza.),1/2 Enfrijoladas,2026-05,102.00,1.000,999
Bistec (1 pza.),1/2 Enfrijoladas,2026-06,102.00,1.000,999
Bistec (1 pza.),1/2 Enfrijoladas,2026-07,102.00,1.000,999
Bistec (1 pza.),1/2 Enfrijoladas,2026-08,102.00,1.000,999
Bistec (1 pza.),1/2 Enfrijoladas,2026-09,102.00,1.000,999
Bistec (1 pza.),1/2 Enmoladas,2023-09,74.00,0.778,999
Bistec (1 pza.),1/2 Enmoladas,2023-10,74.00,1.000,999
Bistec (1 pza.),1/2 Enmoladas,2023-11,74.00,1.000,999
Bistec (1 pza.),1/2 Enmoladas,2023-12,74.00,1.000,999
Bistec (1 pza.),1/2 Enmoladas,2024-01,74.00,1.000,999
Bistec (1 pza.),1/2 Enmoladas,2024-02,74.00,1.000,999
Bistec (1 pza.),1/2 Enmoladas,2024-03,74.00,1.000,999
Bistec (1 pza.),1/2 Enmoladas,2024-04,74.00,1.000,999
Bistec (1 pza.),1/2 Enmoladas,2024-05,74.00,0.750,999
Bistec (1 pza.),1/2 Enmoladas,2024-06,74.00,1.000,999
Bistec (1 pza.),1/2 Enmoladas,2024-07,74.00,1.000,999
Bistec (1 pza.),1/2 Enmoladas,2024-08,85.00,1.000,999
Bistec (1 pza.),1/2 Enmoladas,2024-09,85.00,0.889,999
Bistec (1 pza.),1/2 Enmoladas,2024-10,85.00,1.000,999
Bistec (1 pza.),1/2 Enmoladas,2024-11,85.00,1.000,999
Bistec (1 pza.),1/2 Enmoladas,2024-12,85.00,1.000,999
Bistec (1 pza.),1/2 Enmoladas,2025-01,85.00,1.000,999
Bistec (1 pza.),1/2 Enmoladas,2025-02,85.00,1.000,999
Bistec (1 pza.),1/2 Enmoladas,2025-03,102.00,1.000,999
Bistec (1 pza.),1/2 Enmoladas,2025-04,102.00,0.900,999
Bistec (1 pza.),1/2 Enmoladas,2025-05,102.00,1.000,999
Bistec (1 pza.),1/2 Enmoladas,2025-06,102.00,1.000,999
Bistec (1 pza.),1/2 Enmoladas,2025-07,102.00,1.000,999
Bistec (1 pza.),1/2 Enmoladas,2025-08,102.00,1.000,999
Bistec (1 pza.),1/2 Enmoladas,2025-09,102.00,1.000,999
Bistec (1 pza.),1/2 Enmoladas,2025-10,102.00,1.000,999
Bistec (1 pza.),1/2 Enmoladas,2025-11,102.00,1.000,999
Bistec (1 pza.),1/2 Enmoladas,2025-12,102.00,1.000,999
Bistec (1 pza.),1/2 Enmoladas,2026-01,102.00,1.000,999
Bistec (1 pza.),1/2 Enmoladas,2026-02,102.00,1.000,999
Bistec (1 pza.),1/2 Enmoladas,2026-03,102.00,1.000,999
Bistec (1 pza.),1/2 Enmoladas,2026-04,102.00,1.000,999
Bistec (1 pza.),1/2 Enmoladas,2026-05,102.00,1.000,999
Bistec (1 pza.),1/2 Enmoladas,2026-06,102.00,1.000,999
Bistec (1 pza.),1/2 Enmoladas,2026-07,102.00,1.000,999
Bistec (1 pza.),1/2 Enmoladas,2026-08,102.00,1.000,999
Bistec (1 pza.),1/2 Enmoladas,2026-09,102.00,1.000,999
Bistec (1 pza.),1/2 Entomatadas,2023-08,74.00,0.800,999
Bistec (1 pza.),1/2 Entomatadas,2023-09,74.00,0.818,999
Bistec (1 pza.),1/2 Entomatadas,2023-10,74.00,0.833,999
Bistec (1 pza.),1/2 Entomatadas,2023-11,74.00,0.800,999
Bistec (1 pza.),1/2 Entomatadas,2023-12,74.00,0.824,999
Bistec (1 pza.),1/2 Entomatadas,2024-01,74.00,0.850,999
Bistec (1 pza.),1/2 Entomatadas,2024-02,74.00,0.929,999
Bistec (1 pza.),1/2 Entomatadas,2024-03,74.00,1.000,999
Bistec (1 pza.),1/2 Entomatadas,2024-04,74.00,0.750,999
Bistec (1 pza.),1/2 Entomatadas,2024-05,74.00,0.714,999
Bistec (1 pza.),1/2 Entomatadas,2024-06,74.00,0.833,999
Bistec (1 pza.),1/2 Entomatadas,2024-07,74.00,0.833,999
Bistec (1 pza.),1/2 Entomatadas,2024-08,85.00,0.944,999
Bistec (1 pza.),1/2 Entomatadas,2024-09,85.00,0.786,999
Bistec (1 pza.),1/2 Entomatadas,2024-10,85.00,0.889,999
Bistec (1 pza.),1/2 Entomatadas,2024-11,85.00,0.929,999
Bistec (1 pza.),1/2 Entomatadas,2024-12,85.00,0.833,999
Bistec (1 pza.),1/2 Entomatadas,2025-01,85.00,1.000,999
Bistec (1 pza.),1/2 Entomatadas,2025-02,85.00,0.727,999
Bistec (1 pza.),1/2 Entomatadas,2025-03,102.00,0.875,999
Bistec (1 pza.),1/2 Entomatadas,2025-04,102.00,0.929,999
Bistec (1 pza.),1/2 Entomatadas,2025-05,102.00,1.000,999
Bistec (1 pza.),1/2 Entomatadas,2025-06,102.00,0.909,999
Bistec (1 pza.),1/2 Entomatadas,2025-07,102.00,1.000,999
Bistec (1 pza.),1/2 Entomatadas,2025-08,102.00,1.000,999
Bistec (1 pza.),1/2 Entomatadas,2025-09,102.00,1.000,999
Bistec (1 pza.),1/2 Entomatadas,2025-10,102.00,0.929,999
Bistec (1 pza.),1/2 Entomatadas,2025-11,102.00,1.000,999
Bistec (1 pza.),1/2 Entomatadas,2025-12,102.00,1.000,999
Bistec (1 pza.),1/2 Entomatadas,2026-01,102.00,0.933,999
Bistec (1 pza.),1/2 Entomatadas,2026-02,102.00,1.000,999
Bistec (1 pza.),1/2 Entomatadas,2026-03,102.00,1.000,999
Bistec (1 pza.),1/2 Entomatadas,2026-04,102.00,1.000,999
Bistec (1 pza.),1/2 Entomatadas,2026-05,102.00,1.000,999
Bistec (1 pza.),1/2 Entomatadas,2026-06,102.00,0.963,999
Bistec (1 pza.),1/2 Entomatadas,2026-07,102.00,0.897,999
Bistec (1 pza.),1/2 Entomatadas,2026-08,102.00,1.000,999
Bistec (1 pza.),1/2 Entomatadas,2026-09,102.00,1.000,999
Bistec (1 pza.),1/2 Quesadillas (2 pzas.),2023-09,74.00,0.778,999
Bistec (1 pza.),1/2 Quesadillas (2 pzas.),2023-10,74.00,0.876,999
Bistec (1 pza.),1/2 Quesadillas (2 pzas.),2023-11,74.00,0.781,999
Bistec (1 pza.),1/2 Quesadillas (2 pzas.),2023-12,74.00,0.893,999
Bistec (1 pza.),1/2 Quesadillas (2 pzas.),2024-01,74.00,0.839,999
Bistec (1 pza.),1/2 Quesadillas (2 pzas.),2024-02,74.00,0.920,999
Bistec (1 pza.),1/2 Quesadillas (2 pzas.),2024-03,74.00,0.922,999
Bistec (1 pza.),1/2 Quesadillas (2 pzas.),2024-04,74.00,0.849,999
Bistec (1 pza.),1/2 Quesadillas (2 pzas.),2024-05,74.00,0.854,999
Bistec (1 pza.),1/2 Quesadillas (2 pzas.),2024-06,74.00,0.861,999
Bistec (1 pza.),1/2 Quesadillas (2 pzas.),2024-07,74.00,0.861,999
Bistec (1 pza.),1/2 Quesadillas (2 pzas.),2024-08,85.00,0.958,999
Bistec (1 pza.),1/2 Quesadillas (2 pzas.),2024-09,85.00,0.932,999
Bistec (1 pza.),1/2 Quesadillas (2 pzas.),2024-10,85.00,0.955,999
Bistec (1 pza.),1/2 Quesadillas (2 pzas.),2024-11,85.00,0.972,999
Bistec (1 pza.),1/2 Quesadillas (2 pzas.),2024-12,85.00,0.911,999
Bistec (1 pza.),1/2 Quesadillas (2 pzas.),2025-01,85.00,0.905,999
Bistec (1 pza.),1/2 Quesadillas (2 pzas.),2025-02,85.00,0.600,999
Bistec (1 pza.),1/2 Quesadillas (2 pzas.),2025-03,85.00,0.600,999
Bistec (1 pza.),1/2 Quesadillas (2 pzas.),2025-04,85.00,0.600,999
Bistec (1 pza.),1/2 Quesadillas (2 pzas.),2025-05,85.00,0.600,999
Bistec (1 pza.),1/2 Quesadillas (2 pzas.),2025-06,85.00,0.600,999
Bistec (1 pza.),1/2 Quesadillas (2 pzas.),2025-07,85.00,0.600,999
Bistec (1 pza.),1/2 Quesadillas (2 pzas.),2025-08,85.00,0.600,999
Bistec (1 pza.),1/2 Quesadillas (2 pzas.),2025-09,102.00,1.000,999
Bistec (1 pza.),1/2 Quesadillas (2 pzas.),2025-10,102.00,1.000,999
Bistec (1 pza.),1/2 Quesadillas (2 pzas.),2025-11,102.00,1.000,999
Bistec (1 pza.),1/2 Quesadillas (2 pzas.),2025-12,102.00,1.000,999
Bistec (1 pza.),1/2 Quesadillas (2 pzas.),2026-01,102.00,1.000,999
Bistec (1 pza.),1/2 Quesadillas (2 pzas.),2026-02,102.00,1.000,999
Bistec (1 pza.),1/2 Quesadillas (2 pzas.),2026-03,102.00,1.000,999
Bistec (1 pza.),1/2 Quesadillas (2 pzas.),2026-04,102.00,1.000,999
Bistec (1 pza.),1/2 Quesadillas (2 pzas.),2026-05,102.00,1.000,999
Bistec (1 pza.),1/2 Quesadillas (2 pzas.),2026-06,102.00,1.000,999
Bistec (1 pza.),1/2 Quesadillas (2 pzas.),2026-07,102.00,1.000,999
Bistec (1 pza.),1/2 Quesadillas (2 pzas.),2026-08,102.00,1.000,999
Bistec (1 pza.),1/2 Quesadillas (2 pzas.),2026-09,102.00,1.000,999
Bistec (1 pza.),Empanadas (4 pzas.),2023-09,74.00,0.778,999
Bistec (1 pza.),Empanadas (4 pzas.),2023-10,74.00,0.876,999
Bistec (1 pza.),Empanadas (4 pzas.),2023-11,74.00,0.781,999
Bistec (1 pza.),Empanadas (4 pzas.),2023-12,74.00,0.893,999
Bistec (1 pza.),Empanadas (4 pzas.),2024-01,74.00,0.839,999
Bistec (1 pza.),Empanadas (4 pzas.),2024-02,74.00,0.920,999
Bistec (1 pza.),Empanadas (4 pzas.),2024-03,74.00,0.922,999
Bistec (1 pza.),Empanadas (4 pzas.),2024-04,74.00,0.849,999
Bistec (1 pza.),Empanadas (4 pzas.),2024-05,74.00,0.854,999
Bistec (1 pza.),Empanadas (4 pzas.),2024-06,74.00,0.861,999
Bistec (1 pza.),Empanadas (4 pzas.),2024-07,74.00,0.861,999
Bistec (1 pza.),Empanadas (4 pzas.),2024-08,85.00,0.958,999
Bistec (1 pza.),Empanadas (4 pzas.),2024-09,85.00,0.932,999
Bistec (1 pza.),Empanadas (4 pzas.),2024-10,85.00,0.955,999
Bistec (1 pza.),Empanadas (4 pzas.),2024-11,85.00,0.972,999
Bistec (1 pza.),Empanadas (4 pzas.),2024-12,85.00,0.911,999
Bistec (1 pza.),Empanadas (4 pzas.),2025-01,85.00,0.905,999
Bistec (1 pza.),Empanadas (4 pzas.),2025-02,85.00,0.905,999
Bistec (1 pza.),Empanadas (4 pzas.),2025-03,85.00,0.905,999
Bistec (1 pza.),Empanadas (4 pzas.),2025-04,102.00,0.950,999
Bistec (1 pza.),Empanadas (4 pzas.),2025-05,102.00,0.975,999
Bistec (1 pza.),Empanadas (4 pzas.),2025-06,102.00,0.915,999
Bistec (1 pza.),Empanadas (4 pzas.),2025-07,102.00,0.979,999
Bistec (1 pza.),Empanadas (4 pzas.),2025-08,102.00,0.965,999
Bistec (1 pza.),Empanadas (4 pzas.),2025-09,102.00,1.000,999
Bistec (1 pza.),Empanadas (4 pzas.),2025-10,102.00,0.935,999
Bistec (1 pza.),Empanadas (4 pzas.),2025-11,102.00,0.989,999
Bistec (1 pza.),Empanadas (4 pzas.),2025-12,102.00,0.959,999
Bistec (1 pza.),Empanadas (4 pzas.),2026-01,102.00,0.908,999
Bistec (1 pza.),Empanadas (4 pzas.),2026-02,102.00,0.971,999
Bistec (1 pza.),Empanadas (4 pzas.),2026-03,102.00,0.948,999
Bistec (1 pza.),Empanadas (4 pzas.),2026-04,102.00,0.977,999
Bistec (1 pza.),Empanadas (4 pzas.),2026-05,102.00,0.975,999
Bistec (1 pza.),Empanadas (4 pzas.),2026-06,102.00,0.948,999
Bistec (1 pza.),Empanadas (4 pzas.),2026-07,102.00,0.962,999
Bistec (1 pza.),Empanadas (4 pzas.),2026-08,102.00,1.000,999
Bistec (1 pza.),Empanadas (4 pzas.),2026-09,102.00,1.000,999
Bistec (1 pza.),Enchiladas Mixtas,2023-09,74.00,0.778,999
Bistec (1 pza.),Enchiladas Mixtas,2023-10,74.00,0.876,999
Bistec (1 pza.),Enchiladas Mixtas,2023-11,74.00,0.833,999
Bistec (1 pza.),Enchiladas Mixtas,2023-12,74.00,0.952,999
Bistec (1 pza.),Enchiladas Mixtas,2024-01,74.00,1.000,999
Bistec (1 pza.),Enchiladas Mixtas,2024-02,74.00,0.950,999
Bistec (1 pza.),Enchiladas Mixtas,2024-03,74.00,1.000,999
Bistec (1 pza.),Enchiladas Mixtas,2024-04,74.00,0.800,999
Bistec (1 pza.),Enchiladas Mixtas,2024-05,74.00,0.944,999
Bistec (1 pza.),Enchiladas Mixtas,2024-06,74.00,0.941,999
Bistec (1 pza.),Enchiladas Mixtas,2024-07,74.00,0.941,999
Bistec (1 pza.),Enchiladas Mixtas,2024-08,85.00,0.800,999
Bistec (1 pza.),Enchiladas Mixtas,2024-09,85.00,0.938,999
Bistec (1 pza.),Enchiladas Mixtas,2024-10,85.00,0.857,999
Bistec (1 pza.),Enchiladas Mixtas,2024-11,85.00,1.000,999
Bistec (1 pza.),Enchiladas Mixtas,2024-12,85.00,0.923,999
Bistec (1 pza.),Enchiladas Mixtas,2025-01,85.00,0.867,999
Bistec (1 pza.),Enchiladas Mixtas,2025-02,85.00,0.867,999
Bistec (1 pza.),Enchiladas Mixtas,2025-03,102.00,0.909,999
Bistec (1 pza.),Enchiladas Mixtas,2025-04,102.00,1.000,999
Bistec (1 pza.),Enchiladas Mixtas,2025-05,102.00,0.889,999
Bistec (1 pza.),Enchiladas Mixtas,2025-06,102.00,0.833,999
Bistec (1 pza.),Enchiladas Mixtas,2025-07,102.00,1.000,999
Bistec (1 pza.),Enchiladas Mixtas,2025-08,102.00,0.938,999
Bistec (1 pza.),Enchiladas Mixtas,2025-09,102.00,1.000,999
Bistec (1 pza.),Enchiladas Mixtas,2025-10,102.00,0.900,999
Bistec (1 pza.),Enchiladas Mixtas,2025-11,102.00,1.000,999
Bistec (1 pza.),Enchiladas Mixtas,2025-12,102.00,1.000,999
Bistec (1 pza.),Enchiladas Mixtas,2026-01,102.00,0.833,999
Bistec (1 pza.),Enchiladas Mixtas,2026-02,102.00,1.000,999
Bistec (1 pza.),Enchiladas Mixtas,2026-03,102.00,1.000,999
Bistec (1 pza.),Enchiladas Mixtas,2026-04,102.00,0.917,999
Bistec (1 pza.),Enchiladas Mixtas,2026-05,102.00,1.000,999
Bistec (1 pza.),Enchiladas Mixtas,2026-06,102.00,1.000,999
Bistec (1 pza.),Enchiladas Mixtas,2026-07,102.00,1.000,999
Bistec (1 pza.),Enchiladas Mixtas,2026-08,102.00,1.000,999
Bistec (1 pza.),Enchiladas Mixtas,2026-09,102.00,1.000,999
Bistec (1 pza.),Enchiladas Picositas,2023-09,74.00,0.833,999
Bistec (1 pza.),Enchiladas Picositas,2023-10,74.00,0.667,999
Bistec (1 pza.),Enchiladas Picositas,2023-11,74.00,0.667,999
Bistec (1 pza.),Enchiladas Picositas,2023-12,74.00,0.900,999
Bistec (1 pza.),Enchiladas Picositas,2024-01,74.00,0.917,999
Bistec (1 pza.),Enchiladas Picositas,2024-02,74.00,1.000,999
Bistec (1 pza.),Enchiladas Picositas,2024-03,74.00,1.000,999
Bistec (1 pza.),Enchiladas Picositas,2024-04,74.00,0.900,999
Bistec (1 pza.),Enchiladas Picositas,2024-05,74.00,0.909,999
Bistec (1 pza.),Enchiladas Picositas,2024-06,74.00,1.000,999
Bistec (1 pza.),Enchiladas Picositas,2024-07,74.00,1.000,999
Bistec (1 pza.),Enchiladas Picositas,2024-08,85.00,1.000,999
Bistec (1 pza.),Enchiladas Picositas,2024-09,85.00,1.000,999
Bistec (1 pza.),Enchiladas Picositas,2024-10,85.00,1.000,999
Bistec (1 pza.),Enchiladas Picositas,2024-11,85.00,1.000,999
Bistec (1 pza.),Enchiladas Picositas,2024-12,85.00,1.000,999
Bistec (1 pza.),Enchiladas Picositas,2025-01,85.00,0.875,999
Bistec (1 pza.),Enchiladas Picositas,2025-02,85.00,0.875,999
Bistec (1 pza.),Enchiladas Picositas,2025-03,102.00,0.900,999
Bistec (1 pza.),Enchiladas Picositas,2025-04,102.00,1.000,999
Bistec (1 pza.),Enchiladas Picositas,2025-05,102.00,1.000,999
Bistec (1 pza.),Enchiladas Picositas,2025-06,102.00,0.800,999
Bistec (1 pza.),Enchiladas Picositas,2025-07,102.00,0.800,999
Bistec (1 pza.),Enchiladas Picositas,2025-08,102.00,0.833,999
Bistec (1 pza.),Enchiladas Picositas,2025-09,102.00,1.000,999
Bistec (1 pza.),Enchiladas Picositas,2025-10,102.00,1.000,999
Bistec (1 pza.),Enchiladas Picositas,2025-11,102.00,1.000,999
Bistec (1 pza.),Enchiladas Picositas,2025-12,102.00,0.917,999
Bistec (1 pza.),Enchiladas Picositas,2026-01,102.00,0.917,999
Bistec (1 pza.),Enchiladas Picositas,2026-02,102.00,0.917,999
Bistec (1 pza.),Enchiladas Picositas,2026-03,102.00,0.917,999
Bistec (1 pza.),Enchiladas Picositas,2026-04,102.00,0.917,999
Bistec (1 pza.),Enchiladas Picositas,2026-05,102.00,1.000,999
Bistec (1 pza.),Enchiladas Picositas,2026-06,102.00,1.000,999
Bistec (1 pza.),Enchiladas Picositas,2026-07,102.00,1.000,999
Bistec (1 pza.),Enchiladas Picositas,2026-08,102.00,1.000,999
Bistec (1 pza.),Enchiladas Picositas,2026-09,102.00,1.000,999
Bistec (1 pza.),Enchiladas Rojas,2023-09,74.00,0.778,999
Bistec (1 pza.),Enchiladas Rojas,2023-10,74.00,0.909,999
Bistec (1 pza.),Enchiladas Rojas,2023-11,74.00,0.895,999
Bistec (1 pza.),Enchiladas Rojas,2023-12,74.00,0.889,999
Bistec (1 pza.),Enchiladas Rojas,2024-01,74.00,1.000,999
Bistec (1 pza.),Enchiladas Rojas,2024-02,74.00,0.882,999
Bistec (1 pza.),Enchiladas Rojas,2024-03,74.00,0.857,999
Bistec (1 pza.),Enchiladas Rojas,2024-04,74.00,0.941,999
Bistec (1 pza.),Enchiladas Rojas,2024-05,74.00,0.810,999
Bistec (1 pza.),Enchiladas Rojas,2024-06,74.00,0.813,999
Bistec (1 pza.),Enchiladas Rojas,2024-07,74.00,0.813,999
Bistec (1 pza.),Enchiladas Rojas,2024-08,85.00,1.000,999
Bistec (1 pza.),Enchiladas Rojas,2024-09,85.00,1.000,999
Bistec (1 pza.),Enchiladas Rojas,2024-10,85.00,1.000,999
Bistec (1 pza.),Enchiladas Rojas,2024-11,85.00,1.000,999
Bistec (1 pza.),Enchiladas Rojas,2024-12,85.00,1.000,999
Bistec (1 pza.),Enchiladas Rojas,2025-01,85.00,1.000,999
Bistec (1 pza.),Enchiladas Rojas,2025-02,53.00,0.643,999
Bistec (1 pza.),Enchiladas Rojas,2025-03,102.00,1.000,999
Bistec (1 pza.),Enchiladas Rojas,2025-04,102.00,1.000,999
Bistec (1 pza.),Enchiladas Rojas,2025-05,102.00,1.000,999
Bistec (1 pza.),Enchiladas Rojas,2025-06,102.00,1.000,999
Bistec (1 pza.),Enchiladas Rojas,2025-07,102.00,0.909,999
Bistec (1 pza.),Enchiladas Rojas,2025-08,102.00,1.000,999
Bistec (1 pza.),Enchiladas Rojas,2025-09,102.00,1.000,999
Bistec (1 pza.),Enchiladas Rojas,2025-10,102.00,1.000,999
Bistec (1 pza.),Enchiladas Rojas,2025-11,102.00,0.833,999
Bistec (1 pza.),Enchiladas Rojas,2025-12,102.00,1.000,999
Bistec (1 pza.),Enchiladas Rojas,2026-01,102.00,1.000,999
Bistec (1 pza.),Enchiladas Rojas,2026-02,102.00,1.000,999
Bistec (1 pza.),Enchiladas Rojas,2026-03,102.00,0.889,999
Bistec (1 pza.),Enchiladas Rojas,2026-04,102.00,0.875,999
Bistec (1 pza.),Enchiladas Rojas,2026-05,102.00,1.000,999
Bistec (1 pza.),Enchiladas Rojas,2026-06,102.00,1.000,999
Bistec (1 pza.),Enchiladas Rojas,2026-07,102.00,1.000,999
Bistec (1 pza.),Enchiladas Rojas,2026-08,102.00,1.000,999
Bistec (1 pza.),Enchiladas Rojas,2026-09,102.00,1.000,999
Bistec (1 pza.),Encremadas,2023-09,74.00,0.778,999
Bistec (1 pza.),Encremadas,2023-10,74.00,1.000,999
Bistec (1 pza.),Encremadas,2023-11,74.00,1.000,999
Bistec (1 pza.),Encremadas,2023-12,74.00,1.000,999
Bistec (1 pza.),Encremadas,2024-01,74.00,1.000,999
Bistec (1 pza.),Encremadas,2024-02,74.00,1.000,999
Bistec (1 pza.),Encremadas,2024-03,74.00,1.000,999
Bistec (1 pza.),Encremadas,2024-04,74.00,1.000,999
Bistec (1 pza.),Encremadas,2024-05,74.00,1.000,999
Bistec (1 pza.),Encremadas,2024-06,74.00,0.778,999
Bistec (1 pza.),Encremadas,2024-07,85.00,0.714,999
Bistec (1 pza.),Encremadas,2024-08,85.00,0.714,999
Bistec (1 pza.),Encremadas,2024-09,85.00,0.714,999
Bistec (1 pza.),Encremadas,2024-10,85.00,0.714,999
Bistec (1 pza.),Encremadas,2024-11,85.00,1.000,999
Bistec (1 pza.),Encremadas,2024-12,85.00,1.000,999
Bistec (1 pza.),Encremadas,2025-01,85.00,0.750,999
Bistec (1 pza.),Encremadas,2025-02,76.00,0.571,999
Bistec (1 pza.),Encremadas,2025-03,102.00,1.000,999
Bistec (1 pza.),Encremadas,2025-04,102.00,1.000,999
Bistec (1 pza.),Encremadas,2025-05,102.00,1.000,999
Bistec (1 pza.),Encremadas,2025-06,102.00,0.875,999
Bistec (1 pza.),Encremadas,2025-07,102.00,1.000,999
Bistec (1 pza.),Encremadas,2025-08,102.00,1.000,999
Bistec (1 pza.),Encremadas,2025-09,102.00,1.000,999
Bistec (1 pza.),Encremadas,2025-10,102.00,1.000,999
Bistec (1 pza.),Encremadas,2025-11,102.00,1.000,999
Bistec (1 pza.),Encremadas,2025-12,102.00,1.000,999
Bistec (1 pza.),Encremadas,2026-01,102.00,1.000,999
Bistec (1 pza.),Encremadas,2026-02,102.00,1.000,999
Bistec (1 pza.),Encremadas,2026-03,102.00,1.000,999
Bistec (1 pza.),Encremadas,2026-04,102.00,0.977,999
Bistec (1 pza.),Encremadas,2026-05,102.00,1.000,999
Bistec (1 pza.),Encremadas,2026-06,102.00,1.000,999
Bistec (1 pza.),Encremadas,2026-07,102.00,1.000,999
Bistec (1 pza.),Encremadas,2026-08,102.00,1.000,999
Bistec (1 pza.),Encremadas,2026-09,102.00,1.000,999
Bistec (1 pza.),Enfrijoladas,2023-09,74.00,0.778,999
Bistec (1 pza.),Enfrijoladas,2023-10,74.00,0.876,999
Bistec (1 pza.),Enfrijoladas,2023-11,74.00,0.781,999
Bistec (1 pza.),Enfrijoladas,2023-12,74.00,0.893,999
Bistec (1 pza.),Enfrijoladas,2024-01,74.00,0.839,999
Bistec (1 pza.),Enfrijoladas,2024-02,74.00,0.920,999
Bistec (1 pza.),Enfrijoladas,2024-03,74.00,0.833,999
Bistec (1 pza.),Enfrijoladas,2024-04,74.00,0.833,999
Bistec (1 pza.),Enfrijoladas,2024-05,74.00,0.833,999
Bistec (1 pza.),Enfrijoladas,2024-06,74.00,0.833,999
Bistec (1 pza.),Enfrijoladas,2024-07,74.00,0.833,999
Bistec (1 pza.),Enfrijoladas,2024-08,74.00,0.833,999
Bistec (1 pza.),Enfrijoladas,2024-09,74.00,0.833,999
Bistec (1 pza.),Enfrijoladas,2024-10,85.00,0.955,999
Bistec (1 pza.),Enfrijoladas,2024-11,85.00,0.972,999
Bistec (1 pza.),Enfrijoladas,2024-12,85.00,0.911,999
Bistec (1 pza.),Enfrijoladas,2025-01,85.00,0.905,999
Bistec (1 pza.),Enfrijoladas,2025-02,85.00,0.905,999
Bistec (1 pza.),Enfrijoladas,2025-03,85.00,0.905,999
Bistec (1 pza.),Enfrijoladas,2025-04,102.00,0.950,999
Bistec (1 pza.),Enfrijoladas,2025-05,102.00,0.975,999
Bistec (1 pza.),Enfrijoladas,2025-06,102.00,0.915,999
Bistec (1 pza.),Enfrijoladas,2025-07,102.00,0.979,999
Bistec (1 pza.),Enfrijoladas,2025-08,102.00,0.965,999
Bistec (1 pza.),Enfrijoladas,2025-09,102.00,1.000,999
Bistec (1 pza.),Enfrijoladas,2025-10,102.00,0.935,999
Bistec (1 pza.),Enfrijoladas,2025-11,102.00,0.989,999
Bistec (1 pza.),Enfrijoladas,2025-12,102.00,0.959,999
Bistec (1 pza.),Enfrijoladas,2026-01,102.00,0.908,999
Bistec (1 pza.),Enfrijoladas,2026-02,102.00,0.971,999
Bistec (1 pza.),Enfrijoladas,2026-03,102.00,0.948,999
Bistec (1 pza.),Enfrijoladas,2026-04,102.00,0.977,999
Bistec (1 pza.),Enfrijoladas,2026-05,102.00,0.975,999
Bistec (1 pza.),Enfrijoladas,2026-06,102.00,0.948,999
Bistec (1 pza.),Enfrijoladas,2026-07,102.00,0.962,999
Bistec (1 pza.),Enfrijoladas,2026-08,102.00,1.000,999
Bistec (1 pza.),Enfrijoladas,2026-09,102.00,1.000,999
Bistec (1 pza.),Enmoladas,2023-09,74.00,0.818,999
Bistec (1 pza.),Enmoladas,2023-10,74.00,1.000,999
Bistec (1 pza.),Enmoladas,2023-11,74.00,1.000,999
Bistec (1 pza.),Enmoladas,2023-12,74.00,0.941,999
Bistec (1 pza.),Enmoladas,2024-01,74.00,0.875,999
Bistec (1 pza.),Enmoladas,2024-02,74.00,0.875,999
Bistec (1 pza.),Enmoladas,2024-03,74.00,0.818,999
Bistec (1 pza.),Enmoladas,2024-04,74.00,0.800,999
Bistec (1 pza.),Enmoladas,2024-05,74.00,0.909,999
Bistec (1 pza.),Enmoladas,2024-06,74.00,1.000,999
Bistec (1 pza.),Enmoladas,2024-07,74.00,1.000,999
Bistec (1 pza.),Enmoladas,2024-08,85.00,1.000,999
Bistec (1 pza.),Enmoladas,2024-09,85.00,1.000,999
Bistec (1 pza.),Enmoladas,2024-10,85.00,0.800,999
Bistec (1 pza.),Enmoladas,2024-11,85.00,1.000,999
Bistec (1 pza.),Enmoladas,2024-12,85.00,0.875,999
Bistec (1 pza.),Enmoladas,2025-01,85.00,1.000,999
Bistec (1 pza.),Enmoladas,2025-02,85.00,0.800,999
Bistec (1 pza.),Enmoladas,2025-03,85.00,0.800,999
Bistec (1 pza.),Enmoladas,2025-04,102.00,1.000,999
Bistec (1 pza.),Enmoladas,2025-05,102.00,1.000,999
Bistec (1 pza.),Enmoladas,2025-06,102.00,1.000,999
Bistec (1 pza.),Enmoladas,2025-07,102.00,1.000,999
Bistec (1 pza.),Enmoladas,2025-08,102.00,0.833,999
Bistec (1 pza.),Enmoladas,2025-09,102.00,1.000,999
Bistec (1 pza.),Enmoladas,2025-10,102.00,1.000,999
Bistec (1 pza.),Enmoladas,2025-11,102.00,1.000,999
Bistec (1 pza.),Enmoladas,2025-12,102.00,1.000,999
Bistec (1 pza.),Enmoladas,2026-01,102.00,0.818,999
Bistec (1 pza.),Enmoladas,2026-02,102.00,1.000,999
Bistec (1 pza.),Enmoladas,2026-03,102.00,1.000,999
Bistec (1 pza.),Enmoladas,2026-04,102.00,1.000,999
Bistec (1 pza.),Enmoladas,2026-05,102.00,1.000,999
Bistec (1 pza.),Enmoladas,2026-06,102.00,0.875,999
Bistec (1 pza.),Enmoladas,2026-07,102.00,1.000,999
Bistec (1 pza.),Enmoladas,2026-08,102.00,1.000,999
Bistec (1 pza.),Enmoladas,2026-09,102.00,1.000,999
Bistec (1 pza.),Entomatadas,2023-08,74.00,1.000,999
Bistec (1 pza.),Entomatadas,2023-09,74.00,0.833,999
Bistec (1 pza.),Entomatadas,2023-10,74.00,0.889,999
Bistec (1 pza.),Entomatadas,2023-11,74.00,1.000,999
Bistec (1 pza.),Entomatadas,2023-12,74.00,0.862,999
Bistec (1 pza.),Entomatadas,2024-01,74.00,0.944,999
Bistec (1 pza.),Entomatadas,2024-02,74.00,0.842,999
Bistec (1 pza.),Entomatadas,2024-03,74.00,1.000,999
Bistec (1 pza.),Entomatadas,2024-04,74.00,0.842,999
Bistec (1 pza.),Entomatadas,2024-05,74.00,0.882,999
Bistec (1 pza.),Entomatadas,2024-06,74.00,0.818,999
Bistec (1 pza.),Entomatadas,2024-07,74.00,0.818,999
Bistec (1 pza.),Entomatadas,2024-08,85.00,1.000,999
Bistec (1 pza.),Entomatadas,2024-09,85.00,0.933,999
Bistec (1 pza.),Entomatadas,2024-10,85.00,1.000,999
Bistec (1 pza.),Entomatadas,2024-11,85.00,1.000,999
Bistec (1 pza.),Entomatadas,2024-12,85.00,0.857,999
Bistec (1 pza.),Entomatadas,2025-01,85.00,1.000,999
Bistec (1 pza.),Entomatadas,2025-02,85.00,0.538,999
Bistec (1 pza.),Entomatadas,2025-03,67.00,0.864,999
Bistec (1 pza.),Entomatadas,2025-04,102.00,0.909,999
Bistec (1 pza.),Entomatadas,2025-05,102.00,1.000,999
Bistec (1 pza.),Entomatadas,2025-06,102.00,0.857,999
Bistec (1 pza.),Entomatadas,2025-07,102.00,1.000,999
Bistec (1 pza.),Entomatadas,2025-08,102.00,0.941,999
Bistec (1 pza.),Entomatadas,2025-09,102.00,1.000,999
Bistec (1 pza.),Entomatadas,2025-10,102.00,0.818,999
Bistec (1 pza.),Entomatadas,2025-11,102.00,1.000,999
Bistec (1 pza.),Entomatadas,2025-12,102.00,0.846,999
Bistec (1 pza.),Entomatadas,2026-01,102.00,0.857,999
Bistec (1 pza.),Entomatadas,2026-02,102.00,1.000,999
Bistec (1 pza.),Entomatadas,2026-03,102.00,0.875,999
Bistec (1 pza.),Entomatadas,2026-04,102.00,1.000,999
Bistec (1 pza.),Entomatadas,2026-05,102.00,0.846,999
Bistec (1 pza.),Entomatadas,2026-06,102.00,0.714,999
Bistec (1 pza.),Entomatadas,2026-07,102.00,1.000,999
Bistec (1 pza.),Entomatadas,2026-08,102.00,1.000,999
Bistec (1 pza.),Entomatadas,2026-09,102.00,1.000,999
Bistec (1 pza.),Pieza Encremada,2023-09,74.00,0.778,999
Bistec (1 pza.),Pieza Encremada,2023-10,74.00,0.876,999
Bistec (1 pza.),Pieza Encremada,2023-11,74.00,0.781,999
Bistec (1 pza.),Pieza Encremada,2023-12,74.00,0.893,999
Bistec (1 pza.),Pieza Encremada,2024-01,74.00,0.839,999
Bistec (1 pza.),Pieza Encremada,2024-02,74.00,0.920,999
Bistec (1 pza.),Pieza Encremada,2024-03,74.00,0.922,999
Bistec (1 pza.),Pieza Encremada,2024-04,74.00,0.849,999
Bistec (1 pza.),Pieza Encremada,2024-05,74.00,0.854,999
Bistec (1 pza.),Pieza Encremada,2024-06,74.00,0.861,999
Bistec (1 pza.),Pieza Encremada,2024-07,74.00,0.861,999
Bistec (1 pza.),Pieza Encremada,2024-08,85.00,0.958,999
Bistec (1 pza.),Pieza Encremada,2024-09,85.00,0.932,999
Bistec (1 pza.),Pieza Encremada,2024-10,85.00,0.955,999
Bistec (1 pza.),Pieza Encremada,2024-11,85.00,0.972,999
Bistec (1 pza.),Pieza Encremada,2024-12,85.00,0.911,999
Bistec (1 pza.),Pieza Encremada,2025-01,85.00,0.905,999
Bistec (1 pza.),Pieza Encremada,2025-02,85.00,0.905,999
Bistec (1 pza.),Pieza Encremada,2025-03,85.00,0.905,999
Bistec (1 pza.),Pieza Encremada,2025-04,102.00,0.950,999
Bistec (1 pza.),Pieza Encremada,2025-05,102.00,0.975,999
Bistec (1 pza.),Pieza Encremada,2025-06,102.00,0.915,999
Bistec (1 pza.),Pieza Encremada,2025-07,102.00,0.979,999
Bistec (1 pza.),Pieza Encremada,2025-08,102.00,0.965,999
Bistec (1 pza.),Pieza Encremada,2025-09,102.00,1.000,999
Bistec (1 pza.),Pieza Encremada,2025-10,102.00,0.935,999
Bistec (1 pza.),Pieza Encremada,2025-11,102.00,0.989,999
Bistec (1 pza.),Pieza Encremada,2025-12,102.00,0.959,999
Bistec (1 pza.),Pieza Encremada,2026-01,102.00,0.908,999
Bistec (1 pza.),Pieza Encremada,2026-02,102.00,0.971,999
Bistec (1 pza.),Pieza Encremada,2026-03,102.00,0.948,999
Bistec (1 pza.),Pieza Encremada,2026-04,102.00,0.977,999
Bistec (1 pza.),Pieza Encremada,2026-05,102.00,0.975,999
Bistec (1 pza.),Pieza Encremada,2026-06,102.00,0.948,999
Bistec (1 pza.),Pieza Encremada,2026-07,102.00,0.962,999
Bistec (1 pza.),Pieza Encremada,2026-08,102.00,1.000,999
Bistec (1 pza.),Pieza Encremada,2026-09,102.00,1.000,999
Bistec (1 pza.),Quesadillas (4 pzas.),2023-09,74.00,0.778,999
Bistec (1 pza.),Quesadillas (4 pzas.),2023-10,74.00,0.876,999
Bistec (1 pza.),Quesadillas (4 pzas.),2023-11,74.00,0.781,999
Bistec (1 pza.),Quesadillas (4 pzas.),2023-12,74.00,0.893,999
Bistec (1 pza.),Quesadillas (4 pzas.),2024-01,74.00,0.839,999
Bistec (1 pza.),Quesadillas (4 pzas.),2024-02,74.00,0.920,999
Bistec (1 pza.),Quesadillas (4 pzas.),2024-03,74.00,0.922,999
Bistec (1 pza.),Quesadillas (4 pzas.),2024-04,74.00,0.600,999
Bistec (1 pza.),Quesadillas (4 pzas.),2024-05,74.00,0.600,999
Bistec (1 pza.),Quesadillas (4 pzas.),2024-06,74.00,0.600,999
Bistec (1 pza.),Quesadillas (4 pzas.),2024-07,74.00,0.600,999
Bistec (1 pza.),Quesadillas (4 pzas.),2024-08,74.00,0.600,999
Bistec (1 pza.),Quesadillas (4 pzas.),2024-09,74.00,0.600,999
Bistec (1 pza.),Quesadillas (4 pzas.),2024-10,74.00,0.600,999
Bistec (1 pza.),Quesadillas (4 pzas.),2024-11,85.00,0.972,999
Bistec (1 pza.),Quesadillas (4 pzas.),2024-12,85.00,0.911,999
Bistec (1 pza.),Quesadillas (4 pzas.),2025-01,85.00,0.905,999
Bistec (1 pza.),Quesadillas (4 pzas.),2025-02,85.00,0.905,999
Bistec (1 pza.),Quesadillas (4 pzas.),2025-03,85.00,0.905,999
Bistec (1 pza.),Quesadillas (4 pzas.),2025-04,102.00,0.950,999
Bistec (1 pza.),Quesadillas (4 pzas.),2025-05,102.00,0.975,999
Bistec (1 pza.),Quesadillas (4 pzas.),2025-06,102.00,0.915,999
Bistec (1 pza.),Quesadillas (4 pzas.),2025-07,102.00,0.979,999
Bistec (1 pza.),Quesadillas (4 pzas.),2025-08,102.00,0.965,999
Bistec (1 pza.),Quesadillas (4 pzas.),2025-09,102.00,1.000,999
Bistec (1 pza.),Quesadillas (4 pzas.),2025-10,102.00,0.935,999
Bistec (1 pza.),Quesadillas (4 pzas.),2025-11,102.00,0.989,999
Bistec (1 pza.),Quesadillas (4 pzas.),2025-12,102.00,0.959,999
Bistec (1 pza.),Quesadillas (4 pzas.),2026-01,102.00,0.908,999
Bistec (1 pza.),Quesadillas (4 pzas.),2026-02,102.00,0.971,999
Bistec (1 pza.),Quesadillas (4 pzas.),2026-03,102.00,0.948,999
Bistec (1 pza.),Quesadillas (4 pzas.),2026-04,102.00,0.977,999
Bistec (1 pza.),Quesadillas (4 pzas.),2026-05,102.00,0.975,999
Bistec (1 pza.),Quesadillas (4 pzas.),2026-06,102.00,0.948,999
Bistec (1 pza.),Quesadillas (4 pzas.),2026-07,102.00,0.962,999
Bistec (1 pza.),Quesadillas (4 pzas.),2026-08,102.00,1.000,999
Bistec (1 pza.),Quesadillas (4 pzas.),2026-09,102.00,1.000,999
Chorizo,Bocoles,2026-03,20.00,1.000,999
Chorizo,Bocoles,2026-04,20.00,1.000,999
Chorizo,Bocoles,2026-05,20.00,1.000,999
Chorizo,Bocoles,2026-06,20.00,1.000,999
Chorizo,Bocoles,2026-07,20.00,1.000,999
Chorizo,Bocoles,2026-08,20.00,1.000,999
Chorizo,Bocoles,2026-09,20.00,1.000,999
Doble Guiso,Bocoles,2024-10,5.00,1.000,999
Doble Guiso,Bocoles,2024-11,5.00,1.000,999
Doble Guiso,Bocoles,2024-12,5.00,1.000,999
Doble Guiso,Bocoles,2025-01,5.00,1.000,999
Doble Guiso,Bocoles,2025-02,5.00,1.000,999
Doble Guiso,Bocoles,2025-03,5.00,1.000,999
Doble Guiso,Bocoles,2025-04,6.00,1.000,999
Doble Guiso,Bocoles,2025-05,6.00,1.000,999
Doble Guiso,Bocoles,2025-06,6.00,1.000,999
Doble Guiso,Bocoles,2025-07,6.00,1.000,999
Doble Guiso,Bocoles,2025-08,6.00,1.000,999
Doble Guiso,Bocoles,2025-09,6.00,1.000,999
Doble Guiso,Bocoles,2025-10,6.00,1.000,999
Doble Guiso,Bocoles,2025-11,6.00,1.000,999
Doble Guiso,Bocoles,2025-12,6.00,1.000,999
Doble Guiso,Bocoles,2026-01,6.00,1.000,999
Doble Guiso,Bocoles,2026-02,6.00,1.000,999
Doble Guiso,Bocoles,2026-03,6.00,1.000,999
Doble Guiso,Bocoles,2026-04,6.00,1.000,999
Doble Guiso,Bocoles,2026-05,6.00,1.000,999
Doble Guiso,Bocoles,2026-06,6.00,1.000,999
Doble Guiso,Bocoles,2026-07,6.00,1.000,999
Doble Guiso,Bocoles,2026-08,6.00,1.000,999
Doble Guiso,Bocoles,2026-09,6.00,1.000,999
Doble Guiso,Tacos de Maiz,2025-07,6.00,1.000,999
Doble Guiso,Tacos de Maiz,2025-08,6.00,1.000,999
Doble Guiso,Tacos de Maiz,2025-09,6.00,1.000,999
Doble Guiso,Tacos de Maiz,2025-10,6.00,1.000,999
Doble Guiso,Tacos de Maiz,2025-11,6.00,1.000,999
Doble Guiso,Tacos de Maiz,2025-12,6.00,1.000,999
Doble Guiso,Tacos de Maiz,2026-01,6.00,1.000,999
Doble Guiso,Tacos de Maiz,2026-02,6.00,1.000,999
Doble Guiso,Tacos de Maiz,2026-03,6.00,1.000,999
Doble Guiso,Tacos de Maiz,2026-04,6.00,0.500,999
Doble Guiso,Tacos de Maiz,2026-05,6.00,1.000,999
Doble Guiso,Tacos de Maiz,2026-06,6.00,1.000,999
Doble Guiso,Tacos de Maiz,2026-07,6.00,1.000,999
Doble Guiso,Tacos de Maiz,2026-08,6.00,1.000,999
Doble Guiso,Tacos de Maiz,2026-09,6.00,1.000,999
Frijoles,1/2 Empanadas (2 pzas.),2023-09,4.00,0.522,999
Frijoles,1/2 Empanadas (2 pzas.),2023-10,4.00,0.703,999
Frijoles,1/2 Empanadas (2 pzas.),2023-11,4.00,0.917,999
Frijoles,1/2 Empanadas (2 pzas.),2023-12,4.00,0.750,999
Frijoles,1/2 Empanadas (2 pzas.),2024-01,4.00,0.848,999
Frijoles,1/2 Empanadas (2 pzas.),2024-02,4.00,0.848,999
Frijoles,1/2 Empanadas (2 pzas.),2024-03,4.00,0.857,999
Frijoles,1/2 Empanadas (2 pzas.),2024-04,4.00,0.704,999
Frijoles,1/2 Empanadas (2 pzas.),2024-05,4.00,0.524,999
Frijoles,1/2 Empanadas (2 pzas.),2024-06,4.00,0.810,999
Frijoles,1/2 Empanadas (2 pzas.),2024-07,4.00,0.810,999
Frijoles,1/2 Empanadas (2 pzas.),2024-08,4.00,0.981,999
Frijoles,1/2 Empanadas (2 pzas.),2024-09,4.00,1.000,999
Frijoles,1/2 Empanadas (2 pzas.),2024-10,4.00,0.975,999
Frijoles,1/2 Empanadas (2 pzas.),2024-11,4.00,0.854,999
Frijoles,1/2 Empanadas (2 pzas.),2024-12,4.00,1.000,999
Frijoles,1/2 Empanadas (2 pzas.),2025-01,4.00,1.000,999
Frijoles,1/2 Empanadas (2 pzas.),2025-02,4.00,0.633,999
Frijoles,1/2 Empanadas (2 pzas.),2025-03,5.00,0.865,999
Frijoles,1/2 Empanadas (2 pzas.),2025-04,5.00,0.865,999
Frijoles,1/2 Empanadas (2 pzas.),2025-05,5.00,0.720,999
Frijoles,1/2 Empanadas (2 pzas.),2025-06,5.00,0.720,999
Frijoles,1/2 Empanadas (2 pzas.),2025-07,5.00,0.774,999
Frijoles,1/2 Empanadas (2 pzas.),2025-08,5.00,0.857,999
Frijoles,1/2 Empanadas (2 pzas.),2025-09,5.00,0.915,999
Frijoles,1/2 Empanadas (2 pzas.),2025-10,5.00,0.842,999
Frijoles,1/2 Empanadas (2 pzas.),2025-11,5.00,0.800,999
Frijoles,1/2 Empanadas (2 pzas.),2025-12,5.00,0.938,999
Frijoles,1/2 Empanadas (2 pzas.),2026-01,5.00,0.857,999
Frijoles,1/2 Empanadas (2 pzas.),2026-02,5.00,0.903,999
Frijoles,1/2 Empanadas (2 pzas.),2026-03,5.00,0.634,999
Frijoles,1/2 Empanadas (2 pzas.),2026-04,5.00,0.903,999
Frijoles,1/2 Empanadas (2 pzas.),2026-05,5.00,0.857,999
Frijoles,1/2 Empanadas (2 pzas.),2026-06,5.00,0.896,999
Frijoles,1/2 Empanadas (2 pzas.),2026-07,5.00,0.875,999
Frijoles,1/2 Empanadas (2 pzas.),2026-08,5.00,0.952,999
Frijoles,1/2 Empanadas (2 pzas.),2026-09,5.00,0.952,999
Frijoles,Bocoles,2023-09,4.00,1.000,999
Frijoles,Bocoles,2023-10,4.00,0.833,999
Frijoles,Bocoles,2023-11,4.00,0.900,999
Frijoles,Bocoles,2023-12,4.00,1.000,999
Frijoles,Bocoles,2024-01,4.00,1.000,999
Frijoles,Bocoles,2024-02,4.00,0.700,999
Frijoles,Bocoles,2024-03,4.00,0.833,999
Frijoles,Bocoles,2024-04,4.00,1.000,999
Frijoles,Bocoles,2024-05,4.00,1.000,999
Frijoles,Bocoles,2024-06,4.00,1.000,999
Frijoles,Bocoles,2024-07,4.00,1.000,999
Frijoles,Bocoles,2024-08,4.00,1.000,999
Frijoles,Bocoles,2024-09,4.00,1.000,999
Frijoles,Bocoles,2024-10,4.00,1.000,999
Frijoles,Bocoles,2024-11,4.00,1.000,999
Frijoles,Bocoles,2024-12,4.00,1.000,999
Frijoles,Bocoles,2025-01,4.00,1.000,999
Frijoles,Bocoles,2025-02,4.00,0.857,999
Frijoles,Bocoles,2025-03,5.00,1.000,999
Frijoles,Bocoles,2025-04,5.00,1.000,999
Frijoles,Bocoles,2025-05,5.00,0.900,999
Frijoles,Bocoles,2025-06,5.00,0.714,999
Frijoles,Bocoles,2025-07,5.00,0.889,999
Frijoles,Bocoles,2025-08,5.00,1.000,999
Frijoles,Bocoles,2025-09,5.00,0.923,999
Frijoles,Bocoles,2025-10,5.00,0.857,999
Frijoles,Bocoles,2025-11,5.00,0.857,999
Frijoles,Bocoles,2025-12,5.00,1.000,999
Frijoles,Bocoles,2026-01,5.00,0.810,999
Frijoles,Bocoles,2026-02,5.00,0.700,999
Frijoles,Bocoles,2026-03,5.00,0.923,999
Frijoles,Bocoles,2026-04,5.00,1.000,999
Frijoles,Bocoles,2026-05,5.00,0.882,999
Frijoles,Bocoles,2026-06,5.00,1.000,999
Frijoles,Bocoles,2026-07,5.00,0.727,999
Frijoles,Bocoles,2026-08,5.00,1.000,999
Frijoles,Bocoles,2026-09,5.00,1.000,999
Frijoles,Empanadas (4 pzas.),2023-09,4.00,0.522,999
Frijoles,Empanadas (4 pzas.),2023-10,4.00,0.703,999
Frijoles,Empanadas (4 pzas.),2023-11,4.00,0.917,999
Frijoles,Empanadas (4 pzas.),2023-12,4.00,0.750,999
Frijoles,Empanadas (4 pzas.),2024-01,4.00,0.848,999
Frijoles,Empanadas (4 pzas.),2024-02,4.00,0.848,999
Frijoles,Empanadas (4 pzas.),2024-03,4.00,0.857,999
Frijoles,Empanadas (4 pzas.),2024-04,4.00,0.704,999
Frijoles,Empanadas (4 pzas.),2024-05,4.00,0.524,999
Frijoles,Empanadas (4 pzas.),2024-06,4.00,0.810,999
Frijoles,Empanadas (4 pzas.),2024-07,4.00,0.810,999
Frijoles,Empanadas (4 pzas.),2024-08,4.00,0.981,999
Frijoles,Empanadas (4 pzas.),2024-09,4.00,1.000,999
Frijoles,Empanadas (4 pzas.),2024-10,4.00,0.975,999
Frijoles,Empanadas (4 pzas.),2024-11,4.00,0.854,999
Frijoles,Empanadas (4 pzas.),2024-12,4.00,1.000,999
Frijoles,Empanadas (4 pzas.),2025-01,4.00,1.000,999
Frijoles,Empanadas (4 pzas.),2025-02,4.00,0.633,999
Frijoles,Empanadas (4 pzas.),2025-03,5.00,0.865,999
Frijoles,Empanadas (4 pzas.),2025-04,5.00,0.865,999
Frijoles,Empanadas (4 pzas.),2025-05,5.00,0.720,999
Frijoles,Empanadas (4 pzas.),2025-06,5.00,0.720,999
Frijoles,Empanadas (4 pzas.),2025-07,5.00,0.774,999
Frijoles,Empanadas (4 pzas.),2025-08,5.00,0.857,999
Frijoles,Empanadas (4 pzas.),2025-09,5.00,0.915,999
Frijoles,Empanadas (4 pzas.),2025-10,5.00,0.842,999
Frijoles,Empanadas (4 pzas.),2025-11,5.00,0.800,999
Frijoles,Empanadas (4 pzas.),2025-12,5.00,0.938,999
Frijoles,Empanadas (4 pzas.),2026-01,5.00,0.857,999
Frijoles,Empanadas (4 pzas.),2026-02,5.00,0.903,999
Frijoles,Empanadas (4 pzas.),2026-03,5.00,0.634,999
Frijoles,Empanadas (4 pzas.),2026-04,5.00,0.903,999
Frijoles,Empanadas (4 pzas.),2026-05,5.00,0.857,999
Frijoles,Empanadas (4 pzas.),2026-06,5.00,0.896,999
Frijoles,Empanadas (4 pzas.),2026-07,5.00,0.875,999
Frijoles,Empanadas (4 pzas.),2026-08,5.00,0.952,999
Frijoles,Empanadas (4 pzas.),2026-09,5.00,0.952,999
Frijoles,Gorditas,2023-08,4.00,1.000,999
Frijoles,Gorditas,2023-09,4.00,1.000,999
Frijoles,Gorditas,2023-10,4.00,0.611,999
Frijoles,Gorditas,2023-11,4.00,1.000,999
Frijoles,Gorditas,2023-12,4.00,0.533,999
Frijoles,Gorditas,2024-01,4.00,1.000,999
Frijoles,Gorditas,2024-02,4.00,0.889,999
Frijoles,Gorditas,2024-03,4.00,0.889,999
Frijoles,Gorditas,2024-04,4.00,0.900,999
Frijoles,Gorditas,2024-05,4.00,1.000,999
Frijoles,Gorditas,2024-06,4.00,0.786,999
Frijoles,Gorditas,2024-07,4.00,0.563,999
Frijoles,Gorditas,2024-08,4.00,1.000,999
Frijoles,Gorditas,2024-09,4.00,1.000,999
Frijoles,Gorditas,2024-10,4.00,1.000,999
Frijoles,Gorditas,2024-11,4.00,1.000,999
Frijoles,Gorditas,2024-12,4.00,1.000,999
Frijoles,Gorditas,2025-01,4.00,1.000,999
Frijoles,Gorditas,2025-02,4.00,0.636,999
Frijoles,Gorditas,2025-03,5.00,1.000,999
Frijoles,Gorditas,2025-04,5.00,1.000,999
Frijoles,Gorditas,2025-05,5.00,1.000,999
Frijoles,Gorditas,2025-06,5.00,0.833,999
Frijoles,Gorditas,2025-07,5.00,0.938,999
Frijoles,Gorditas,2025-08,5.00,0.950,999
Frijoles,Gorditas,2025-09,5.00,1.000,999
Frijoles,Gorditas,2025-10,5.00,1.000,999
Frijoles,Gorditas,2025-11,5.00,1.000,999
Frijoles,Gorditas,2025-12,5.00,1.000,999
Frijoles,Gorditas,2026-01,5.00,1.000,999
Frijoles,Gorditas,2026-02,5.00,1.000,999
Frijoles,Gorditas,2026-03,5.00,1.000,999
Frijoles,Gorditas,2026-04,5.00,0.778,999
Frijoles,Gorditas,2026-05,5.00,0.923,999
Frijoles,Gorditas,2026-06,5.00,0.857,999
Frijoles,Gorditas,2026-07,5.00,1.000,999
Frijoles,Gorditas,2026-08,5.00,1.000,999
Frijoles,Gorditas,2026-09,5.00,1.000,999
Frijoles,Migada Guisado Normal,2023-09,4.00,0.522,999
Frijoles,Migada Guisado Normal,2023-10,4.00,0.703,999
Frijoles,Migada Guisado Normal,2023-11,4.00,0.917,999
Frijoles,Migada Guisado Normal,2023-12,4.00,0.750,999
Frijoles,Migada Guisado Normal,2024-01,4.00,0.848,999
Frijoles,Migada Guisado Normal,2024-02,4.00,0.848,999
Frijoles,Migada Guisado Normal,2024-03,4.00,0.857,999
Frijoles,Migada Guisado Normal,2024-04,4.00,0.704,999
Frijoles,Migada Guisado Normal,2024-05,4.00,0.524,999
Frijoles,Migada Guisado Normal,2024-06,4.00,0.810,999
Frijoles,Migada Guisado Normal,2024-07,4.00,0.810,999
Frijoles,Migada Guisado Normal,2024-08,4.00,0.981,999
Frijoles,Migada Guisado Normal,2024-09,4.00,1.000,999
Frijoles,Migada Guisado Normal,2024-10,4.00,0.975,999
Frijoles,Migada Guisado Normal,2024-11,4.00,0.854,999
Frijoles,Migada Guisado Normal,2024-12,4.00,1.000,999
Frijoles,Migada Guisado Normal,2025-01,4.00,1.000,999
Frijoles,Migada Guisado Normal,2025-02,4.00,0.633,999
Frijoles,Migada Guisado Normal,2025-03,5.00,0.865,999
Frijoles,Migada Guisado Normal,2025-04,5.00,0.865,999
Frijoles,Migada Guisado Normal,2025-05,5.00,0.720,999
Frijoles,Migada Guisado Normal,2025-06,5.00,0.720,999
Frijoles,Migada Guisado Normal,2025-07,5.00,0.774,999
Frijoles,Migada Guisado Normal,2025-08,5.00,0.857,999
Frijoles,Migada Guisado Normal,2025-09,5.00,0.915,999
Frijoles,Migada Guisado Normal,2025-10,5.00,0.842,999
Frijoles,Migada Guisado Normal,2025-11,5.00,0.800,999
Frijoles,Migada Guisado Normal,2025-12,5.00,0.938,999
Frijoles,Migada Guisado Normal,2026-01,5.00,0.857,999
Frijoles,Migada Guisado Normal,2026-02,5.00,0.903,999
Frijoles,Migada Guisado Normal,2026-03,5.00,0.634,999
Frijoles,Migada Guisado Normal,2026-04,5.00,0.903,999
Frijoles,Migada Guisado Normal,2026-05,5.00,0.857,999
Frijoles,Migada Guisado Normal,2026-06,5.00,0.896,999
Frijoles,Migada Guisado Normal,2026-07,5.00,0.875,999
Frijoles,Migada Guisado Normal,2026-08,5.00,0.952,999
Frijoles,Migada Guisado Normal,2026-09,5.00,0.952,999
Frijoles,Migada Guisado de Carne,2023-09,4.00,0.522,999
Frijoles,Migada Guisado de Carne,2023-10,4.00,0.703,999
Frijoles,Migada Guisado de Carne,2023-11,4.00,0.917,999
Frijoles,Migada Guisado de Carne,2023-12,4.00,0.750,999
Frijoles,Migada Guisado de Carne,2024-01,4.00,0.848,999
Frijoles,Migada Guisado de Carne,2024-02,4.00,0.848,999
Frijoles,Migada Guisado de Carne,2024-03,4.00,0.857,999
Frijoles,Migada Guisado de Carne,2024-04,4.00,0.704,999
Frijoles,Migada Guisado de Carne,2024-05,4.00,0.524,999
Frijoles,Migada Guisado de Carne,2024-06,4.00,0.810,999
Frijoles,Migada Guisado de Carne,2024-07,4.00,0.810,999
Frijoles,Migada Guisado de Carne,2024-08,4.00,0.981,999
Frijoles,Migada Guisado de Carne,2024-09,4.00,1.000,999
Frijoles,Migada Guisado de Carne,2024-10,4.00,0.975,999
Frijoles,Migada Guisado de Carne,2024-11,4.00,0.854,999
Frijoles,Migada Guisado de Carne,2024-12,4.00,1.000,999
Frijoles,Migada Guisado de Carne,2025-01,4.00,1.000,999
Frijoles,Migada Guisado de Carne,2025-02,4.00,0.633,999
Frijoles,Migada Guisado de Carne,2025-03,5.00,0.865,999
Frijoles,Migada Guisado de Carne,2025-04,5.00,0.865,999
Frijoles,Migada Guisado de Carne,2025-05,5.00,0.720,999
Frijoles,Migada Guisado de Carne,2025-06,5.00,0.720,999
Frijoles,Migada Guisado de Carne,2025-07,5.00,0.774,999
Frijoles,Migada Guisado de Carne,2025-08,5.00,0.857,999
Frijoles,Migada Guisado de Carne,2025-09,5.00,0.915,999
Frijoles,Migada Guisado de Carne,2025-10,5.00,0.842,999
Frijoles,Migada Guisado de Carne,2025-11,5.00,0.800,999
Frijoles,Migada Guisado de Carne,2025-12,5.00,0.938,999
Frijoles,Migada Guisado de Carne,2026-01,5.00,0.857,999
Frijoles,Migada Guisado de Carne,2026-02,5.00,0.903,999
Frijoles,Migada Guisado de Carne,2026-03,5.00,0.634,999
Frijoles,Migada Guisado de Carne,2026-04,5.00,0.903,999
Frijoles,Migada Guisado de Carne,2026-05,5.00,0.857,999
Frijoles,Migada Guisado de Carne,2026-06,5.00,0.896,999
Frijoles,Migada Guisado de Carne,2026-07,5.00,0.875,999
Frijoles,Migada Guisado de Carne,2026-08,5.00,0.952,999
Frijoles,Migada Guisado de Carne,2026-09,5.00,0.952,999
Frijoles,Orden de Guisado Normal,2023-09,4.00,0.522,999
Frijoles,Orden de Guisado Normal,2023-10,4.00,0.703,999
Frijoles,Orden de Guisado Normal,2023-11,4.00,0.917,999
Frijoles,Orden de Guisado Normal,2023-12,4.00,0.750,999
Frijoles,Orden de Guisado Normal,2024-01,4.00,0.848,999
Frijoles,Orden de Guisado Normal,2024-02,4.00,0.848,999
Frijoles,Orden de Guisado Normal,2024-03,4.00,0.857,999
Frijoles,Orden de Guisado Normal,2024-04,4.00,0.704,999
Frijoles,Orden de Guisado Normal,2024-05,4.00,0.524,999
Frijoles,Orden de Guisado Normal,2024-06,4.00,0.810,999
Frijoles,Orden de Guisado Normal,2024-07,4.00,0.810,999
Frijoles,Orden de Guisado Normal,2024-08,4.00,0.981,999
Frijoles,Orden de Guisado Normal,2024-09,4.00,1.000,999
Frijoles,Orden de Guisado Normal,2024-10,4.00,0.975,999
Frijoles,Orden de Guisado Normal,2024-11,4.00,0.854,999
Frijoles,Orden de Guisado Normal,2024-12,4.00,1.000,999
Frijoles,Orden de Guisado Normal,2025-01,4.00,1.000,999
Frijoles,Orden de Guisado Normal,2025-02,4.00,0.633,999
Frijoles,Orden de Guisado Normal,2025-03,5.00,0.865,999
Frijoles,Orden de Guisado Normal,2025-04,5.00,0.865,999
Frijoles,Orden de Guisado Normal,2025-05,5.00,0.720,999
Frijoles,Orden de Guisado Normal,2025-06,5.00,0.720,999
Frijoles,Orden de Guisado Normal,2025-07,5.00,0.774,999
Frijoles,Orden de Guisado Normal,2025-08,5.00,0.857,999
Frijoles,Orden de Guisado Normal,2025-09,5.00,0.915,999
Frijoles,Orden de Guisado Normal,2025-10,5.00,0.842,999
Frijoles,Orden de Guisado Normal,2025-11,5.00,0.800,999
Frijoles,Orden de Guisado Normal,2025-12,5.00,0.938,999
Frijoles,Orden de Guisado Normal,2026-01,5.00,0.857,999
Frijoles,Orden de Guisado Normal,2026-02,5.00,0.903,999
Frijoles,Orden de Guisado Normal,2026-03,5.00,0.634,999
Frijoles,Orden de Guisado Normal,2026-04,5.00,0.903,999
Frijoles,Orden de Guisado Normal,2026-05,5.00,0.857,999
Frijoles,Orden de Guisado Normal,2026-06,5.00,0.896,999
Frijoles,Orden de Guisado Normal,2026-07,5.00,0.875,999
Frijoles,Orden de Guisado Normal,2026-08,5.00,0.952,999
Frijoles,Orden de Guisado Normal,2026-09,5.00,0.952,999
Frijoles,Tacos de Harina,2023-09,4.00,0.522,999
Frijoles,Tacos de Harina,2023-10,4.00,1.000,999
Frijoles,Tacos de Harina,2023-11,4.00,1.000,999
Frijoles,Tacos de Harina,2023-12,4.00,1.000,999
Frijoles,Tacos de Harina,2024-01,4.00,1.000,999
Frijoles,Tacos de Harina,2024-02,4.00,1.000,999
Frijoles,Tacos de Harina,2024-03,4.00,0.917,999
Frijoles,Tacos de Harina,2024-04,4.00,0.917,999
Frijoles,Tacos de Harina,2024-05,4.00,0.917,999
Frijoles,Tacos de Harina,2024-06,4.00,0.667,999
Frijoles,Tacos de Harina,2024-07,4.00,0.667,999
Frijoles,Tacos de Harina,2024-08,4.00,1.000,999
Frijoles,Tacos de Harina,2024-09,4.00,1.000,999
Frijoles,Tacos de Harina,2024-10,4.00,1.000,999
Frijoles,Tacos de Harina,2024-11,4.00,1.000,999
Frijoles,Tacos de Harina,2024-12,4.00,1.000,999
Frijoles,Tacos de Harina,2025-01,4.00,1.000,999
Frijoles,Tacos de Harina,2025-02,4.00,0.571,999
Frijoles,Tacos de Harina,2025-03,4.00,0.571,999
Frijoles,Tacos de Harina,2025-04,7.00,1.000,999
Frijoles,Tacos de Harina,2025-05,7.00,1.000,999
Frijoles,Tacos de Harina,2025-06,7.00,1.000,999
Frijoles,Tacos de Harina,2025-07,7.00,1.000,999
Frijoles,Tacos de Harina,2025-08,5.00,0.700,999
Frijoles,Tacos de Harina,2025-09,5.00,0.700,999
Frijoles,Tacos de Harina,2025-10,5.00,0.636,999
Frijoles,Tacos de Harina,2025-11,5.00,0.500,999
Frijoles,Tacos de Harina,2025-12,5.00,0.500,999
Frijoles,Tacos de Harina,2026-01,5.00,0.500,999
Frijoles,Tacos de Harina,2026-02,5.00,1.000,999
Frijoles,Tacos de Harina,2026-03,5.00,0.625,999
Frijoles,Tacos de Harina,2026-04,5.00,0.800,999
Frijoles,Tacos de Harina,2026-05,5.00,1.000,999
Frijoles,Tacos de Harina,2026-06,5.00,1.000,999
Frijoles,Tacos de Harina,2026-07,5.00,1.000,999
Frijoles,Tacos de Harina,2026-08,5.00,0.625,999
Frijoles,Tacos de Harina,2026-09,5.00,0.625,999
Frijoles,Tacos de Maiz,2023-09,4.00,0.600,999
Frijoles,Tacos de Maiz,2023-10,4.00,0.600,999
Frijoles,Tacos de Maiz,2023-11,4.00,1.000,999
Frijoles,Tacos de Maiz,2023-12,4.00,1.000,999
Frijoles,Tacos de Maiz,2024-01,4.00,1.000,999
Frijoles,Tacos de Maiz,2024-02,4.00,1.000,999
Frijoles,Tacos de Maiz,2024-03,4.00,1.000,999
Frijoles,Tacos de Maiz,2024-04,4.00,1.000,999
Frijoles,Tacos de Maiz,2024-05,4.00,0.500,999
Frijoles,Tacos de Maiz,2024-06,4.00,0.500,999
Frijoles,Tacos de Maiz,2024-07,4.00,0.500,999
Frijoles,Tacos de Maiz,2024-08,4.00,1.000,999
Frijoles,Tacos de Maiz,2024-09,4.00,1.000,999
Frijoles,Tacos de Maiz,2024-10,4.00,1.000,999
Frijoles,Tacos de Maiz,2024-11,4.00,1.000,999
Frijoles,Tacos de Maiz,2024-12,4.00,1.000,999
Frijoles,Tacos de Maiz,2025-01,4.00,1.000,999
Frijoles,Tacos de Maiz,2025-02,4.00,1.000,999
Frijoles,Tacos de Maiz,2025-03,4.00,1.000,999
Frijoles,Tacos de Maiz,2025-04,4.00,1.000,999
Frijoles,Tacos de Maiz,2025-05,4.00,1.000,999
Frijoles,Tacos de Maiz,2025-06,4.00,1.000,999
Frijoles,Tacos de Maiz,2025-07,5.00,0.774,999
Frijoles,Tacos de Maiz,2025-08,5.00,0.857,999
Frijoles,Tacos de Maiz,2025-09,5.00,0.857,999
Frijoles,Tacos de Maiz,2025-10,5.00,0.857,999
Frijoles,Tacos de Maiz,2025-11,5.00,0.857,999
Frijoles,Tacos de Maiz,2025-12,5.00,0.857,999
Frijoles,Tacos de Maiz,2026-01,5.00,0.857,999
Frijoles,Tacos de Maiz,2026-02,5.00,1.000,999
Frijoles,Tacos de Maiz,2026-03,5.00,1.000,999
Frijoles,Tacos de Maiz,2026-04,5.00,1.000,999
Frijoles,Tacos de Maiz,2026-05,5.00,1.000,999
Frijoles,Tacos de Maiz,2026-06,5.00,1.000,999
Frijoles,Tacos de Maiz,2026-07,5.00,1.000,999
Frijoles,Tacos de Maiz,2026-08,5.00,1.000,999
Frijoles,Tacos de Maiz,2026-09,5.00,1.000,999
Frijoles con Queso (guiso extra),Bocoles,2023-10,4.00,0.333,999
Frijoles con Queso (guiso extra),Bocoles,2023-11,4.00,0.333,999
Frijoles con Queso (guiso extra),Bocoles,2023-12,4.00,0.333,999
Frijoles con Queso (guiso extra),Bocoles,2024-01,4.00,0.333,999
Frijoles con Queso (guiso extra),Bocoles,2024-02,4.00,0.333,999
Frijoles con Queso (guiso extra),Bocoles,2024-03,4.00,0.333,999
Frijoles con Queso (guiso extra),Bocoles,2024-04,4.00,0.333,999
Frijoles con Queso (guiso extra),Bocoles,2024-05,4.00,0.333,999
Frijoles con Queso (guiso extra),Bocoles,2024-06,4.00,0.333,999
Frijoles con Queso (guiso extra),Bocoles,2024-07,4.00,0.333,999
Frijoles con Queso (guiso extra),Bocoles,2024-08,4.00,0.333,999
Frijoles con Queso (guiso extra),Bocoles,2024-09,4.00,0.333,999
Frijoles con Queso (guiso extra),Bocoles,2024-10,4.00,0.333,999
Frijoles con Queso (guiso extra),Bocoles,2024-11,4.00,0.333,999
Frijoles con Queso (guiso extra),Bocoles,2024-12,4.00,1.000,999
Frijoles con Queso (guiso extra),Bocoles,2025-01,4.00,1.000,999
Frijoles con Queso (guiso extra),Bocoles,2025-02,4.00,1.000,999
Frijoles con Queso (guiso extra),Bocoles,2025-03,4.00,1.000,999
Frijoles con Queso (guiso extra),Bocoles,2025-04,5.00,0.600,999
Frijoles con Queso (guiso extra),Bocoles,2025-05,5.00,0.600,999
Frijoles con Queso (guiso extra),Bocoles,2025-06,5.00,0.600,999
Frijoles con Queso (guiso extra),Bocoles,2025-07,5.00,0.800,999
Frijoles con Queso (guiso extra),Bocoles,2025-08,5.00,0.800,999
Frijoles con Queso (guiso extra),Bocoles,2025-09,5.00,0.800,999
Frijoles con Queso (guiso extra),Bocoles,2025-10,5.00,0.800,999
Frijoles con Queso (guiso extra),Bocoles,2025-11,5.00,0.800,999
Frijoles con Queso (guiso extra),Bocoles,2025-12,5.00,0.800,999
Frijoles con Queso (guiso extra),Bocoles,2026-01,5.00,0.800,999
Frijoles con Queso (guiso extra),Bocoles,2026-02,5.00,0.800,999
Frijoles con Queso (guiso extra),Bocoles,2026-03,5.00,0.800,999
Frijoles con Queso (guiso extra),Bocoles,2026-04,5.00,0.556,999
Frijoles con Queso (guiso extra),Bocoles,2026-05,5.00,0.556,999
Frijoles con Queso (guiso extra),Bocoles,2026-06,5.00,0.556,999
Frijoles con Queso (guiso extra),Bocoles,2026-07,5.00,0.800,999
Frijoles con Queso (guiso extra),Bocoles,2026-08,5.00,0.800,999
Frijoles con Queso (guiso extra),Bocoles,2026-09,5.00,0.800,999
Frijoles con Queso (guiso extra),Gorditas,2024-07,5.00,1.000,999
Frijoles con Queso (guiso extra),Gorditas,2024-08,5.00,1.000,999
Frijoles con Queso (guiso extra),Gorditas,2024-09,5.00,1.000,999
Frijoles con Queso (guiso extra),Gorditas,2024-10,5.00,1.000,999
Frijoles con Queso (guiso extra),Gorditas,2024-11,4.00,1.000,999
Frijoles con Queso (guiso extra),Gorditas,2024-12,4.00,1.000,999
Frijoles con Queso (guiso extra),Gorditas,2025-01,4.00,1.000,999
Frijoles con Queso (guiso extra),Gorditas,2025-02,4.00,1.000,999
Frijoles con Queso (guiso extra),Gorditas,2025-03,5.00,0.667,999
Frijoles con Queso (guiso extra),Gorditas,2025-04,5.00,0.667,999
Frijoles con Queso (guiso extra),Gorditas,2025-05,5.00,0.667,999
Frijoles con Queso (guiso extra),Gorditas,2025-06,5.00,0.667,999
Frijoles con Queso (guiso extra),Gorditas,2025-07,5.00,0.667,999
Frijoles con Queso (guiso extra),Gorditas,2025-08,5.00,0.667,999
Frijoles con Queso (guiso extra),Gorditas,2025-09,5.00,0.667,999
Frijoles con Queso (guiso extra),Gorditas,2025-10,5.00,0.667,999
Frijoles con Queso (guiso extra),Gorditas,2025-11,5.00,0.500,999
Frijoles con Queso (guiso extra),Gorditas,2025-12,5.00,0.500,999
Frijoles con Queso (guiso extra),Gorditas,2026-01,5.00,0.500,999
Frijoles con Queso (guiso extra),Gorditas,2026-02,5.00,0.500,999
Frijoles con Queso (guiso extra),Gorditas,2026-03,8.00,1.000,999
Frijoles con Queso (guiso extra),Gorditas,2026-04,8.00,0.955,999
Frijoles con Queso (guiso extra),Gorditas,2026-05,8.00,0.955,999
Frijoles con Queso (guiso extra),Gorditas,2026-06,8.00,0.970,999
Frijoles con Queso (guiso extra),Gorditas,2026-07,8.00,0.970,999
Frijoles con Queso (guiso extra),Gorditas,2026-08,8.00,0.970,999
Frijoles con Queso (guiso extra),Gorditas,2026-09,8.00,0.970,999
Frijoles con Queso (guiso extra),Tacos de Harina,2025-12,5.00,1.000,999
Frijoles con Queso (guiso extra),Tacos de Harina,2026-01,5.00,1.000,999
Frijoles con Queso (guiso extra),Tacos de Harina,2026-02,5.00,1.000,999
Frijoles con Queso (guiso extra),Tacos de Harina,2026-03,5.00,1.000,999
Frijoles con Queso (guiso extra),Tacos de Harina,2026-04,5.00,1.000,999
Frijoles con Queso (guiso extra),Tacos de Harina,2026-05,5.00,1.000,999
Frijoles con Queso (guiso extra),Tacos de Harina,2026-06,5.00,1.000,999
Frijoles con Queso (guiso extra),Tacos de Harina,2026-07,8.00,0.971,999
Frijoles con Queso (guiso extra),Tacos de Harina,2026-08,8.00,0.971,999
Frijoles con Queso (guiso extra),Tacos de Harina,2026-09,8.00,0.971,999
Frijoles con Queso (guiso extra),Tacos de Maiz,2026-06,8.00,0.971,999
Frijoles con Queso (guiso extra),Tacos de Maiz,2026-07,8.00,0.971,999
Frijoles con Queso (guiso extra),Tacos de Maiz,2026-08,8.00,0.971,999
Frijoles con Queso (guiso extra),Tacos de Maiz,2026-09,8.00,0.971,999
Huevo Estrellado Ciego (2 pzas.),1/2 Enchiladas Rojas,2025-03,35.00,1.000,999
Huevo Estrellado Ciego (2 pzas.),1/2 Enchiladas Rojas,2025-04,35.00,1.000,999
Huevo Estrellado Ciego (2 pzas.),1/2 Enchiladas Rojas,2025-05,35.00,1.000,999
Huevo Estrellado Ciego (2 pzas.),1/2 Enchiladas Rojas,2025-06,35.00,1.000,999
Huevo Estrellado Ciego (2 pzas.),1/2 Enchiladas Rojas,2025-07,35.00,1.000,999
Huevo Estrellado Ciego (2 pzas.),1/2 Enchiladas Rojas,2025-08,35.00,1.000,999
Huevo Estrellado Ciego (2 pzas.),1/2 Enchiladas Rojas,2025-09,35.00,1.000,999
Huevo Estrellado Ciego (2 pzas.),1/2 Enchiladas Rojas,2025-10,35.00,1.000,999
Huevo Estrellado Ciego (2 pzas.),1/2 Enchiladas Rojas,2025-11,35.00,1.000,999
Huevo Estrellado Ciego (2 pzas.),1/2 Enchiladas Rojas,2025-12,35.00,1.000,999
Huevo Estrellado Ciego (2 pzas.),1/2 Enchiladas Rojas,2026-01,35.00,1.000,999
Huevo Estrellado Ciego (2 pzas.),1/2 Enchiladas Rojas,2026-02,35.00,1.000,999
Huevo Estrellado Ciego (2 pzas.),1/2 Enchiladas Rojas,2026-03,35.00,1.000,999
Huevo Estrellado Ciego (2 pzas.),1/2 Enchiladas Rojas,2026-04,35.00,1.000,999
Huevo Estrellado Ciego (2 pzas.),1/2 Enchiladas Rojas,2026-05,35.00,1.000,999
Huevo Estrellado Ciego (2 pzas.),1/2 Enchiladas Rojas,2026-06,35.00,1.000,999
Huevo Estrellado Ciego (2 pzas.),1/2 Enchiladas Rojas,2026-07,35.00,1.000,999
Huevo Estrellado Ciego (2 pzas.),1/2 Enchiladas Rojas,2026-08,35.00,1.000,999
Huevo Estrellado Ciego (2 pzas.),1/2 Enchiladas Rojas,2026-09,35.00,1.000,999
Huevo Estrellado Cocido (2 pzas.),1/2 Empanadas (2 pzas.),2023-10,28.00,0.947,999
Huevo Estrellado Cocido (2 pzas.),1/2 Empanadas (2 pzas.),2023-11,28.00,0.974,999
Huevo Estrellado Cocido (2 pzas.),1/2 Empanadas (2 pzas.),2023-12,28.00,1.000,999
Huevo Estrellado Cocido (2 pzas.),1/2 Empanadas (2 pzas.),2024-01,28.00,0.980,999
Huevo Estrellado Cocido (2 pzas.),1/2 Empanadas (2 pzas.),2024-02,28.00,1.000,999
Huevo Estrellado Cocido (2 pzas.),1/2 Empanadas (2 pzas.),2024-03,28.00,0.857,999
Huevo Estrellado Cocido (2 pzas.),1/2 Empanadas (2 pzas.),2024-04,28.00,0.850,999
Huevo Estrellado Cocido (2 pzas.),1/2 Empanadas (2 pzas.),2024-05,28.00,0.938,999
Huevo Estrellado Cocido (2 pzas.),1/2 Empanadas (2 pzas.),2024-06,28.00,0.914,999
Huevo Estrellado Cocido (2 pzas.),1/2 Empanadas (2 pzas.),2024-07,28.00,0.914,999
Huevo Estrellado Cocido (2 pzas.),1/2 Empanadas (2 pzas.),2024-08,32.00,0.882,999
Huevo Estrellado Cocido (2 pzas.),1/2 Empanadas (2 pzas.),2024-09,32.00,0.958,999
Huevo Estrellado Cocido (2 pzas.),1/2 Empanadas (2 pzas.),2024-10,32.00,0.933,999
Huevo Estrellado Cocido (2 pzas.),1/2 Empanadas (2 pzas.),2024-11,32.00,0.951,999
Huevo Estrellado Cocido (2 pzas.),1/2 Empanadas (2 pzas.),2024-12,32.00,0.965,999
Huevo Estrellado Cocido (2 pzas.),1/2 Empanadas (2 pzas.),2025-01,32.00,0.979,999
Huevo Estrellado Cocido (2 pzas.),1/2 Empanadas (2 pzas.),2025-02,32.00,0.537,999
Huevo Estrellado Cocido (2 pzas.),1/2 Empanadas (2 pzas.),2025-03,35.00,0.975,999
Huevo Estrellado Cocido (2 pzas.),1/2 Empanadas (2 pzas.),2025-04,35.00,0.904,999
Huevo Estrellado Cocido (2 pzas.),1/2 Empanadas (2 pzas.),2025-05,35.00,0.889,999
Huevo Estrellado Cocido (2 pzas.),1/2 Empanadas (2 pzas.),2025-06,35.00,0.947,999
Huevo Estrellado Cocido (2 pzas.),1/2 Empanadas (2 pzas.),2025-07,35.00,0.880,999
Huevo Estrellado Cocido (2 pzas.),1/2 Empanadas (2 pzas.),2025-08,35.00,0.960,999
Huevo Estrellado Cocido (2 pzas.),1/2 Empanadas (2 pzas.),2025-09,35.00,0.982,999
Huevo Estrellado Cocido (2 pzas.),1/2 Empanadas (2 pzas.),2025-10,35.00,0.967,999
Huevo Estrellado Cocido (2 pzas.),1/2 Empanadas (2 pzas.),2025-11,35.00,1.000,999
Huevo Estrellado Cocido (2 pzas.),1/2 Empanadas (2 pzas.),2025-12,35.00,0.949,999
Huevo Estrellado Cocido (2 pzas.),1/2 Empanadas (2 pzas.),2026-01,35.00,0.872,999
Huevo Estrellado Cocido (2 pzas.),1/2 Empanadas (2 pzas.),2026-02,35.00,0.970,999
Huevo Estrellado Cocido (2 pzas.),1/2 Empanadas (2 pzas.),2026-03,35.00,0.737,999
Huevo Estrellado Cocido (2 pzas.),1/2 Empanadas (2 pzas.),2026-04,35.00,0.970,999
Huevo Estrellado Cocido (2 pzas.),1/2 Empanadas (2 pzas.),2026-05,35.00,0.940,999
Huevo Estrellado Cocido (2 pzas.),1/2 Empanadas (2 pzas.),2026-06,35.00,0.882,999
Huevo Estrellado Cocido (2 pzas.),1/2 Empanadas (2 pzas.),2026-07,35.00,0.958,999
Huevo Estrellado Cocido (2 pzas.),1/2 Empanadas (2 pzas.),2026-08,35.00,0.960,999
Huevo Estrellado Cocido (2 pzas.),1/2 Empanadas (2 pzas.),2026-09,35.00,0.960,999
Huevo Estrellado Cocido (2 pzas.),1/2 Enchiladas Mixtas (4 Piezas),2023-10,28.00,0.947,999
Huevo Estrellado Cocido (2 pzas.),1/2 Enchiladas Mixtas (4 Piezas),2023-11,28.00,0.974,999
Huevo Estrellado Cocido (2 pzas.),1/2 Enchiladas Mixtas (4 Piezas),2023-12,28.00,1.000,999
Huevo Estrellado Cocido (2 pzas.),1/2 Enchiladas Mixtas (4 Piezas),2024-01,28.00,0.980,999
Huevo Estrellado Cocido (2 pzas.),1/2 Enchiladas Mixtas (4 Piezas),2024-02,28.00,1.000,999
Huevo Estrellado Cocido (2 pzas.),1/2 Enchiladas Mixtas (4 Piezas),2024-03,28.00,0.857,999
Huevo Estrellado Cocido (2 pzas.),1/2 Enchiladas Mixtas (4 Piezas),2024-04,28.00,0.850,999
Huevo Estrellado Cocido (2 pzas.),1/2 Enchiladas Mixtas (4 Piezas),2024-05,28.00,0.938,999
Huevo Estrellado Cocido (2 pzas.),1/2 Enchiladas Mixtas (4 Piezas),2024-06,28.00,0.914,999
Huevo Estrellado Cocido (2 pzas.),1/2 Enchiladas Mixtas (4 Piezas),2024-07,28.00,0.914,999
Huevo Estrellado Cocido (2 pzas.),1/2 Enchiladas Mixtas (4 Piezas),2024-08,32.00,0.882,999
Huevo Estrellado Cocido (2 pzas.),1/2 Enchiladas Mixtas (4 Piezas),2024-09,32.00,0.958,999
Huevo Estrellado Cocido (2 pzas.),1/2 Enchiladas Mixtas (4 Piezas),2024-10,32.00,0.933,999
Huevo Estrellado Cocido (2 pzas.),1/2 Enchiladas Mixtas (4 Piezas),2024-11,32.00,0.951,999
Huevo Estrellado Cocido (2 pzas.),1/2 Enchiladas Mixtas (4 Piezas),2024-12,32.00,0.965,999
Huevo Estrellado Cocido (2 pzas.),1/2 Enchiladas Mixtas (4 Piezas),2025-01,32.00,0.979,999
Huevo Estrellado Cocido (2 pzas.),1/2 Enchiladas Mixtas (4 Piezas),2025-02,32.00,0.537,999
Huevo Estrellado Cocido (2 pzas.),1/2 Enchiladas Mixtas (4 Piezas),2025-03,35.00,0.975,999
Huevo Estrellado Cocido (2 pzas.),1/2 Enchiladas Mixtas (4 Piezas),2025-04,35.00,0.904,999
Huevo Estrellado Cocido (2 pzas.),1/2 Enchiladas Mixtas (4 Piezas),2025-05,35.00,0.889,999
Huevo Estrellado Cocido (2 pzas.),1/2 Enchiladas Mixtas (4 Piezas),2025-06,35.00,0.947,999
Huevo Estrellado Cocido (2 pzas.),1/2 Enchiladas Mixtas (4 Piezas),2025-07,35.00,0.880,999
Huevo Estrellado Cocido (2 pzas.),1/2 Enchiladas Mixtas (4 Piezas),2025-08,35.00,0.960,999
Huevo Estrellado Cocido (2 pzas.),1/2 Enchiladas Mixtas (4 Piezas),2025-09,35.00,0.982,999
Huevo Estrellado Cocido (2 pzas.),1/2 Enchiladas Mixtas (4 Piezas),2025-10,35.00,0.967,999
Huevo Estrellado Cocido (2 pzas.),1/2 Enchiladas Mixtas (4 Piezas),2025-11,35.00,1.000,999
Huevo Estrellado Cocido (2 pzas.),1/2 Enchiladas Mixtas (4 Piezas),2025-12,35.00,0.949,999
Huevo Estrellado Cocido (2 pzas.),1/2 Enchiladas Mixtas (4 Piezas),2026-01,35.00,0.872,999
Huevo Estrellado Cocido (2 pzas.),1/2 Enchiladas Mixtas (4 Piezas),2026-02,35.00,0.970,999
Huevo Estrellado Cocido (2 pzas.),1/2 Enchiladas Mixtas (4 Piezas),2026-03,35.00,0.737,999
Huevo Estrellado Cocido (2 pzas.),1/2 Enchiladas Mixtas (4 Piezas),2026-04,35.00,0.970,999
Huevo Estrellado Cocido (2 pzas.),1/2 Enchiladas Mixtas (4 Piezas),2026-05,35.00,0.940,999
Huevo Estrellado Cocido (2 pzas.),1/2 Enchiladas Mixtas (4 Piezas),2026-06,35.00,0.882,999
Huevo Estrellado Cocido (2 pzas.),1/2 Enchiladas Mixtas (4 Piezas),2026-07,35.00,0.958,999
Huevo Estrellado Cocido (2 pzas.),1/2 Enchiladas Mixtas (4 Piezas),2026-08,35.00,0.960,999
Huevo Estrellado Cocido (2 pzas.),1/2 Enchiladas Mixtas (4 Piezas),2026-09,35.00,0.960,999
Huevo Estrellado Cocido (2 pzas.),1/2 Enchiladas Picositas,2023-10,28.00,0.947,999
Huevo Estrellado Cocido (2 pzas.),1/2 Enchiladas Picositas,2023-11,28.00,0.974,999
Huevo Estrellado Cocido (2 pzas.),1/2 Enchiladas Picositas,2023-12,28.00,1.000,999
Huevo Estrellado Cocido (2 pzas.),1/2 Enchiladas Picositas,2024-01,28.00,1.000,999
Huevo Estrellado Cocido (2 pzas.),1/2 Enchiladas Picositas,2024-02,28.00,1.000,999
Huevo Estrellado Cocido (2 pzas.),1/2 Enchiladas Picositas,2024-03,28.00,1.000,999
Huevo Estrellado Cocido (2 pzas.),1/2 Enchiladas Picositas,2024-04,28.00,1.000,999
Huevo Estrellado Cocido (2 pzas.),1/2 Enchiladas Picositas,2024-05,28.00,1.000,999
Huevo Estrellado Cocido (2 pzas.),1/2 Enchiladas Picositas,2024-06,28.00,1.000,999
Huevo Estrellado Cocido (2 pzas.),1/2 Enchiladas Picositas,2024-07,28.00,0.914,999
Huevo Estrellado Cocido (2 pzas.),1/2 Enchiladas Picositas,2024-08,32.00,0.882,999
Huevo Estrellado Cocido (2 pzas.),1/2 Enchiladas Picositas,2024-09,32.00,0.958,999
Huevo Estrellado Cocido (2 pzas.),1/2 Enchiladas Picositas,2024-10,32.00,0.933,999
Huevo Estrellado Cocido (2 pzas.),1/2 Enchiladas Picositas,2024-11,32.00,0.951,999
Huevo Estrellado Cocido (2 pzas.),1/2 Enchiladas Picositas,2024-12,32.00,0.965,999
Huevo Estrellado Cocido (2 pzas.),1/2 Enchiladas Picositas,2025-01,32.00,0.979,999
Huevo Estrellado Cocido (2 pzas.),1/2 Enchiladas Picositas,2025-02,32.00,0.537,999
Huevo Estrellado Cocido (2 pzas.),1/2 Enchiladas Picositas,2025-03,35.00,0.975,999
Huevo Estrellado Cocido (2 pzas.),1/2 Enchiladas Picositas,2025-04,35.00,0.904,999
Huevo Estrellado Cocido (2 pzas.),1/2 Enchiladas Picositas,2025-05,35.00,0.889,999
Huevo Estrellado Cocido (2 pzas.),1/2 Enchiladas Picositas,2025-06,35.00,0.947,999
Huevo Estrellado Cocido (2 pzas.),1/2 Enchiladas Picositas,2025-07,35.00,0.880,999
Huevo Estrellado Cocido (2 pzas.),1/2 Enchiladas Picositas,2025-08,35.00,0.960,999
Huevo Estrellado Cocido (2 pzas.),1/2 Enchiladas Picositas,2025-09,35.00,0.982,999
Huevo Estrellado Cocido (2 pzas.),1/2 Enchiladas Picositas,2025-10,35.00,0.967,999
Huevo Estrellado Cocido (2 pzas.),1/2 Enchiladas Picositas,2025-11,35.00,1.000,999
Huevo Estrellado Cocido (2 pzas.),1/2 Enchiladas Picositas,2025-12,35.00,0.949,999
Huevo Estrellado Cocido (2 pzas.),1/2 Enchiladas Picositas,2026-01,35.00,0.872,999
Huevo Estrellado Cocido (2 pzas.),1/2 Enchiladas Picositas,2026-02,35.00,0.970,999
Huevo Estrellado Cocido (2 pzas.),1/2 Enchiladas Picositas,2026-03,35.00,0.737,999
Huevo Estrellado Cocido (2 pzas.),1/2 Enchiladas Picositas,2026-04,35.00,0.970,999
Huevo Estrellado Cocido (2 pzas.),1/2 Enchiladas Picositas,2026-05,35.00,0.940,999
Huevo Estrellado Cocido (2 pzas.),1/2 Enchiladas Picositas,2026-06,35.00,0.882,999
Huevo Estrellado Cocido (2 pzas.),1/2 Enchiladas Picositas,2026-07,35.00,0.958,999
Huevo Estrellado Cocido (2 pzas.),1/2 Enchiladas Picositas,2026-08,35.00,1.000,999
Huevo Estrellado Cocido (2 pzas.),1/2 Enchiladas Picositas,2026-09,35.00,1.000,999
Huevo Estrellado Cocido (2 pzas.),1/2 Enchiladas Rojas,2023-10,28.00,1.000,999
Huevo Estrellado Cocido (2 pzas.),1/2 Enchiladas Rojas,2023-11,28.00,0.917,999
Huevo Estrellado Cocido (2 pzas.),1/2 Enchiladas Rojas,2023-12,28.00,1.000,999
Huevo Estrellado Cocido (2 pzas.),1/2 Enchiladas Rojas,2024-01,28.00,1.000,999
Huevo Estrellado Cocido (2 pzas.),1/2 Enchiladas Rojas,2024-02,28.00,1.000,999
Huevo Estrellado Cocido (2 pzas.),1/2 Enchiladas Rojas,2024-03,28.00,1.000,999
Huevo Estrellado Cocido (2 pzas.),1/2 Enchiladas Rojas,2024-04,28.00,1.000,999
Huevo Estrellado Cocido (2 pzas.),1/2 Enchiladas Rojas,2024-05,28.00,0.917,999
Huevo Estrellado Cocido (2 pzas.),1/2 Enchiladas Rojas,2024-06,28.00,0.867,999
Huevo Estrellado Cocido (2 pzas.),1/2 Enchiladas Rojas,2024-07,28.00,0.867,999
Huevo Estrellado Cocido (2 pzas.),1/2 Enchiladas Rojas,2024-08,32.00,1.000,999
Huevo Estrellado Cocido (2 pzas.),1/2 Enchiladas Rojas,2024-09,32.00,1.000,999
Huevo Estrellado Cocido (2 pzas.),1/2 Enchiladas Rojas,2024-10,32.00,1.000,999
Huevo Estrellado Cocido (2 pzas.),1/2 Enchiladas Rojas,2024-11,32.00,1.000,999
Huevo Estrellado Cocido (2 pzas.),1/2 Enchiladas Rojas,2024-12,32.00,1.000,999
Huevo Estrellado Cocido (2 pzas.),1/2 Enchiladas Rojas,2025-01,32.00,1.000,999
Huevo Estrellado Cocido (2 pzas.),1/2 Enchiladas Rojas,2025-02,32.00,0.692,999
Huevo Estrellado Cocido (2 pzas.),1/2 Enchiladas Rojas,2025-03,35.00,1.000,999
Huevo Estrellado Cocido (2 pzas.),1/2 Enchiladas Rojas,2025-04,35.00,1.000,999
Huevo Estrellado Cocido (2 pzas.),1/2 Enchiladas Rojas,2025-05,35.00,1.000,999
Huevo Estrellado Cocido (2 pzas.),1/2 Enchiladas Rojas,2025-06,35.00,1.000,999
Huevo Estrellado Cocido (2 pzas.),1/2 Enchiladas Rojas,2025-07,35.00,1.000,999
Huevo Estrellado Cocido (2 pzas.),1/2 Enchiladas Rojas,2025-08,35.00,1.000,999
Huevo Estrellado Cocido (2 pzas.),1/2 Enchiladas Rojas,2025-09,35.00,1.000,999
Huevo Estrellado Cocido (2 pzas.),1/2 Enchiladas Rojas,2025-10,35.00,1.000,999
Huevo Estrellado Cocido (2 pzas.),1/2 Enchiladas Rojas,2025-11,35.00,1.000,999
Huevo Estrellado Cocido (2 pzas.),1/2 Enchiladas Rojas,2025-12,35.00,1.000,999
Huevo Estrellado Cocido (2 pzas.),1/2 Enchiladas Rojas,2026-01,35.00,1.000,999
Huevo Estrellado Cocido (2 pzas.),1/2 Enchiladas Rojas,2026-02,35.00,1.000,999
Huevo Estrellado Cocido (2 pzas.),1/2 Enchiladas Rojas,2026-03,35.00,1.000,999
Huevo Estrellado Cocido (2 pzas.),1/2 Enchiladas Rojas,2026-04,35.00,1.000,999
Huevo Estrellado Cocido (2 pzas.),1/2 Enchiladas Rojas,2026-05,35.00,1.000,999
Huevo Estrellado Cocido (2 pzas.),1/2 Enchiladas Rojas,2026-06,35.00,1.000,999
Huevo Estrellado Cocido (2 pzas.),1/2 Enchiladas Rojas,2026-07,35.00,0.929,999
Huevo Estrellado Cocido (2 pzas.),1/2 Enchiladas Rojas,2026-08,35.00,1.000,999
Huevo Estrellado Cocido (2 pzas.),1/2 Enchiladas Rojas,2026-09,35.00,1.000,999
Huevo Estrellado Cocido (2 pzas.),1/2 Encremadas,2023-10,28.00,0.947,999
Huevo Estrellado Cocido (2 pzas.),1/2 Encremadas,2023-11,28.00,0.974,999
Huevo Estrellado Cocido (2 pzas.),1/2 Encremadas,2023-12,28.00,1.000,999
Huevo Estrellado Cocido (2 pzas.),1/2 Encremadas,2024-01,28.00,0.980,999
Huevo Estrellado Cocido (2 pzas.),1/2 Encremadas,2024-02,28.00,1.000,999
Huevo Estrellado Cocido (2 pzas.),1/2 Encremadas,2024-03,28.00,0.857,999
Huevo Estrellado Cocido (2 pzas.),1/2 Encremadas,2024-04,28.00,0.850,999
Huevo Estrellado Cocido (2 pzas.),1/2 Encremadas,2024-05,28.00,0.938,999
Huevo Estrellado Cocido (2 pzas.),1/2 Encremadas,2024-06,28.00,0.914,999
Huevo Estrellado Cocido (2 pzas.),1/2 Encremadas,2024-07,28.00,0.914,999
Huevo Estrellado Cocido (2 pzas.),1/2 Encremadas,2024-08,32.00,0.882,999
Huevo Estrellado Cocido (2 pzas.),1/2 Encremadas,2024-09,32.00,0.958,999
Huevo Estrellado Cocido (2 pzas.),1/2 Encremadas,2024-10,32.00,0.933,999
Huevo Estrellado Cocido (2 pzas.),1/2 Encremadas,2024-11,32.00,0.951,999
Huevo Estrellado Cocido (2 pzas.),1/2 Encremadas,2024-12,32.00,0.965,999
Huevo Estrellado Cocido (2 pzas.),1/2 Encremadas,2025-01,32.00,0.979,999
Huevo Estrellado Cocido (2 pzas.),1/2 Encremadas,2025-02,32.00,0.537,999
Huevo Estrellado Cocido (2 pzas.),1/2 Encremadas,2025-03,35.00,0.975,999
Huevo Estrellado Cocido (2 pzas.),1/2 Encremadas,2025-04,35.00,0.904,999
Huevo Estrellado Cocido (2 pzas.),1/2 Encremadas,2025-05,35.00,0.889,999
Huevo Estrellado Cocido (2 pzas.),1/2 Encremadas,2025-06,35.00,0.947,999
Huevo Estrellado Cocido (2 pzas.),1/2 Encremadas,2025-07,35.00,0.880,999
Huevo Estrellado Cocido (2 pzas.),1/2 Encremadas,2025-08,35.00,0.960,999
Huevo Estrellado Cocido (2 pzas.),1/2 Encremadas,2025-09,35.00,0.982,999
Huevo Estrellado Cocido (2 pzas.),1/2 Encremadas,2025-10,35.00,0.967,999
Huevo Estrellado Cocido (2 pzas.),1/2 Encremadas,2025-11,35.00,1.000,999
Huevo Estrellado Cocido (2 pzas.),1/2 Encremadas,2025-12,35.00,0.949,999
Huevo Estrellado Cocido (2 pzas.),1/2 Encremadas,2026-01,35.00,0.872,999
Huevo Estrellado Cocido (2 pzas.),1/2 Encremadas,2026-02,35.00,0.970,999
Huevo Estrellado Cocido (2 pzas.),1/2 Encremadas,2026-03,35.00,0.737,999
Huevo Estrellado Cocido (2 pzas.),1/2 Encremadas,2026-04,35.00,0.970,999
Huevo Estrellado Cocido (2 pzas.),1/2 Encremadas,2026-05,35.00,0.940,999
Huevo Estrellado Cocido (2 pzas.),1/2 Encremadas,2026-06,35.00,0.882,999
Huevo Estrellado Cocido (2 pzas.),1/2 Encremadas,2026-07,35.00,0.958,999
Huevo Estrellado Cocido (2 pzas.),1/2 Encremadas,2026-08,35.00,0.960,999
Huevo Estrellado Cocido (2 pzas.),1/2 Encremadas,2026-09,35.00,0.960,999
Huevo Estrellado Cocido (2 pzas.),1/2 Enfrijoladas,2023-10,28.00,0.947,999
Huevo Estrellado Cocido (2 pzas.),1/2 Enfrijoladas,2023-11,28.00,0.974,999
Huevo Estrellado Cocido (2 pzas.),1/2 Enfrijoladas,2023-12,28.00,1.000,999
Huevo Estrellado Cocido (2 pzas.),1/2 Enfrijoladas,2024-01,28.00,0.980,999
Huevo Estrellado Cocido (2 pzas.),1/2 Enfrijoladas,2024-02,28.00,1.000,999
Huevo Estrellado Cocido (2 pzas.),1/2 Enfrijoladas,2024-03,28.00,0.857,999
Huevo Estrellado Cocido (2 pzas.),1/2 Enfrijoladas,2024-04,28.00,0.850,999
Huevo Estrellado Cocido (2 pzas.),1/2 Enfrijoladas,2024-05,28.00,0.938,999
Huevo Estrellado Cocido (2 pzas.),1/2 Enfrijoladas,2024-06,28.00,0.914,999
Huevo Estrellado Cocido (2 pzas.),1/2 Enfrijoladas,2024-07,28.00,0.914,999
Huevo Estrellado Cocido (2 pzas.),1/2 Enfrijoladas,2024-08,32.00,0.882,999
Huevo Estrellado Cocido (2 pzas.),1/2 Enfrijoladas,2024-09,32.00,0.958,999
Huevo Estrellado Cocido (2 pzas.),1/2 Enfrijoladas,2024-10,32.00,0.933,999
Huevo Estrellado Cocido (2 pzas.),1/2 Enfrijoladas,2024-11,32.00,0.951,999
Huevo Estrellado Cocido (2 pzas.),1/2 Enfrijoladas,2024-12,32.00,0.965,999
Huevo Estrellado Cocido (2 pzas.),1/2 Enfrijoladas,2025-01,32.00,0.979,999
Huevo Estrellado Cocido (2 pzas.),1/2 Enfrijoladas,2025-02,32.00,0.537,999
Huevo Estrellado Cocido (2 pzas.),1/2 Enfrijoladas,2025-03,35.00,0.975,999
Huevo Estrellado Cocido (2 pzas.),1/2 Enfrijoladas,2025-04,35.00,0.904,999
Huevo Estrellado Cocido (2 pzas.),1/2 Enfrijoladas,2025-05,35.00,0.889,999
Huevo Estrellado Cocido (2 pzas.),1/2 Enfrijoladas,2025-06,35.00,0.947,999
Huevo Estrellado Cocido (2 pzas.),1/2 Enfrijoladas,2025-07,35.00,0.880,999
Huevo Estrellado Cocido (2 pzas.),1/2 Enfrijoladas,2025-08,35.00,0.960,999
Huevo Estrellado Cocido (2 pzas.),1/2 Enfrijoladas,2025-09,35.00,0.982,999
Huevo Estrellado Cocido (2 pzas.),1/2 Enfrijoladas,2025-10,35.00,0.967,999
Huevo Estrellado Cocido (2 pzas.),1/2 Enfrijoladas,2025-11,35.00,1.000,999
Huevo Estrellado Cocido (2 pzas.),1/2 Enfrijoladas,2025-12,35.00,0.949,999
Huevo Estrellado Cocido (2 pzas.),1/2 Enfrijoladas,2026-01,35.00,0.872,999
Huevo Estrellado Cocido (2 pzas.),1/2 Enfrijoladas,2026-02,35.00,0.970,999
Huevo Estrellado Cocido (2 pzas.),1/2 Enfrijoladas,2026-03,35.00,0.737,999
Huevo Estrellado Cocido (2 pzas.),1/2 Enfrijoladas,2026-04,35.00,0.970,999
Huevo Estrellado Cocido (2 pzas.),1/2 Enfrijoladas,2026-05,35.00,0.940,999
Huevo Estrellado Cocido (2 pzas.),1/2 Enfrijoladas,2026-06,35.00,0.882,999
Huevo Estrellado Cocido (2 pzas.),1/2 Enfrijoladas,2026-07,35.00,0.958,999
Huevo Estrellado Cocido (2 pzas.),1/2 Enfrijoladas,2026-08,35.00,0.960,999
Huevo Estrellado Cocido (2 pzas.),1/2 Enfrijoladas,2026-09,35.00,0.960,999
Huevo Estrellado Cocido (2 pzas.),1/2 Enmoladas,2023-10,28.00,0.947,999
Huevo Estrellado Cocido (2 pzas.),1/2 Enmoladas,2023-11,28.00,0.974,999
Huevo Estrellado Cocido (2 pzas.),1/2 Enmoladas,2023-12,28.00,1.000,999
Huevo Estrellado Cocido (2 pzas.),1/2 Enmoladas,2024-01,28.00,0.980,999
Huevo Estrellado Cocido (2 pzas.),1/2 Enmoladas,2024-02,28.00,1.000,999
Huevo Estrellado Cocido (2 pzas.),1/2 Enmoladas,2024-03,28.00,1.000,999
Huevo Estrellado Cocido (2 pzas.),1/2 Enmoladas,2024-04,28.00,1.000,999
Huevo Estrellado Cocido (2 pzas.),1/2 Enmoladas,2024-05,28.00,1.000,999
Huevo Estrellado Cocido (2 pzas.),1/2 Enmoladas,2024-06,28.00,1.000,999
Huevo Estrellado Cocido (2 pzas.),1/2 Enmoladas,2024-07,28.00,1.000,999
Huevo Estrellado Cocido (2 pzas.),1/2 Enmoladas,2024-08,28.00,1.000,999
Huevo Estrellado Cocido (2 pzas.),1/2 Enmoladas,2024-09,32.00,0.958,999
Huevo Estrellado Cocido (2 pzas.),1/2 Enmoladas,2024-10,32.00,0.933,999
Huevo Estrellado Cocido (2 pzas.),1/2 Enmoladas,2024-11,32.00,0.951,999
Huevo Estrellado Cocido (2 pzas.),1/2 Enmoladas,2024-12,32.00,1.000,999
Huevo Estrellado Cocido (2 pzas.),1/2 Enmoladas,2025-01,32.00,1.000,999
Huevo Estrellado Cocido (2 pzas.),1/2 Enmoladas,2025-02,32.00,1.000,999
Huevo Estrellado Cocido (2 pzas.),1/2 Enmoladas,2025-03,32.00,1.000,999
Huevo Estrellado Cocido (2 pzas.),1/2 Enmoladas,2025-04,32.00,1.000,999
Huevo Estrellado Cocido (2 pzas.),1/2 Enmoladas,2025-05,32.00,1.000,999
Huevo Estrellado Cocido (2 pzas.),1/2 Enmoladas,2025-06,32.00,1.000,999
Huevo Estrellado Cocido (2 pzas.),1/2 Enmoladas,2025-07,35.00,0.880,999
Huevo Estrellado Cocido (2 pzas.),1/2 Enmoladas,2025-08,35.00,1.000,999
Huevo Estrellado Cocido (2 pzas.),1/2 Enmoladas,2025-09,35.00,1.000,999
Huevo Estrellado Cocido (2 pzas.),1/2 Enmoladas,2025-10,35.00,1.000,999
Huevo Estrellado Cocido (2 pzas.),1/2 Enmoladas,2025-11,35.00,1.000,999
Huevo Estrellado Cocido (2 pzas.),1/2 Enmoladas,2025-12,35.00,1.000,999
Huevo Estrellado Cocido (2 pzas.),1/2 Enmoladas,2026-01,35.00,1.000,999
Huevo Estrellado Cocido (2 pzas.),1/2 Enmoladas,2026-02,35.00,1.000,999
Huevo Estrellado Cocido (2 pzas.),1/2 Enmoladas,2026-03,35.00,0.737,999
Huevo Estrellado Cocido (2 pzas.),1/2 Enmoladas,2026-04,35.00,0.970,999
Huevo Estrellado Cocido (2 pzas.),1/2 Enmoladas,2026-05,35.00,0.940,999
Huevo Estrellado Cocido (2 pzas.),1/2 Enmoladas,2026-06,35.00,0.882,999
Huevo Estrellado Cocido (2 pzas.),1/2 Enmoladas,2026-07,35.00,0.958,999
Huevo Estrellado Cocido (2 pzas.),1/2 Enmoladas,2026-08,35.00,0.960,999
Huevo Estrellado Cocido (2 pzas.),1/2 Enmoladas,2026-09,35.00,0.960,999
Huevo Estrellado Cocido (2 pzas.),1/2 Entomatadas,2023-10,28.00,0.947,999
Huevo Estrellado Cocido (2 pzas.),1/2 Entomatadas,2023-11,28.00,0.974,999
Huevo Estrellado Cocido (2 pzas.),1/2 Entomatadas,2023-12,28.00,1.000,999
Huevo Estrellado Cocido (2 pzas.),1/2 Entomatadas,2024-01,28.00,1.000,999
Huevo Estrellado Cocido (2 pzas.),1/2 Entomatadas,2024-02,28.00,1.000,999
Huevo Estrellado Cocido (2 pzas.),1/2 Entomatadas,2024-03,28.00,1.000,999
Huevo Estrellado Cocido (2 pzas.),1/2 Entomatadas,2024-04,28.00,1.000,999
Huevo Estrellado Cocido (2 pzas.),1/2 Entomatadas,2024-05,28.00,1.000,999
Huevo Estrellado Cocido (2 pzas.),1/2 Entomatadas,2024-06,28.00,1.000,999
Huevo Estrellado Cocido (2 pzas.),1/2 Entomatadas,2024-07,28.00,1.000,999
Huevo Estrellado Cocido (2 pzas.),1/2 Entomatadas,2024-08,32.00,1.000,999
Huevo Estrellado Cocido (2 pzas.),1/2 Entomatadas,2024-09,32.00,1.000,999
Huevo Estrellado Cocido (2 pzas.),1/2 Entomatadas,2024-10,32.00,1.000,999
Huevo Estrellado Cocido (2 pzas.),1/2 Entomatadas,2024-11,32.00,1.000,999
Huevo Estrellado Cocido (2 pzas.),1/2 Entomatadas,2024-12,32.00,1.000,999
Huevo Estrellado Cocido (2 pzas.),1/2 Entomatadas,2025-01,32.00,1.000,999
Huevo Estrellado Cocido (2 pzas.),1/2 Entomatadas,2025-02,32.00,0.625,999
Huevo Estrellado Cocido (2 pzas.),1/2 Entomatadas,2025-03,32.00,0.625,999
Huevo Estrellado Cocido (2 pzas.),1/2 Entomatadas,2025-04,32.00,0.625,999
Huevo Estrellado Cocido (2 pzas.),1/2 Entomatadas,2025-05,32.00,0.625,999
Huevo Estrellado Cocido (2 pzas.),1/2 Entomatadas,2025-06,32.00,0.625,999
Huevo Estrellado Cocido (2 pzas.),1/2 Entomatadas,2025-07,32.00,0.625,999
Huevo Estrellado Cocido (2 pzas.),1/2 Entomatadas,2025-08,35.00,0.857,999
Huevo Estrellado Cocido (2 pzas.),1/2 Entomatadas,2025-09,35.00,0.857,999
Huevo Estrellado Cocido (2 pzas.),1/2 Entomatadas,2025-10,35.00,0.857,999
Huevo Estrellado Cocido (2 pzas.),1/2 Entomatadas,2025-11,35.00,0.857,999
Huevo Estrellado Cocido (2 pzas.),1/2 Entomatadas,2025-12,35.00,0.857,999
Huevo Estrellado Cocido (2 pzas.),1/2 Entomatadas,2026-01,35.00,0.857,999
Huevo Estrellado Cocido (2 pzas.),1/2 Entomatadas,2026-02,35.00,0.857,999
Huevo Estrellado Cocido (2 pzas.),1/2 Entomatadas,2026-03,35.00,0.737,999
Huevo Estrellado Cocido (2 pzas.),1/2 Entomatadas,2026-04,35.00,0.970,999
Huevo Estrellado Cocido (2 pzas.),1/2 Entomatadas,2026-05,35.00,1.000,999
Huevo Estrellado Cocido (2 pzas.),1/2 Entomatadas,2026-06,35.00,1.000,999
Huevo Estrellado Cocido (2 pzas.),1/2 Entomatadas,2026-07,35.00,1.000,999
Huevo Estrellado Cocido (2 pzas.),1/2 Entomatadas,2026-08,35.00,1.000,999
Huevo Estrellado Cocido (2 pzas.),1/2 Entomatadas,2026-09,35.00,1.000,999
Huevo Estrellado Cocido (2 pzas.),1/2 Quesadillas (2 pzas.),2023-10,28.00,0.947,999
Huevo Estrellado Cocido (2 pzas.),1/2 Quesadillas (2 pzas.),2023-11,28.00,0.974,999
Huevo Estrellado Cocido (2 pzas.),1/2 Quesadillas (2 pzas.),2023-12,28.00,1.000,999
Huevo Estrellado Cocido (2 pzas.),1/2 Quesadillas (2 pzas.),2024-01,28.00,0.980,999
Huevo Estrellado Cocido (2 pzas.),1/2 Quesadillas (2 pzas.),2024-02,28.00,1.000,999
Huevo Estrellado Cocido (2 pzas.),1/2 Quesadillas (2 pzas.),2024-03,28.00,0.857,999
Huevo Estrellado Cocido (2 pzas.),1/2 Quesadillas (2 pzas.),2024-04,28.00,0.850,999
Huevo Estrellado Cocido (2 pzas.),1/2 Quesadillas (2 pzas.),2024-05,28.00,0.938,999
Huevo Estrellado Cocido (2 pzas.),1/2 Quesadillas (2 pzas.),2024-06,28.00,0.914,999
Huevo Estrellado Cocido (2 pzas.),1/2 Quesadillas (2 pzas.),2024-07,28.00,0.914,999
Huevo Estrellado Cocido (2 pzas.),1/2 Quesadillas (2 pzas.),2024-08,32.00,0.882,999
Huevo Estrellado Cocido (2 pzas.),1/2 Quesadillas (2 pzas.),2024-09,32.00,0.958,999
Huevo Estrellado Cocido (2 pzas.),1/2 Quesadillas (2 pzas.),2024-10,32.00,0.933,999
Huevo Estrellado Cocido (2 pzas.),1/2 Quesadillas (2 pzas.),2024-11,32.00,0.951,999
Huevo Estrellado Cocido (2 pzas.),1/2 Quesadillas (2 pzas.),2024-12,32.00,0.965,999
Huevo Estrellado Cocido (2 pzas.),1/2 Quesadillas (2 pzas.),2025-01,32.00,0.979,999
Huevo Estrellado Cocido (2 pzas.),1/2 Quesadillas (2 pzas.),2025-02,32.00,0.537,999
Huevo Estrellado Cocido (2 pzas.),1/2 Quesadillas (2 pzas.),2025-03,35.00,0.975,999
Huevo Estrellado Cocido (2 pzas.),1/2 Quesadillas (2 pzas.),2025-04,35.00,0.904,999
Huevo Estrellado Cocido (2 pzas.),1/2 Quesadillas (2 pzas.),2025-05,35.00,0.889,999
Huevo Estrellado Cocido (2 pzas.),1/2 Quesadillas (2 pzas.),2025-06,35.00,0.947,999
Huevo Estrellado Cocido (2 pzas.),1/2 Quesadillas (2 pzas.),2025-07,35.00,0.880,999
Huevo Estrellado Cocido (2 pzas.),1/2 Quesadillas (2 pzas.),2025-08,35.00,0.960,999
Huevo Estrellado Cocido (2 pzas.),1/2 Quesadillas (2 pzas.),2025-09,35.00,0.982,999
Huevo Estrellado Cocido (2 pzas.),1/2 Quesadillas (2 pzas.),2025-10,35.00,0.967,999
Huevo Estrellado Cocido (2 pzas.),1/2 Quesadillas (2 pzas.),2025-11,35.00,1.000,999
Huevo Estrellado Cocido (2 pzas.),1/2 Quesadillas (2 pzas.),2025-12,35.00,0.949,999
Huevo Estrellado Cocido (2 pzas.),1/2 Quesadillas (2 pzas.),2026-01,35.00,0.872,999
Huevo Estrellado Cocido (2 pzas.),1/2 Quesadillas (2 pzas.),2026-02,35.00,0.970,999
Huevo Estrellado Cocido (2 pzas.),1/2 Quesadillas (2 pzas.),2026-03,35.00,0.737,999
Huevo Estrellado Cocido (2 pzas.),1/2 Quesadillas (2 pzas.),2026-04,35.00,0.970,999
Huevo Estrellado Cocido (2 pzas.),1/2 Quesadillas (2 pzas.),2026-05,35.00,0.940,999
Huevo Estrellado Cocido (2 pzas.),1/2 Quesadillas (2 pzas.),2026-06,35.00,0.882,999
Huevo Estrellado Cocido (2 pzas.),1/2 Quesadillas (2 pzas.),2026-07,35.00,0.958,999
Huevo Estrellado Cocido (2 pzas.),1/2 Quesadillas (2 pzas.),2026-08,35.00,0.960,999
Huevo Estrellado Cocido (2 pzas.),1/2 Quesadillas (2 pzas.),2026-09,35.00,0.960,999
Huevo Estrellado Cocido (2 pzas.),Empanadas (4 pzas.),2023-10,28.00,0.947,999
Huevo Estrellado Cocido (2 pzas.),Empanadas (4 pzas.),2023-11,28.00,0.974,999
Huevo Estrellado Cocido (2 pzas.),Empanadas (4 pzas.),2023-12,28.00,1.000,999
Huevo Estrellado Cocido (2 pzas.),Empanadas (4 pzas.),2024-01,28.00,0.980,999
Huevo Estrellado Cocido (2 pzas.),Empanadas (4 pzas.),2024-02,28.00,1.000,999
Huevo Estrellado Cocido (2 pzas.),Empanadas (4 pzas.),2024-03,28.00,0.857,999
Huevo Estrellado Cocido (2 pzas.),Empanadas (4 pzas.),2024-04,28.00,0.850,999
Huevo Estrellado Cocido (2 pzas.),Empanadas (4 pzas.),2024-05,28.00,0.938,999
Huevo Estrellado Cocido (2 pzas.),Empanadas (4 pzas.),2024-06,28.00,0.914,999
Huevo Estrellado Cocido (2 pzas.),Empanadas (4 pzas.),2024-07,28.00,0.914,999
Huevo Estrellado Cocido (2 pzas.),Empanadas (4 pzas.),2024-08,32.00,0.882,999
Huevo Estrellado Cocido (2 pzas.),Empanadas (4 pzas.),2024-09,32.00,0.958,999
Huevo Estrellado Cocido (2 pzas.),Empanadas (4 pzas.),2024-10,32.00,0.933,999
Huevo Estrellado Cocido (2 pzas.),Empanadas (4 pzas.),2024-11,32.00,0.951,999
Huevo Estrellado Cocido (2 pzas.),Empanadas (4 pzas.),2024-12,32.00,0.965,999
Huevo Estrellado Cocido (2 pzas.),Empanadas (4 pzas.),2025-01,32.00,0.979,999
Huevo Estrellado Cocido (2 pzas.),Empanadas (4 pzas.),2025-02,32.00,0.537,999
Huevo Estrellado Cocido (2 pzas.),Empanadas (4 pzas.),2025-03,35.00,0.975,999
Huevo Estrellado Cocido (2 pzas.),Empanadas (4 pzas.),2025-04,35.00,0.904,999
Huevo Estrellado Cocido (2 pzas.),Empanadas (4 pzas.),2025-05,35.00,0.889,999
Huevo Estrellado Cocido (2 pzas.),Empanadas (4 pzas.),2025-06,35.00,0.947,999
Huevo Estrellado Cocido (2 pzas.),Empanadas (4 pzas.),2025-07,35.00,0.880,999
Huevo Estrellado Cocido (2 pzas.),Empanadas (4 pzas.),2025-08,35.00,0.960,999
Huevo Estrellado Cocido (2 pzas.),Empanadas (4 pzas.),2025-09,35.00,0.982,999
Huevo Estrellado Cocido (2 pzas.),Empanadas (4 pzas.),2025-10,35.00,0.967,999
Huevo Estrellado Cocido (2 pzas.),Empanadas (4 pzas.),2025-11,35.00,1.000,999
Huevo Estrellado Cocido (2 pzas.),Empanadas (4 pzas.),2025-12,35.00,0.949,999
Huevo Estrellado Cocido (2 pzas.),Empanadas (4 pzas.),2026-01,35.00,0.872,999
Huevo Estrellado Cocido (2 pzas.),Empanadas (4 pzas.),2026-02,35.00,0.970,999
Huevo Estrellado Cocido (2 pzas.),Empanadas (4 pzas.),2026-03,35.00,0.737,999
Huevo Estrellado Cocido (2 pzas.),Empanadas (4 pzas.),2026-04,35.00,0.970,999
Huevo Estrellado Cocido (2 pzas.),Empanadas (4 pzas.),2026-05,35.00,0.940,999
Huevo Estrellado Cocido (2 pzas.),Empanadas (4 pzas.),2026-06,35.00,0.882,999
Huevo Estrellado Cocido (2 pzas.),Empanadas (4 pzas.),2026-07,35.00,0.958,999
Huevo Estrellado Cocido (2 pzas.),Empanadas (4 pzas.),2026-08,35.00,0.960,999
Huevo Estrellado Cocido (2 pzas.),Empanadas (4 pzas.),2026-09,35.00,0.960,999
Huevo Estrellado Cocido (2 pzas.),Enchiladas Mixtas,2023-10,28.00,0.947,999
Huevo Estrellado Cocido (2 pzas.),Enchiladas Mixtas,2023-11,28.00,0.974,999
Huevo Estrellado Cocido (2 pzas.),Enchiladas Mixtas,2023-12,28.00,1.000,999
Huevo Estrellado Cocido (2 pzas.),Enchiladas Mixtas,2024-01,28.00,0.980,999
Huevo Estrellado Cocido (2 pzas.),Enchiladas Mixtas,2024-02,28.00,1.000,999
Huevo Estrellado Cocido (2 pzas.),Enchiladas Mixtas,2024-03,28.00,0.857,999
Huevo Estrellado Cocido (2 pzas.),Enchiladas Mixtas,2024-04,28.00,0.850,999
Huevo Estrellado Cocido (2 pzas.),Enchiladas Mixtas,2024-05,28.00,0.938,999
Huevo Estrellado Cocido (2 pzas.),Enchiladas Mixtas,2024-06,28.00,0.914,999
Huevo Estrellado Cocido (2 pzas.),Enchiladas Mixtas,2024-07,28.00,0.914,999
Huevo Estrellado Cocido (2 pzas.),Enchiladas Mixtas,2024-08,32.00,0.882,999
Huevo Estrellado Cocido (2 pzas.),Enchiladas Mixtas,2024-09,32.00,0.958,999
Huevo Estrellado Cocido (2 pzas.),Enchiladas Mixtas,2024-10,32.00,0.933,999
Huevo Estrellado Cocido (2 pzas.),Enchiladas Mixtas,2024-11,32.00,0.951,999
Huevo Estrellado Cocido (2 pzas.),Enchiladas Mixtas,2024-12,32.00,0.965,999
Huevo Estrellado Cocido (2 pzas.),Enchiladas Mixtas,2025-01,32.00,0.979,999
Huevo Estrellado Cocido (2 pzas.),Enchiladas Mixtas,2025-02,32.00,0.537,999
Huevo Estrellado Cocido (2 pzas.),Enchiladas Mixtas,2025-03,35.00,0.975,999
Huevo Estrellado Cocido (2 pzas.),Enchiladas Mixtas,2025-04,35.00,0.904,999
Huevo Estrellado Cocido (2 pzas.),Enchiladas Mixtas,2025-05,35.00,0.889,999
Huevo Estrellado Cocido (2 pzas.),Enchiladas Mixtas,2025-06,35.00,0.947,999
Huevo Estrellado Cocido (2 pzas.),Enchiladas Mixtas,2025-07,35.00,0.880,999
Huevo Estrellado Cocido (2 pzas.),Enchiladas Mixtas,2025-08,35.00,0.960,999
Huevo Estrellado Cocido (2 pzas.),Enchiladas Mixtas,2025-09,35.00,0.982,999
Huevo Estrellado Cocido (2 pzas.),Enchiladas Mixtas,2025-10,35.00,0.967,999
Huevo Estrellado Cocido (2 pzas.),Enchiladas Mixtas,2025-11,35.00,1.000,999
Huevo Estrellado Cocido (2 pzas.),Enchiladas Mixtas,2025-12,35.00,0.949,999
Huevo Estrellado Cocido (2 pzas.),Enchiladas Mixtas,2026-01,35.00,0.872,999
Huevo Estrellado Cocido (2 pzas.),Enchiladas Mixtas,2026-02,35.00,0.970,999
Huevo Estrellado Cocido (2 pzas.),Enchiladas Mixtas,2026-03,35.00,0.737,999
Huevo Estrellado Cocido (2 pzas.),Enchiladas Mixtas,2026-04,35.00,0.970,999
Huevo Estrellado Cocido (2 pzas.),Enchiladas Mixtas,2026-05,35.00,0.940,999
Huevo Estrellado Cocido (2 pzas.),Enchiladas Mixtas,2026-06,35.00,0.882,999
Huevo Estrellado Cocido (2 pzas.),Enchiladas Mixtas,2026-07,35.00,0.958,999
Huevo Estrellado Cocido (2 pzas.),Enchiladas Mixtas,2026-08,35.00,0.960,999
Huevo Estrellado Cocido (2 pzas.),Enchiladas Mixtas,2026-09,35.00,0.960,999
Huevo Estrellado Cocido (2 pzas.),Enchiladas Picositas,2023-10,28.00,1.000,999
Huevo Estrellado Cocido (2 pzas.),Enchiladas Picositas,2023-11,28.00,1.000,999
Huevo Estrellado Cocido (2 pzas.),Enchiladas Picositas,2023-12,28.00,1.000,999
Huevo Estrellado Cocido (2 pzas.),Enchiladas Picositas,2024-01,28.00,1.000,999
Huevo Estrellado Cocido (2 pzas.),Enchiladas Picositas,2024-02,28.00,1.000,999
Huevo Estrellado Cocido (2 pzas.),Enchiladas Picositas,2024-03,28.00,1.000,999
Huevo Estrellado Cocido (2 pzas.),Enchiladas Picositas,2024-04,28.00,1.000,999
Huevo Estrellado Cocido (2 pzas.),Enchiladas Picositas,2024-05,28.00,0.800,999
Huevo Estrellado Cocido (2 pzas.),Enchiladas Picositas,2024-06,28.00,1.000,999
Huevo Estrellado Cocido (2 pzas.),Enchiladas Picositas,2024-07,28.00,1.000,999
Huevo Estrellado Cocido (2 pzas.),Enchiladas Picositas,2024-08,28.00,1.000,999
Huevo Estrellado Cocido (2 pzas.),Enchiladas Picositas,2024-09,28.00,1.000,999
Huevo Estrellado Cocido (2 pzas.),Enchiladas Picositas,2024-10,28.00,1.000,999
Huevo Estrellado Cocido (2 pzas.),Enchiladas Picositas,2024-11,28.00,1.000,999
Huevo Estrellado Cocido (2 pzas.),Enchiladas Picositas,2024-12,32.00,1.000,999
Huevo Estrellado Cocido (2 pzas.),Enchiladas Picositas,2025-01,32.00,1.000,999
Huevo Estrellado Cocido (2 pzas.),Enchiladas Picositas,2025-02,32.00,1.000,999
Huevo Estrellado Cocido (2 pzas.),Enchiladas Picositas,2025-03,32.00,1.000,999
Huevo Estrellado Cocido (2 pzas.),Enchiladas Picositas,2025-04,32.00,1.000,999
Huevo Estrellado Cocido (2 pzas.),Enchiladas Picositas,2025-05,32.00,1.000,999
Huevo Estrellado Cocido (2 pzas.),Enchiladas Picositas,2025-06,32.00,1.000,999
Huevo Estrellado Cocido (2 pzas.),Enchiladas Picositas,2025-07,35.00,0.880,999
Huevo Estrellado Cocido (2 pzas.),Enchiladas Picositas,2025-08,35.00,0.960,999
Huevo Estrellado Cocido (2 pzas.),Enchiladas Picositas,2025-09,35.00,0.982,999
Huevo Estrellado Cocido (2 pzas.),Enchiladas Picositas,2025-10,35.00,0.967,999
Huevo Estrellado Cocido (2 pzas.),Enchiladas Picositas,2025-11,35.00,1.000,999
Huevo Estrellado Cocido (2 pzas.),Enchiladas Picositas,2025-12,35.00,0.949,999
Huevo Estrellado Cocido (2 pzas.),Enchiladas Picositas,2026-01,35.00,0.872,999
Huevo Estrellado Cocido (2 pzas.),Enchiladas Picositas,2026-02,35.00,0.970,999
Huevo Estrellado Cocido (2 pzas.),Enchiladas Picositas,2026-03,35.00,0.737,999
Huevo Estrellado Cocido (2 pzas.),Enchiladas Picositas,2026-04,35.00,0.970,999
Huevo Estrellado Cocido (2 pzas.),Enchiladas Picositas,2026-05,35.00,0.940,999
Huevo Estrellado Cocido (2 pzas.),Enchiladas Picositas,2026-06,35.00,0.882,999
Huevo Estrellado Cocido (2 pzas.),Enchiladas Picositas,2026-07,35.00,0.958,999
Huevo Estrellado Cocido (2 pzas.),Enchiladas Picositas,2026-08,35.00,0.960,999
Huevo Estrellado Cocido (2 pzas.),Enchiladas Picositas,2026-09,35.00,0.960,999
Huevo Estrellado Cocido (2 pzas.),Enchiladas Rojas,2023-09,18.00,0.250,999
Huevo Estrellado Cocido (2 pzas.),Enchiladas Rojas,2023-10,28.00,1.000,999
Huevo Estrellado Cocido (2 pzas.),Enchiladas Rojas,2023-11,28.00,1.000,999
Huevo Estrellado Cocido (2 pzas.),Enchiladas Rojas,2023-12,28.00,1.000,999
Huevo Estrellado Cocido (2 pzas.),Enchiladas Rojas,2024-01,28.00,1.000,999
Huevo Estrellado Cocido (2 pzas.),Enchiladas Rojas,2024-02,28.00,1.000,999
Huevo Estrellado Cocido (2 pzas.),Enchiladas Rojas,2024-03,28.00,1.000,999
Huevo Estrellado Cocido (2 pzas.),Enchiladas Rojas,2024-04,28.00,1.000,999
Huevo Estrellado Cocido (2 pzas.),Enchiladas Rojas,2024-05,28.00,1.000,999
Huevo Estrellado Cocido (2 pzas.),Enchiladas Rojas,2024-06,28.00,1.000,999
Huevo Estrellado Cocido (2 pzas.),Enchiladas Rojas,2024-07,28.00,1.000,999
Huevo Estrellado Cocido (2 pzas.),Enchiladas Rojas,2024-08,32.00,0.875,999
Huevo Estrellado Cocido (2 pzas.),Enchiladas Rojas,2024-09,32.00,1.000,999
Huevo Estrellado Cocido (2 pzas.),Enchiladas Rojas,2024-10,32.00,1.000,999
Huevo Estrellado Cocido (2 pzas.),Enchiladas Rojas,2024-11,32.00,1.000,999
Huevo Estrellado Cocido (2 pzas.),Enchiladas Rojas,2024-12,32.00,1.000,999
Huevo Estrellado Cocido (2 pzas.),Enchiladas Rojas,2025-01,32.00,0.929,999
Huevo Estrellado Cocido (2 pzas.),Enchiladas Rojas,2025-02,32.00,0.929,999
Huevo Estrellado Cocido (2 pzas.),Enchiladas Rojas,2025-03,35.00,1.000,999
Huevo Estrellado Cocido (2 pzas.),Enchiladas Rojas,2025-04,35.00,1.000,999
Huevo Estrellado Cocido (2 pzas.),Enchiladas Rojas,2025-05,35.00,0.667,999
Huevo Estrellado Cocido (2 pzas.),Enchiladas Rojas,2025-06,35.00,1.000,999
Huevo Estrellado Cocido (2 pzas.),Enchiladas Rojas,2025-07,35.00,1.000,999
Huevo Estrellado Cocido (2 pzas.),Enchiladas Rojas,2025-08,35.00,1.000,999
Huevo Estrellado Cocido (2 pzas.),Enchiladas Rojas,2025-09,35.00,1.000,999
Huevo Estrellado Cocido (2 pzas.),Enchiladas Rojas,2025-10,35.00,0.857,999
Huevo Estrellado Cocido (2 pzas.),Enchiladas Rojas,2025-11,35.00,0.857,999
Huevo Estrellado Cocido (2 pzas.),Enchiladas Rojas,2025-12,35.00,1.000,999
Huevo Estrellado Cocido (2 pzas.),Enchiladas Rojas,2026-01,35.00,1.000,999
Huevo Estrellado Cocido (2 pzas.),Enchiladas Rojas,2026-02,35.00,0.800,999
Huevo Estrellado Cocido (2 pzas.),Enchiladas Rojas,2026-03,35.00,0.500,999
Huevo Estrellado Cocido (2 pzas.),Enchiladas Rojas,2026-04,35.00,1.000,999
Huevo Estrellado Cocido (2 pzas.),Enchiladas Rojas,2026-05,35.00,1.000,999
Huevo Estrellado Cocido (2 pzas.),Enchiladas Rojas,2026-06,35.00,0.714,999
Huevo Estrellado Cocido (2 pzas.),Enchiladas Rojas,2026-07,35.00,1.000,999
Huevo Estrellado Cocido (2 pzas.),Enchiladas Rojas,2026-08,35.00,0.750,999
Huevo Estrellado Cocido (2 pzas.),Enchiladas Rojas,2026-09,35.00,0.750,999
Huevo Estrellado Cocido (2 pzas.),Encremadas,2023-10,28.00,0.947,999
Huevo Estrellado Cocido (2 pzas.),Encremadas,2023-11,28.00,0.974,999
Huevo Estrellado Cocido (2 pzas.),Encremadas,2023-12,28.00,1.000,999
Huevo Estrellado Cocido (2 pzas.),Encremadas,2024-01,28.00,0.980,999
Huevo Estrellado Cocido (2 pzas.),Encremadas,2024-02,28.00,1.000,999
Huevo Estrellado Cocido (2 pzas.),Encremadas,2024-03,28.00,0.857,999
Huevo Estrellado Cocido (2 pzas.),Encremadas,2024-04,28.00,0.850,999
Huevo Estrellado Cocido (2 pzas.),Encremadas,2024-05,28.00,0.938,999
Huevo Estrellado Cocido (2 pzas.),Encremadas,2024-06,28.00,0.914,999
Huevo Estrellado Cocido (2 pzas.),Encremadas,2024-07,28.00,0.914,999
Huevo Estrellado Cocido (2 pzas.),Encremadas,2024-08,32.00,0.882,999
Huevo Estrellado Cocido (2 pzas.),Encremadas,2024-09,32.00,0.958,999
Huevo Estrellado Cocido (2 pzas.),Encremadas,2024-10,32.00,0.933,999
Huevo Estrellado Cocido (2 pzas.),Encremadas,2024-11,32.00,0.951,999
Huevo Estrellado Cocido (2 pzas.),Encremadas,2024-12,32.00,0.965,999
Huevo Estrellado Cocido (2 pzas.),Encremadas,2025-01,32.00,0.979,999
Huevo Estrellado Cocido (2 pzas.),Encremadas,2025-02,32.00,0.537,999
Huevo Estrellado Cocido (2 pzas.),Encremadas,2025-03,35.00,0.975,999
Huevo Estrellado Cocido (2 pzas.),Encremadas,2025-04,35.00,0.904,999
Huevo Estrellado Cocido (2 pzas.),Encremadas,2025-05,35.00,0.889,999
Huevo Estrellado Cocido (2 pzas.),Encremadas,2025-06,35.00,0.947,999
Huevo Estrellado Cocido (2 pzas.),Encremadas,2025-07,35.00,0.880,999
Huevo Estrellado Cocido (2 pzas.),Encremadas,2025-08,35.00,0.960,999
Huevo Estrellado Cocido (2 pzas.),Encremadas,2025-09,35.00,0.982,999
Huevo Estrellado Cocido (2 pzas.),Encremadas,2025-10,35.00,0.967,999
Huevo Estrellado Cocido (2 pzas.),Encremadas,2025-11,35.00,1.000,999
Huevo Estrellado Cocido (2 pzas.),Encremadas,2025-12,35.00,0.949,999
Huevo Estrellado Cocido (2 pzas.),Encremadas,2026-01,35.00,0.872,999
Huevo Estrellado Cocido (2 pzas.),Encremadas,2026-02,35.00,0.970,999
Huevo Estrellado Cocido (2 pzas.),Encremadas,2026-03,35.00,0.737,999
Huevo Estrellado Cocido (2 pzas.),Encremadas,2026-04,35.00,0.970,999
Huevo Estrellado Cocido (2 pzas.),Encremadas,2026-05,35.00,0.940,999
Huevo Estrellado Cocido (2 pzas.),Encremadas,2026-06,35.00,0.882,999
Huevo Estrellado Cocido (2 pzas.),Encremadas,2026-07,35.00,0.958,999
Huevo Estrellado Cocido (2 pzas.),Encremadas,2026-08,35.00,0.960,999
Huevo Estrellado Cocido (2 pzas.),Encremadas,2026-09,35.00,0.960,999
Huevo Estrellado Cocido (2 pzas.),Enfrijoladas,2023-10,28.00,0.947,999
Huevo Estrellado Cocido (2 pzas.),Enfrijoladas,2023-11,28.00,0.974,999
Huevo Estrellado Cocido (2 pzas.),Enfrijoladas,2023-12,28.00,1.000,999
Huevo Estrellado Cocido (2 pzas.),Enfrijoladas,2024-01,28.00,0.980,999
Huevo Estrellado Cocido (2 pzas.),Enfrijoladas,2024-02,28.00,1.000,999
Huevo Estrellado Cocido (2 pzas.),Enfrijoladas,2024-03,28.00,0.857,999
Huevo Estrellado Cocido (2 pzas.),Enfrijoladas,2024-04,28.00,0.850,999
Huevo Estrellado Cocido (2 pzas.),Enfrijoladas,2024-05,28.00,0.938,999
Huevo Estrellado Cocido (2 pzas.),Enfrijoladas,2024-06,28.00,0.914,999
Huevo Estrellado Cocido (2 pzas.),Enfrijoladas,2024-07,28.00,0.914,999
Huevo Estrellado Cocido (2 pzas.),Enfrijoladas,2024-08,32.00,0.882,999
Huevo Estrellado Cocido (2 pzas.),Enfrijoladas,2024-09,32.00,0.958,999
Huevo Estrellado Cocido (2 pzas.),Enfrijoladas,2024-10,32.00,0.933,999
Huevo Estrellado Cocido (2 pzas.),Enfrijoladas,2024-11,32.00,0.951,999
Huevo Estrellado Cocido (2 pzas.),Enfrijoladas,2024-12,32.00,0.965,999
Huevo Estrellado Cocido (2 pzas.),Enfrijoladas,2025-01,32.00,0.979,999
Huevo Estrellado Cocido (2 pzas.),Enfrijoladas,2025-02,32.00,0.537,999
Huevo Estrellado Cocido (2 pzas.),Enfrijoladas,2025-03,35.00,0.975,999
Huevo Estrellado Cocido (2 pzas.),Enfrijoladas,2025-04,35.00,0.904,999
Huevo Estrellado Cocido (2 pzas.),Enfrijoladas,2025-05,35.00,0.889,999
Huevo Estrellado Cocido (2 pzas.),Enfrijoladas,2025-06,35.00,0.947,999
Huevo Estrellado Cocido (2 pzas.),Enfrijoladas,2025-07,35.00,0.880,999
Huevo Estrellado Cocido (2 pzas.),Enfrijoladas,2025-08,35.00,0.960,999
Huevo Estrellado Cocido (2 pzas.),Enfrijoladas,2025-09,35.00,0.982,999
Huevo Estrellado Cocido (2 pzas.),Enfrijoladas,2025-10,35.00,0.967,999
Huevo Estrellado Cocido (2 pzas.),Enfrijoladas,2025-11,35.00,1.000,999
Huevo Estrellado Cocido (2 pzas.),Enfrijoladas,2025-12,35.00,0.949,999
Huevo Estrellado Cocido (2 pzas.),Enfrijoladas,2026-01,35.00,0.872,999
Huevo Estrellado Cocido (2 pzas.),Enfrijoladas,2026-02,35.00,0.970,999
Huevo Estrellado Cocido (2 pzas.),Enfrijoladas,2026-03,35.00,0.737,999
Huevo Estrellado Cocido (2 pzas.),Enfrijoladas,2026-04,35.00,0.970,999
Huevo Estrellado Cocido (2 pzas.),Enfrijoladas,2026-05,35.00,0.940,999
Huevo Estrellado Cocido (2 pzas.),Enfrijoladas,2026-06,35.00,0.882,999
Huevo Estrellado Cocido (2 pzas.),Enfrijoladas,2026-07,35.00,0.958,999
Huevo Estrellado Cocido (2 pzas.),Enfrijoladas,2026-08,35.00,0.960,999
Huevo Estrellado Cocido (2 pzas.),Enfrijoladas,2026-09,35.00,0.960,999
Huevo Estrellado Cocido (2 pzas.),Enmoladas,2023-10,28.00,0.947,999
Huevo Estrellado Cocido (2 pzas.),Enmoladas,2023-11,28.00,0.974,999
Huevo Estrellado Cocido (2 pzas.),Enmoladas,2023-12,28.00,1.000,999
Huevo Estrellado Cocido (2 pzas.),Enmoladas,2024-01,28.00,0.980,999
Huevo Estrellado Cocido (2 pzas.),Enmoladas,2024-02,28.00,1.000,999
Huevo Estrellado Cocido (2 pzas.),Enmoladas,2024-03,28.00,0.857,999
Huevo Estrellado Cocido (2 pzas.),Enmoladas,2024-04,28.00,0.850,999
Huevo Estrellado Cocido (2 pzas.),Enmoladas,2024-05,28.00,0.938,999
Huevo Estrellado Cocido (2 pzas.),Enmoladas,2024-06,28.00,0.914,999
Huevo Estrellado Cocido (2 pzas.),Enmoladas,2024-07,28.00,0.914,999
Huevo Estrellado Cocido (2 pzas.),Enmoladas,2024-08,32.00,0.882,999
Huevo Estrellado Cocido (2 pzas.),Enmoladas,2024-09,32.00,0.958,999
Huevo Estrellado Cocido (2 pzas.),Enmoladas,2024-10,32.00,0.933,999
Huevo Estrellado Cocido (2 pzas.),Enmoladas,2024-11,32.00,0.951,999
Huevo Estrellado Cocido (2 pzas.),Enmoladas,2024-12,32.00,0.965,999
Huevo Estrellado Cocido (2 pzas.),Enmoladas,2025-01,32.00,0.979,999
Huevo Estrellado Cocido (2 pzas.),Enmoladas,2025-02,32.00,0.537,999
Huevo Estrellado Cocido (2 pzas.),Enmoladas,2025-03,35.00,0.975,999
Huevo Estrellado Cocido (2 pzas.),Enmoladas,2025-04,35.00,0.904,999
Huevo Estrellado Cocido (2 pzas.),Enmoladas,2025-05,35.00,0.889,999
Huevo Estrellado Cocido (2 pzas.),Enmoladas,2025-06,35.00,0.947,999
Huevo Estrellado Cocido (2 pzas.),Enmoladas,2025-07,35.00,0.880,999
Huevo Estrellado Cocido (2 pzas.),Enmoladas,2025-08,35.00,0.960,999
Huevo Estrellado Cocido (2 pzas.),Enmoladas,2025-09,35.00,0.982,999
Huevo Estrellado Cocido (2 pzas.),Enmoladas,2025-10,35.00,0.967,999
Huevo Estrellado Cocido (2 pzas.),Enmoladas,2025-11,35.00,1.000,999
Huevo Estrellado Cocido (2 pzas.),Enmoladas,2025-12,35.00,0.949,999
Huevo Estrellado Cocido (2 pzas.),Enmoladas,2026-01,35.00,0.872,999
Huevo Estrellado Cocido (2 pzas.),Enmoladas,2026-02,35.00,0.970,999
Huevo Estrellado Cocido (2 pzas.),Enmoladas,2026-03,35.00,0.737,999
Huevo Estrellado Cocido (2 pzas.),Enmoladas,2026-04,35.00,0.970,999
Huevo Estrellado Cocido (2 pzas.),Enmoladas,2026-05,35.00,0.940,999
Huevo Estrellado Cocido (2 pzas.),Enmoladas,2026-06,35.00,0.882,999
Huevo Estrellado Cocido (2 pzas.),Enmoladas,2026-07,35.00,0.958,999
Huevo Estrellado Cocido (2 pzas.),Enmoladas,2026-08,35.00,0.960,999
Huevo Estrellado Cocido (2 pzas.),Enmoladas,2026-09,35.00,0.960,999
Huevo Estrellado Cocido (2 pzas.),Entomatadas,2023-10,28.00,0.947,999
Huevo Estrellado Cocido (2 pzas.),Entomatadas,2023-11,28.00,0.974,999
Huevo Estrellado Cocido (2 pzas.),Entomatadas,2023-12,28.00,1.000,999
Huevo Estrellado Cocido (2 pzas.),Entomatadas,2024-01,28.00,0.980,999
Huevo Estrellado Cocido (2 pzas.),Entomatadas,2024-02,28.00,1.000,999
Huevo Estrellado Cocido (2 pzas.),Entomatadas,2024-03,28.00,0.857,999
Huevo Estrellado Cocido (2 pzas.),Entomatadas,2024-04,28.00,0.850,999
Huevo Estrellado Cocido (2 pzas.),Entomatadas,2024-05,28.00,0.938,999
Huevo Estrellado Cocido (2 pzas.),Entomatadas,2024-06,28.00,0.914,999
Huevo Estrellado Cocido (2 pzas.),Entomatadas,2024-07,28.00,0.914,999
Huevo Estrellado Cocido (2 pzas.),Entomatadas,2024-08,32.00,0.667,999
Huevo Estrellado Cocido (2 pzas.),Entomatadas,2024-09,32.00,0.667,999
Huevo Estrellado Cocido (2 pzas.),Entomatadas,2024-10,32.00,0.667,999
Huevo Estrellado Cocido (2 pzas.),Entomatadas,2024-11,32.00,0.667,999
Huevo Estrellado Cocido (2 pzas.),Entomatadas,2024-12,32.00,0.800,999
Huevo Estrellado Cocido (2 pzas.),Entomatadas,2025-01,32.00,0.800,999
Huevo Estrellado Cocido (2 pzas.),Entomatadas,2025-02,32.00,0.800,999
Huevo Estrellado Cocido (2 pzas.),Entomatadas,2025-03,32.00,0.800,999
Huevo Estrellado Cocido (2 pzas.),Entomatadas,2025-04,32.00,0.800,999
Huevo Estrellado Cocido (2 pzas.),Entomatadas,2025-05,32.00,0.800,999
Huevo Estrellado Cocido (2 pzas.),Entomatadas,2025-06,32.00,0.800,999
Huevo Estrellado Cocido (2 pzas.),Entomatadas,2025-07,35.00,0.880,999
Huevo Estrellado Cocido (2 pzas.),Entomatadas,2025-08,35.00,0.960,999
Huevo Estrellado Cocido (2 pzas.),Entomatadas,2025-09,35.00,1.000,999
Huevo Estrellado Cocido (2 pzas.),Entomatadas,2025-10,35.00,1.000,999
Huevo Estrellado Cocido (2 pzas.),Entomatadas,2025-11,35.00,1.000,999
Huevo Estrellado Cocido (2 pzas.),Entomatadas,2025-12,35.00,1.000,999
Huevo Estrellado Cocido (2 pzas.),Entomatadas,2026-01,35.00,1.000,999
Huevo Estrellado Cocido (2 pzas.),Entomatadas,2026-02,35.00,1.000,999
Huevo Estrellado Cocido (2 pzas.),Entomatadas,2026-03,35.00,1.000,999
Huevo Estrellado Cocido (2 pzas.),Entomatadas,2026-04,35.00,0.970,999
Huevo Estrellado Cocido (2 pzas.),Entomatadas,2026-05,35.00,0.940,999
Huevo Estrellado Cocido (2 pzas.),Entomatadas,2026-06,35.00,0.882,999
Huevo Estrellado Cocido (2 pzas.),Entomatadas,2026-07,35.00,0.958,999
Huevo Estrellado Cocido (2 pzas.),Entomatadas,2026-08,35.00,0.960,999
Huevo Estrellado Cocido (2 pzas.),Entomatadas,2026-09,35.00,0.960,999
Huevo Estrellado Cocido (2 pzas.),Pieza Enchilada Roja,2023-10,28.00,0.947,999
Huevo Estrellado Cocido (2 pzas.),Pieza Enchilada Roja,2023-11,28.00,0.974,999
Huevo Estrellado Cocido (2 pzas.),Pieza Enchilada Roja,2023-12,28.00,1.000,999
Huevo Estrellado Cocido (2 pzas.),Pieza Enchilada Roja,2024-01,28.00,0.980,999
Huevo Estrellado Cocido (2 pzas.),Pieza Enchilada Roja,2024-02,28.00,1.000,999
Huevo Estrellado Cocido (2 pzas.),Pieza Enchilada Roja,2024-03,28.00,0.857,999
Huevo Estrellado Cocido (2 pzas.),Pieza Enchilada Roja,2024-04,28.00,0.850,999
Huevo Estrellado Cocido (2 pzas.),Pieza Enchilada Roja,2024-05,28.00,0.938,999
Huevo Estrellado Cocido (2 pzas.),Pieza Enchilada Roja,2024-06,28.00,0.914,999
Huevo Estrellado Cocido (2 pzas.),Pieza Enchilada Roja,2024-07,28.00,0.914,999
Huevo Estrellado Cocido (2 pzas.),Pieza Enchilada Roja,2024-08,32.00,0.882,999
Huevo Estrellado Cocido (2 pzas.),Pieza Enchilada Roja,2024-09,32.00,0.958,999
Huevo Estrellado Cocido (2 pzas.),Pieza Enchilada Roja,2024-10,32.00,0.933,999
Huevo Estrellado Cocido (2 pzas.),Pieza Enchilada Roja,2024-11,32.00,0.951,999
Huevo Estrellado Cocido (2 pzas.),Pieza Enchilada Roja,2024-12,32.00,0.965,999
Huevo Estrellado Cocido (2 pzas.),Pieza Enchilada Roja,2025-01,32.00,0.979,999
Huevo Estrellado Cocido (2 pzas.),Pieza Enchilada Roja,2025-02,32.00,0.537,999
Huevo Estrellado Cocido (2 pzas.),Pieza Enchilada Roja,2025-03,35.00,0.975,999
Huevo Estrellado Cocido (2 pzas.),Pieza Enchilada Roja,2025-04,35.00,0.904,999
Huevo Estrellado Cocido (2 pzas.),Pieza Enchilada Roja,2025-05,35.00,0.889,999
Huevo Estrellado Cocido (2 pzas.),Pieza Enchilada Roja,2025-06,35.00,0.947,999
Huevo Estrellado Cocido (2 pzas.),Pieza Enchilada Roja,2025-07,35.00,0.880,999
Huevo Estrellado Cocido (2 pzas.),Pieza Enchilada Roja,2025-08,35.00,0.960,999
Huevo Estrellado Cocido (2 pzas.),Pieza Enchilada Roja,2025-09,35.00,0.982,999
Huevo Estrellado Cocido (2 pzas.),Pieza Enchilada Roja,2025-10,35.00,0.967,999
Huevo Estrellado Cocido (2 pzas.),Pieza Enchilada Roja,2025-11,35.00,1.000,999
Huevo Estrellado Cocido (2 pzas.),Pieza Enchilada Roja,2025-12,35.00,0.949,999
Huevo Estrellado Cocido (2 pzas.),Pieza Enchilada Roja,2026-01,35.00,0.872,999
Huevo Estrellado Cocido (2 pzas.),Pieza Enchilada Roja,2026-02,35.00,0.970,999
Huevo Estrellado Cocido (2 pzas.),Pieza Enchilada Roja,2026-03,35.00,0.737,999
Huevo Estrellado Cocido (2 pzas.),Pieza Enchilada Roja,2026-04,35.00,0.970,999
Huevo Estrellado Cocido (2 pzas.),Pieza Enchilada Roja,2026-05,35.00,0.940,999
Huevo Estrellado Cocido (2 pzas.),Pieza Enchilada Roja,2026-06,35.00,0.882,999
Huevo Estrellado Cocido (2 pzas.),Pieza Enchilada Roja,2026-07,35.00,0.958,999
Huevo Estrellado Cocido (2 pzas.),Pieza Enchilada Roja,2026-08,35.00,0.960,999
Huevo Estrellado Cocido (2 pzas.),Pieza Enchilada Roja,2026-09,35.00,0.960,999
Huevo Estrellado Cocido (2 pzas.),Quesadillas (4 pzas.),2023-10,28.00,0.947,999
Huevo Estrellado Cocido (2 pzas.),Quesadillas (4 pzas.),2023-11,28.00,0.974,999
Huevo Estrellado Cocido (2 pzas.),Quesadillas (4 pzas.),2023-12,28.00,1.000,999
Huevo Estrellado Cocido (2 pzas.),Quesadillas (4 pzas.),2024-01,28.00,0.980,999
Huevo Estrellado Cocido (2 pzas.),Quesadillas (4 pzas.),2024-02,28.00,1.000,999
Huevo Estrellado Cocido (2 pzas.),Quesadillas (4 pzas.),2024-03,28.00,0.857,999
Huevo Estrellado Cocido (2 pzas.),Quesadillas (4 pzas.),2024-04,28.00,0.850,999
Huevo Estrellado Cocido (2 pzas.),Quesadillas (4 pzas.),2024-05,28.00,0.938,999
Huevo Estrellado Cocido (2 pzas.),Quesadillas (4 pzas.),2024-06,28.00,0.914,999
Huevo Estrellado Cocido (2 pzas.),Quesadillas (4 pzas.),2024-07,28.00,0.914,999
Huevo Estrellado Cocido (2 pzas.),Quesadillas (4 pzas.),2024-08,32.00,0.882,999
Huevo Estrellado Cocido (2 pzas.),Quesadillas (4 pzas.),2024-09,32.00,0.958,999
Huevo Estrellado Cocido (2 pzas.),Quesadillas (4 pzas.),2024-10,32.00,0.933,999
Huevo Estrellado Cocido (2 pzas.),Quesadillas (4 pzas.),2024-11,32.00,0.951,999
Huevo Estrellado Cocido (2 pzas.),Quesadillas (4 pzas.),2024-12,32.00,0.965,999
Huevo Estrellado Cocido (2 pzas.),Quesadillas (4 pzas.),2025-01,32.00,0.979,999
Huevo Estrellado Cocido (2 pzas.),Quesadillas (4 pzas.),2025-02,32.00,0.537,999
Huevo Estrellado Cocido (2 pzas.),Quesadillas (4 pzas.),2025-03,35.00,0.975,999
Huevo Estrellado Cocido (2 pzas.),Quesadillas (4 pzas.),2025-04,35.00,0.904,999
Huevo Estrellado Cocido (2 pzas.),Quesadillas (4 pzas.),2025-05,35.00,0.889,999
Huevo Estrellado Cocido (2 pzas.),Quesadillas (4 pzas.),2025-06,35.00,0.947,999
Huevo Estrellado Cocido (2 pzas.),Quesadillas (4 pzas.),2025-07,35.00,0.880,999
Huevo Estrellado Cocido (2 pzas.),Quesadillas (4 pzas.),2025-08,35.00,0.960,999
Huevo Estrellado Cocido (2 pzas.),Quesadillas (4 pzas.),2025-09,35.00,0.982,999
Huevo Estrellado Cocido (2 pzas.),Quesadillas (4 pzas.),2025-10,35.00,0.967,999
Huevo Estrellado Cocido (2 pzas.),Quesadillas (4 pzas.),2025-11,35.00,1.000,999
Huevo Estrellado Cocido (2 pzas.),Quesadillas (4 pzas.),2025-12,35.00,0.949,999
Huevo Estrellado Cocido (2 pzas.),Quesadillas (4 pzas.),2026-01,35.00,0.872,999
Huevo Estrellado Cocido (2 pzas.),Quesadillas (4 pzas.),2026-02,35.00,0.970,999
Huevo Estrellado Cocido (2 pzas.),Quesadillas (4 pzas.),2026-03,35.00,0.737,999
Huevo Estrellado Cocido (2 pzas.),Quesadillas (4 pzas.),2026-04,35.00,0.970,999
Huevo Estrellado Cocido (2 pzas.),Quesadillas (4 pzas.),2026-05,35.00,0.940,999
Huevo Estrellado Cocido (2 pzas.),Quesadillas (4 pzas.),2026-06,35.00,0.882,999
Huevo Estrellado Cocido (2 pzas.),Quesadillas (4 pzas.),2026-07,35.00,0.958,999
Huevo Estrellado Cocido (2 pzas.),Quesadillas (4 pzas.),2026-08,35.00,0.960,999
Huevo Estrellado Cocido (2 pzas.),Quesadillas (4 pzas.),2026-09,35.00,0.960,999
Huevo Estrellado Medio (2 pzas.),1/2 Empanadas (2 pzas.),2023-09,28.00,0.654,999
Huevo Estrellado Medio (2 pzas.),1/2 Empanadas (2 pzas.),2023-10,28.00,0.905,999
Huevo Estrellado Medio (2 pzas.),1/2 Empanadas (2 pzas.),2023-11,28.00,0.917,999
Huevo Estrellado Medio (2 pzas.),1/2 Empanadas (2 pzas.),2023-12,28.00,0.911,999
Huevo Estrellado Medio (2 pzas.),1/2 Empanadas (2 pzas.),2024-01,28.00,0.891,999
Huevo Estrellado Medio (2 pzas.),1/2 Empanadas (2 pzas.),2024-02,28.00,0.974,999
Huevo Estrellado Medio (2 pzas.),1/2 Empanadas (2 pzas.),2024-03,28.00,0.922,999
Huevo Estrellado Medio (2 pzas.),1/2 Empanadas (2 pzas.),2024-04,28.00,0.921,999
Huevo Estrellado Medio (2 pzas.),1/2 Empanadas (2 pzas.),2024-05,28.00,0.926,999
Huevo Estrellado Medio (2 pzas.),1/2 Empanadas (2 pzas.),2024-06,28.00,0.927,999
Huevo Estrellado Medio (2 pzas.),1/2 Empanadas (2 pzas.),2024-07,28.00,0.927,999
Huevo Estrellado Medio (2 pzas.),1/2 Empanadas (2 pzas.),2024-08,32.00,0.942,999
Huevo Estrellado Medio (2 pzas.),1/2 Empanadas (2 pzas.),2024-09,32.00,0.982,999
Huevo Estrellado Medio (2 pzas.),1/2 Empanadas (2 pzas.),2024-10,32.00,0.938,999
Huevo Estrellado Medio (2 pzas.),1/2 Empanadas (2 pzas.),2024-11,32.00,0.896,999
Huevo Estrellado Medio (2 pzas.),1/2 Empanadas (2 pzas.),2024-12,32.00,0.923,999
Huevo Estrellado Medio (2 pzas.),1/2 Empanadas (2 pzas.),2025-01,32.00,0.897,999
Huevo Estrellado Medio (2 pzas.),1/2 Empanadas (2 pzas.),2025-02,32.00,0.897,999
Huevo Estrellado Medio (2 pzas.),1/2 Empanadas (2 pzas.),2025-03,35.00,0.875,999
Huevo Estrellado Medio (2 pzas.),1/2 Empanadas (2 pzas.),2025-04,35.00,0.930,999
Huevo Estrellado Medio (2 pzas.),1/2 Empanadas (2 pzas.),2025-05,35.00,0.976,999
Huevo Estrellado Medio (2 pzas.),1/2 Empanadas (2 pzas.),2025-06,35.00,0.929,999
Huevo Estrellado Medio (2 pzas.),1/2 Empanadas (2 pzas.),2025-07,35.00,0.956,999
Huevo Estrellado Medio (2 pzas.),1/2 Empanadas (2 pzas.),2025-08,35.00,1.000,999
Huevo Estrellado Medio (2 pzas.),1/2 Empanadas (2 pzas.),2025-09,35.00,1.000,999
Huevo Estrellado Medio (2 pzas.),1/2 Empanadas (2 pzas.),2025-10,35.00,1.000,999
Huevo Estrellado Medio (2 pzas.),1/2 Empanadas (2 pzas.),2025-11,35.00,0.897,999
Huevo Estrellado Medio (2 pzas.),1/2 Empanadas (2 pzas.),2025-12,35.00,1.000,999
Huevo Estrellado Medio (2 pzas.),1/2 Empanadas (2 pzas.),2026-01,35.00,0.923,999
Huevo Estrellado Medio (2 pzas.),1/2 Empanadas (2 pzas.),2026-02,35.00,0.971,999
Huevo Estrellado Medio (2 pzas.),1/2 Empanadas (2 pzas.),2026-03,35.00,1.000,999
Huevo Estrellado Medio (2 pzas.),1/2 Empanadas (2 pzas.),2026-04,35.00,0.963,999
Huevo Estrellado Medio (2 pzas.),1/2 Empanadas (2 pzas.),2026-05,35.00,1.000,999
Huevo Estrellado Medio (2 pzas.),1/2 Empanadas (2 pzas.),2026-06,35.00,1.000,999
Huevo Estrellado Medio (2 pzas.),1/2 Empanadas (2 pzas.),2026-07,35.00,0.959,999
Huevo Estrellado Medio (2 pzas.),1/2 Empanadas (2 pzas.),2026-08,35.00,0.981,999
Huevo Estrellado Medio (2 pzas.),1/2 Empanadas (2 pzas.),2026-09,35.00,0.981,999
Huevo Estrellado Medio (2 pzas.),1/2 Enchiladas Mixtas (4 Piezas),2023-09,28.00,0.654,999
Huevo Estrellado Medio (2 pzas.),1/2 Enchiladas Mixtas (4 Piezas),2023-10,28.00,0.905,999
Huevo Estrellado Medio (2 pzas.),1/2 Enchiladas Mixtas (4 Piezas),2023-11,28.00,0.917,999
Huevo Estrellado Medio (2 pzas.),1/2 Enchiladas Mixtas (4 Piezas),2023-12,28.00,0.911,999
Huevo Estrellado Medio (2 pzas.),1/2 Enchiladas Mixtas (4 Piezas),2024-01,28.00,0.891,999
Huevo Estrellado Medio (2 pzas.),1/2 Enchiladas Mixtas (4 Piezas),2024-02,28.00,0.974,999
Huevo Estrellado Medio (2 pzas.),1/2 Enchiladas Mixtas (4 Piezas),2024-03,28.00,0.922,999
Huevo Estrellado Medio (2 pzas.),1/2 Enchiladas Mixtas (4 Piezas),2024-04,28.00,0.921,999
Huevo Estrellado Medio (2 pzas.),1/2 Enchiladas Mixtas (4 Piezas),2024-05,28.00,0.926,999
Huevo Estrellado Medio (2 pzas.),1/2 Enchiladas Mixtas (4 Piezas),2024-06,28.00,0.927,999
Huevo Estrellado Medio (2 pzas.),1/2 Enchiladas Mixtas (4 Piezas),2024-07,28.00,0.927,999
Huevo Estrellado Medio (2 pzas.),1/2 Enchiladas Mixtas (4 Piezas),2024-08,32.00,0.942,999
Huevo Estrellado Medio (2 pzas.),1/2 Enchiladas Mixtas (4 Piezas),2024-09,32.00,0.982,999
Huevo Estrellado Medio (2 pzas.),1/2 Enchiladas Mixtas (4 Piezas),2024-10,32.00,0.938,999
Huevo Estrellado Medio (2 pzas.),1/2 Enchiladas Mixtas (4 Piezas),2024-11,32.00,0.896,999
Huevo Estrellado Medio (2 pzas.),1/2 Enchiladas Mixtas (4 Piezas),2024-12,32.00,0.923,999
Huevo Estrellado Medio (2 pzas.),1/2 Enchiladas Mixtas (4 Piezas),2025-01,32.00,0.897,999
Huevo Estrellado Medio (2 pzas.),1/2 Enchiladas Mixtas (4 Piezas),2025-02,32.00,0.897,999
Huevo Estrellado Medio (2 pzas.),1/2 Enchiladas Mixtas (4 Piezas),2025-03,35.00,0.875,999
Huevo Estrellado Medio (2 pzas.),1/2 Enchiladas Mixtas (4 Piezas),2025-04,35.00,0.930,999
Huevo Estrellado Medio (2 pzas.),1/2 Enchiladas Mixtas (4 Piezas),2025-05,35.00,0.976,999
Huevo Estrellado Medio (2 pzas.),1/2 Enchiladas Mixtas (4 Piezas),2025-06,35.00,0.929,999
Huevo Estrellado Medio (2 pzas.),1/2 Enchiladas Mixtas (4 Piezas),2025-07,35.00,0.956,999
Huevo Estrellado Medio (2 pzas.),1/2 Enchiladas Mixtas (4 Piezas),2025-08,35.00,1.000,999
Huevo Estrellado Medio (2 pzas.),1/2 Enchiladas Mixtas (4 Piezas),2025-09,35.00,1.000,999
Huevo Estrellado Medio (2 pzas.),1/2 Enchiladas Mixtas (4 Piezas),2025-10,35.00,1.000,999
Huevo Estrellado Medio (2 pzas.),1/2 Enchiladas Mixtas (4 Piezas),2025-11,35.00,0.897,999
Huevo Estrellado Medio (2 pzas.),1/2 Enchiladas Mixtas (4 Piezas),2025-12,35.00,1.000,999
Huevo Estrellado Medio (2 pzas.),1/2 Enchiladas Mixtas (4 Piezas),2026-01,35.00,0.923,999
Huevo Estrellado Medio (2 pzas.),1/2 Enchiladas Mixtas (4 Piezas),2026-02,35.00,1.000,999
Huevo Estrellado Medio (2 pzas.),1/2 Enchiladas Mixtas (4 Piezas),2026-03,35.00,1.000,999
Huevo Estrellado Medio (2 pzas.),1/2 Enchiladas Mixtas (4 Piezas),2026-04,35.00,1.000,999
Huevo Estrellado Medio (2 pzas.),1/2 Enchiladas Mixtas (4 Piezas),2026-05,35.00,1.000,999
Huevo Estrellado Medio (2 pzas.),1/2 Enchiladas Mixtas (4 Piezas),2026-06,35.00,1.000,999
Huevo Estrellado Medio (2 pzas.),1/2 Enchiladas Mixtas (4 Piezas),2026-07,35.00,1.000,999
Huevo Estrellado Medio (2 pzas.),1/2 Enchiladas Mixtas (4 Piezas),2026-08,35.00,1.000,999
Huevo Estrellado Medio (2 pzas.),1/2 Enchiladas Mixtas (4 Piezas),2026-09,35.00,0.981,999
Huevo Estrellado Medio (2 pzas.),1/2 Enchiladas Picositas,2023-09,28.00,0.654,999
Huevo Estrellado Medio (2 pzas.),1/2 Enchiladas Picositas,2023-10,28.00,0.905,999
Huevo Estrellado Medio (2 pzas.),1/2 Enchiladas Picositas,2023-11,28.00,0.917,999
Huevo Estrellado Medio (2 pzas.),1/2 Enchiladas Picositas,2023-12,28.00,0.800,999
Huevo Estrellado Medio (2 pzas.),1/2 Enchiladas Picositas,2024-01,28.00,0.833,999
Huevo Estrellado Medio (2 pzas.),1/2 Enchiladas Picositas,2024-02,28.00,1.000,999
Huevo Estrellado Medio (2 pzas.),1/2 Enchiladas Picositas,2024-03,28.00,1.000,999
Huevo Estrellado Medio (2 pzas.),1/2 Enchiladas Picositas,2024-04,28.00,1.000,999
Huevo Estrellado Medio (2 pzas.),1/2 Enchiladas Picositas,2024-05,28.00,1.000,999
Huevo Estrellado Medio (2 pzas.),1/2 Enchiladas Picositas,2024-06,28.00,1.000,999
Huevo Estrellado Medio (2 pzas.),1/2 Enchiladas Picositas,2024-07,28.00,1.000,999
Huevo Estrellado Medio (2 pzas.),1/2 Enchiladas Picositas,2024-08,32.00,0.800,999
Huevo Estrellado Medio (2 pzas.),1/2 Enchiladas Picositas,2024-09,32.00,0.800,999
Huevo Estrellado Medio (2 pzas.),1/2 Enchiladas Picositas,2024-10,32.00,0.800,999
Huevo Estrellado Medio (2 pzas.),1/2 Enchiladas Picositas,2024-11,32.00,0.800,999
Huevo Estrellado Medio (2 pzas.),1/2 Enchiladas Picositas,2024-12,32.00,0.800,999
Huevo Estrellado Medio (2 pzas.),1/2 Enchiladas Picositas,2025-01,32.00,0.800,999
Huevo Estrellado Medio (2 pzas.),1/2 Enchiladas Picositas,2025-02,32.00,0.800,999
Huevo Estrellado Medio (2 pzas.),1/2 Enchiladas Picositas,2025-03,35.00,0.875,999
Huevo Estrellado Medio (2 pzas.),1/2 Enchiladas Picositas,2025-04,35.00,0.930,999
Huevo Estrellado Medio (2 pzas.),1/2 Enchiladas Picositas,2025-05,35.00,0.976,999
Huevo Estrellado Medio (2 pzas.),1/2 Enchiladas Picositas,2025-06,35.00,0.929,999
Huevo Estrellado Medio (2 pzas.),1/2 Enchiladas Picositas,2025-07,35.00,0.956,999
Huevo Estrellado Medio (2 pzas.),1/2 Enchiladas Picositas,2025-08,35.00,1.000,999
Huevo Estrellado Medio (2 pzas.),1/2 Enchiladas Picositas,2025-09,35.00,1.000,999
Huevo Estrellado Medio (2 pzas.),1/2 Enchiladas Picositas,2025-10,35.00,1.000,999
Huevo Estrellado Medio (2 pzas.),1/2 Enchiladas Picositas,2025-11,35.00,0.897,999
Huevo Estrellado Medio (2 pzas.),1/2 Enchiladas Picositas,2025-12,35.00,1.000,999
Huevo Estrellado Medio (2 pzas.),1/2 Enchiladas Picositas,2026-01,35.00,1.000,999
Huevo Estrellado Medio (2 pzas.),1/2 Enchiladas Picositas,2026-02,35.00,1.000,999
Huevo Estrellado Medio (2 pzas.),1/2 Enchiladas Picositas,2026-03,35.00,1.000,999
Huevo Estrellado Medio (2 pzas.),1/2 Enchiladas Picositas,2026-04,35.00,1.000,999
Huevo Estrellado Medio (2 pzas.),1/2 Enchiladas Picositas,2026-05,35.00,1.000,999
Huevo Estrellado Medio (2 pzas.),1/2 Enchiladas Picositas,2026-06,35.00,1.000,999
Huevo Estrellado Medio (2 pzas.),1/2 Enchiladas Picositas,2026-07,35.00,1.000,999
Huevo Estrellado Medio (2 pzas.),1/2 Enchiladas Picositas,2026-08,35.00,1.000,999
Huevo Estrellado Medio (2 pzas.),1/2 Enchiladas Picositas,2026-09,35.00,1.000,999
Huevo Estrellado Medio (2 pzas.),1/2 Enchiladas Rojas,2023-09,28.00,0.833,999
Huevo Estrellado Medio (2 pzas.),1/2 Enchiladas Rojas,2023-10,28.00,0.846,999
Huevo Estrellado Medio (2 pzas.),1/2 Enchiladas Rojas,2023-11,28.00,0.917,999
Huevo Estrellado Medio (2 pzas.),1/2 Enchiladas Rojas,2023-12,28.00,1.000,999
Huevo Estrellado Medio (2 pzas.),1/2 Enchiladas Rojas,2024-01,28.00,0.846,999
Huevo Estrellado Medio (2 pzas.),1/2 Enchiladas Rojas,2024-02,28.00,0.917,999
Huevo Estrellado Medio (2 pzas.),1/2 Enchiladas Rojas,2024-03,28.00,0.923,999
Huevo Estrellado Medio (2 pzas.),1/2 Enchiladas Rojas,2024-04,28.00,1.000,999
Huevo Estrellado Medio (2 pzas.),1/2 Enchiladas Rojas,2024-05,28.00,0.923,999
Huevo Estrellado Medio (2 pzas.),1/2 Enchiladas Rojas,2024-06,28.00,1.000,999
Huevo Estrellado Medio (2 pzas.),1/2 Enchiladas Rojas,2024-07,28.00,1.000,999
Huevo Estrellado Medio (2 pzas.),1/2 Enchiladas Rojas,2024-08,32.00,1.000,999
Huevo Estrellado Medio (2 pzas.),1/2 Enchiladas Rojas,2024-09,32.00,1.000,999
Huevo Estrellado Medio (2 pzas.),1/2 Enchiladas Rojas,2024-10,32.00,1.000,999
Huevo Estrellado Medio (2 pzas.),1/2 Enchiladas Rojas,2024-11,32.00,0.875,999
Huevo Estrellado Medio (2 pzas.),1/2 Enchiladas Rojas,2024-12,32.00,1.000,999
Huevo Estrellado Medio (2 pzas.),1/2 Enchiladas Rojas,2025-01,32.00,1.000,999
Huevo Estrellado Medio (2 pzas.),1/2 Enchiladas Rojas,2025-02,32.00,1.000,999
Huevo Estrellado Medio (2 pzas.),1/2 Enchiladas Rojas,2025-03,35.00,1.000,999
Huevo Estrellado Medio (2 pzas.),1/2 Enchiladas Rojas,2025-04,35.00,1.000,999
Huevo Estrellado Medio (2 pzas.),1/2 Enchiladas Rojas,2025-05,35.00,0.889,999
Huevo Estrellado Medio (2 pzas.),1/2 Enchiladas Rojas,2025-06,35.00,0.909,999
Huevo Estrellado Medio (2 pzas.),1/2 Enchiladas Rojas,2025-07,35.00,1.000,999
Huevo Estrellado Medio (2 pzas.),1/2 Enchiladas Rojas,2025-08,35.00,1.000,999
Huevo Estrellado Medio (2 pzas.),1/2 Enchiladas Rojas,2025-09,35.00,1.000,999
Huevo Estrellado Medio (2 pzas.),1/2 Enchiladas Rojas,2025-10,35.00,1.000,999
Huevo Estrellado Medio (2 pzas.),1/2 Enchiladas Rojas,2025-11,35.00,1.000,999
Huevo Estrellado Medio (2 pzas.),1/2 Enchiladas Rojas,2025-12,35.00,1.000,999
Huevo Estrellado Medio (2 pzas.),1/2 Enchiladas Rojas,2026-01,35.00,0.929,999
Huevo Estrellado Medio (2 pzas.),1/2 Enchiladas Rojas,2026-02,35.00,1.000,999
Huevo Estrellado Medio (2 pzas.),1/2 Enchiladas Rojas,2026-03,35.00,1.000,999
Huevo Estrellado Medio (2 pzas.),1/2 Enchiladas Rojas,2026-04,35.00,1.000,999
Huevo Estrellado Medio (2 pzas.),1/2 Enchiladas Rojas,2026-05,35.00,1.000,999
Huevo Estrellado Medio (2 pzas.),1/2 Enchiladas Rojas,2026-06,35.00,1.000,999
Huevo Estrellado Medio (2 pzas.),1/2 Enchiladas Rojas,2026-07,35.00,1.000,999
Huevo Estrellado Medio (2 pzas.),1/2 Enchiladas Rojas,2026-08,35.00,1.000,999
Huevo Estrellado Medio (2 pzas.),1/2 Enchiladas Rojas,2026-09,35.00,1.000,999
Huevo Estrellado Medio (2 pzas.),1/2 Encremadas,2023-09,28.00,0.654,999
Huevo Estrellado Medio (2 pzas.),1/2 Encremadas,2023-10,28.00,0.905,999
Huevo Estrellado Medio (2 pzas.),1/2 Encremadas,2023-11,28.00,0.917,999
Huevo Estrellado Medio (2 pzas.),1/2 Encremadas,2023-12,28.00,0.911,999
Huevo Estrellado Medio (2 pzas.),1/2 Encremadas,2024-01,28.00,0.891,999
Huevo Estrellado Medio (2 pzas.),1/2 Encremadas,2024-02,28.00,0.974,999
Huevo Estrellado Medio (2 pzas.),1/2 Encremadas,2024-03,28.00,0.922,999
Huevo Estrellado Medio (2 pzas.),1/2 Encremadas,2024-04,28.00,0.921,999
Huevo Estrellado Medio (2 pzas.),1/2 Encremadas,2024-05,28.00,1.000,999
Huevo Estrellado Medio (2 pzas.),1/2 Encremadas,2024-06,28.00,1.000,999
Huevo Estrellado Medio (2 pzas.),1/2 Encremadas,2024-07,28.00,1.000,999
Huevo Estrellado Medio (2 pzas.),1/2 Encremadas,2024-08,28.00,1.000,999
Huevo Estrellado Medio (2 pzas.),1/2 Encremadas,2024-09,28.00,1.000,999
Huevo Estrellado Medio (2 pzas.),1/2 Encremadas,2024-10,28.00,1.000,999
Huevo Estrellado Medio (2 pzas.),1/2 Encremadas,2024-11,28.00,1.000,999
Huevo Estrellado Medio (2 pzas.),1/2 Encremadas,2024-12,32.00,0.923,999
Huevo Estrellado Medio (2 pzas.),1/2 Encremadas,2025-01,32.00,0.897,999
Huevo Estrellado Medio (2 pzas.),1/2 Encremadas,2025-02,32.00,0.897,999
Huevo Estrellado Medio (2 pzas.),1/2 Encremadas,2025-03,35.00,0.875,999
Huevo Estrellado Medio (2 pzas.),1/2 Encremadas,2025-04,35.00,0.930,999
Huevo Estrellado Medio (2 pzas.),1/2 Encremadas,2025-05,35.00,0.976,999
Huevo Estrellado Medio (2 pzas.),1/2 Encremadas,2025-06,35.00,0.929,999
Huevo Estrellado Medio (2 pzas.),1/2 Encremadas,2025-07,35.00,0.956,999
Huevo Estrellado Medio (2 pzas.),1/2 Encremadas,2025-08,35.00,1.000,999
Huevo Estrellado Medio (2 pzas.),1/2 Encremadas,2025-09,35.00,1.000,999
Huevo Estrellado Medio (2 pzas.),1/2 Encremadas,2025-10,35.00,1.000,999
Huevo Estrellado Medio (2 pzas.),1/2 Encremadas,2025-11,35.00,0.897,999
Huevo Estrellado Medio (2 pzas.),1/2 Encremadas,2025-12,35.00,1.000,999
Huevo Estrellado Medio (2 pzas.),1/2 Encremadas,2026-01,35.00,0.923,999
Huevo Estrellado Medio (2 pzas.),1/2 Encremadas,2026-02,35.00,0.971,999
Huevo Estrellado Medio (2 pzas.),1/2 Encremadas,2026-03,35.00,1.000,999
Huevo Estrellado Medio (2 pzas.),1/2 Encremadas,2026-04,35.00,0.963,999
Huevo Estrellado Medio (2 pzas.),1/2 Encremadas,2026-05,35.00,1.000,999
Huevo Estrellado Medio (2 pzas.),1/2 Encremadas,2026-06,35.00,1.000,999
Huevo Estrellado Medio (2 pzas.),1/2 Encremadas,2026-07,35.00,1.000,999
Huevo Estrellado Medio (2 pzas.),1/2 Encremadas,2026-08,35.00,1.000,999
Huevo Estrellado Medio (2 pzas.),1/2 Encremadas,2026-09,35.00,1.000,999
Huevo Estrellado Medio (2 pzas.),1/2 Enfrijoladas,2023-09,28.00,0.654,999
Huevo Estrellado Medio (2 pzas.),1/2 Enfrijoladas,2023-10,28.00,0.905,999
Huevo Estrellado Medio (2 pzas.),1/2 Enfrijoladas,2023-11,28.00,0.917,999
Huevo Estrellado Medio (2 pzas.),1/2 Enfrijoladas,2023-12,28.00,0.911,999
Huevo Estrellado Medio (2 pzas.),1/2 Enfrijoladas,2024-01,28.00,0.891,999
Huevo Estrellado Medio (2 pzas.),1/2 Enfrijoladas,2024-02,28.00,0.974,999
Huevo Estrellado Medio (2 pzas.),1/2 Enfrijoladas,2024-03,28.00,0.922,999
Huevo Estrellado Medio (2 pzas.),1/2 Enfrijoladas,2024-04,28.00,0.921,999
Huevo Estrellado Medio (2 pzas.),1/2 Enfrijoladas,2024-05,28.00,0.926,999
Huevo Estrellado Medio (2 pzas.),1/2 Enfrijoladas,2024-06,28.00,0.927,999
Huevo Estrellado Medio (2 pzas.),1/2 Enfrijoladas,2024-07,28.00,0.927,999
Huevo Estrellado Medio (2 pzas.),1/2 Enfrijoladas,2024-08,32.00,0.942,999
Huevo Estrellado Medio (2 pzas.),1/2 Enfrijoladas,2024-09,32.00,0.982,999
Huevo Estrellado Medio (2 pzas.),1/2 Enfrijoladas,2024-10,32.00,0.938,999
Huevo Estrellado Medio (2 pzas.),1/2 Enfrijoladas,2024-11,32.00,0.896,999
Huevo Estrellado Medio (2 pzas.),1/2 Enfrijoladas,2024-12,32.00,0.923,999
Huevo Estrellado Medio (2 pzas.),1/2 Enfrijoladas,2025-01,32.00,0.897,999
Huevo Estrellado Medio (2 pzas.),1/2 Enfrijoladas,2025-02,32.00,0.897,999
Huevo Estrellado Medio (2 pzas.),1/2 Enfrijoladas,2025-03,35.00,0.875,999
Huevo Estrellado Medio (2 pzas.),1/2 Enfrijoladas,2025-04,35.00,0.930,999
Huevo Estrellado Medio (2 pzas.),1/2 Enfrijoladas,2025-05,35.00,0.976,999
Huevo Estrellado Medio (2 pzas.),1/2 Enfrijoladas,2025-06,35.00,0.929,999
Huevo Estrellado Medio (2 pzas.),1/2 Enfrijoladas,2025-07,35.00,0.956,999
Huevo Estrellado Medio (2 pzas.),1/2 Enfrijoladas,2025-08,35.00,1.000,999
Huevo Estrellado Medio (2 pzas.),1/2 Enfrijoladas,2025-09,35.00,1.000,999
Huevo Estrellado Medio (2 pzas.),1/2 Enfrijoladas,2025-10,35.00,1.000,999
Huevo Estrellado Medio (2 pzas.),1/2 Enfrijoladas,2025-11,35.00,0.897,999
Huevo Estrellado Medio (2 pzas.),1/2 Enfrijoladas,2025-12,35.00,1.000,999
Huevo Estrellado Medio (2 pzas.),1/2 Enfrijoladas,2026-01,35.00,0.923,999
Huevo Estrellado Medio (2 pzas.),1/2 Enfrijoladas,2026-02,35.00,0.971,999
Huevo Estrellado Medio (2 pzas.),1/2 Enfrijoladas,2026-03,35.00,1.000,999
Huevo Estrellado Medio (2 pzas.),1/2 Enfrijoladas,2026-04,35.00,0.963,999
Huevo Estrellado Medio (2 pzas.),1/2 Enfrijoladas,2026-05,35.00,1.000,999
Huevo Estrellado Medio (2 pzas.),1/2 Enfrijoladas,2026-06,35.00,1.000,999
Huevo Estrellado Medio (2 pzas.),1/2 Enfrijoladas,2026-07,35.00,0.959,999
Huevo Estrellado Medio (2 pzas.),1/2 Enfrijoladas,2026-08,35.00,0.981,999
Huevo Estrellado Medio (2 pzas.),1/2 Enfrijoladas,2026-09,35.00,0.981,999
Huevo Estrellado Medio (2 pzas.),1/2 Enmoladas,2023-09,28.00,0.654,999
Huevo Estrellado Medio (2 pzas.),1/2 Enmoladas,2023-10,28.00,0.905,999
Huevo Estrellado Medio (2 pzas.),1/2 Enmoladas,2023-11,28.00,0.917,999
Huevo Estrellado Medio (2 pzas.),1/2 Enmoladas,2023-12,28.00,0.911,999
Huevo Estrellado Medio (2 pzas.),1/2 Enmoladas,2024-01,28.00,0.891,999
Huevo Estrellado Medio (2 pzas.),1/2 Enmoladas,2024-02,28.00,0.974,999
Huevo Estrellado Medio (2 pzas.),1/2 Enmoladas,2024-03,28.00,0.922,999
Huevo Estrellado Medio (2 pzas.),1/2 Enmoladas,2024-04,28.00,0.921,999
Huevo Estrellado Medio (2 pzas.),1/2 Enmoladas,2024-05,28.00,0.926,999
Huevo Estrellado Medio (2 pzas.),1/2 Enmoladas,2024-06,28.00,0.927,999
Huevo Estrellado Medio (2 pzas.),1/2 Enmoladas,2024-07,28.00,0.927,999
Huevo Estrellado Medio (2 pzas.),1/2 Enmoladas,2024-08,32.00,0.942,999
Huevo Estrellado Medio (2 pzas.),1/2 Enmoladas,2024-09,32.00,0.982,999
Huevo Estrellado Medio (2 pzas.),1/2 Enmoladas,2024-10,32.00,0.938,999
Huevo Estrellado Medio (2 pzas.),1/2 Enmoladas,2024-11,32.00,0.896,999
Huevo Estrellado Medio (2 pzas.),1/2 Enmoladas,2024-12,32.00,0.923,999
Huevo Estrellado Medio (2 pzas.),1/2 Enmoladas,2025-01,32.00,0.897,999
Huevo Estrellado Medio (2 pzas.),1/2 Enmoladas,2025-02,32.00,0.897,999
Huevo Estrellado Medio (2 pzas.),1/2 Enmoladas,2025-03,35.00,0.875,999
Huevo Estrellado Medio (2 pzas.),1/2 Enmoladas,2025-04,35.00,0.930,999
Huevo Estrellado Medio (2 pzas.),1/2 Enmoladas,2025-05,35.00,0.976,999
Huevo Estrellado Medio (2 pzas.),1/2 Enmoladas,2025-06,35.00,0.929,999
Huevo Estrellado Medio (2 pzas.),1/2 Enmoladas,2025-07,35.00,0.956,999
Huevo Estrellado Medio (2 pzas.),1/2 Enmoladas,2025-08,35.00,1.000,999
Huevo Estrellado Medio (2 pzas.),1/2 Enmoladas,2025-09,35.00,1.000,999
Huevo Estrellado Medio (2 pzas.),1/2 Enmoladas,2025-10,35.00,1.000,999
Huevo Estrellado Medio (2 pzas.),1/2 Enmoladas,2025-11,35.00,0.897,999
Huevo Estrellado Medio (2 pzas.),1/2 Enmoladas,2025-12,35.00,1.000,999
Huevo Estrellado Medio (2 pzas.),1/2 Enmoladas,2026-01,35.00,0.923,999
Huevo Estrellado Medio (2 pzas.),1/2 Enmoladas,2026-02,35.00,0.971,999
Huevo Estrellado Medio (2 pzas.),1/2 Enmoladas,2026-03,35.00,1.000,999
Huevo Estrellado Medio (2 pzas.),1/2 Enmoladas,2026-04,35.00,1.000,999
Huevo Estrellado Medio (2 pzas.),1/2 Enmoladas,2026-05,35.00,1.000,999
Huevo Estrellado Medio (2 pzas.),1/2 Enmoladas,2026-06,35.00,1.000,999
Huevo Estrellado Medio (2 pzas.),1/2 Enmoladas,2026-07,35.00,1.000,999
Huevo Estrellado Medio (2 pzas.),1/2 Enmoladas,2026-08,35.00,1.000,999
Huevo Estrellado Medio (2 pzas.),1/2 Enmoladas,2026-09,35.00,1.000,999
Huevo Estrellado Medio (2 pzas.),1/2 Entomatadas,2023-09,28.00,0.654,999
Huevo Estrellado Medio (2 pzas.),1/2 Entomatadas,2023-10,28.00,0.905,999
Huevo Estrellado Medio (2 pzas.),1/2 Entomatadas,2023-11,28.00,1.000,999
Huevo Estrellado Medio (2 pzas.),1/2 Entomatadas,2023-12,28.00,1.000,999
Huevo Estrellado Medio (2 pzas.),1/2 Entomatadas,2024-01,28.00,0.714,999
Huevo Estrellado Medio (2 pzas.),1/2 Entomatadas,2024-02,28.00,0.714,999
Huevo Estrellado Medio (2 pzas.),1/2 Entomatadas,2024-03,28.00,0.714,999
Huevo Estrellado Medio (2 pzas.),1/2 Entomatadas,2024-04,28.00,0.714,999
Huevo Estrellado Medio (2 pzas.),1/2 Entomatadas,2024-05,28.00,1.000,999
Huevo Estrellado Medio (2 pzas.),1/2 Entomatadas,2024-06,28.00,0.875,999
Huevo Estrellado Medio (2 pzas.),1/2 Entomatadas,2024-07,28.00,0.875,999
Huevo Estrellado Medio (2 pzas.),1/2 Entomatadas,2024-08,32.00,1.000,999
Huevo Estrellado Medio (2 pzas.),1/2 Entomatadas,2024-09,32.00,0.923,999
Huevo Estrellado Medio (2 pzas.),1/2 Entomatadas,2024-10,32.00,0.875,999
Huevo Estrellado Medio (2 pzas.),1/2 Entomatadas,2024-11,32.00,1.000,999
Huevo Estrellado Medio (2 pzas.),1/2 Entomatadas,2024-12,32.00,1.000,999
Huevo Estrellado Medio (2 pzas.),1/2 Entomatadas,2025-01,32.00,1.000,999
Huevo Estrellado Medio (2 pzas.),1/2 Entomatadas,2025-02,32.00,1.000,999
Huevo Estrellado Medio (2 pzas.),1/2 Entomatadas,2025-03,35.00,1.000,999
Huevo Estrellado Medio (2 pzas.),1/2 Entomatadas,2025-04,35.00,1.000,999
Huevo Estrellado Medio (2 pzas.),1/2 Entomatadas,2025-05,35.00,1.000,999
Huevo Estrellado Medio (2 pzas.),1/2 Entomatadas,2025-06,35.00,1.000,999
Huevo Estrellado Medio (2 pzas.),1/2 Entomatadas,2025-07,35.00,1.000,999
Huevo Estrellado Medio (2 pzas.),1/2 Entomatadas,2025-08,35.00,1.000,999
Huevo Estrellado Medio (2 pzas.),1/2 Entomatadas,2025-09,35.00,1.000,999
Huevo Estrellado Medio (2 pzas.),1/2 Entomatadas,2025-10,35.00,1.000,999
Huevo Estrellado Medio (2 pzas.),1/2 Entomatadas,2025-11,35.00,1.000,999
Huevo Estrellado Medio (2 pzas.),1/2 Entomatadas,2025-12,35.00,1.000,999
Huevo Estrellado Medio (2 pzas.),1/2 Entomatadas,2026-01,35.00,1.000,999
Huevo Estrellado Medio (2 pzas.),1/2 Entomatadas,2026-02,35.00,1.000,999
Huevo Estrellado Medio (2 pzas.),1/2 Entomatadas,2026-03,35.00,1.000,999
Huevo Estrellado Medio (2 pzas.),1/2 Entomatadas,2026-04,35.00,1.000,999
Huevo Estrellado Medio (2 pzas.),1/2 Entomatadas,2026-05,35.00,1.000,999
Huevo Estrellado Medio (2 pzas.),1/2 Entomatadas,2026-06,35.00,1.000,999
Huevo Estrellado Medio (2 pzas.),1/2 Entomatadas,2026-07,35.00,1.000,999
Huevo Estrellado Medio (2 pzas.),1/2 Entomatadas,2026-08,35.00,1.000,999
Huevo Estrellado Medio (2 pzas.),1/2 Entomatadas,2026-09,35.00,1.000,999
Huevo Estrellado Medio (2 pzas.),1/2 Quesadillas (2 pzas.),2023-09,28.00,0.654,999
Huevo Estrellado Medio (2 pzas.),1/2 Quesadillas (2 pzas.),2023-10,28.00,0.905,999
Huevo Estrellado Medio (2 pzas.),1/2 Quesadillas (2 pzas.),2023-11,28.00,0.917,999
Huevo Estrellado Medio (2 pzas.),1/2 Quesadillas (2 pzas.),2023-12,28.00,0.911,999
Huevo Estrellado Medio (2 pzas.),1/2 Quesadillas (2 pzas.),2024-01,28.00,0.891,999
Huevo Estrellado Medio (2 pzas.),1/2 Quesadillas (2 pzas.),2024-02,28.00,0.974,999
Huevo Estrellado Medio (2 pzas.),1/2 Quesadillas (2 pzas.),2024-03,28.00,0.922,999
Huevo Estrellado Medio (2 pzas.),1/2 Quesadillas (2 pzas.),2024-04,28.00,0.921,999
Huevo Estrellado Medio (2 pzas.),1/2 Quesadillas (2 pzas.),2024-05,28.00,0.926,999
Huevo Estrellado Medio (2 pzas.),1/2 Quesadillas (2 pzas.),2024-06,28.00,0.927,999
Huevo Estrellado Medio (2 pzas.),1/2 Quesadillas (2 pzas.),2024-07,28.00,0.927,999
Huevo Estrellado Medio (2 pzas.),1/2 Quesadillas (2 pzas.),2024-08,32.00,0.942,999
Huevo Estrellado Medio (2 pzas.),1/2 Quesadillas (2 pzas.),2024-09,32.00,0.982,999
Huevo Estrellado Medio (2 pzas.),1/2 Quesadillas (2 pzas.),2024-10,32.00,0.938,999
Huevo Estrellado Medio (2 pzas.),1/2 Quesadillas (2 pzas.),2024-11,32.00,0.896,999
Huevo Estrellado Medio (2 pzas.),1/2 Quesadillas (2 pzas.),2024-12,32.00,0.923,999
Huevo Estrellado Medio (2 pzas.),1/2 Quesadillas (2 pzas.),2025-01,32.00,0.897,999
Huevo Estrellado Medio (2 pzas.),1/2 Quesadillas (2 pzas.),2025-02,32.00,0.897,999
Huevo Estrellado Medio (2 pzas.),1/2 Quesadillas (2 pzas.),2025-03,35.00,0.875,999
Huevo Estrellado Medio (2 pzas.),1/2 Quesadillas (2 pzas.),2025-04,35.00,0.930,999
Huevo Estrellado Medio (2 pzas.),1/2 Quesadillas (2 pzas.),2025-05,35.00,0.976,999
Huevo Estrellado Medio (2 pzas.),1/2 Quesadillas (2 pzas.),2025-06,35.00,0.929,999
Huevo Estrellado Medio (2 pzas.),1/2 Quesadillas (2 pzas.),2025-07,35.00,0.956,999
Huevo Estrellado Medio (2 pzas.),1/2 Quesadillas (2 pzas.),2025-08,35.00,1.000,999
Huevo Estrellado Medio (2 pzas.),1/2 Quesadillas (2 pzas.),2025-09,35.00,1.000,999
Huevo Estrellado Medio (2 pzas.),1/2 Quesadillas (2 pzas.),2025-10,35.00,1.000,999
Huevo Estrellado Medio (2 pzas.),1/2 Quesadillas (2 pzas.),2025-11,35.00,0.897,999
Huevo Estrellado Medio (2 pzas.),1/2 Quesadillas (2 pzas.),2025-12,35.00,1.000,999
Huevo Estrellado Medio (2 pzas.),1/2 Quesadillas (2 pzas.),2026-01,35.00,0.923,999
Huevo Estrellado Medio (2 pzas.),1/2 Quesadillas (2 pzas.),2026-02,35.00,0.971,999
Huevo Estrellado Medio (2 pzas.),1/2 Quesadillas (2 pzas.),2026-03,35.00,1.000,999
Huevo Estrellado Medio (2 pzas.),1/2 Quesadillas (2 pzas.),2026-04,35.00,0.963,999
Huevo Estrellado Medio (2 pzas.),1/2 Quesadillas (2 pzas.),2026-05,35.00,1.000,999
Huevo Estrellado Medio (2 pzas.),1/2 Quesadillas (2 pzas.),2026-06,35.00,1.000,999
Huevo Estrellado Medio (2 pzas.),1/2 Quesadillas (2 pzas.),2026-07,35.00,0.959,999
Huevo Estrellado Medio (2 pzas.),1/2 Quesadillas (2 pzas.),2026-08,35.00,0.981,999
Huevo Estrellado Medio (2 pzas.),1/2 Quesadillas (2 pzas.),2026-09,35.00,0.981,999
Huevo Estrellado Medio (2 pzas.),Empanadas (4 pzas.),2023-09,28.00,0.654,999
Huevo Estrellado Medio (2 pzas.),Empanadas (4 pzas.),2023-10,28.00,0.905,999
Huevo Estrellado Medio (2 pzas.),Empanadas (4 pzas.),2023-11,28.00,0.917,999
Huevo Estrellado Medio (2 pzas.),Empanadas (4 pzas.),2023-12,28.00,0.911,999
Huevo Estrellado Medio (2 pzas.),Empanadas (4 pzas.),2024-01,28.00,0.891,999
Huevo Estrellado Medio (2 pzas.),Empanadas (4 pzas.),2024-02,28.00,0.974,999
Huevo Estrellado Medio (2 pzas.),Empanadas (4 pzas.),2024-03,28.00,0.922,999
Huevo Estrellado Medio (2 pzas.),Empanadas (4 pzas.),2024-04,28.00,0.921,999
Huevo Estrellado Medio (2 pzas.),Empanadas (4 pzas.),2024-05,28.00,0.926,999
Huevo Estrellado Medio (2 pzas.),Empanadas (4 pzas.),2024-06,28.00,0.927,999
Huevo Estrellado Medio (2 pzas.),Empanadas (4 pzas.),2024-07,28.00,0.927,999
Huevo Estrellado Medio (2 pzas.),Empanadas (4 pzas.),2024-08,32.00,0.942,999
Huevo Estrellado Medio (2 pzas.),Empanadas (4 pzas.),2024-09,32.00,0.982,999
Huevo Estrellado Medio (2 pzas.),Empanadas (4 pzas.),2024-10,32.00,0.938,999
Huevo Estrellado Medio (2 pzas.),Empanadas (4 pzas.),2024-11,32.00,0.896,999
Huevo Estrellado Medio (2 pzas.),Empanadas (4 pzas.),2024-12,32.00,0.923,999
Huevo Estrellado Medio (2 pzas.),Empanadas (4 pzas.),2025-01,32.00,0.897,999
Huevo Estrellado Medio (2 pzas.),Empanadas (4 pzas.),2025-02,32.00,0.897,999
Huevo Estrellado Medio (2 pzas.),Empanadas (4 pzas.),2025-03,35.00,0.875,999
Huevo Estrellado Medio (2 pzas.),Empanadas (4 pzas.),2025-04,35.00,0.930,999
Huevo Estrellado Medio (2 pzas.),Empanadas (4 pzas.),2025-05,35.00,0.976,999
Huevo Estrellado Medio (2 pzas.),Empanadas (4 pzas.),2025-06,35.00,0.929,999
Huevo Estrellado Medio (2 pzas.),Empanadas (4 pzas.),2025-07,35.00,0.956,999
Huevo Estrellado Medio (2 pzas.),Empanadas (4 pzas.),2025-08,35.00,1.000,999
Huevo Estrellado Medio (2 pzas.),Empanadas (4 pzas.),2025-09,35.00,1.000,999
Huevo Estrellado Medio (2 pzas.),Empanadas (4 pzas.),2025-10,35.00,1.000,999
Huevo Estrellado Medio (2 pzas.),Empanadas (4 pzas.),2025-11,35.00,0.897,999
Huevo Estrellado Medio (2 pzas.),Empanadas (4 pzas.),2025-12,35.00,1.000,999
Huevo Estrellado Medio (2 pzas.),Empanadas (4 pzas.),2026-01,35.00,0.923,999
Huevo Estrellado Medio (2 pzas.),Empanadas (4 pzas.),2026-02,35.00,0.971,999
Huevo Estrellado Medio (2 pzas.),Empanadas (4 pzas.),2026-03,35.00,1.000,999
Huevo Estrellado Medio (2 pzas.),Empanadas (4 pzas.),2026-04,35.00,0.963,999
Huevo Estrellado Medio (2 pzas.),Empanadas (4 pzas.),2026-05,35.00,1.000,999
Huevo Estrellado Medio (2 pzas.),Empanadas (4 pzas.),2026-06,35.00,1.000,999
Huevo Estrellado Medio (2 pzas.),Empanadas (4 pzas.),2026-07,35.00,0.959,999
Huevo Estrellado Medio (2 pzas.),Empanadas (4 pzas.),2026-08,35.00,0.981,999
Huevo Estrellado Medio (2 pzas.),Empanadas (4 pzas.),2026-09,35.00,0.981,999
Huevo Estrellado Medio (2 pzas.),Enchiladas Mixtas,2023-09,28.00,0.654,999
Huevo Estrellado Medio (2 pzas.),Enchiladas Mixtas,2023-10,28.00,0.905,999
Huevo Estrellado Medio (2 pzas.),Enchiladas Mixtas,2023-11,28.00,0.917,999
Huevo Estrellado Medio (2 pzas.),Enchiladas Mixtas,2023-12,28.00,0.911,999
Huevo Estrellado Medio (2 pzas.),Enchiladas Mixtas,2024-01,28.00,0.891,999
Huevo Estrellado Medio (2 pzas.),Enchiladas Mixtas,2024-02,28.00,0.974,999
Huevo Estrellado Medio (2 pzas.),Enchiladas Mixtas,2024-03,28.00,0.922,999
Huevo Estrellado Medio (2 pzas.),Enchiladas Mixtas,2024-04,28.00,0.921,999
Huevo Estrellado Medio (2 pzas.),Enchiladas Mixtas,2024-05,28.00,1.000,999
Huevo Estrellado Medio (2 pzas.),Enchiladas Mixtas,2024-06,28.00,1.000,999
Huevo Estrellado Medio (2 pzas.),Enchiladas Mixtas,2024-07,28.00,1.000,999
Huevo Estrellado Medio (2 pzas.),Enchiladas Mixtas,2024-08,28.00,1.000,999
Huevo Estrellado Medio (2 pzas.),Enchiladas Mixtas,2024-09,28.00,1.000,999
Huevo Estrellado Medio (2 pzas.),Enchiladas Mixtas,2024-10,32.00,0.600,999
Huevo Estrellado Medio (2 pzas.),Enchiladas Mixtas,2024-11,32.00,0.600,999
Huevo Estrellado Medio (2 pzas.),Enchiladas Mixtas,2024-12,32.00,0.600,999
Huevo Estrellado Medio (2 pzas.),Enchiladas Mixtas,2025-01,32.00,0.600,999
Huevo Estrellado Medio (2 pzas.),Enchiladas Mixtas,2025-02,32.00,0.600,999
Huevo Estrellado Medio (2 pzas.),Enchiladas Mixtas,2025-03,32.00,0.600,999
Huevo Estrellado Medio (2 pzas.),Enchiladas Mixtas,2025-04,32.00,0.600,999
Huevo Estrellado Medio (2 pzas.),Enchiladas Mixtas,2025-05,35.00,1.000,999
Huevo Estrellado Medio (2 pzas.),Enchiladas Mixtas,2025-06,35.00,1.000,999
Huevo Estrellado Medio (2 pzas.),Enchiladas Mixtas,2025-07,35.00,1.000,999
Huevo Estrellado Medio (2 pzas.),Enchiladas Mixtas,2025-08,35.00,1.000,999
Huevo Estrellado Medio (2 pzas.),Enchiladas Mixtas,2025-09,35.00,1.000,999
Huevo Estrellado Medio (2 pzas.),Enchiladas Mixtas,2025-10,35.00,1.000,999
Huevo Estrellado Medio (2 pzas.),Enchiladas Mixtas,2025-11,35.00,1.000,999
Huevo Estrellado Medio (2 pzas.),Enchiladas Mixtas,2025-12,35.00,1.000,999
Huevo Estrellado Medio (2 pzas.),Enchiladas Mixtas,2026-01,35.00,0.923,999
Huevo Estrellado Medio (2 pzas.),Enchiladas Mixtas,2026-02,35.00,0.971,999
Huevo Estrellado Medio (2 pzas.),Enchiladas Mixtas,2026-03,35.00,1.000,999
Huevo Estrellado Medio (2 pzas.),Enchiladas Mixtas,2026-04,35.00,0.963,999
Huevo Estrellado Medio (2 pzas.),Enchiladas Mixtas,2026-05,35.00,1.000,999
Huevo Estrellado Medio (2 pzas.),Enchiladas Mixtas,2026-06,35.00,1.000,999
Huevo Estrellado Medio (2 pzas.),Enchiladas Mixtas,2026-07,35.00,0.959,999
Huevo Estrellado Medio (2 pzas.),Enchiladas Mixtas,2026-08,35.00,1.000,999
Huevo Estrellado Medio (2 pzas.),Enchiladas Mixtas,2026-09,35.00,1.000,999
Huevo Estrellado Medio (2 pzas.),Enchiladas Picositas,2023-09,28.00,0.654,999
Huevo Estrellado Medio (2 pzas.),Enchiladas Picositas,2023-10,28.00,0.905,999
Huevo Estrellado Medio (2 pzas.),Enchiladas Picositas,2023-11,28.00,0.917,999
Huevo Estrellado Medio (2 pzas.),Enchiladas Picositas,2023-12,28.00,0.911,999
Huevo Estrellado Medio (2 pzas.),Enchiladas Picositas,2024-01,28.00,0.891,999
Huevo Estrellado Medio (2 pzas.),Enchiladas Picositas,2024-02,28.00,0.974,999
Huevo Estrellado Medio (2 pzas.),Enchiladas Picositas,2024-03,28.00,0.922,999
Huevo Estrellado Medio (2 pzas.),Enchiladas Picositas,2024-04,28.00,0.921,999
Huevo Estrellado Medio (2 pzas.),Enchiladas Picositas,2024-05,28.00,0.926,999
Huevo Estrellado Medio (2 pzas.),Enchiladas Picositas,2024-06,28.00,0.927,999
Huevo Estrellado Medio (2 pzas.),Enchiladas Picositas,2024-07,28.00,0.927,999
Huevo Estrellado Medio (2 pzas.),Enchiladas Picositas,2024-08,32.00,0.942,999
Huevo Estrellado Medio (2 pzas.),Enchiladas Picositas,2024-09,32.00,0.982,999
Huevo Estrellado Medio (2 pzas.),Enchiladas Picositas,2024-10,32.00,0.938,999
Huevo Estrellado Medio (2 pzas.),Enchiladas Picositas,2024-11,32.00,0.896,999
Huevo Estrellado Medio (2 pzas.),Enchiladas Picositas,2024-12,32.00,0.923,999
Huevo Estrellado Medio (2 pzas.),Enchiladas Picositas,2025-01,32.00,0.897,999
Huevo Estrellado Medio (2 pzas.),Enchiladas Picositas,2025-02,32.00,0.897,999
Huevo Estrellado Medio (2 pzas.),Enchiladas Picositas,2025-03,35.00,0.875,999
Huevo Estrellado Medio (2 pzas.),Enchiladas Picositas,2025-04,35.00,0.930,999
Huevo Estrellado Medio (2 pzas.),Enchiladas Picositas,2025-05,35.00,0.976,999
Huevo Estrellado Medio (2 pzas.),Enchiladas Picositas,2025-06,35.00,0.929,999
Huevo Estrellado Medio (2 pzas.),Enchiladas Picositas,2025-07,35.00,0.956,999
Huevo Estrellado Medio (2 pzas.),Enchiladas Picositas,2025-08,35.00,1.000,999
Huevo Estrellado Medio (2 pzas.),Enchiladas Picositas,2025-09,35.00,1.000,999
Huevo Estrellado Medio (2 pzas.),Enchiladas Picositas,2025-10,35.00,1.000,999
Huevo Estrellado Medio (2 pzas.),Enchiladas Picositas,2025-11,35.00,0.897,999
Huevo Estrellado Medio (2 pzas.),Enchiladas Picositas,2025-12,35.00,1.000,999
Huevo Estrellado Medio (2 pzas.),Enchiladas Picositas,2026-01,35.00,0.923,999
Huevo Estrellado Medio (2 pzas.),Enchiladas Picositas,2026-02,35.00,0.971,999
Huevo Estrellado Medio (2 pzas.),Enchiladas Picositas,2026-03,35.00,1.000,999
Huevo Estrellado Medio (2 pzas.),Enchiladas Picositas,2026-04,35.00,0.963,999
Huevo Estrellado Medio (2 pzas.),Enchiladas Picositas,2026-05,35.00,1.000,999
Huevo Estrellado Medio (2 pzas.),Enchiladas Picositas,2026-06,35.00,1.000,999
Huevo Estrellado Medio (2 pzas.),Enchiladas Picositas,2026-07,35.00,0.959,999
Huevo Estrellado Medio (2 pzas.),Enchiladas Picositas,2026-08,35.00,0.981,999
Huevo Estrellado Medio (2 pzas.),Enchiladas Picositas,2026-09,35.00,0.981,999
Huevo Estrellado Medio (2 pzas.),Enchiladas Rojas,2023-09,28.00,0.833,999
Huevo Estrellado Medio (2 pzas.),Enchiladas Rojas,2023-10,28.00,1.000,999
Huevo Estrellado Medio (2 pzas.),Enchiladas Rojas,2023-11,28.00,1.000,999
Huevo Estrellado Medio (2 pzas.),Enchiladas Rojas,2023-12,28.00,1.000,999
Huevo Estrellado Medio (2 pzas.),Enchiladas Rojas,2024-01,28.00,1.000,999
Huevo Estrellado Medio (2 pzas.),Enchiladas Rojas,2024-02,28.00,1.000,999
Huevo Estrellado Medio (2 pzas.),Enchiladas Rojas,2024-03,28.00,0.933,999
Huevo Estrellado Medio (2 pzas.),Enchiladas Rojas,2024-04,28.00,1.000,999
Huevo Estrellado Medio (2 pzas.),Enchiladas Rojas,2024-05,28.00,1.000,999
Huevo Estrellado Medio (2 pzas.),Enchiladas Rojas,2024-06,28.00,0.909,999
Huevo Estrellado Medio (2 pzas.),Enchiladas Rojas,2024-07,8.00,0.500,999
Huevo Estrellado Medio (2 pzas.),Enchiladas Rojas,2024-08,32.00,0.909,999
Huevo Estrellado Medio (2 pzas.),Enchiladas Rojas,2024-09,32.00,1.000,999
Huevo Estrellado Medio (2 pzas.),Enchiladas Rojas,2024-10,32.00,1.000,999
Huevo Estrellado Medio (2 pzas.),Enchiladas Rojas,2024-11,32.00,0.875,999
Huevo Estrellado Medio (2 pzas.),Enchiladas Rojas,2024-12,32.00,1.000,999
Huevo Estrellado Medio (2 pzas.),Enchiladas Rojas,2025-01,32.00,0.889,999
Huevo Estrellado Medio (2 pzas.),Enchiladas Rojas,2025-02,32.00,0.889,999
Huevo Estrellado Medio (2 pzas.),Enchiladas Rojas,2025-03,35.00,1.000,999
Huevo Estrellado Medio (2 pzas.),Enchiladas Rojas,2025-04,35.00,1.000,999
Huevo Estrellado Medio (2 pzas.),Enchiladas Rojas,2025-05,35.00,1.000,999
Huevo Estrellado Medio (2 pzas.),Enchiladas Rojas,2025-06,35.00,1.000,999
Huevo Estrellado Medio (2 pzas.),Enchiladas Rojas,2025-07,35.00,1.000,999
Huevo Estrellado Medio (2 pzas.),Enchiladas Rojas,2025-08,35.00,1.000,999
Huevo Estrellado Medio (2 pzas.),Enchiladas Rojas,2025-09,35.00,1.000,999
Huevo Estrellado Medio (2 pzas.),Enchiladas Rojas,2025-10,35.00,1.000,999
Huevo Estrellado Medio (2 pzas.),Enchiladas Rojas,2025-11,35.00,1.000,999
Huevo Estrellado Medio (2 pzas.),Enchiladas Rojas,2025-12,35.00,1.000,999
Huevo Estrellado Medio (2 pzas.),Enchiladas Rojas,2026-01,35.00,1.000,999
Huevo Estrellado Medio (2 pzas.),Enchiladas Rojas,2026-02,35.00,1.000,999
Huevo Estrellado Medio (2 pzas.),Enchiladas Rojas,2026-03,35.00,1.000,999
Huevo Estrellado Medio (2 pzas.),Enchiladas Rojas,2026-04,35.00,1.000,999
Huevo Estrellado Medio (2 pzas.),Enchiladas Rojas,2026-05,35.00,1.000,999
Huevo Estrellado Medio (2 pzas.),Enchiladas Rojas,2026-06,35.00,1.000,999
Huevo Estrellado Medio (2 pzas.),Enchiladas Rojas,2026-07,35.00,0.800,999
Huevo Estrellado Medio (2 pzas.),Enchiladas Rojas,2026-08,35.00,0.800,999
Huevo Estrellado Medio (2 pzas.),Enchiladas Rojas,2026-09,35.00,0.800,999
Huevo Estrellado Medio (2 pzas.),Encremadas,2023-09,28.00,0.654,999
Huevo Estrellado Medio (2 pzas.),Encremadas,2023-10,28.00,0.905,999
Huevo Estrellado Medio (2 pzas.),Encremadas,2023-11,28.00,0.917,999
Huevo Estrellado Medio (2 pzas.),Encremadas,2023-12,28.00,0.911,999
Huevo Estrellado Medio (2 pzas.),Encremadas,2024-01,28.00,0.891,999
Huevo Estrellado Medio (2 pzas.),Encremadas,2024-02,28.00,0.974,999
Huevo Estrellado Medio (2 pzas.),Encremadas,2024-03,28.00,0.922,999
Huevo Estrellado Medio (2 pzas.),Encremadas,2024-04,28.00,0.921,999
Huevo Estrellado Medio (2 pzas.),Encremadas,2024-05,28.00,0.926,999
Huevo Estrellado Medio (2 pzas.),Encremadas,2024-06,28.00,0.927,999
Huevo Estrellado Medio (2 pzas.),Encremadas,2024-07,28.00,0.927,999
Huevo Estrellado Medio (2 pzas.),Encremadas,2024-08,32.00,0.942,999
Huevo Estrellado Medio (2 pzas.),Encremadas,2024-09,32.00,0.982,999
Huevo Estrellado Medio (2 pzas.),Encremadas,2024-10,32.00,0.938,999
Huevo Estrellado Medio (2 pzas.),Encremadas,2024-11,32.00,0.896,999
Huevo Estrellado Medio (2 pzas.),Encremadas,2024-12,32.00,0.923,999
Huevo Estrellado Medio (2 pzas.),Encremadas,2025-01,32.00,0.897,999
Huevo Estrellado Medio (2 pzas.),Encremadas,2025-02,32.00,0.897,999
Huevo Estrellado Medio (2 pzas.),Encremadas,2025-03,35.00,0.875,999
Huevo Estrellado Medio (2 pzas.),Encremadas,2025-04,35.00,0.930,999
Huevo Estrellado Medio (2 pzas.),Encremadas,2025-05,35.00,0.976,999
Huevo Estrellado Medio (2 pzas.),Encremadas,2025-06,35.00,0.929,999
Huevo Estrellado Medio (2 pzas.),Encremadas,2025-07,35.00,0.956,999
Huevo Estrellado Medio (2 pzas.),Encremadas,2025-08,35.00,1.000,999
Huevo Estrellado Medio (2 pzas.),Encremadas,2025-09,35.00,1.000,999
Huevo Estrellado Medio (2 pzas.),Encremadas,2025-10,35.00,1.000,999
Huevo Estrellado Medio (2 pzas.),Encremadas,2025-11,35.00,0.897,999
Huevo Estrellado Medio (2 pzas.),Encremadas,2025-12,35.00,1.000,999
Huevo Estrellado Medio (2 pzas.),Encremadas,2026-01,35.00,0.923,999
Huevo Estrellado Medio (2 pzas.),Encremadas,2026-02,35.00,0.971,999
Huevo Estrellado Medio (2 pzas.),Encremadas,2026-03,35.00,1.000,999
Huevo Estrellado Medio (2 pzas.),Encremadas,2026-04,35.00,0.963,999
Huevo Estrellado Medio (2 pzas.),Encremadas,2026-05,35.00,1.000,999
Huevo Estrellado Medio (2 pzas.),Encremadas,2026-06,35.00,1.000,999
Huevo Estrellado Medio (2 pzas.),Encremadas,2026-07,35.00,0.959,999
Huevo Estrellado Medio (2 pzas.),Encremadas,2026-08,35.00,0.981,999
Huevo Estrellado Medio (2 pzas.),Encremadas,2026-09,35.00,0.981,999
Huevo Estrellado Medio (2 pzas.),Enfrijoladas,2023-09,28.00,0.654,999
Huevo Estrellado Medio (2 pzas.),Enfrijoladas,2023-10,28.00,0.905,999
Huevo Estrellado Medio (2 pzas.),Enfrijoladas,2023-11,28.00,0.917,999
Huevo Estrellado Medio (2 pzas.),Enfrijoladas,2023-12,28.00,0.911,999
Huevo Estrellado Medio (2 pzas.),Enfrijoladas,2024-01,28.00,0.891,999
Huevo Estrellado Medio (2 pzas.),Enfrijoladas,2024-02,28.00,0.974,999
Huevo Estrellado Medio (2 pzas.),Enfrijoladas,2024-03,28.00,0.922,999
Huevo Estrellado Medio (2 pzas.),Enfrijoladas,2024-04,28.00,0.921,999
Huevo Estrellado Medio (2 pzas.),Enfrijoladas,2024-05,28.00,0.926,999
Huevo Estrellado Medio (2 pzas.),Enfrijoladas,2024-06,28.00,0.927,999
Huevo Estrellado Medio (2 pzas.),Enfrijoladas,2024-07,28.00,0.927,999
Huevo Estrellado Medio (2 pzas.),Enfrijoladas,2024-08,32.00,0.942,999
Huevo Estrellado Medio (2 pzas.),Enfrijoladas,2024-09,32.00,0.982,999
Huevo Estrellado Medio (2 pzas.),Enfrijoladas,2024-10,32.00,0.938,999
Huevo Estrellado Medio (2 pzas.),Enfrijoladas,2024-11,32.00,0.896,999
Huevo Estrellado Medio (2 pzas.),Enfrijoladas,2024-12,32.00,0.923,999
Huevo Estrellado Medio (2 pzas.),Enfrijoladas,2025-01,32.00,0.897,999
Huevo Estrellado Medio (2 pzas.),Enfrijoladas,2025-02,32.00,0.897,999
Huevo Estrellado Medio (2 pzas.),Enfrijoladas,2025-03,35.00,0.875,999
Huevo Estrellado Medio (2 pzas.),Enfrijoladas,2025-04,35.00,0.930,999
Huevo Estrellado Medio (2 pzas.),Enfrijoladas,2025-05,35.00,0.976,999
Huevo Estrellado Medio (2 pzas.),Enfrijoladas,2025-06,35.00,0.929,999
Huevo Estrellado Medio (2 pzas.),Enfrijoladas,2025-07,35.00,0.956,999
Huevo Estrellado Medio (2 pzas.),Enfrijoladas,2025-08,35.00,1.000,999
Huevo Estrellado Medio (2 pzas.),Enfrijoladas,2025-09,35.00,1.000,999
Huevo Estrellado Medio (2 pzas.),Enfrijoladas,2025-10,35.00,1.000,999
Huevo Estrellado Medio (2 pzas.),Enfrijoladas,2025-11,35.00,0.897,999
Huevo Estrellado Medio (2 pzas.),Enfrijoladas,2025-12,35.00,1.000,999
Huevo Estrellado Medio (2 pzas.),Enfrijoladas,2026-01,35.00,0.923,999
Huevo Estrellado Medio (2 pzas.),Enfrijoladas,2026-02,35.00,0.971,999
Huevo Estrellado Medio (2 pzas.),Enfrijoladas,2026-03,35.00,1.000,999
Huevo Estrellado Medio (2 pzas.),Enfrijoladas,2026-04,35.00,0.963,999
Huevo Estrellado Medio (2 pzas.),Enfrijoladas,2026-05,35.00,1.000,999
Huevo Estrellado Medio (2 pzas.),Enfrijoladas,2026-06,35.00,1.000,999
Huevo Estrellado Medio (2 pzas.),Enfrijoladas,2026-07,35.00,0.959,999
Huevo Estrellado Medio (2 pzas.),Enfrijoladas,2026-08,35.00,0.981,999
Huevo Estrellado Medio (2 pzas.),Enfrijoladas,2026-09,35.00,0.981,999
Huevo Estrellado Medio (2 pzas.),Enmoladas,2023-09,28.00,0.654,999
Huevo Estrellado Medio (2 pzas.),Enmoladas,2023-10,28.00,0.905,999
Huevo Estrellado Medio (2 pzas.),Enmoladas,2023-11,28.00,0.917,999
Huevo Estrellado Medio (2 pzas.),Enmoladas,2023-12,28.00,0.911,999
Huevo Estrellado Medio (2 pzas.),Enmoladas,2024-01,28.00,0.891,999
Huevo Estrellado Medio (2 pzas.),Enmoladas,2024-02,28.00,0.974,999
Huevo Estrellado Medio (2 pzas.),Enmoladas,2024-03,28.00,0.922,999
Huevo Estrellado Medio (2 pzas.),Enmoladas,2024-04,28.00,0.921,999
Huevo Estrellado Medio (2 pzas.),Enmoladas,2024-05,28.00,0.926,999
Huevo Estrellado Medio (2 pzas.),Enmoladas,2024-06,28.00,0.927,999
Huevo Estrellado Medio (2 pzas.),Enmoladas,2024-07,28.00,0.927,999
Huevo Estrellado Medio (2 pzas.),Enmoladas,2024-08,32.00,0.942,999
Huevo Estrellado Medio (2 pzas.),Enmoladas,2024-09,32.00,0.982,999
Huevo Estrellado Medio (2 pzas.),Enmoladas,2024-10,32.00,0.938,999
Huevo Estrellado Medio (2 pzas.),Enmoladas,2024-11,32.00,0.896,999
Huevo Estrellado Medio (2 pzas.),Enmoladas,2024-12,32.00,0.923,999
Huevo Estrellado Medio (2 pzas.),Enmoladas,2025-01,32.00,0.897,999
Huevo Estrellado Medio (2 pzas.),Enmoladas,2025-02,32.00,0.897,999
Huevo Estrellado Medio (2 pzas.),Enmoladas,2025-03,35.00,0.875,999
Huevo Estrellado Medio (2 pzas.),Enmoladas,2025-04,35.00,0.930,999
Huevo Estrellado Medio (2 pzas.),Enmoladas,2025-05,35.00,0.976,999
Huevo Estrellado Medio (2 pzas.),Enmoladas,2025-06,35.00,0.929,999
Huevo Estrellado Medio (2 pzas.),Enmoladas,2025-07,35.00,0.956,999
Huevo Estrellado Medio (2 pzas.),Enmoladas,2025-08,35.00,1.000,999
Huevo Estrellado Medio (2 pzas.),Enmoladas,2025-09,35.00,1.000,999
Huevo Estrellado Medio (2 pzas.),Enmoladas,2025-10,35.00,1.000,999
Huevo Estrellado Medio (2 pzas.),Enmoladas,2025-11,35.00,0.897,999
Huevo Estrellado Medio (2 pzas.),Enmoladas,2025-12,35.00,1.000,999
Huevo Estrellado Medio (2 pzas.),Enmoladas,2026-01,35.00,0.923,999
Huevo Estrellado Medio (2 pzas.),Enmoladas,2026-02,35.00,0.971,999
Huevo Estrellado Medio (2 pzas.),Enmoladas,2026-03,35.00,1.000,999
Huevo Estrellado Medio (2 pzas.),Enmoladas,2026-04,35.00,0.963,999
Huevo Estrellado Medio (2 pzas.),Enmoladas,2026-05,35.00,1.000,999
Huevo Estrellado Medio (2 pzas.),Enmoladas,2026-06,35.00,1.000,999
Huevo Estrellado Medio (2 pzas.),Enmoladas,2026-07,35.00,0.959,999
Huevo Estrellado Medio (2 pzas.),Enmoladas,2026-08,35.00,0.981,999
Huevo Estrellado Medio (2 pzas.),Enmoladas,2026-09,35.00,0.981,999
Huevo Estrellado Medio (2 pzas.),Entomatadas,2023-09,28.00,0.654,999
Huevo Estrellado Medio (2 pzas.),Entomatadas,2023-10,28.00,0.905,999
Huevo Estrellado Medio (2 pzas.),Entomatadas,2023-11,28.00,0.917,999
Huevo Estrellado Medio (2 pzas.),Entomatadas,2023-12,28.00,0.911,999
Huevo Estrellado Medio (2 pzas.),Entomatadas,2024-01,28.00,0.891,999
Huevo Estrellado Medio (2 pzas.),Entomatadas,2024-02,28.00,1.000,999
Huevo Estrellado Medio (2 pzas.),Entomatadas,2024-03,28.00,0.833,999
Huevo Estrellado Medio (2 pzas.),Entomatadas,2024-04,28.00,0.833,999
Huevo Estrellado Medio (2 pzas.),Entomatadas,2024-05,28.00,0.667,999
Huevo Estrellado Medio (2 pzas.),Entomatadas,2024-06,28.00,0.800,999
Huevo Estrellado Medio (2 pzas.),Entomatadas,2024-07,28.00,0.800,999
Huevo Estrellado Medio (2 pzas.),Entomatadas,2024-08,28.00,0.800,999
Huevo Estrellado Medio (2 pzas.),Entomatadas,2024-09,32.00,1.000,999
Huevo Estrellado Medio (2 pzas.),Entomatadas,2024-10,32.00,1.000,999
Huevo Estrellado Medio (2 pzas.),Entomatadas,2024-11,32.00,0.667,999
Huevo Estrellado Medio (2 pzas.),Entomatadas,2024-12,32.00,0.667,999
Huevo Estrellado Medio (2 pzas.),Entomatadas,2025-01,32.00,0.667,999
Huevo Estrellado Medio (2 pzas.),Entomatadas,2025-02,32.00,0.667,999
Huevo Estrellado Medio (2 pzas.),Entomatadas,2025-03,32.00,0.667,999
Huevo Estrellado Medio (2 pzas.),Entomatadas,2025-04,35.00,0.667,999
Huevo Estrellado Medio (2 pzas.),Entomatadas,2025-05,35.00,0.667,999
Huevo Estrellado Medio (2 pzas.),Entomatadas,2025-06,35.00,0.667,999
Huevo Estrellado Medio (2 pzas.),Entomatadas,2025-07,35.00,1.000,999
Huevo Estrellado Medio (2 pzas.),Entomatadas,2025-08,35.00,1.000,999
Huevo Estrellado Medio (2 pzas.),Entomatadas,2025-09,35.00,1.000,999
Huevo Estrellado Medio (2 pzas.),Entomatadas,2025-10,35.00,1.000,999
Huevo Estrellado Medio (2 pzas.),Entomatadas,2025-11,35.00,1.000,999
Huevo Estrellado Medio (2 pzas.),Entomatadas,2025-12,35.00,1.000,999
Huevo Estrellado Medio (2 pzas.),Entomatadas,2026-01,35.00,1.000,999
Huevo Estrellado Medio (2 pzas.),Entomatadas,2026-02,35.00,1.000,999
Huevo Estrellado Medio (2 pzas.),Entomatadas,2026-03,35.00,1.000,999
Huevo Estrellado Medio (2 pzas.),Entomatadas,2026-04,35.00,1.000,999
Huevo Estrellado Medio (2 pzas.),Entomatadas,2026-05,35.00,1.000,999
Huevo Estrellado Medio (2 pzas.),Entomatadas,2026-06,35.00,1.000,999
Huevo Estrellado Medio (2 pzas.),Entomatadas,2026-07,35.00,0.959,999
Huevo Estrellado Medio (2 pzas.),Entomatadas,2026-08,35.00,1.000,999
Huevo Estrellado Medio (2 pzas.),Entomatadas,2026-09,35.00,1.000,999
Huevo Estrellado Medio (2 pzas.),Quesadillas (4 pzas.),2023-09,28.00,0.654,999
Huevo Estrellado Medio (2 pzas.),Quesadillas (4 pzas.),2023-10,28.00,0.905,999
Huevo Estrellado Medio (2 pzas.),Quesadillas (4 pzas.),2023-11,28.00,0.917,999
Huevo Estrellado Medio (2 pzas.),Quesadillas (4 pzas.),2023-12,28.00,0.911,999
Huevo Estrellado Medio (2 pzas.),Quesadillas (4 pzas.),2024-01,28.00,0.891,999
Huevo Estrellado Medio (2 pzas.),Quesadillas (4 pzas.),2024-02,28.00,0.974,999
Huevo Estrellado Medio (2 pzas.),Quesadillas (4 pzas.),2024-03,28.00,0.922,999
Huevo Estrellado Medio (2 pzas.),Quesadillas (4 pzas.),2024-04,28.00,0.921,999
Huevo Estrellado Medio (2 pzas.),Quesadillas (4 pzas.),2024-05,28.00,0.926,999
Huevo Estrellado Medio (2 pzas.),Quesadillas (4 pzas.),2024-06,28.00,0.927,999
Huevo Estrellado Medio (2 pzas.),Quesadillas (4 pzas.),2024-07,28.00,0.927,999
Huevo Estrellado Medio (2 pzas.),Quesadillas (4 pzas.),2024-08,32.00,0.942,999
Huevo Estrellado Medio (2 pzas.),Quesadillas (4 pzas.),2024-09,32.00,0.982,999
Huevo Estrellado Medio (2 pzas.),Quesadillas (4 pzas.),2024-10,32.00,0.938,999
Huevo Estrellado Medio (2 pzas.),Quesadillas (4 pzas.),2024-11,32.00,0.896,999
Huevo Estrellado Medio (2 pzas.),Quesadillas (4 pzas.),2024-12,32.00,0.923,999
Huevo Estrellado Medio (2 pzas.),Quesadillas (4 pzas.),2025-01,32.00,0.897,999
Huevo Estrellado Medio (2 pzas.),Quesadillas (4 pzas.),2025-02,32.00,0.897,999
Huevo Estrellado Medio (2 pzas.),Quesadillas (4 pzas.),2025-03,35.00,0.875,999
Huevo Estrellado Medio (2 pzas.),Quesadillas (4 pzas.),2025-04,35.00,0.930,999
Huevo Estrellado Medio (2 pzas.),Quesadillas (4 pzas.),2025-05,35.00,0.976,999
Huevo Estrellado Medio (2 pzas.),Quesadillas (4 pzas.),2025-06,35.00,0.929,999
Huevo Estrellado Medio (2 pzas.),Quesadillas (4 pzas.),2025-07,35.00,0.956,999
Huevo Estrellado Medio (2 pzas.),Quesadillas (4 pzas.),2025-08,35.00,1.000,999
Huevo Estrellado Medio (2 pzas.),Quesadillas (4 pzas.),2025-09,35.00,1.000,999
Huevo Estrellado Medio (2 pzas.),Quesadillas (4 pzas.),2025-10,35.00,1.000,999
Huevo Estrellado Medio (2 pzas.),Quesadillas (4 pzas.),2025-11,35.00,0.897,999
Huevo Estrellado Medio (2 pzas.),Quesadillas (4 pzas.),2025-12,35.00,1.000,999
Huevo Estrellado Medio (2 pzas.),Quesadillas (4 pzas.),2026-01,35.00,0.923,999
Huevo Estrellado Medio (2 pzas.),Quesadillas (4 pzas.),2026-02,35.00,0.971,999
Huevo Estrellado Medio (2 pzas.),Quesadillas (4 pzas.),2026-03,35.00,1.000,999
Huevo Estrellado Medio (2 pzas.),Quesadillas (4 pzas.),2026-04,35.00,0.963,999
Huevo Estrellado Medio (2 pzas.),Quesadillas (4 pzas.),2026-05,35.00,1.000,999
Huevo Estrellado Medio (2 pzas.),Quesadillas (4 pzas.),2026-06,35.00,1.000,999
Huevo Estrellado Medio (2 pzas.),Quesadillas (4 pzas.),2026-07,35.00,0.959,999
Huevo Estrellado Medio (2 pzas.),Quesadillas (4 pzas.),2026-08,35.00,0.981,999
Huevo Estrellado Medio (2 pzas.),Quesadillas (4 pzas.),2026-09,35.00,0.981,999
Huevo Estrellado Tierno (2 pzas.),1/2 Empanadas (2 pzas.),2023-12,28.00,1.000,999
Huevo Estrellado Tierno (2 pzas.),1/2 Empanadas (2 pzas.),2024-01,28.00,1.000,999
Huevo Estrellado Tierno (2 pzas.),1/2 Empanadas (2 pzas.),2024-02,28.00,0.974,999
Huevo Estrellado Tierno (2 pzas.),1/2 Empanadas (2 pzas.),2024-03,28.00,0.862,999
Huevo Estrellado Tierno (2 pzas.),1/2 Empanadas (2 pzas.),2024-04,28.00,0.960,999
Huevo Estrellado Tierno (2 pzas.),1/2 Empanadas (2 pzas.),2024-05,28.00,0.808,999
Huevo Estrellado Tierno (2 pzas.),1/2 Empanadas (2 pzas.),2024-06,28.00,0.867,999
Huevo Estrellado Tierno (2 pzas.),1/2 Empanadas (2 pzas.),2024-07,28.00,0.867,999
Huevo Estrellado Tierno (2 pzas.),1/2 Empanadas (2 pzas.),2024-08,32.00,1.000,999
Huevo Estrellado Tierno (2 pzas.),1/2 Empanadas (2 pzas.),2024-09,32.00,0.750,999
Huevo Estrellado Tierno (2 pzas.),1/2 Empanadas (2 pzas.),2024-10,32.00,0.889,999
Huevo Estrellado Tierno (2 pzas.),1/2 Empanadas (2 pzas.),2024-11,32.00,0.875,999
Huevo Estrellado Tierno (2 pzas.),1/2 Empanadas (2 pzas.),2024-12,32.00,0.957,999
Huevo Estrellado Tierno (2 pzas.),1/2 Empanadas (2 pzas.),2025-01,32.00,0.935,999
Huevo Estrellado Tierno (2 pzas.),1/2 Empanadas (2 pzas.),2025-02,32.00,0.935,999
Huevo Estrellado Tierno (2 pzas.),1/2 Empanadas (2 pzas.),2025-03,35.00,0.889,999
Huevo Estrellado Tierno (2 pzas.),1/2 Empanadas (2 pzas.),2025-04,35.00,0.964,999
Huevo Estrellado Tierno (2 pzas.),1/2 Empanadas (2 pzas.),2025-05,35.00,0.964,999
Huevo Estrellado Tierno (2 pzas.),1/2 Empanadas (2 pzas.),2025-06,35.00,0.914,999
Huevo Estrellado Tierno (2 pzas.),1/2 Empanadas (2 pzas.),2025-07,35.00,0.950,999
Huevo Estrellado Tierno (2 pzas.),1/2 Empanadas (2 pzas.),2025-08,35.00,0.912,999
Huevo Estrellado Tierno (2 pzas.),1/2 Empanadas (2 pzas.),2025-09,35.00,0.953,999
Huevo Estrellado Tierno (2 pzas.),1/2 Empanadas (2 pzas.),2025-10,35.00,0.907,999
Huevo Estrellado Tierno (2 pzas.),1/2 Empanadas (2 pzas.),2025-11,35.00,0.895,999
Huevo Estrellado Tierno (2 pzas.),1/2 Empanadas (2 pzas.),2025-12,35.00,0.971,999
Huevo Estrellado Tierno (2 pzas.),1/2 Empanadas (2 pzas.),2026-01,35.00,0.938,999
Huevo Estrellado Tierno (2 pzas.),1/2 Empanadas (2 pzas.),2026-02,35.00,0.929,999
Huevo Estrellado Tierno (2 pzas.),1/2 Empanadas (2 pzas.),2026-03,35.00,0.970,999
Huevo Estrellado Tierno (2 pzas.),1/2 Empanadas (2 pzas.),2026-04,35.00,1.000,999
Huevo Estrellado Tierno (2 pzas.),1/2 Empanadas (2 pzas.),2026-05,35.00,0.939,999
Huevo Estrellado Tierno (2 pzas.),1/2 Empanadas (2 pzas.),2026-06,35.00,0.966,999
Huevo Estrellado Tierno (2 pzas.),1/2 Empanadas (2 pzas.),2026-07,35.00,0.952,999
Huevo Estrellado Tierno (2 pzas.),1/2 Empanadas (2 pzas.),2026-08,35.00,1.000,999
Huevo Estrellado Tierno (2 pzas.),1/2 Empanadas (2 pzas.),2026-09,35.00,1.000,999
Huevo Estrellado Tierno (2 pzas.),1/2 Enchiladas Mixtas (4 Piezas),2023-12,28.00,1.000,999
Huevo Estrellado Tierno (2 pzas.),1/2 Enchiladas Mixtas (4 Piezas),2024-01,28.00,1.000,999
Huevo Estrellado Tierno (2 pzas.),1/2 Enchiladas Mixtas (4 Piezas),2024-02,28.00,0.974,999
Huevo Estrellado Tierno (2 pzas.),1/2 Enchiladas Mixtas (4 Piezas),2024-03,28.00,0.862,999
Huevo Estrellado Tierno (2 pzas.),1/2 Enchiladas Mixtas (4 Piezas),2024-04,28.00,0.960,999
Huevo Estrellado Tierno (2 pzas.),1/2 Enchiladas Mixtas (4 Piezas),2024-05,28.00,0.808,999
Huevo Estrellado Tierno (2 pzas.),1/2 Enchiladas Mixtas (4 Piezas),2024-06,28.00,0.867,999
Huevo Estrellado Tierno (2 pzas.),1/2 Enchiladas Mixtas (4 Piezas),2024-07,28.00,0.867,999
Huevo Estrellado Tierno (2 pzas.),1/2 Enchiladas Mixtas (4 Piezas),2024-08,32.00,1.000,999
Huevo Estrellado Tierno (2 pzas.),1/2 Enchiladas Mixtas (4 Piezas),2024-09,32.00,0.750,999
Huevo Estrellado Tierno (2 pzas.),1/2 Enchiladas Mixtas (4 Piezas),2024-10,32.00,0.889,999
Huevo Estrellado Tierno (2 pzas.),1/2 Enchiladas Mixtas (4 Piezas),2024-11,32.00,0.875,999
Huevo Estrellado Tierno (2 pzas.),1/2 Enchiladas Mixtas (4 Piezas),2024-12,32.00,0.957,999
Huevo Estrellado Tierno (2 pzas.),1/2 Enchiladas Mixtas (4 Piezas),2025-01,32.00,0.935,999
Huevo Estrellado Tierno (2 pzas.),1/2 Enchiladas Mixtas (4 Piezas),2025-02,32.00,0.935,999
Huevo Estrellado Tierno (2 pzas.),1/2 Enchiladas Mixtas (4 Piezas),2025-03,35.00,0.889,999
Huevo Estrellado Tierno (2 pzas.),1/2 Enchiladas Mixtas (4 Piezas),2025-04,35.00,0.964,999
Huevo Estrellado Tierno (2 pzas.),1/2 Enchiladas Mixtas (4 Piezas),2025-05,35.00,0.964,999
Huevo Estrellado Tierno (2 pzas.),1/2 Enchiladas Mixtas (4 Piezas),2025-06,35.00,0.914,999
Huevo Estrellado Tierno (2 pzas.),1/2 Enchiladas Mixtas (4 Piezas),2025-07,35.00,0.950,999
Huevo Estrellado Tierno (2 pzas.),1/2 Enchiladas Mixtas (4 Piezas),2025-08,35.00,0.912,999
Huevo Estrellado Tierno (2 pzas.),1/2 Enchiladas Mixtas (4 Piezas),2025-09,35.00,0.953,999
Huevo Estrellado Tierno (2 pzas.),1/2 Enchiladas Mixtas (4 Piezas),2025-10,35.00,0.907,999
Huevo Estrellado Tierno (2 pzas.),1/2 Enchiladas Mixtas (4 Piezas),2025-11,35.00,0.895,999
Huevo Estrellado Tierno (2 pzas.),1/2 Enchiladas Mixtas (4 Piezas),2025-12,35.00,0.971,999
Huevo Estrellado Tierno (2 pzas.),1/2 Enchiladas Mixtas (4 Piezas),2026-01,35.00,0.938,999
Huevo Estrellado Tierno (2 pzas.),1/2 Enchiladas Mixtas (4 Piezas),2026-02,35.00,0.929,999
Huevo Estrellado Tierno (2 pzas.),1/2 Enchiladas Mixtas (4 Piezas),2026-03,35.00,0.970,999
Huevo Estrellado Tierno (2 pzas.),1/2 Enchiladas Mixtas (4 Piezas),2026-04,35.00,1.000,999
Huevo Estrellado Tierno (2 pzas.),1/2 Enchiladas Mixtas (4 Piezas),2026-05,35.00,0.939,999
Huevo Estrellado Tierno (2 pzas.),1/2 Enchiladas Mixtas (4 Piezas),2026-06,35.00,0.966,999
Huevo Estrellado Tierno (2 pzas.),1/2 Enchiladas Mixtas (4 Piezas),2026-07,35.00,0.952,999
Huevo Estrellado Tierno (2 pzas.),1/2 Enchiladas Mixtas (4 Piezas),2026-08,35.00,1.000,999
Huevo Estrellado Tierno (2 pzas.),1/2 Enchiladas Mixtas (4 Piezas),2026-09,35.00,1.000,999
Huevo Estrellado Tierno (2 pzas.),1/2 Enchiladas Picositas,2023-12,28.00,1.000,999
Huevo Estrellado Tierno (2 pzas.),1/2 Enchiladas Picositas,2024-01,28.00,1.000,999
Huevo Estrellado Tierno (2 pzas.),1/2 Enchiladas Picositas,2024-02,28.00,1.000,999
Huevo Estrellado Tierno (2 pzas.),1/2 Enchiladas Picositas,2024-03,28.00,1.000,999
Huevo Estrellado Tierno (2 pzas.),1/2 Enchiladas Picositas,2024-04,28.00,1.000,999
Huevo Estrellado Tierno (2 pzas.),1/2 Enchiladas Picositas,2024-05,28.00,1.000,999
Huevo Estrellado Tierno (2 pzas.),1/2 Enchiladas Picositas,2024-06,28.00,1.000,999
Huevo Estrellado Tierno (2 pzas.),1/2 Enchiladas Picositas,2024-07,28.00,1.000,999
Huevo Estrellado Tierno (2 pzas.),1/2 Enchiladas Picositas,2024-08,28.00,1.000,999
Huevo Estrellado Tierno (2 pzas.),1/2 Enchiladas Picositas,2024-09,32.00,0.750,999
Huevo Estrellado Tierno (2 pzas.),1/2 Enchiladas Picositas,2024-10,32.00,0.889,999
Huevo Estrellado Tierno (2 pzas.),1/2 Enchiladas Picositas,2024-11,32.00,0.875,999
Huevo Estrellado Tierno (2 pzas.),1/2 Enchiladas Picositas,2024-12,32.00,0.957,999
Huevo Estrellado Tierno (2 pzas.),1/2 Enchiladas Picositas,2025-01,32.00,0.935,999
Huevo Estrellado Tierno (2 pzas.),1/2 Enchiladas Picositas,2025-02,32.00,0.935,999
Huevo Estrellado Tierno (2 pzas.),1/2 Enchiladas Picositas,2025-03,35.00,0.889,999
Huevo Estrellado Tierno (2 pzas.),1/2 Enchiladas Picositas,2025-04,35.00,0.964,999
Huevo Estrellado Tierno (2 pzas.),1/2 Enchiladas Picositas,2025-05,35.00,0.964,999
Huevo Estrellado Tierno (2 pzas.),1/2 Enchiladas Picositas,2025-06,35.00,0.914,999
Huevo Estrellado Tierno (2 pzas.),1/2 Enchiladas Picositas,2025-07,35.00,0.950,999
Huevo Estrellado Tierno (2 pzas.),1/2 Enchiladas Picositas,2025-08,35.00,0.912,999
Huevo Estrellado Tierno (2 pzas.),1/2 Enchiladas Picositas,2025-09,35.00,0.953,999
Huevo Estrellado Tierno (2 pzas.),1/2 Enchiladas Picositas,2025-10,35.00,0.907,999
Huevo Estrellado Tierno (2 pzas.),1/2 Enchiladas Picositas,2025-11,35.00,0.895,999
Huevo Estrellado Tierno (2 pzas.),1/2 Enchiladas Picositas,2025-12,35.00,0.971,999
Huevo Estrellado Tierno (2 pzas.),1/2 Enchiladas Picositas,2026-01,35.00,0.938,999
Huevo Estrellado Tierno (2 pzas.),1/2 Enchiladas Picositas,2026-02,35.00,0.929,999
Huevo Estrellado Tierno (2 pzas.),1/2 Enchiladas Picositas,2026-03,35.00,0.970,999
Huevo Estrellado Tierno (2 pzas.),1/2 Enchiladas Picositas,2026-04,35.00,1.000,999
Huevo Estrellado Tierno (2 pzas.),1/2 Enchiladas Picositas,2026-05,35.00,0.939,999
Huevo Estrellado Tierno (2 pzas.),1/2 Enchiladas Picositas,2026-06,35.00,0.966,999
Huevo Estrellado Tierno (2 pzas.),1/2 Enchiladas Picositas,2026-07,35.00,0.952,999
Huevo Estrellado Tierno (2 pzas.),1/2 Enchiladas Picositas,2026-08,35.00,1.000,999
Huevo Estrellado Tierno (2 pzas.),1/2 Enchiladas Picositas,2026-09,35.00,1.000,999
Huevo Estrellado Tierno (2 pzas.),1/2 Enchiladas Rojas,2023-12,28.00,1.000,999
Huevo Estrellado Tierno (2 pzas.),1/2 Enchiladas Rojas,2024-01,28.00,1.000,999
Huevo Estrellado Tierno (2 pzas.),1/2 Enchiladas Rojas,2024-02,28.00,1.000,999
Huevo Estrellado Tierno (2 pzas.),1/2 Enchiladas Rojas,2024-03,28.00,1.000,999
Huevo Estrellado Tierno (2 pzas.),1/2 Enchiladas Rojas,2024-04,28.00,1.000,999
Huevo Estrellado Tierno (2 pzas.),1/2 Enchiladas Rojas,2024-05,28.00,1.000,999
Huevo Estrellado Tierno (2 pzas.),1/2 Enchiladas Rojas,2024-06,28.00,1.000,999
Huevo Estrellado Tierno (2 pzas.),1/2 Enchiladas Rojas,2024-07,28.00,1.000,999
Huevo Estrellado Tierno (2 pzas.),1/2 Enchiladas Rojas,2024-08,32.00,1.000,999
Huevo Estrellado Tierno (2 pzas.),1/2 Enchiladas Rojas,2024-09,32.00,1.000,999
Huevo Estrellado Tierno (2 pzas.),1/2 Enchiladas Rojas,2024-10,32.00,1.000,999
Huevo Estrellado Tierno (2 pzas.),1/2 Enchiladas Rojas,2024-11,32.00,1.000,999
Huevo Estrellado Tierno (2 pzas.),1/2 Enchiladas Rojas,2024-12,32.00,1.000,999
Huevo Estrellado Tierno (2 pzas.),1/2 Enchiladas Rojas,2025-01,32.00,1.000,999
Huevo Estrellado Tierno (2 pzas.),1/2 Enchiladas Rojas,2025-02,32.00,1.000,999
Huevo Estrellado Tierno (2 pzas.),1/2 Enchiladas Rojas,2025-03,35.00,1.000,999
Huevo Estrellado Tierno (2 pzas.),1/2 Enchiladas Rojas,2025-04,35.00,1.000,999
Huevo Estrellado Tierno (2 pzas.),1/2 Enchiladas Rojas,2025-05,35.00,1.000,999
Huevo Estrellado Tierno (2 pzas.),1/2 Enchiladas Rojas,2025-06,35.00,1.000,999
Huevo Estrellado Tierno (2 pzas.),1/2 Enchiladas Rojas,2025-07,35.00,1.000,999
Huevo Estrellado Tierno (2 pzas.),1/2 Enchiladas Rojas,2025-08,35.00,1.000,999
Huevo Estrellado Tierno (2 pzas.),1/2 Enchiladas Rojas,2025-09,35.00,1.000,999
Huevo Estrellado Tierno (2 pzas.),1/2 Enchiladas Rojas,2025-10,35.00,1.000,999
Huevo Estrellado Tierno (2 pzas.),1/2 Enchiladas Rojas,2025-11,35.00,1.000,999
Huevo Estrellado Tierno (2 pzas.),1/2 Enchiladas Rojas,2025-12,35.00,1.000,999
Huevo Estrellado Tierno (2 pzas.),1/2 Enchiladas Rojas,2026-01,35.00,1.000,999
Huevo Estrellado Tierno (2 pzas.),1/2 Enchiladas Rojas,2026-02,35.00,1.000,999
Huevo Estrellado Tierno (2 pzas.),1/2 Enchiladas Rojas,2026-03,35.00,1.000,999
Huevo Estrellado Tierno (2 pzas.),1/2 Enchiladas Rojas,2026-04,35.00,1.000,999
Huevo Estrellado Tierno (2 pzas.),1/2 Enchiladas Rojas,2026-05,35.00,1.000,999
Huevo Estrellado Tierno (2 pzas.),1/2 Enchiladas Rojas,2026-06,35.00,1.000,999
Huevo Estrellado Tierno (2 pzas.),1/2 Enchiladas Rojas,2026-07,35.00,1.000,999
Huevo Estrellado Tierno (2 pzas.),1/2 Enchiladas Rojas,2026-08,35.00,1.000,999
Huevo Estrellado Tierno (2 pzas.),1/2 Enchiladas Rojas,2026-09,35.00,1.000,999
Huevo Estrellado Tierno (2 pzas.),1/2 Encremadas,2023-12,28.00,1.000,999
Huevo Estrellado Tierno (2 pzas.),1/2 Encremadas,2024-01,28.00,1.000,999
Huevo Estrellado Tierno (2 pzas.),1/2 Encremadas,2024-02,28.00,0.974,999
Huevo Estrellado Tierno (2 pzas.),1/2 Encremadas,2024-03,28.00,0.862,999
Huevo Estrellado Tierno (2 pzas.),1/2 Encremadas,2024-04,28.00,0.960,999
Huevo Estrellado Tierno (2 pzas.),1/2 Encremadas,2024-05,28.00,0.808,999
Huevo Estrellado Tierno (2 pzas.),1/2 Encremadas,2024-06,28.00,0.867,999
Huevo Estrellado Tierno (2 pzas.),1/2 Encremadas,2024-07,28.00,0.867,999
Huevo Estrellado Tierno (2 pzas.),1/2 Encremadas,2024-08,32.00,1.000,999
Huevo Estrellado Tierno (2 pzas.),1/2 Encremadas,2024-09,32.00,0.750,999
Huevo Estrellado Tierno (2 pzas.),1/2 Encremadas,2024-10,32.00,0.889,999
Huevo Estrellado Tierno (2 pzas.),1/2 Encremadas,2024-11,32.00,0.875,999
Huevo Estrellado Tierno (2 pzas.),1/2 Encremadas,2024-12,32.00,0.957,999
Huevo Estrellado Tierno (2 pzas.),1/2 Encremadas,2025-01,32.00,0.935,999
Huevo Estrellado Tierno (2 pzas.),1/2 Encremadas,2025-02,32.00,0.935,999
Huevo Estrellado Tierno (2 pzas.),1/2 Encremadas,2025-03,35.00,0.889,999
Huevo Estrellado Tierno (2 pzas.),1/2 Encremadas,2025-04,35.00,0.964,999
Huevo Estrellado Tierno (2 pzas.),1/2 Encremadas,2025-05,35.00,0.964,999
Huevo Estrellado Tierno (2 pzas.),1/2 Encremadas,2025-06,35.00,0.914,999
Huevo Estrellado Tierno (2 pzas.),1/2 Encremadas,2025-07,35.00,0.950,999
Huevo Estrellado Tierno (2 pzas.),1/2 Encremadas,2025-08,35.00,0.912,999
Huevo Estrellado Tierno (2 pzas.),1/2 Encremadas,2025-09,35.00,0.953,999
Huevo Estrellado Tierno (2 pzas.),1/2 Encremadas,2025-10,35.00,0.907,999
Huevo Estrellado Tierno (2 pzas.),1/2 Encremadas,2025-11,35.00,0.895,999
Huevo Estrellado Tierno (2 pzas.),1/2 Encremadas,2025-12,35.00,0.971,999
Huevo Estrellado Tierno (2 pzas.),1/2 Encremadas,2026-01,35.00,0.938,999
Huevo Estrellado Tierno (2 pzas.),1/2 Encremadas,2026-02,35.00,0.929,999
Huevo Estrellado Tierno (2 pzas.),1/2 Encremadas,2026-03,35.00,0.970,999
Huevo Estrellado Tierno (2 pzas.),1/2 Encremadas,2026-04,35.00,1.000,999
Huevo Estrellado Tierno (2 pzas.),1/2 Encremadas,2026-05,35.00,0.939,999
Huevo Estrellado Tierno (2 pzas.),1/2 Encremadas,2026-06,35.00,0.966,999
Huevo Estrellado Tierno (2 pzas.),1/2 Encremadas,2026-07,35.00,0.952,999
Huevo Estrellado Tierno (2 pzas.),1/2 Encremadas,2026-08,35.00,1.000,999
Huevo Estrellado Tierno (2 pzas.),1/2 Encremadas,2026-09,35.00,1.000,999
Huevo Estrellado Tierno (2 pzas.),1/2 Enfrijoladas,2023-12,28.00,1.000,999
Huevo Estrellado Tierno (2 pzas.),1/2 Enfrijoladas,2024-01,28.00,1.000,999
Huevo Estrellado Tierno (2 pzas.),1/2 Enfrijoladas,2024-02,28.00,0.974,999
Huevo Estrellado Tierno (2 pzas.),1/2 Enfrijoladas,2024-03,28.00,0.862,999
Huevo Estrellado Tierno (2 pzas.),1/2 Enfrijoladas,2024-04,28.00,0.960,999
Huevo Estrellado Tierno (2 pzas.),1/2 Enfrijoladas,2024-05,28.00,0.808,999
Huevo Estrellado Tierno (2 pzas.),1/2 Enfrijoladas,2024-06,28.00,0.867,999
Huevo Estrellado Tierno (2 pzas.),1/2 Enfrijoladas,2024-07,28.00,0.867,999
Huevo Estrellado Tierno (2 pzas.),1/2 Enfrijoladas,2024-08,32.00,1.000,999
Huevo Estrellado Tierno (2 pzas.),1/2 Enfrijoladas,2024-09,32.00,0.750,999
Huevo Estrellado Tierno (2 pzas.),1/2 Enfrijoladas,2024-10,32.00,0.889,999
Huevo Estrellado Tierno (2 pzas.),1/2 Enfrijoladas,2024-11,32.00,0.875,999
Huevo Estrellado Tierno (2 pzas.),1/2 Enfrijoladas,2024-12,32.00,0.957,999
Huevo Estrellado Tierno (2 pzas.),1/2 Enfrijoladas,2025-01,32.00,0.935,999
Huevo Estrellado Tierno (2 pzas.),1/2 Enfrijoladas,2025-02,32.00,0.935,999
Huevo Estrellado Tierno (2 pzas.),1/2 Enfrijoladas,2025-03,35.00,0.889,999
Huevo Estrellado Tierno (2 pzas.),1/2 Enfrijoladas,2025-04,35.00,0.964,999
Huevo Estrellado Tierno (2 pzas.),1/2 Enfrijoladas,2025-05,35.00,0.964,999
Huevo Estrellado Tierno (2 pzas.),1/2 Enfrijoladas,2025-06,35.00,0.914,999
Huevo Estrellado Tierno (2 pzas.),1/2 Enfrijoladas,2025-07,35.00,0.950,999
Huevo Estrellado Tierno (2 pzas.),1/2 Enfrijoladas,2025-08,35.00,0.912,999
Huevo Estrellado Tierno (2 pzas.),1/2 Enfrijoladas,2025-09,35.00,0.953,999
Huevo Estrellado Tierno (2 pzas.),1/2 Enfrijoladas,2025-10,35.00,0.907,999
Huevo Estrellado Tierno (2 pzas.),1/2 Enfrijoladas,2025-11,35.00,0.895,999
Huevo Estrellado Tierno (2 pzas.),1/2 Enfrijoladas,2025-12,35.00,0.971,999
Huevo Estrellado Tierno (2 pzas.),1/2 Enfrijoladas,2026-01,35.00,0.938,999
Huevo Estrellado Tierno (2 pzas.),1/2 Enfrijoladas,2026-02,35.00,0.929,999
Huevo Estrellado Tierno (2 pzas.),1/2 Enfrijoladas,2026-03,35.00,0.970,999
Huevo Estrellado Tierno (2 pzas.),1/2 Enfrijoladas,2026-04,35.00,1.000,999
Huevo Estrellado Tierno (2 pzas.),1/2 Enfrijoladas,2026-05,35.00,0.939,999
Huevo Estrellado Tierno (2 pzas.),1/2 Enfrijoladas,2026-06,35.00,0.966,999
Huevo Estrellado Tierno (2 pzas.),1/2 Enfrijoladas,2026-07,35.00,0.952,999
Huevo Estrellado Tierno (2 pzas.),1/2 Enfrijoladas,2026-08,35.00,1.000,999
Huevo Estrellado Tierno (2 pzas.),1/2 Enfrijoladas,2026-09,35.00,1.000,999
Huevo Estrellado Tierno (2 pzas.),1/2 Enmoladas,2023-12,28.00,1.000,999
Huevo Estrellado Tierno (2 pzas.),1/2 Enmoladas,2024-01,28.00,1.000,999
Huevo Estrellado Tierno (2 pzas.),1/2 Enmoladas,2024-02,28.00,0.974,999
Huevo Estrellado Tierno (2 pzas.),1/2 Enmoladas,2024-03,28.00,0.862,999
Huevo Estrellado Tierno (2 pzas.),1/2 Enmoladas,2024-04,28.00,0.960,999
Huevo Estrellado Tierno (2 pzas.),1/2 Enmoladas,2024-05,28.00,0.808,999
Huevo Estrellado Tierno (2 pzas.),1/2 Enmoladas,2024-06,28.00,0.867,999
Huevo Estrellado Tierno (2 pzas.),1/2 Enmoladas,2024-07,28.00,0.867,999
Huevo Estrellado Tierno (2 pzas.),1/2 Enmoladas,2024-08,32.00,1.000,999
Huevo Estrellado Tierno (2 pzas.),1/2 Enmoladas,2024-09,32.00,0.750,999
Huevo Estrellado Tierno (2 pzas.),1/2 Enmoladas,2024-10,32.00,0.889,999
Huevo Estrellado Tierno (2 pzas.),1/2 Enmoladas,2024-11,32.00,0.875,999
Huevo Estrellado Tierno (2 pzas.),1/2 Enmoladas,2024-12,32.00,0.957,999
Huevo Estrellado Tierno (2 pzas.),1/2 Enmoladas,2025-01,32.00,0.935,999
Huevo Estrellado Tierno (2 pzas.),1/2 Enmoladas,2025-02,32.00,0.935,999
Huevo Estrellado Tierno (2 pzas.),1/2 Enmoladas,2025-03,35.00,0.889,999
Huevo Estrellado Tierno (2 pzas.),1/2 Enmoladas,2025-04,35.00,0.964,999
Huevo Estrellado Tierno (2 pzas.),1/2 Enmoladas,2025-05,35.00,0.964,999
Huevo Estrellado Tierno (2 pzas.),1/2 Enmoladas,2025-06,35.00,0.914,999
Huevo Estrellado Tierno (2 pzas.),1/2 Enmoladas,2025-07,35.00,0.950,999
Huevo Estrellado Tierno (2 pzas.),1/2 Enmoladas,2025-08,35.00,0.912,999
Huevo Estrellado Tierno (2 pzas.),1/2 Enmoladas,2025-09,35.00,0.953,999
Huevo Estrellado Tierno (2 pzas.),1/2 Enmoladas,2025-10,35.00,0.907,999
Huevo Estrellado Tierno (2 pzas.),1/2 Enmoladas,2025-11,35.00,0.895,999
Huevo Estrellado Tierno (2 pzas.),1/2 Enmoladas,2025-12,35.00,0.971,999
Huevo Estrellado Tierno (2 pzas.),1/2 Enmoladas,2026-01,35.00,0.938,999
Huevo Estrellado Tierno (2 pzas.),1/2 Enmoladas,2026-02,35.00,0.929,999
Huevo Estrellado Tierno (2 pzas.),1/2 Enmoladas,2026-03,35.00,0.970,999
Huevo Estrellado Tierno (2 pzas.),1/2 Enmoladas,2026-04,35.00,1.000,999
Huevo Estrellado Tierno (2 pzas.),1/2 Enmoladas,2026-05,35.00,0.939,999
Huevo Estrellado Tierno (2 pzas.),1/2 Enmoladas,2026-06,35.00,0.966,999
Huevo Estrellado Tierno (2 pzas.),1/2 Enmoladas,2026-07,35.00,0.952,999
Huevo Estrellado Tierno (2 pzas.),1/2 Enmoladas,2026-08,35.00,1.000,999
Huevo Estrellado Tierno (2 pzas.),1/2 Enmoladas,2026-09,35.00,1.000,999
Huevo Estrellado Tierno (2 pzas.),1/2 Entomatadas,2023-12,28.00,1.000,999
Huevo Estrellado Tierno (2 pzas.),1/2 Entomatadas,2024-01,28.00,1.000,999
Huevo Estrellado Tierno (2 pzas.),1/2 Entomatadas,2024-02,28.00,1.000,999
Huevo Estrellado Tierno (2 pzas.),1/2 Entomatadas,2024-03,28.00,1.000,999
Huevo Estrellado Tierno (2 pzas.),1/2 Entomatadas,2024-04,28.00,1.000,999
Huevo Estrellado Tierno (2 pzas.),1/2 Entomatadas,2024-05,28.00,1.000,999
Huevo Estrellado Tierno (2 pzas.),1/2 Entomatadas,2024-06,28.00,1.000,999
Huevo Estrellado Tierno (2 pzas.),1/2 Entomatadas,2024-07,28.00,1.000,999
Huevo Estrellado Tierno (2 pzas.),1/2 Entomatadas,2024-08,32.00,1.000,999
Huevo Estrellado Tierno (2 pzas.),1/2 Entomatadas,2024-09,32.00,1.000,999
Huevo Estrellado Tierno (2 pzas.),1/2 Entomatadas,2024-10,32.00,1.000,999
Huevo Estrellado Tierno (2 pzas.),1/2 Entomatadas,2024-11,32.00,1.000,999
Huevo Estrellado Tierno (2 pzas.),1/2 Entomatadas,2024-12,32.00,1.000,999
Huevo Estrellado Tierno (2 pzas.),1/2 Entomatadas,2025-01,32.00,1.000,999
Huevo Estrellado Tierno (2 pzas.),1/2 Entomatadas,2025-02,32.00,1.000,999
Huevo Estrellado Tierno (2 pzas.),1/2 Entomatadas,2025-03,32.00,1.000,999
Huevo Estrellado Tierno (2 pzas.),1/2 Entomatadas,2025-04,35.00,1.000,999
Huevo Estrellado Tierno (2 pzas.),1/2 Entomatadas,2025-05,35.00,1.000,999
Huevo Estrellado Tierno (2 pzas.),1/2 Entomatadas,2025-06,35.00,0.778,999
Huevo Estrellado Tierno (2 pzas.),1/2 Entomatadas,2025-07,35.00,0.778,999
Huevo Estrellado Tierno (2 pzas.),1/2 Entomatadas,2025-08,35.00,0.923,999
Huevo Estrellado Tierno (2 pzas.),1/2 Entomatadas,2025-09,35.00,1.000,999
Huevo Estrellado Tierno (2 pzas.),1/2 Entomatadas,2025-10,35.00,0.909,999
Huevo Estrellado Tierno (2 pzas.),1/2 Entomatadas,2025-11,35.00,0.600,999
Huevo Estrellado Tierno (2 pzas.),1/2 Entomatadas,2025-12,35.00,0.600,999
Huevo Estrellado Tierno (2 pzas.),1/2 Entomatadas,2026-01,35.00,1.000,999
Huevo Estrellado Tierno (2 pzas.),1/2 Entomatadas,2026-02,35.00,0.900,999
Huevo Estrellado Tierno (2 pzas.),1/2 Entomatadas,2026-03,35.00,0.875,999
Huevo Estrellado Tierno (2 pzas.),1/2 Entomatadas,2026-04,35.00,0.875,999
Huevo Estrellado Tierno (2 pzas.),1/2 Entomatadas,2026-05,35.00,1.000,999
Huevo Estrellado Tierno (2 pzas.),1/2 Entomatadas,2026-06,35.00,1.000,999
Huevo Estrellado Tierno (2 pzas.),1/2 Entomatadas,2026-07,35.00,0.889,999
Huevo Estrellado Tierno (2 pzas.),1/2 Entomatadas,2026-08,35.00,1.000,999
Huevo Estrellado Tierno (2 pzas.),1/2 Entomatadas,2026-09,35.00,1.000,999
Huevo Estrellado Tierno (2 pzas.),1/2 Quesadillas (2 pzas.),2023-12,28.00,1.000,999
Huevo Estrellado Tierno (2 pzas.),1/2 Quesadillas (2 pzas.),2024-01,28.00,1.000,999
Huevo Estrellado Tierno (2 pzas.),1/2 Quesadillas (2 pzas.),2024-02,28.00,0.974,999
Huevo Estrellado Tierno (2 pzas.),1/2 Quesadillas (2 pzas.),2024-03,28.00,0.862,999
Huevo Estrellado Tierno (2 pzas.),1/2 Quesadillas (2 pzas.),2024-04,28.00,0.960,999
Huevo Estrellado Tierno (2 pzas.),1/2 Quesadillas (2 pzas.),2024-05,28.00,0.808,999
Huevo Estrellado Tierno (2 pzas.),1/2 Quesadillas (2 pzas.),2024-06,28.00,0.867,999
Huevo Estrellado Tierno (2 pzas.),1/2 Quesadillas (2 pzas.),2024-07,28.00,0.867,999
Huevo Estrellado Tierno (2 pzas.),1/2 Quesadillas (2 pzas.),2024-08,32.00,1.000,999
Huevo Estrellado Tierno (2 pzas.),1/2 Quesadillas (2 pzas.),2024-09,32.00,0.750,999
Huevo Estrellado Tierno (2 pzas.),1/2 Quesadillas (2 pzas.),2024-10,32.00,0.889,999
Huevo Estrellado Tierno (2 pzas.),1/2 Quesadillas (2 pzas.),2024-11,32.00,0.875,999
Huevo Estrellado Tierno (2 pzas.),1/2 Quesadillas (2 pzas.),2024-12,32.00,0.957,999
Huevo Estrellado Tierno (2 pzas.),1/2 Quesadillas (2 pzas.),2025-01,32.00,0.935,999
Huevo Estrellado Tierno (2 pzas.),1/2 Quesadillas (2 pzas.),2025-02,32.00,0.935,999
Huevo Estrellado Tierno (2 pzas.),1/2 Quesadillas (2 pzas.),2025-03,35.00,0.889,999
Huevo Estrellado Tierno (2 pzas.),1/2 Quesadillas (2 pzas.),2025-04,35.00,0.964,999
Huevo Estrellado Tierno (2 pzas.),1/2 Quesadillas (2 pzas.),2025-05,35.00,0.964,999
Huevo Estrellado Tierno (2 pzas.),1/2 Quesadillas (2 pzas.),2025-06,35.00,0.914,999
Huevo Estrellado Tierno (2 pzas.),1/2 Quesadillas (2 pzas.),2025-07,35.00,0.950,999
Huevo Estrellado Tierno (2 pzas.),1/2 Quesadillas (2 pzas.),2025-08,35.00,0.912,999
Huevo Estrellado Tierno (2 pzas.),1/2 Quesadillas (2 pzas.),2025-09,35.00,0.953,999
Huevo Estrellado Tierno (2 pzas.),1/2 Quesadillas (2 pzas.),2025-10,35.00,0.907,999
Huevo Estrellado Tierno (2 pzas.),1/2 Quesadillas (2 pzas.),2025-11,35.00,0.895,999
Huevo Estrellado Tierno (2 pzas.),1/2 Quesadillas (2 pzas.),2025-12,35.00,0.971,999
Huevo Estrellado Tierno (2 pzas.),1/2 Quesadillas (2 pzas.),2026-01,35.00,0.938,999
Huevo Estrellado Tierno (2 pzas.),1/2 Quesadillas (2 pzas.),2026-02,35.00,0.929,999
Huevo Estrellado Tierno (2 pzas.),1/2 Quesadillas (2 pzas.),2026-03,35.00,0.970,999
Huevo Estrellado Tierno (2 pzas.),1/2 Quesadillas (2 pzas.),2026-04,35.00,1.000,999
Huevo Estrellado Tierno (2 pzas.),1/2 Quesadillas (2 pzas.),2026-05,35.00,0.939,999
Huevo Estrellado Tierno (2 pzas.),1/2 Quesadillas (2 pzas.),2026-06,35.00,0.966,999
Huevo Estrellado Tierno (2 pzas.),1/2 Quesadillas (2 pzas.),2026-07,35.00,0.952,999
Huevo Estrellado Tierno (2 pzas.),1/2 Quesadillas (2 pzas.),2026-08,35.00,1.000,999
Huevo Estrellado Tierno (2 pzas.),1/2 Quesadillas (2 pzas.),2026-09,35.00,1.000,999
Huevo Estrellado Tierno (2 pzas.),Empanadas (4 pzas.),2023-12,28.00,1.000,999
Huevo Estrellado Tierno (2 pzas.),Empanadas (4 pzas.),2024-01,28.00,1.000,999
Huevo Estrellado Tierno (2 pzas.),Empanadas (4 pzas.),2024-02,28.00,0.974,999
Huevo Estrellado Tierno (2 pzas.),Empanadas (4 pzas.),2024-03,28.00,0.862,999
Huevo Estrellado Tierno (2 pzas.),Empanadas (4 pzas.),2024-04,28.00,0.960,999
Huevo Estrellado Tierno (2 pzas.),Empanadas (4 pzas.),2024-05,28.00,0.808,999
Huevo Estrellado Tierno (2 pzas.),Empanadas (4 pzas.),2024-06,28.00,0.867,999
Huevo Estrellado Tierno (2 pzas.),Empanadas (4 pzas.),2024-07,28.00,0.867,999
Huevo Estrellado Tierno (2 pzas.),Empanadas (4 pzas.),2024-08,32.00,1.000,999
Huevo Estrellado Tierno (2 pzas.),Empanadas (4 pzas.),2024-09,32.00,0.750,999
Huevo Estrellado Tierno (2 pzas.),Empanadas (4 pzas.),2024-10,32.00,0.889,999
Huevo Estrellado Tierno (2 pzas.),Empanadas (4 pzas.),2024-11,32.00,0.875,999
Huevo Estrellado Tierno (2 pzas.),Empanadas (4 pzas.),2024-12,32.00,0.957,999
Huevo Estrellado Tierno (2 pzas.),Empanadas (4 pzas.),2025-01,32.00,0.935,999
Huevo Estrellado Tierno (2 pzas.),Empanadas (4 pzas.),2025-02,32.00,0.935,999
Huevo Estrellado Tierno (2 pzas.),Empanadas (4 pzas.),2025-03,35.00,0.889,999
Huevo Estrellado Tierno (2 pzas.),Empanadas (4 pzas.),2025-04,35.00,0.964,999
Huevo Estrellado Tierno (2 pzas.),Empanadas (4 pzas.),2025-05,35.00,0.964,999
Huevo Estrellado Tierno (2 pzas.),Empanadas (4 pzas.),2025-06,35.00,0.914,999
Huevo Estrellado Tierno (2 pzas.),Empanadas (4 pzas.),2025-07,35.00,0.950,999
Huevo Estrellado Tierno (2 pzas.),Empanadas (4 pzas.),2025-08,35.00,0.912,999
Huevo Estrellado Tierno (2 pzas.),Empanadas (4 pzas.),2025-09,35.00,0.953,999
Huevo Estrellado Tierno (2 pzas.),Empanadas (4 pzas.),2025-10,35.00,0.907,999
Huevo Estrellado Tierno (2 pzas.),Empanadas (4 pzas.),2025-11,35.00,0.895,999
Huevo Estrellado Tierno (2 pzas.),Empanadas (4 pzas.),2025-12,35.00,0.971,999
Huevo Estrellado Tierno (2 pzas.),Empanadas (4 pzas.),2026-01,35.00,0.938,999
Huevo Estrellado Tierno (2 pzas.),Empanadas (4 pzas.),2026-02,35.00,0.929,999
Huevo Estrellado Tierno (2 pzas.),Empanadas (4 pzas.),2026-03,35.00,0.970,999
Huevo Estrellado Tierno (2 pzas.),Empanadas (4 pzas.),2026-04,35.00,1.000,999
Huevo Estrellado Tierno (2 pzas.),Empanadas (4 pzas.),2026-05,35.00,0.939,999
Huevo Estrellado Tierno (2 pzas.),Empanadas (4 pzas.),2026-06,35.00,0.966,999
Huevo Estrellado Tierno (2 pzas.),Empanadas (4 pzas.),2026-07,35.00,0.952,999
Huevo Estrellado Tierno (2 pzas.),Empanadas (4 pzas.),2026-08,35.00,1.000,999
Huevo Estrellado Tierno (2 pzas.),Empanadas (4 pzas.),2026-09,35.00,1.000,999
Huevo Estrellado Tierno (2 pzas.),Enchiladas Mixtas,2023-12,28.00,1.000,999
Huevo Estrellado Tierno (2 pzas.),Enchiladas Mixtas,2024-01,28.00,1.000,999
Huevo Estrellado Tierno (2 pzas.),Enchiladas Mixtas,2024-02,28.00,0.974,999
Huevo Estrellado Tierno (2 pzas.),Enchiladas Mixtas,2024-03,28.00,0.862,999
Huevo Estrellado Tierno (2 pzas.),Enchiladas Mixtas,2024-04,28.00,0.960,999
Huevo Estrellado Tierno (2 pzas.),Enchiladas Mixtas,2024-05,28.00,0.808,999
Huevo Estrellado Tierno (2 pzas.),Enchiladas Mixtas,2024-06,28.00,0.867,999
Huevo Estrellado Tierno (2 pzas.),Enchiladas Mixtas,2024-07,28.00,0.867,999
Huevo Estrellado Tierno (2 pzas.),Enchiladas Mixtas,2024-08,32.00,1.000,999
Huevo Estrellado Tierno (2 pzas.),Enchiladas Mixtas,2024-09,32.00,1.000,999
Huevo Estrellado Tierno (2 pzas.),Enchiladas Mixtas,2024-10,32.00,1.000,999
Huevo Estrellado Tierno (2 pzas.),Enchiladas Mixtas,2024-11,32.00,1.000,999
Huevo Estrellado Tierno (2 pzas.),Enchiladas Mixtas,2024-12,32.00,1.000,999
Huevo Estrellado Tierno (2 pzas.),Enchiladas Mixtas,2025-01,32.00,1.000,999
Huevo Estrellado Tierno (2 pzas.),Enchiladas Mixtas,2025-02,32.00,1.000,999
Huevo Estrellado Tierno (2 pzas.),Enchiladas Mixtas,2025-03,32.00,1.000,999
Huevo Estrellado Tierno (2 pzas.),Enchiladas Mixtas,2025-04,32.00,1.000,999
Huevo Estrellado Tierno (2 pzas.),Enchiladas Mixtas,2025-05,32.00,1.000,999
Huevo Estrellado Tierno (2 pzas.),Enchiladas Mixtas,2025-06,32.00,1.000,999
Huevo Estrellado Tierno (2 pzas.),Enchiladas Mixtas,2025-07,32.00,1.000,999
Huevo Estrellado Tierno (2 pzas.),Enchiladas Mixtas,2025-08,35.00,0.912,999
Huevo Estrellado Tierno (2 pzas.),Enchiladas Mixtas,2025-09,35.00,0.953,999
Huevo Estrellado Tierno (2 pzas.),Enchiladas Mixtas,2025-10,35.00,0.907,999
Huevo Estrellado Tierno (2 pzas.),Enchiladas Mixtas,2025-11,35.00,0.895,999
Huevo Estrellado Tierno (2 pzas.),Enchiladas Mixtas,2025-12,35.00,0.971,999
Huevo Estrellado Tierno (2 pzas.),Enchiladas Mixtas,2026-01,35.00,0.938,999
Huevo Estrellado Tierno (2 pzas.),Enchiladas Mixtas,2026-02,35.00,0.929,999
Huevo Estrellado Tierno (2 pzas.),Enchiladas Mixtas,2026-03,35.00,0.970,999
Huevo Estrellado Tierno (2 pzas.),Enchiladas Mixtas,2026-04,35.00,1.000,999
Huevo Estrellado Tierno (2 pzas.),Enchiladas Mixtas,2026-05,35.00,0.939,999
Huevo Estrellado Tierno (2 pzas.),Enchiladas Mixtas,2026-06,35.00,0.966,999
Huevo Estrellado Tierno (2 pzas.),Enchiladas Mixtas,2026-07,35.00,0.952,999
Huevo Estrellado Tierno (2 pzas.),Enchiladas Mixtas,2026-08,35.00,1.000,999
Huevo Estrellado Tierno (2 pzas.),Enchiladas Mixtas,2026-09,35.00,1.000,999
Huevo Estrellado Tierno (2 pzas.),Enchiladas Picositas,2023-12,28.00,1.000,999
Huevo Estrellado Tierno (2 pzas.),Enchiladas Picositas,2024-01,28.00,1.000,999
Huevo Estrellado Tierno (2 pzas.),Enchiladas Picositas,2024-02,28.00,0.974,999
Huevo Estrellado Tierno (2 pzas.),Enchiladas Picositas,2024-03,28.00,0.862,999
Huevo Estrellado Tierno (2 pzas.),Enchiladas Picositas,2024-04,28.00,0.960,999
Huevo Estrellado Tierno (2 pzas.),Enchiladas Picositas,2024-05,28.00,0.808,999
Huevo Estrellado Tierno (2 pzas.),Enchiladas Picositas,2024-06,28.00,0.867,999
Huevo Estrellado Tierno (2 pzas.),Enchiladas Picositas,2024-07,28.00,0.867,999
Huevo Estrellado Tierno (2 pzas.),Enchiladas Picositas,2024-08,32.00,1.000,999
Huevo Estrellado Tierno (2 pzas.),Enchiladas Picositas,2024-09,32.00,0.750,999
Huevo Estrellado Tierno (2 pzas.),Enchiladas Picositas,2024-10,32.00,0.889,999
Huevo Estrellado Tierno (2 pzas.),Enchiladas Picositas,2024-11,32.00,0.875,999
Huevo Estrellado Tierno (2 pzas.),Enchiladas Picositas,2024-12,32.00,0.957,999
Huevo Estrellado Tierno (2 pzas.),Enchiladas Picositas,2025-01,32.00,0.935,999
Huevo Estrellado Tierno (2 pzas.),Enchiladas Picositas,2025-02,32.00,0.935,999
Huevo Estrellado Tierno (2 pzas.),Enchiladas Picositas,2025-03,35.00,0.889,999
Huevo Estrellado Tierno (2 pzas.),Enchiladas Picositas,2025-04,35.00,0.964,999
Huevo Estrellado Tierno (2 pzas.),Enchiladas Picositas,2025-05,35.00,0.964,999
Huevo Estrellado Tierno (2 pzas.),Enchiladas Picositas,2025-06,35.00,0.914,999
Huevo Estrellado Tierno (2 pzas.),Enchiladas Picositas,2025-07,35.00,0.950,999
Huevo Estrellado Tierno (2 pzas.),Enchiladas Picositas,2025-08,35.00,0.912,999
Huevo Estrellado Tierno (2 pzas.),Enchiladas Picositas,2025-09,35.00,0.953,999
Huevo Estrellado Tierno (2 pzas.),Enchiladas Picositas,2025-10,35.00,0.907,999
Huevo Estrellado Tierno (2 pzas.),Enchiladas Picositas,2025-11,35.00,0.895,999
Huevo Estrellado Tierno (2 pzas.),Enchiladas Picositas,2025-12,35.00,0.971,999
Huevo Estrellado Tierno (2 pzas.),Enchiladas Picositas,2026-01,35.00,1.000,999
Huevo Estrellado Tierno (2 pzas.),Enchiladas Picositas,2026-02,35.00,1.000,999
Huevo Estrellado Tierno (2 pzas.),Enchiladas Picositas,2026-03,35.00,1.000,999
Huevo Estrellado Tierno (2 pzas.),Enchiladas Picositas,2026-04,35.00,1.000,999
Huevo Estrellado Tierno (2 pzas.),Enchiladas Picositas,2026-05,35.00,1.000,999
Huevo Estrellado Tierno (2 pzas.),Enchiladas Picositas,2026-06,35.00,1.000,999
Huevo Estrellado Tierno (2 pzas.),Enchiladas Picositas,2026-07,35.00,1.000,999
Huevo Estrellado Tierno (2 pzas.),Enchiladas Picositas,2026-08,35.00,1.000,999
Huevo Estrellado Tierno (2 pzas.),Enchiladas Picositas,2026-09,35.00,1.000,999
Huevo Estrellado Tierno (2 pzas.),Enchiladas Rojas,2023-09,28.00,1.000,999
Huevo Estrellado Tierno (2 pzas.),Enchiladas Rojas,2023-10,28.00,1.000,999
Huevo Estrellado Tierno (2 pzas.),Enchiladas Rojas,2023-11,28.00,1.000,999
Huevo Estrellado Tierno (2 pzas.),Enchiladas Rojas,2023-12,28.00,1.000,999
Huevo Estrellado Tierno (2 pzas.),Enchiladas Rojas,2024-01,28.00,1.000,999
Huevo Estrellado Tierno (2 pzas.),Enchiladas Rojas,2024-02,28.00,1.000,999
Huevo Estrellado Tierno (2 pzas.),Enchiladas Rojas,2024-03,28.00,1.000,999
Huevo Estrellado Tierno (2 pzas.),Enchiladas Rojas,2024-04,28.00,1.000,999
Huevo Estrellado Tierno (2 pzas.),Enchiladas Rojas,2024-05,28.00,0.833,999
Huevo Estrellado Tierno (2 pzas.),Enchiladas Rojas,2024-06,28.00,0.833,999
Huevo Estrellado Tierno (2 pzas.),Enchiladas Rojas,2024-07,8.00,0.500,999
Huevo Estrellado Tierno (2 pzas.),Enchiladas Rojas,2024-08,8.00,0.500,999
Huevo Estrellado Tierno (2 pzas.),Enchiladas Rojas,2024-09,8.00,0.500,999
Huevo Estrellado Tierno (2 pzas.),Enchiladas Rojas,2024-10,32.00,1.000,999
Huevo Estrellado Tierno (2 pzas.),Enchiladas Rojas,2024-11,32.00,1.000,999
Huevo Estrellado Tierno (2 pzas.),Enchiladas Rojas,2024-12,32.00,1.000,999
Huevo Estrellado Tierno (2 pzas.),Enchiladas Rojas,2025-01,32.00,1.000,999
Huevo Estrellado Tierno (2 pzas.),Enchiladas Rojas,2025-02,32.00,1.000,999
Huevo Estrellado Tierno (2 pzas.),Enchiladas Rojas,2025-03,35.00,1.000,999
Huevo Estrellado Tierno (2 pzas.),Enchiladas Rojas,2025-04,35.00,1.000,999
Huevo Estrellado Tierno (2 pzas.),Enchiladas Rojas,2025-05,35.00,1.000,999
Huevo Estrellado Tierno (2 pzas.),Enchiladas Rojas,2025-06,35.00,1.000,999
Huevo Estrellado Tierno (2 pzas.),Enchiladas Rojas,2025-07,35.00,1.000,999
Huevo Estrellado Tierno (2 pzas.),Enchiladas Rojas,2025-08,35.00,1.000,999
Huevo Estrellado Tierno (2 pzas.),Enchiladas Rojas,2025-09,35.00,0.600,999
Huevo Estrellado Tierno (2 pzas.),Enchiladas Rojas,2025-10,35.00,0.750,999
Huevo Estrellado Tierno (2 pzas.),Enchiladas Rojas,2025-11,35.00,0.900,999
Huevo Estrellado Tierno (2 pzas.),Enchiladas Rojas,2025-12,35.00,1.000,999
Huevo Estrellado Tierno (2 pzas.),Enchiladas Rojas,2026-01,35.00,1.000,999
Huevo Estrellado Tierno (2 pzas.),Enchiladas Rojas,2026-02,35.00,1.000,999
Huevo Estrellado Tierno (2 pzas.),Enchiladas Rojas,2026-03,35.00,1.000,999
Huevo Estrellado Tierno (2 pzas.),Enchiladas Rojas,2026-04,35.00,1.000,999
Huevo Estrellado Tierno (2 pzas.),Enchiladas Rojas,2026-05,35.00,1.000,999
Huevo Estrellado Tierno (2 pzas.),Enchiladas Rojas,2026-06,35.00,1.000,999
Huevo Estrellado Tierno (2 pzas.),Enchiladas Rojas,2026-07,35.00,0.952,999
Huevo Estrellado Tierno (2 pzas.),Enchiladas Rojas,2026-08,35.00,1.000,999
Huevo Estrellado Tierno (2 pzas.),Enchiladas Rojas,2026-09,35.00,1.000,999
Huevo Estrellado Tierno (2 pzas.),Encremadas,2023-12,28.00,1.000,999
Huevo Estrellado Tierno (2 pzas.),Encremadas,2024-01,28.00,1.000,999
Huevo Estrellado Tierno (2 pzas.),Encremadas,2024-02,28.00,0.974,999
Huevo Estrellado Tierno (2 pzas.),Encremadas,2024-03,28.00,0.862,999
Huevo Estrellado Tierno (2 pzas.),Encremadas,2024-04,28.00,0.960,999
Huevo Estrellado Tierno (2 pzas.),Encremadas,2024-05,28.00,0.808,999
Huevo Estrellado Tierno (2 pzas.),Encremadas,2024-06,28.00,0.867,999
Huevo Estrellado Tierno (2 pzas.),Encremadas,2024-07,28.00,0.867,999
Huevo Estrellado Tierno (2 pzas.),Encremadas,2024-08,32.00,1.000,999
Huevo Estrellado Tierno (2 pzas.),Encremadas,2024-09,32.00,0.750,999
Huevo Estrellado Tierno (2 pzas.),Encremadas,2024-10,32.00,0.889,999
Huevo Estrellado Tierno (2 pzas.),Encremadas,2024-11,32.00,0.875,999
Huevo Estrellado Tierno (2 pzas.),Encremadas,2024-12,32.00,0.957,999
Huevo Estrellado Tierno (2 pzas.),Encremadas,2025-01,32.00,0.935,999
Huevo Estrellado Tierno (2 pzas.),Encremadas,2025-02,32.00,0.935,999
Huevo Estrellado Tierno (2 pzas.),Encremadas,2025-03,35.00,0.889,999
Huevo Estrellado Tierno (2 pzas.),Encremadas,2025-04,35.00,0.964,999
Huevo Estrellado Tierno (2 pzas.),Encremadas,2025-05,35.00,0.964,999
Huevo Estrellado Tierno (2 pzas.),Encremadas,2025-06,35.00,0.914,999
Huevo Estrellado Tierno (2 pzas.),Encremadas,2025-07,35.00,0.950,999
Huevo Estrellado Tierno (2 pzas.),Encremadas,2025-08,35.00,0.912,999
Huevo Estrellado Tierno (2 pzas.),Encremadas,2025-09,35.00,0.953,999
Huevo Estrellado Tierno (2 pzas.),Encremadas,2025-10,35.00,0.907,999
Huevo Estrellado Tierno (2 pzas.),Encremadas,2025-11,35.00,0.895,999
Huevo Estrellado Tierno (2 pzas.),Encremadas,2025-12,35.00,0.971,999
Huevo Estrellado Tierno (2 pzas.),Encremadas,2026-01,35.00,0.938,999
Huevo Estrellado Tierno (2 pzas.),Encremadas,2026-02,35.00,0.929,999
Huevo Estrellado Tierno (2 pzas.),Encremadas,2026-03,35.00,0.970,999
Huevo Estrellado Tierno (2 pzas.),Encremadas,2026-04,35.00,1.000,999
Huevo Estrellado Tierno (2 pzas.),Encremadas,2026-05,35.00,0.939,999
Huevo Estrellado Tierno (2 pzas.),Encremadas,2026-06,35.00,0.966,999
Huevo Estrellado Tierno (2 pzas.),Encremadas,2026-07,35.00,0.952,999
Huevo Estrellado Tierno (2 pzas.),Encremadas,2026-08,35.00,1.000,999
Huevo Estrellado Tierno (2 pzas.),Encremadas,2026-09,35.00,1.000,999
Huevo Estrellado Tierno (2 pzas.),Enfrijoladas,2023-12,28.00,1.000,999
Huevo Estrellado Tierno (2 pzas.),Enfrijoladas,2024-01,28.00,1.000,999
Huevo Estrellado Tierno (2 pzas.),Enfrijoladas,2024-02,28.00,0.974,999
Huevo Estrellado Tierno (2 pzas.),Enfrijoladas,2024-03,28.00,0.862,999
Huevo Estrellado Tierno (2 pzas.),Enfrijoladas,2024-04,28.00,0.960,999
Huevo Estrellado Tierno (2 pzas.),Enfrijoladas,2024-05,28.00,0.808,999
Huevo Estrellado Tierno (2 pzas.),Enfrijoladas,2024-06,28.00,0.867,999
Huevo Estrellado Tierno (2 pzas.),Enfrijoladas,2024-07,28.00,0.867,999
Huevo Estrellado Tierno (2 pzas.),Enfrijoladas,2024-08,32.00,1.000,999
Huevo Estrellado Tierno (2 pzas.),Enfrijoladas,2024-09,32.00,0.750,999
Huevo Estrellado Tierno (2 pzas.),Enfrijoladas,2024-10,32.00,0.889,999
Huevo Estrellado Tierno (2 pzas.),Enfrijoladas,2024-11,32.00,0.875,999
Huevo Estrellado Tierno (2 pzas.),Enfrijoladas,2024-12,32.00,0.957,999
Huevo Estrellado Tierno (2 pzas.),Enfrijoladas,2025-01,32.00,0.935,999
Huevo Estrellado Tierno (2 pzas.),Enfrijoladas,2025-02,32.00,0.935,999
Huevo Estrellado Tierno (2 pzas.),Enfrijoladas,2025-03,35.00,0.889,999
Huevo Estrellado Tierno (2 pzas.),Enfrijoladas,2025-04,35.00,0.964,999
Huevo Estrellado Tierno (2 pzas.),Enfrijoladas,2025-05,35.00,0.964,999
Huevo Estrellado Tierno (2 pzas.),Enfrijoladas,2025-06,35.00,0.914,999
Huevo Estrellado Tierno (2 pzas.),Enfrijoladas,2025-07,35.00,0.950,999
Huevo Estrellado Tierno (2 pzas.),Enfrijoladas,2025-08,35.00,0.912,999
Huevo Estrellado Tierno (2 pzas.),Enfrijoladas,2025-09,35.00,0.953,999
Huevo Estrellado Tierno (2 pzas.),Enfrijoladas,2025-10,35.00,0.907,999
Huevo Estrellado Tierno (2 pzas.),Enfrijoladas,2025-11,35.00,0.895,999
Huevo Estrellado Tierno (2 pzas.),Enfrijoladas,2025-12,35.00,0.971,999
Huevo Estrellado Tierno (2 pzas.),Enfrijoladas,2026-01,35.00,0.938,999
Huevo Estrellado Tierno (2 pzas.),Enfrijoladas,2026-02,35.00,0.929,999
Huevo Estrellado Tierno (2 pzas.),Enfrijoladas,2026-03,35.00,0.970,999
Huevo Estrellado Tierno (2 pzas.),Enfrijoladas,2026-04,35.00,1.000,999
Huevo Estrellado Tierno (2 pzas.),Enfrijoladas,2026-05,35.00,0.939,999
Huevo Estrellado Tierno (2 pzas.),Enfrijoladas,2026-06,35.00,0.966,999
Huevo Estrellado Tierno (2 pzas.),Enfrijoladas,2026-07,35.00,0.952,999
Huevo Estrellado Tierno (2 pzas.),Enfrijoladas,2026-08,35.00,1.000,999
Huevo Estrellado Tierno (2 pzas.),Enfrijoladas,2026-09,35.00,1.000,999
Huevo Estrellado Tierno (2 pzas.),Enmoladas,2023-12,28.00,1.000,999
Huevo Estrellado Tierno (2 pzas.),Enmoladas,2024-01,28.00,1.000,999
Huevo Estrellado Tierno (2 pzas.),Enmoladas,2024-02,28.00,0.974,999
Huevo Estrellado Tierno (2 pzas.),Enmoladas,2024-03,28.00,0.862,999
Huevo Estrellado Tierno (2 pzas.),Enmoladas,2024-04,28.00,0.960,999
Huevo Estrellado Tierno (2 pzas.),Enmoladas,2024-05,28.00,0.808,999
Huevo Estrellado Tierno (2 pzas.),Enmoladas,2024-06,28.00,0.867,999
Huevo Estrellado Tierno (2 pzas.),Enmoladas,2024-07,28.00,0.867,999
Huevo Estrellado Tierno (2 pzas.),Enmoladas,2024-08,32.00,1.000,999
Huevo Estrellado Tierno (2 pzas.),Enmoladas,2024-09,32.00,0.750,999
Huevo Estrellado Tierno (2 pzas.),Enmoladas,2024-10,32.00,0.889,999
Huevo Estrellado Tierno (2 pzas.),Enmoladas,2024-11,32.00,0.875,999
Huevo Estrellado Tierno (2 pzas.),Enmoladas,2024-12,32.00,0.957,999
Huevo Estrellado Tierno (2 pzas.),Enmoladas,2025-01,32.00,0.935,999
Huevo Estrellado Tierno (2 pzas.),Enmoladas,2025-02,32.00,0.935,999
Huevo Estrellado Tierno (2 pzas.),Enmoladas,2025-03,35.00,0.889,999
Huevo Estrellado Tierno (2 pzas.),Enmoladas,2025-04,35.00,0.964,999
Huevo Estrellado Tierno (2 pzas.),Enmoladas,2025-05,35.00,0.964,999
Huevo Estrellado Tierno (2 pzas.),Enmoladas,2025-06,35.00,0.914,999
Huevo Estrellado Tierno (2 pzas.),Enmoladas,2025-07,35.00,0.950,999
Huevo Estrellado Tierno (2 pzas.),Enmoladas,2025-08,35.00,0.912,999
Huevo Estrellado Tierno (2 pzas.),Enmoladas,2025-09,35.00,0.953,999
Huevo Estrellado Tierno (2 pzas.),Enmoladas,2025-10,35.00,0.907,999
Huevo Estrellado Tierno (2 pzas.),Enmoladas,2025-11,35.00,0.895,999
Huevo Estrellado Tierno (2 pzas.),Enmoladas,2025-12,35.00,0.971,999
Huevo Estrellado Tierno (2 pzas.),Enmoladas,2026-01,35.00,0.938,999
Huevo Estrellado Tierno (2 pzas.),Enmoladas,2026-02,35.00,0.929,999
Huevo Estrellado Tierno (2 pzas.),Enmoladas,2026-03,35.00,0.970,999
Huevo Estrellado Tierno (2 pzas.),Enmoladas,2026-04,35.00,1.000,999
Huevo Estrellado Tierno (2 pzas.),Enmoladas,2026-05,35.00,0.939,999
Huevo Estrellado Tierno (2 pzas.),Enmoladas,2026-06,35.00,0.966,999
Huevo Estrellado Tierno (2 pzas.),Enmoladas,2026-07,35.00,0.952,999
Huevo Estrellado Tierno (2 pzas.),Enmoladas,2026-08,35.00,1.000,999
Huevo Estrellado Tierno (2 pzas.),Enmoladas,2026-09,35.00,1.000,999
Huevo Estrellado Tierno (2 pzas.),Entomatadas,2023-12,28.00,1.000,999
Huevo Estrellado Tierno (2 pzas.),Entomatadas,2024-01,28.00,1.000,999
Huevo Estrellado Tierno (2 pzas.),Entomatadas,2024-02,28.00,0.974,999
Huevo Estrellado Tierno (2 pzas.),Entomatadas,2024-03,28.00,0.862,999
Huevo Estrellado Tierno (2 pzas.),Entomatadas,2024-04,28.00,0.960,999
Huevo Estrellado Tierno (2 pzas.),Entomatadas,2024-05,28.00,0.808,999
Huevo Estrellado Tierno (2 pzas.),Entomatadas,2024-06,28.00,0.867,999
Huevo Estrellado Tierno (2 pzas.),Entomatadas,2024-07,28.00,0.867,999
Huevo Estrellado Tierno (2 pzas.),Entomatadas,2024-08,32.00,1.000,999
Huevo Estrellado Tierno (2 pzas.),Entomatadas,2024-09,32.00,0.600,999
Huevo Estrellado Tierno (2 pzas.),Entomatadas,2024-10,32.00,0.600,999
Huevo Estrellado Tierno (2 pzas.),Entomatadas,2024-11,32.00,0.600,999
Huevo Estrellado Tierno (2 pzas.),Entomatadas,2024-12,32.00,0.600,999
Huevo Estrellado Tierno (2 pzas.),Entomatadas,2025-01,32.00,0.600,999
Huevo Estrellado Tierno (2 pzas.),Entomatadas,2025-02,32.00,0.600,999
Huevo Estrellado Tierno (2 pzas.),Entomatadas,2025-03,32.00,0.600,999
Huevo Estrellado Tierno (2 pzas.),Entomatadas,2025-04,35.00,0.800,999
Huevo Estrellado Tierno (2 pzas.),Entomatadas,2025-05,35.00,0.800,999
Huevo Estrellado Tierno (2 pzas.),Entomatadas,2025-06,35.00,0.800,999
Huevo Estrellado Tierno (2 pzas.),Entomatadas,2025-07,35.00,0.800,999
Huevo Estrellado Tierno (2 pzas.),Entomatadas,2025-08,35.00,0.800,999
Huevo Estrellado Tierno (2 pzas.),Entomatadas,2025-09,35.00,0.800,999
Huevo Estrellado Tierno (2 pzas.),Entomatadas,2025-10,35.00,0.800,999
Huevo Estrellado Tierno (2 pzas.),Entomatadas,2025-11,35.00,0.895,999
Huevo Estrellado Tierno (2 pzas.),Entomatadas,2025-12,35.00,0.857,999
Huevo Estrellado Tierno (2 pzas.),Entomatadas,2026-01,35.00,0.857,999
Huevo Estrellado Tierno (2 pzas.),Entomatadas,2026-02,35.00,0.857,999
Huevo Estrellado Tierno (2 pzas.),Entomatadas,2026-03,35.00,0.857,999
Huevo Estrellado Tierno (2 pzas.),Entomatadas,2026-04,35.00,0.857,999
Huevo Estrellado Tierno (2 pzas.),Entomatadas,2026-05,35.00,0.857,999
Huevo Estrellado Tierno (2 pzas.),Entomatadas,2026-06,35.00,0.857,999
Huevo Estrellado Tierno (2 pzas.),Entomatadas,2026-07,35.00,0.952,999
Huevo Estrellado Tierno (2 pzas.),Entomatadas,2026-08,35.00,1.000,999
Huevo Estrellado Tierno (2 pzas.),Entomatadas,2026-09,35.00,1.000,999
Huevo Estrellado Tierno (2 pzas.),Quesadillas (4 pzas.),2023-12,28.00,1.000,999
Huevo Estrellado Tierno (2 pzas.),Quesadillas (4 pzas.),2024-01,28.00,1.000,999
Huevo Estrellado Tierno (2 pzas.),Quesadillas (4 pzas.),2024-02,28.00,0.974,999
Huevo Estrellado Tierno (2 pzas.),Quesadillas (4 pzas.),2024-03,28.00,0.862,999
Huevo Estrellado Tierno (2 pzas.),Quesadillas (4 pzas.),2024-04,28.00,0.960,999
Huevo Estrellado Tierno (2 pzas.),Quesadillas (4 pzas.),2024-05,28.00,0.808,999
Huevo Estrellado Tierno (2 pzas.),Quesadillas (4 pzas.),2024-06,28.00,0.867,999
Huevo Estrellado Tierno (2 pzas.),Quesadillas (4 pzas.),2024-07,28.00,0.867,999
Huevo Estrellado Tierno (2 pzas.),Quesadillas (4 pzas.),2024-08,32.00,1.000,999
Huevo Estrellado Tierno (2 pzas.),Quesadillas (4 pzas.),2024-09,32.00,0.750,999
Huevo Estrellado Tierno (2 pzas.),Quesadillas (4 pzas.),2024-10,32.00,0.889,999
Huevo Estrellado Tierno (2 pzas.),Quesadillas (4 pzas.),2024-11,32.00,0.875,999
Huevo Estrellado Tierno (2 pzas.),Quesadillas (4 pzas.),2024-12,32.00,0.957,999
Huevo Estrellado Tierno (2 pzas.),Quesadillas (4 pzas.),2025-01,32.00,0.935,999
Huevo Estrellado Tierno (2 pzas.),Quesadillas (4 pzas.),2025-02,32.00,0.935,999
Huevo Estrellado Tierno (2 pzas.),Quesadillas (4 pzas.),2025-03,35.00,0.889,999
Huevo Estrellado Tierno (2 pzas.),Quesadillas (4 pzas.),2025-04,35.00,0.964,999
Huevo Estrellado Tierno (2 pzas.),Quesadillas (4 pzas.),2025-05,35.00,0.964,999
Huevo Estrellado Tierno (2 pzas.),Quesadillas (4 pzas.),2025-06,35.00,0.914,999
Huevo Estrellado Tierno (2 pzas.),Quesadillas (4 pzas.),2025-07,35.00,0.950,999
Huevo Estrellado Tierno (2 pzas.),Quesadillas (4 pzas.),2025-08,35.00,0.912,999
Huevo Estrellado Tierno (2 pzas.),Quesadillas (4 pzas.),2025-09,35.00,0.953,999
Huevo Estrellado Tierno (2 pzas.),Quesadillas (4 pzas.),2025-10,35.00,0.907,999
Huevo Estrellado Tierno (2 pzas.),Quesadillas (4 pzas.),2025-11,35.00,0.895,999
Huevo Estrellado Tierno (2 pzas.),Quesadillas (4 pzas.),2025-12,35.00,0.971,999
Huevo Estrellado Tierno (2 pzas.),Quesadillas (4 pzas.),2026-01,35.00,0.938,999
Huevo Estrellado Tierno (2 pzas.),Quesadillas (4 pzas.),2026-02,35.00,0.929,999
Huevo Estrellado Tierno (2 pzas.),Quesadillas (4 pzas.),2026-03,35.00,0.970,999
Huevo Estrellado Tierno (2 pzas.),Quesadillas (4 pzas.),2026-04,35.00,1.000,999
Huevo Estrellado Tierno (2 pzas.),Quesadillas (4 pzas.),2026-05,35.00,0.939,999
Huevo Estrellado Tierno (2 pzas.),Quesadillas (4 pzas.),2026-06,35.00,0.966,999
Huevo Estrellado Tierno (2 pzas.),Quesadillas (4 pzas.),2026-07,35.00,0.952,999
Huevo Estrellado Tierno (2 pzas.),Quesadillas (4 pzas.),2026-08,35.00,1.000,999
Huevo Estrellado Tierno (2 pzas.),Quesadillas (4 pzas.),2026-09,35.00,1.000,999
Huevo Revuelto (2 pzas.),1/2 Empanadas (2 pzas.),2023-10,28.00,0.863,999
Huevo Revuelto (2 pzas.),1/2 Empanadas (2 pzas.),2023-11,28.00,0.720,999
Huevo Revuelto (2 pzas.),1/2 Empanadas (2 pzas.),2023-12,28.00,0.841,999
Huevo Revuelto (2 pzas.),1/2 Empanadas (2 pzas.),2024-01,28.00,0.806,999
Huevo Revuelto (2 pzas.),1/2 Empanadas (2 pzas.),2024-02,28.00,0.852,999
Huevo Revuelto (2 pzas.),1/2 Empanadas (2 pzas.),2024-03,28.00,0.957,999
Huevo Revuelto (2 pzas.),1/2 Empanadas (2 pzas.),2024-04,28.00,0.779,999
Huevo Revuelto (2 pzas.),1/2 Empanadas (2 pzas.),2024-05,28.00,0.915,999
Huevo Revuelto (2 pzas.),1/2 Empanadas (2 pzas.),2024-06,28.00,0.795,999
Huevo Revuelto (2 pzas.),1/2 Empanadas (2 pzas.),2024-07,28.00,0.795,999
Huevo Revuelto (2 pzas.),1/2 Empanadas (2 pzas.),2024-08,32.00,0.843,999
Huevo Revuelto (2 pzas.),1/2 Empanadas (2 pzas.),2024-09,32.00,0.877,999
Huevo Revuelto (2 pzas.),1/2 Empanadas (2 pzas.),2024-10,32.00,0.871,999
Huevo Revuelto (2 pzas.),1/2 Empanadas (2 pzas.),2024-11,32.00,0.948,999
Huevo Revuelto (2 pzas.),1/2 Empanadas (2 pzas.),2024-12,32.00,0.922,999
Huevo Revuelto (2 pzas.),1/2 Empanadas (2 pzas.),2025-01,32.00,0.959,999
Huevo Revuelto (2 pzas.),1/2 Empanadas (2 pzas.),2025-02,32.00,0.959,999
Huevo Revuelto (2 pzas.),1/2 Empanadas (2 pzas.),2025-03,35.00,0.942,999
Huevo Revuelto (2 pzas.),1/2 Empanadas (2 pzas.),2025-04,35.00,0.952,999
Huevo Revuelto (2 pzas.),1/2 Empanadas (2 pzas.),2025-05,35.00,0.889,999
Huevo Revuelto (2 pzas.),1/2 Empanadas (2 pzas.),2025-06,35.00,0.896,999
Huevo Revuelto (2 pzas.),1/2 Empanadas (2 pzas.),2025-07,35.00,0.907,999
Huevo Revuelto (2 pzas.),1/2 Empanadas (2 pzas.),2025-08,35.00,0.950,999
Huevo Revuelto (2 pzas.),1/2 Empanadas (2 pzas.),2025-09,35.00,0.945,999
Huevo Revuelto (2 pzas.),1/2 Empanadas (2 pzas.),2025-10,35.00,0.887,999
Huevo Revuelto (2 pzas.),1/2 Empanadas (2 pzas.),2025-11,35.00,0.882,999
Huevo Revuelto (2 pzas.),1/2 Empanadas (2 pzas.),2025-12,35.00,0.889,999
Huevo Revuelto (2 pzas.),1/2 Empanadas (2 pzas.),2026-01,35.00,0.859,999
Huevo Revuelto (2 pzas.),1/2 Empanadas (2 pzas.),2026-02,35.00,0.973,999
Huevo Revuelto (2 pzas.),1/2 Empanadas (2 pzas.),2026-03,35.00,0.962,999
Huevo Revuelto (2 pzas.),1/2 Empanadas (2 pzas.),2026-04,35.00,0.907,999
Huevo Revuelto (2 pzas.),1/2 Empanadas (2 pzas.),2026-05,35.00,0.939,999
Huevo Revuelto (2 pzas.),1/2 Empanadas (2 pzas.),2026-06,35.00,0.971,999
Huevo Revuelto (2 pzas.),1/2 Empanadas (2 pzas.),2026-07,35.00,0.963,999
Huevo Revuelto (2 pzas.),1/2 Empanadas (2 pzas.),2026-08,35.00,0.975,999
Huevo Revuelto (2 pzas.),1/2 Empanadas (2 pzas.),2026-09,35.00,0.975,999
Huevo Revuelto (2 pzas.),1/2 Enchiladas Mixtas (4 Piezas),2023-10,28.00,0.863,999
Huevo Revuelto (2 pzas.),1/2 Enchiladas Mixtas (4 Piezas),2023-11,28.00,0.720,999
Huevo Revuelto (2 pzas.),1/2 Enchiladas Mixtas (4 Piezas),2023-12,28.00,0.841,999
Huevo Revuelto (2 pzas.),1/2 Enchiladas Mixtas (4 Piezas),2024-01,28.00,0.806,999
Huevo Revuelto (2 pzas.),1/2 Enchiladas Mixtas (4 Piezas),2024-02,28.00,0.852,999
Huevo Revuelto (2 pzas.),1/2 Enchiladas Mixtas (4 Piezas),2024-03,28.00,0.957,999
Huevo Revuelto (2 pzas.),1/2 Enchiladas Mixtas (4 Piezas),2024-04,28.00,0.779,999
Huevo Revuelto (2 pzas.),1/2 Enchiladas Mixtas (4 Piezas),2024-05,28.00,0.915,999
Huevo Revuelto (2 pzas.),1/2 Enchiladas Mixtas (4 Piezas),2024-06,28.00,0.795,999
Huevo Revuelto (2 pzas.),1/2 Enchiladas Mixtas (4 Piezas),2024-07,28.00,0.795,999
Huevo Revuelto (2 pzas.),1/2 Enchiladas Mixtas (4 Piezas),2024-08,32.00,0.843,999
Huevo Revuelto (2 pzas.),1/2 Enchiladas Mixtas (4 Piezas),2024-09,32.00,0.877,999
Huevo Revuelto (2 pzas.),1/2 Enchiladas Mixtas (4 Piezas),2024-10,32.00,0.871,999
Huevo Revuelto (2 pzas.),1/2 Enchiladas Mixtas (4 Piezas),2024-11,32.00,0.948,999
Huevo Revuelto (2 pzas.),1/2 Enchiladas Mixtas (4 Piezas),2024-12,32.00,0.922,999
Huevo Revuelto (2 pzas.),1/2 Enchiladas Mixtas (4 Piezas),2025-01,32.00,0.959,999
Huevo Revuelto (2 pzas.),1/2 Enchiladas Mixtas (4 Piezas),2025-02,32.00,0.959,999
Huevo Revuelto (2 pzas.),1/2 Enchiladas Mixtas (4 Piezas),2025-03,35.00,0.942,999
Huevo Revuelto (2 pzas.),1/2 Enchiladas Mixtas (4 Piezas),2025-04,35.00,0.952,999
Huevo Revuelto (2 pzas.),1/2 Enchiladas Mixtas (4 Piezas),2025-05,35.00,0.889,999
Huevo Revuelto (2 pzas.),1/2 Enchiladas Mixtas (4 Piezas),2025-06,35.00,0.896,999
Huevo Revuelto (2 pzas.),1/2 Enchiladas Mixtas (4 Piezas),2025-07,35.00,0.907,999
Huevo Revuelto (2 pzas.),1/2 Enchiladas Mixtas (4 Piezas),2025-08,35.00,1.000,999
Huevo Revuelto (2 pzas.),1/2 Enchiladas Mixtas (4 Piezas),2025-09,35.00,1.000,999
Huevo Revuelto (2 pzas.),1/2 Enchiladas Mixtas (4 Piezas),2025-10,35.00,1.000,999
Huevo Revuelto (2 pzas.),1/2 Enchiladas Mixtas (4 Piezas),2025-11,35.00,1.000,999
Huevo Revuelto (2 pzas.),1/2 Enchiladas Mixtas (4 Piezas),2025-12,35.00,1.000,999
Huevo Revuelto (2 pzas.),1/2 Enchiladas Mixtas (4 Piezas),2026-01,35.00,1.000,999
Huevo Revuelto (2 pzas.),1/2 Enchiladas Mixtas (4 Piezas),2026-02,35.00,1.000,999
Huevo Revuelto (2 pzas.),1/2 Enchiladas Mixtas (4 Piezas),2026-03,35.00,0.962,999
Huevo Revuelto (2 pzas.),1/2 Enchiladas Mixtas (4 Piezas),2026-04,35.00,0.907,999
Huevo Revuelto (2 pzas.),1/2 Enchiladas Mixtas (4 Piezas),2026-05,35.00,0.939,999
Huevo Revuelto (2 pzas.),1/2 Enchiladas Mixtas (4 Piezas),2026-06,35.00,1.000,999
Huevo Revuelto (2 pzas.),1/2 Enchiladas Mixtas (4 Piezas),2026-07,35.00,1.000,999
Huevo Revuelto (2 pzas.),1/2 Enchiladas Mixtas (4 Piezas),2026-08,35.00,1.000,999
Huevo Revuelto (2 pzas.),1/2 Enchiladas Mixtas (4 Piezas),2026-09,35.00,1.000,999
Huevo Revuelto (2 pzas.),1/2 Enchiladas Picositas,2023-09,18.00,0.600,999
Huevo Revuelto (2 pzas.),1/2 Enchiladas Picositas,2023-10,18.00,0.600,999
Huevo Revuelto (2 pzas.),1/2 Enchiladas Picositas,2023-11,18.00,0.600,999
Huevo Revuelto (2 pzas.),1/2 Enchiladas Picositas,2023-12,28.00,0.500,999
Huevo Revuelto (2 pzas.),1/2 Enchiladas Picositas,2024-01,28.00,0.500,999
Huevo Revuelto (2 pzas.),1/2 Enchiladas Picositas,2024-02,28.00,0.500,999
Huevo Revuelto (2 pzas.),1/2 Enchiladas Picositas,2024-03,28.00,0.500,999
Huevo Revuelto (2 pzas.),1/2 Enchiladas Picositas,2024-04,28.00,1.000,999
Huevo Revuelto (2 pzas.),1/2 Enchiladas Picositas,2024-05,28.00,1.000,999
Huevo Revuelto (2 pzas.),1/2 Enchiladas Picositas,2024-06,28.00,1.000,999
Huevo Revuelto (2 pzas.),1/2 Enchiladas Picositas,2024-07,28.00,1.000,999
Huevo Revuelto (2 pzas.),1/2 Enchiladas Picositas,2024-08,32.00,0.800,999
Huevo Revuelto (2 pzas.),1/2 Enchiladas Picositas,2024-09,32.00,0.800,999
Huevo Revuelto (2 pzas.),1/2 Enchiladas Picositas,2024-10,32.00,0.800,999
Huevo Revuelto (2 pzas.),1/2 Enchiladas Picositas,2024-11,32.00,1.000,999
Huevo Revuelto (2 pzas.),1/2 Enchiladas Picositas,2024-12,32.00,1.000,999
Huevo Revuelto (2 pzas.),1/2 Enchiladas Picositas,2025-01,32.00,1.000,999
Huevo Revuelto (2 pzas.),1/2 Enchiladas Picositas,2025-02,32.00,1.000,999
Huevo Revuelto (2 pzas.),1/2 Enchiladas Picositas,2025-03,32.00,1.000,999
Huevo Revuelto (2 pzas.),1/2 Enchiladas Picositas,2025-04,32.00,1.000,999
Huevo Revuelto (2 pzas.),1/2 Enchiladas Picositas,2025-05,35.00,1.000,999
Huevo Revuelto (2 pzas.),1/2 Enchiladas Picositas,2025-06,35.00,1.000,999
Huevo Revuelto (2 pzas.),1/2 Enchiladas Picositas,2025-07,35.00,1.000,999
Huevo Revuelto (2 pzas.),1/2 Enchiladas Picositas,2025-08,35.00,1.000,999
Huevo Revuelto (2 pzas.),1/2 Enchiladas Picositas,2025-09,35.00,1.000,999
Huevo Revuelto (2 pzas.),1/2 Enchiladas Picositas,2025-10,35.00,1.000,999
Huevo Revuelto (2 pzas.),1/2 Enchiladas Picositas,2025-11,35.00,1.000,999
Huevo Revuelto (2 pzas.),1/2 Enchiladas Picositas,2025-12,35.00,1.000,999
Huevo Revuelto (2 pzas.),1/2 Enchiladas Picositas,2026-01,35.00,1.000,999
Huevo Revuelto (2 pzas.),1/2 Enchiladas Picositas,2026-02,35.00,1.000,999
Huevo Revuelto (2 pzas.),1/2 Enchiladas Picositas,2026-03,35.00,1.000,999
Huevo Revuelto (2 pzas.),1/2 Enchiladas Picositas,2026-04,35.00,1.000,999
Huevo Revuelto (2 pzas.),1/2 Enchiladas Picositas,2026-05,35.00,1.000,999
Huevo Revuelto (2 pzas.),1/2 Enchiladas Picositas,2026-06,35.00,1.000,999
Huevo Revuelto (2 pzas.),1/2 Enchiladas Picositas,2026-07,35.00,1.000,999
Huevo Revuelto (2 pzas.),1/2 Enchiladas Picositas,2026-08,35.00,1.000,999
Huevo Revuelto (2 pzas.),1/2 Enchiladas Picositas,2026-09,35.00,1.000,999
Huevo Revuelto (2 pzas.),1/2 Enchiladas Rojas,2023-09,28.00,1.000,999
Huevo Revuelto (2 pzas.),1/2 Enchiladas Rojas,2023-10,28.00,0.778,999
Huevo Revuelto (2 pzas.),1/2 Enchiladas Rojas,2023-11,28.00,0.875,999
Huevo Revuelto (2 pzas.),1/2 Enchiladas Rojas,2023-12,28.00,0.909,999
Huevo Revuelto (2 pzas.),1/2 Enchiladas Rojas,2024-01,28.00,0.909,999
Huevo Revuelto (2 pzas.),1/2 Enchiladas Rojas,2024-02,28.00,1.000,999
Huevo Revuelto (2 pzas.),1/2 Enchiladas Rojas,2024-03,28.00,1.000,999
Huevo Revuelto (2 pzas.),1/2 Enchiladas Rojas,2024-04,28.00,0.889,999
Huevo Revuelto (2 pzas.),1/2 Enchiladas Rojas,2024-05,28.00,0.833,999
Huevo Revuelto (2 pzas.),1/2 Enchiladas Rojas,2024-06,28.00,0.833,999
Huevo Revuelto (2 pzas.),1/2 Enchiladas Rojas,2024-07,28.00,0.600,999
Huevo Revuelto (2 pzas.),1/2 Enchiladas Rojas,2024-08,32.00,0.800,999
Huevo Revuelto (2 pzas.),1/2 Enchiladas Rojas,2024-09,32.00,1.000,999
Huevo Revuelto (2 pzas.),1/2 Enchiladas Rojas,2024-10,32.00,0.929,999
Huevo Revuelto (2 pzas.),1/2 Enchiladas Rojas,2024-11,32.00,1.000,999
Huevo Revuelto (2 pzas.),1/2 Enchiladas Rojas,2024-12,32.00,1.000,999
Huevo Revuelto (2 pzas.),1/2 Enchiladas Rojas,2025-01,32.00,1.000,999
Huevo Revuelto (2 pzas.),1/2 Enchiladas Rojas,2025-02,32.00,0.818,999
Huevo Revuelto (2 pzas.),1/2 Enchiladas Rojas,2025-03,35.00,1.000,999
Huevo Revuelto (2 pzas.),1/2 Enchiladas Rojas,2025-04,35.00,1.000,999
Huevo Revuelto (2 pzas.),1/2 Enchiladas Rojas,2025-05,35.00,1.000,999
Huevo Revuelto (2 pzas.),1/2 Enchiladas Rojas,2025-06,35.00,1.000,999
Huevo Revuelto (2 pzas.),1/2 Enchiladas Rojas,2025-07,35.00,1.000,999
Huevo Revuelto (2 pzas.),1/2 Enchiladas Rojas,2025-08,35.00,1.000,999
Huevo Revuelto (2 pzas.),1/2 Enchiladas Rojas,2025-09,35.00,1.000,999
Huevo Revuelto (2 pzas.),1/2 Enchiladas Rojas,2025-10,35.00,1.000,999
Huevo Revuelto (2 pzas.),1/2 Enchiladas Rojas,2025-11,35.00,1.000,999
Huevo Revuelto (2 pzas.),1/2 Enchiladas Rojas,2025-12,35.00,0.944,999
Huevo Revuelto (2 pzas.),1/2 Enchiladas Rojas,2026-01,35.00,0.909,999
Huevo Revuelto (2 pzas.),1/2 Enchiladas Rojas,2026-02,35.00,1.000,999
Huevo Revuelto (2 pzas.),1/2 Enchiladas Rojas,2026-03,35.00,1.000,999
Huevo Revuelto (2 pzas.),1/2 Enchiladas Rojas,2026-04,35.00,0.923,999
Huevo Revuelto (2 pzas.),1/2 Enchiladas Rojas,2026-05,35.00,1.000,999
Huevo Revuelto (2 pzas.),1/2 Enchiladas Rojas,2026-06,35.00,1.000,999
Huevo Revuelto (2 pzas.),1/2 Enchiladas Rojas,2026-07,35.00,1.000,999
Huevo Revuelto (2 pzas.),1/2 Enchiladas Rojas,2026-08,35.00,1.000,999
Huevo Revuelto (2 pzas.),1/2 Enchiladas Rojas,2026-09,35.00,1.000,999
Huevo Revuelto (2 pzas.),1/2 Encremadas,2023-10,28.00,0.863,999
Huevo Revuelto (2 pzas.),1/2 Encremadas,2023-11,28.00,0.720,999
Huevo Revuelto (2 pzas.),1/2 Encremadas,2023-12,28.00,0.841,999
Huevo Revuelto (2 pzas.),1/2 Encremadas,2024-01,28.00,0.806,999
Huevo Revuelto (2 pzas.),1/2 Encremadas,2024-02,28.00,0.852,999
Huevo Revuelto (2 pzas.),1/2 Encremadas,2024-03,28.00,0.957,999
Huevo Revuelto (2 pzas.),1/2 Encremadas,2024-04,28.00,0.779,999
Huevo Revuelto (2 pzas.),1/2 Encremadas,2024-05,28.00,0.915,999
Huevo Revuelto (2 pzas.),1/2 Encremadas,2024-06,28.00,0.795,999
Huevo Revuelto (2 pzas.),1/2 Encremadas,2024-07,45.00,0.600,999
Huevo Revuelto (2 pzas.),1/2 Encremadas,2024-08,45.00,0.600,999
Huevo Revuelto (2 pzas.),1/2 Encremadas,2024-09,45.00,0.600,999
Huevo Revuelto (2 pzas.),1/2 Encremadas,2024-10,45.00,0.600,999
Huevo Revuelto (2 pzas.),1/2 Encremadas,2024-11,45.00,0.600,999
Huevo Revuelto (2 pzas.),1/2 Encremadas,2024-12,32.00,0.800,999
Huevo Revuelto (2 pzas.),1/2 Encremadas,2025-01,32.00,0.800,999
Huevo Revuelto (2 pzas.),1/2 Encremadas,2025-02,32.00,0.800,999
Huevo Revuelto (2 pzas.),1/2 Encremadas,2025-03,32.00,0.800,999
Huevo Revuelto (2 pzas.),1/2 Encremadas,2025-04,32.00,0.800,999
Huevo Revuelto (2 pzas.),1/2 Encremadas,2025-05,35.00,1.000,999
Huevo Revuelto (2 pzas.),1/2 Encremadas,2025-06,35.00,1.000,999
Huevo Revuelto (2 pzas.),1/2 Encremadas,2025-07,35.00,1.000,999
Huevo Revuelto (2 pzas.),1/2 Encremadas,2025-08,35.00,1.000,999
Huevo Revuelto (2 pzas.),1/2 Encremadas,2025-09,35.00,1.000,999
Huevo Revuelto (2 pzas.),1/2 Encremadas,2025-10,35.00,1.000,999
Huevo Revuelto (2 pzas.),1/2 Encremadas,2025-11,35.00,1.000,999
Huevo Revuelto (2 pzas.),1/2 Encremadas,2025-12,35.00,0.889,999
Huevo Revuelto (2 pzas.),1/2 Encremadas,2026-01,35.00,0.859,999
Huevo Revuelto (2 pzas.),1/2 Encremadas,2026-02,35.00,0.973,999
Huevo Revuelto (2 pzas.),1/2 Encremadas,2026-03,35.00,0.962,999
Huevo Revuelto (2 pzas.),1/2 Encremadas,2026-04,35.00,0.907,999
Huevo Revuelto (2 pzas.),1/2 Encremadas,2026-05,35.00,0.939,999
Huevo Revuelto (2 pzas.),1/2 Encremadas,2026-06,35.00,0.971,999
Huevo Revuelto (2 pzas.),1/2 Encremadas,2026-07,35.00,0.963,999
Huevo Revuelto (2 pzas.),1/2 Encremadas,2026-08,35.00,0.975,999
Huevo Revuelto (2 pzas.),1/2 Encremadas,2026-09,35.00,0.975,999
Huevo Revuelto (2 pzas.),1/2 Enfrijoladas,2023-10,28.00,0.863,999
Huevo Revuelto (2 pzas.),1/2 Enfrijoladas,2023-11,28.00,0.720,999
Huevo Revuelto (2 pzas.),1/2 Enfrijoladas,2023-12,28.00,0.841,999
Huevo Revuelto (2 pzas.),1/2 Enfrijoladas,2024-01,28.00,0.806,999
Huevo Revuelto (2 pzas.),1/2 Enfrijoladas,2024-02,28.00,0.852,999
Huevo Revuelto (2 pzas.),1/2 Enfrijoladas,2024-03,28.00,0.957,999
Huevo Revuelto (2 pzas.),1/2 Enfrijoladas,2024-04,28.00,0.779,999
Huevo Revuelto (2 pzas.),1/2 Enfrijoladas,2024-05,28.00,0.915,999
Huevo Revuelto (2 pzas.),1/2 Enfrijoladas,2024-06,28.00,0.795,999
Huevo Revuelto (2 pzas.),1/2 Enfrijoladas,2024-07,28.00,0.795,999
Huevo Revuelto (2 pzas.),1/2 Enfrijoladas,2024-08,32.00,0.843,999
Huevo Revuelto (2 pzas.),1/2 Enfrijoladas,2024-09,32.00,0.877,999
Huevo Revuelto (2 pzas.),1/2 Enfrijoladas,2024-10,32.00,0.871,999
Huevo Revuelto (2 pzas.),1/2 Enfrijoladas,2024-11,32.00,0.948,999
Huevo Revuelto (2 pzas.),1/2 Enfrijoladas,2024-12,32.00,0.922,999
Huevo Revuelto (2 pzas.),1/2 Enfrijoladas,2025-01,32.00,0.959,999
Huevo Revuelto (2 pzas.),1/2 Enfrijoladas,2025-02,32.00,0.959,999
Huevo Revuelto (2 pzas.),1/2 Enfrijoladas,2025-03,35.00,0.942,999
Huevo Revuelto (2 pzas.),1/2 Enfrijoladas,2025-04,35.00,0.952,999
Huevo Revuelto (2 pzas.),1/2 Enfrijoladas,2025-05,35.00,1.000,999
Huevo Revuelto (2 pzas.),1/2 Enfrijoladas,2025-06,35.00,1.000,999
Huevo Revuelto (2 pzas.),1/2 Enfrijoladas,2025-07,35.00,1.000,999
Huevo Revuelto (2 pzas.),1/2 Enfrijoladas,2025-08,35.00,1.000,999
Huevo Revuelto (2 pzas.),1/2 Enfrijoladas,2025-09,35.00,1.000,999
Huevo Revuelto (2 pzas.),1/2 Enfrijoladas,2025-10,35.00,1.000,999
Huevo Revuelto (2 pzas.),1/2 Enfrijoladas,2025-11,35.00,1.000,999
Huevo Revuelto (2 pzas.),1/2 Enfrijoladas,2025-12,35.00,1.000,999
Huevo Revuelto (2 pzas.),1/2 Enfrijoladas,2026-01,35.00,0.859,999
Huevo Revuelto (2 pzas.),1/2 Enfrijoladas,2026-02,35.00,0.973,999
Huevo Revuelto (2 pzas.),1/2 Enfrijoladas,2026-03,35.00,0.962,999
Huevo Revuelto (2 pzas.),1/2 Enfrijoladas,2026-04,35.00,0.907,999
Huevo Revuelto (2 pzas.),1/2 Enfrijoladas,2026-05,35.00,0.939,999
Huevo Revuelto (2 pzas.),1/2 Enfrijoladas,2026-06,35.00,0.971,999
Huevo Revuelto (2 pzas.),1/2 Enfrijoladas,2026-07,35.00,0.963,999
Huevo Revuelto (2 pzas.),1/2 Enfrijoladas,2026-08,35.00,0.975,999
Huevo Revuelto (2 pzas.),1/2 Enfrijoladas,2026-09,35.00,0.975,999
Huevo Revuelto (2 pzas.),1/2 Enmoladas,2023-10,28.00,0.863,999
Huevo Revuelto (2 pzas.),1/2 Enmoladas,2023-11,28.00,0.720,999
Huevo Revuelto (2 pzas.),1/2 Enmoladas,2023-12,28.00,0.841,999
Huevo Revuelto (2 pzas.),1/2 Enmoladas,2024-01,28.00,1.000,999
Huevo Revuelto (2 pzas.),1/2 Enmoladas,2024-02,28.00,1.000,999
Huevo Revuelto (2 pzas.),1/2 Enmoladas,2024-03,28.00,1.000,999
Huevo Revuelto (2 pzas.),1/2 Enmoladas,2024-04,28.00,0.857,999
Huevo Revuelto (2 pzas.),1/2 Enmoladas,2024-05,28.00,0.857,999
Huevo Revuelto (2 pzas.),1/2 Enmoladas,2024-06,28.00,0.857,999
Huevo Revuelto (2 pzas.),1/2 Enmoladas,2024-07,28.00,0.857,999
Huevo Revuelto (2 pzas.),1/2 Enmoladas,2024-08,28.00,0.857,999
Huevo Revuelto (2 pzas.),1/2 Enmoladas,2024-09,28.00,0.857,999
Huevo Revuelto (2 pzas.),1/2 Enmoladas,2024-10,32.00,1.000,999
Huevo Revuelto (2 pzas.),1/2 Enmoladas,2024-11,32.00,1.000,999
Huevo Revuelto (2 pzas.),1/2 Enmoladas,2024-12,32.00,1.000,999
Huevo Revuelto (2 pzas.),1/2 Enmoladas,2025-01,32.00,1.000,999
Huevo Revuelto (2 pzas.),1/2 Enmoladas,2025-02,32.00,1.000,999
Huevo Revuelto (2 pzas.),1/2 Enmoladas,2025-03,32.00,1.000,999
Huevo Revuelto (2 pzas.),1/2 Enmoladas,2025-04,35.00,1.000,999
Huevo Revuelto (2 pzas.),1/2 Enmoladas,2025-05,35.00,1.000,999
Huevo Revuelto (2 pzas.),1/2 Enmoladas,2025-06,35.00,1.000,999
Huevo Revuelto (2 pzas.),1/2 Enmoladas,2025-07,35.00,1.000,999
Huevo Revuelto (2 pzas.),1/2 Enmoladas,2025-08,35.00,0.917,999
Huevo Revuelto (2 pzas.),1/2 Enmoladas,2025-09,35.00,0.917,999
Huevo Revuelto (2 pzas.),1/2 Enmoladas,2025-10,35.00,0.917,999
Huevo Revuelto (2 pzas.),1/2 Enmoladas,2025-11,35.00,0.917,999
Huevo Revuelto (2 pzas.),1/2 Enmoladas,2025-12,35.00,1.000,999
Huevo Revuelto (2 pzas.),1/2 Enmoladas,2026-01,35.00,1.000,999
Huevo Revuelto (2 pzas.),1/2 Enmoladas,2026-02,35.00,1.000,999
Huevo Revuelto (2 pzas.),1/2 Enmoladas,2026-03,35.00,1.000,999
Huevo Revuelto (2 pzas.),1/2 Enmoladas,2026-04,35.00,1.000,999
Huevo Revuelto (2 pzas.),1/2 Enmoladas,2026-05,35.00,1.000,999
Huevo Revuelto (2 pzas.),1/2 Enmoladas,2026-06,35.00,1.000,999
Huevo Revuelto (2 pzas.),1/2 Enmoladas,2026-07,35.00,1.000,999
Huevo Revuelto (2 pzas.),1/2 Enmoladas,2026-08,35.00,1.000,999
Huevo Revuelto (2 pzas.),1/2 Enmoladas,2026-09,35.00,1.000,999
Huevo Revuelto (2 pzas.),1/2 Entomatadas,2023-09,28.00,0.545,999
Huevo Revuelto (2 pzas.),1/2 Entomatadas,2023-10,28.00,0.846,999
Huevo Revuelto (2 pzas.),1/2 Entomatadas,2023-11,28.00,0.500,999
Huevo Revuelto (2 pzas.),1/2 Entomatadas,2023-12,28.00,0.727,999
Huevo Revuelto (2 pzas.),1/2 Entomatadas,2024-01,28.00,0.667,999
Huevo Revuelto (2 pzas.),1/2 Entomatadas,2024-02,28.00,0.917,999
Huevo Revuelto (2 pzas.),1/2 Entomatadas,2024-03,28.00,1.000,999
Huevo Revuelto (2 pzas.),1/2 Entomatadas,2024-04,28.00,0.900,999
Huevo Revuelto (2 pzas.),1/2 Entomatadas,2024-05,28.00,1.000,999
Huevo Revuelto (2 pzas.),1/2 Entomatadas,2024-06,28.00,0.833,999
Huevo Revuelto (2 pzas.),1/2 Entomatadas,2024-07,28.00,0.833,999
Huevo Revuelto (2 pzas.),1/2 Entomatadas,2024-08,32.00,0.810,999
Huevo Revuelto (2 pzas.),1/2 Entomatadas,2024-09,32.00,0.571,999
Huevo Revuelto (2 pzas.),1/2 Entomatadas,2024-10,32.00,0.917,999
Huevo Revuelto (2 pzas.),1/2 Entomatadas,2024-11,32.00,1.000,999
Huevo Revuelto (2 pzas.),1/2 Entomatadas,2024-12,32.00,1.000,999
Huevo Revuelto (2 pzas.),1/2 Entomatadas,2025-01,32.00,0.947,999
Huevo Revuelto (2 pzas.),1/2 Entomatadas,2025-02,32.00,0.500,999
Huevo Revuelto (2 pzas.),1/2 Entomatadas,2025-03,35.00,1.000,999
Huevo Revuelto (2 pzas.),1/2 Entomatadas,2025-04,35.00,1.000,999
Huevo Revuelto (2 pzas.),1/2 Entomatadas,2025-05,35.00,0.923,999
Huevo Revuelto (2 pzas.),1/2 Entomatadas,2025-06,35.00,1.000,999
Huevo Revuelto (2 pzas.),1/2 Entomatadas,2025-07,35.00,1.000,999
Huevo Revuelto (2 pzas.),1/2 Entomatadas,2025-08,35.00,1.000,999
Huevo Revuelto (2 pzas.),1/2 Entomatadas,2025-09,35.00,0.929,999
Huevo Revuelto (2 pzas.),1/2 Entomatadas,2025-10,35.00,1.000,999
Huevo Revuelto (2 pzas.),1/2 Entomatadas,2025-11,35.00,0.941,999
Huevo Revuelto (2 pzas.),1/2 Entomatadas,2025-12,35.00,0.944,999
Huevo Revuelto (2 pzas.),1/2 Entomatadas,2026-01,35.00,1.000,999
Huevo Revuelto (2 pzas.),1/2 Entomatadas,2026-02,35.00,1.000,999
Huevo Revuelto (2 pzas.),1/2 Entomatadas,2026-03,35.00,0.923,999
Huevo Revuelto (2 pzas.),1/2 Entomatadas,2026-04,35.00,0.846,999
Huevo Revuelto (2 pzas.),1/2 Entomatadas,2026-05,35.00,0.929,999
Huevo Revuelto (2 pzas.),1/2 Entomatadas,2026-06,35.00,0.923,999
Huevo Revuelto (2 pzas.),1/2 Entomatadas,2026-07,35.00,1.000,999
Huevo Revuelto (2 pzas.),1/2 Entomatadas,2026-08,35.00,1.000,999
Huevo Revuelto (2 pzas.),1/2 Entomatadas,2026-09,35.00,1.000,999
Huevo Revuelto (2 pzas.),1/2 Quesadillas (2 pzas.),2023-10,28.00,0.863,999
Huevo Revuelto (2 pzas.),1/2 Quesadillas (2 pzas.),2023-11,28.00,0.720,999
Huevo Revuelto (2 pzas.),1/2 Quesadillas (2 pzas.),2023-12,28.00,0.841,999
Huevo Revuelto (2 pzas.),1/2 Quesadillas (2 pzas.),2024-01,28.00,0.806,999
Huevo Revuelto (2 pzas.),1/2 Quesadillas (2 pzas.),2024-02,28.00,0.852,999
Huevo Revuelto (2 pzas.),1/2 Quesadillas (2 pzas.),2024-03,28.00,0.957,999
Huevo Revuelto (2 pzas.),1/2 Quesadillas (2 pzas.),2024-04,28.00,0.779,999
Huevo Revuelto (2 pzas.),1/2 Quesadillas (2 pzas.),2024-05,28.00,0.915,999
Huevo Revuelto (2 pzas.),1/2 Quesadillas (2 pzas.),2024-06,28.00,0.795,999
Huevo Revuelto (2 pzas.),1/2 Quesadillas (2 pzas.),2024-07,28.00,0.795,999
Huevo Revuelto (2 pzas.),1/2 Quesadillas (2 pzas.),2024-08,32.00,0.843,999
Huevo Revuelto (2 pzas.),1/2 Quesadillas (2 pzas.),2024-09,32.00,0.877,999
Huevo Revuelto (2 pzas.),1/2 Quesadillas (2 pzas.),2024-10,32.00,0.871,999
Huevo Revuelto (2 pzas.),1/2 Quesadillas (2 pzas.),2024-11,32.00,0.948,999
Huevo Revuelto (2 pzas.),1/2 Quesadillas (2 pzas.),2024-12,32.00,0.922,999
Huevo Revuelto (2 pzas.),1/2 Quesadillas (2 pzas.),2025-01,32.00,0.959,999
Huevo Revuelto (2 pzas.),1/2 Quesadillas (2 pzas.),2025-02,32.00,0.959,999
Huevo Revuelto (2 pzas.),1/2 Quesadillas (2 pzas.),2025-03,35.00,0.942,999
Huevo Revuelto (2 pzas.),1/2 Quesadillas (2 pzas.),2025-04,35.00,0.952,999
Huevo Revuelto (2 pzas.),1/2 Quesadillas (2 pzas.),2025-05,35.00,0.889,999
Huevo Revuelto (2 pzas.),1/2 Quesadillas (2 pzas.),2025-06,35.00,0.896,999
Huevo Revuelto (2 pzas.),1/2 Quesadillas (2 pzas.),2025-07,35.00,0.907,999
Huevo Revuelto (2 pzas.),1/2 Quesadillas (2 pzas.),2025-08,35.00,0.950,999
Huevo Revuelto (2 pzas.),1/2 Quesadillas (2 pzas.),2025-09,35.00,0.945,999
Huevo Revuelto (2 pzas.),1/2 Quesadillas (2 pzas.),2025-10,35.00,0.887,999
Huevo Revuelto (2 pzas.),1/2 Quesadillas (2 pzas.),2025-11,35.00,1.000,999
Huevo Revuelto (2 pzas.),1/2 Quesadillas (2 pzas.),2025-12,35.00,1.000,999
Huevo Revuelto (2 pzas.),1/2 Quesadillas (2 pzas.),2026-01,35.00,0.857,999
Huevo Revuelto (2 pzas.),1/2 Quesadillas (2 pzas.),2026-02,35.00,0.857,999
Huevo Revuelto (2 pzas.),1/2 Quesadillas (2 pzas.),2026-03,35.00,1.000,999
Huevo Revuelto (2 pzas.),1/2 Quesadillas (2 pzas.),2026-04,35.00,1.000,999
Huevo Revuelto (2 pzas.),1/2 Quesadillas (2 pzas.),2026-05,35.00,1.000,999
Huevo Revuelto (2 pzas.),1/2 Quesadillas (2 pzas.),2026-06,35.00,1.000,999
Huevo Revuelto (2 pzas.),1/2 Quesadillas (2 pzas.),2026-07,35.00,1.000,999
Huevo Revuelto (2 pzas.),1/2 Quesadillas (2 pzas.),2026-08,35.00,1.000,999
Huevo Revuelto (2 pzas.),1/2 Quesadillas (2 pzas.),2026-09,35.00,1.000,999
Huevo Revuelto (2 pzas.),Empanadas (4 pzas.),2023-10,28.00,0.863,999
Huevo Revuelto (2 pzas.),Empanadas (4 pzas.),2023-11,28.00,0.720,999
Huevo Revuelto (2 pzas.),Empanadas (4 pzas.),2023-12,28.00,0.841,999
Huevo Revuelto (2 pzas.),Empanadas (4 pzas.),2024-01,28.00,0.806,999
Huevo Revuelto (2 pzas.),Empanadas (4 pzas.),2024-02,28.00,0.852,999
Huevo Revuelto (2 pzas.),Empanadas (4 pzas.),2024-03,28.00,0.957,999
Huevo Revuelto (2 pzas.),Empanadas (4 pzas.),2024-04,28.00,0.779,999
Huevo Revuelto (2 pzas.),Empanadas (4 pzas.),2024-05,28.00,0.915,999
Huevo Revuelto (2 pzas.),Empanadas (4 pzas.),2024-06,28.00,0.795,999
Huevo Revuelto (2 pzas.),Empanadas (4 pzas.),2024-07,28.00,0.795,999
Huevo Revuelto (2 pzas.),Empanadas (4 pzas.),2024-08,32.00,0.843,999
Huevo Revuelto (2 pzas.),Empanadas (4 pzas.),2024-09,32.00,0.877,999
Huevo Revuelto (2 pzas.),Empanadas (4 pzas.),2024-10,32.00,0.871,999
Huevo Revuelto (2 pzas.),Empanadas (4 pzas.),2024-11,32.00,0.948,999
Huevo Revuelto (2 pzas.),Empanadas (4 pzas.),2024-12,32.00,0.922,999
Huevo Revuelto (2 pzas.),Empanadas (4 pzas.),2025-01,32.00,0.959,999
Huevo Revuelto (2 pzas.),Empanadas (4 pzas.),2025-02,32.00,0.959,999
Huevo Revuelto (2 pzas.),Empanadas (4 pzas.),2025-03,35.00,0.942,999
Huevo Revuelto (2 pzas.),Empanadas (4 pzas.),2025-04,35.00,0.952,999
Huevo Revuelto (2 pzas.),Empanadas (4 pzas.),2025-05,35.00,0.889,999
Huevo Revuelto (2 pzas.),Empanadas (4 pzas.),2025-06,35.00,0.896,999
Huevo Revuelto (2 pzas.),Empanadas (4 pzas.),2025-07,35.00,0.907,999
Huevo Revuelto (2 pzas.),Empanadas (4 pzas.),2025-08,35.00,0.950,999
Huevo Revuelto (2 pzas.),Empanadas (4 pzas.),2025-09,35.00,0.945,999
Huevo Revuelto (2 pzas.),Empanadas (4 pzas.),2025-10,35.00,0.887,999
Huevo Revuelto (2 pzas.),Empanadas (4 pzas.),2025-11,35.00,0.882,999
Huevo Revuelto (2 pzas.),Empanadas (4 pzas.),2025-12,35.00,0.889,999
Huevo Revuelto (2 pzas.),Empanadas (4 pzas.),2026-01,35.00,0.859,999
Huevo Revuelto (2 pzas.),Empanadas (4 pzas.),2026-02,35.00,0.973,999
Huevo Revuelto (2 pzas.),Empanadas (4 pzas.),2026-03,35.00,0.962,999
Huevo Revuelto (2 pzas.),Empanadas (4 pzas.),2026-04,35.00,0.907,999
Huevo Revuelto (2 pzas.),Empanadas (4 pzas.),2026-05,35.00,0.939,999
Huevo Revuelto (2 pzas.),Empanadas (4 pzas.),2026-06,35.00,0.971,999
Huevo Revuelto (2 pzas.),Empanadas (4 pzas.),2026-07,35.00,0.963,999
Huevo Revuelto (2 pzas.),Empanadas (4 pzas.),2026-08,35.00,0.975,999
Huevo Revuelto (2 pzas.),Empanadas (4 pzas.),2026-09,35.00,0.975,999
Huevo Revuelto (2 pzas.),Enchiladas Mixtas,2023-10,28.00,0.863,999
Huevo Revuelto (2 pzas.),Enchiladas Mixtas,2023-11,28.00,0.720,999
Huevo Revuelto (2 pzas.),Enchiladas Mixtas,2023-12,28.00,1.000,999
Huevo Revuelto (2 pzas.),Enchiladas Mixtas,2024-01,28.00,1.000,999
Huevo Revuelto (2 pzas.),Enchiladas Mixtas,2024-02,28.00,1.000,999
Huevo Revuelto (2 pzas.),Enchiladas Mixtas,2024-03,28.00,1.000,999
Huevo Revuelto (2 pzas.),Enchiladas Mixtas,2024-04,28.00,1.000,999
Huevo Revuelto (2 pzas.),Enchiladas Mixtas,2024-05,28.00,1.000,999
Huevo Revuelto (2 pzas.),Enchiladas Mixtas,2024-06,28.00,1.000,999
Huevo Revuelto (2 pzas.),Enchiladas Mixtas,2024-07,28.00,1.000,999
Huevo Revuelto (2 pzas.),Enchiladas Mixtas,2024-08,32.00,1.000,999
Huevo Revuelto (2 pzas.),Enchiladas Mixtas,2024-09,32.00,1.000,999
Huevo Revuelto (2 pzas.),Enchiladas Mixtas,2024-10,32.00,1.000,999
Huevo Revuelto (2 pzas.),Enchiladas Mixtas,2024-11,32.00,1.000,999
Huevo Revuelto (2 pzas.),Enchiladas Mixtas,2024-12,32.00,0.600,999
Huevo Revuelto (2 pzas.),Enchiladas Mixtas,2025-01,32.00,0.600,999
Huevo Revuelto (2 pzas.),Enchiladas Mixtas,2025-02,32.00,0.600,999
Huevo Revuelto (2 pzas.),Enchiladas Mixtas,2025-03,32.00,0.600,999
Huevo Revuelto (2 pzas.),Enchiladas Mixtas,2025-04,32.00,0.600,999
Huevo Revuelto (2 pzas.),Enchiladas Mixtas,2025-05,32.00,0.600,999
Huevo Revuelto (2 pzas.),Enchiladas Mixtas,2025-06,35.00,0.800,999
Huevo Revuelto (2 pzas.),Enchiladas Mixtas,2025-07,35.00,0.667,999
Huevo Revuelto (2 pzas.),Enchiladas Mixtas,2025-08,35.00,1.000,999
Huevo Revuelto (2 pzas.),Enchiladas Mixtas,2025-09,35.00,1.000,999
Huevo Revuelto (2 pzas.),Enchiladas Mixtas,2025-10,35.00,1.000,999
Huevo Revuelto (2 pzas.),Enchiladas Mixtas,2025-11,35.00,1.000,999
Huevo Revuelto (2 pzas.),Enchiladas Mixtas,2025-12,35.00,0.857,999
Huevo Revuelto (2 pzas.),Enchiladas Mixtas,2026-01,35.00,0.800,999
Huevo Revuelto (2 pzas.),Enchiladas Mixtas,2026-02,35.00,0.800,999
Huevo Revuelto (2 pzas.),Enchiladas Mixtas,2026-03,35.00,0.800,999
Huevo Revuelto (2 pzas.),Enchiladas Mixtas,2026-04,35.00,0.800,999
Huevo Revuelto (2 pzas.),Enchiladas Mixtas,2026-05,35.00,1.000,999
Huevo Revuelto (2 pzas.),Enchiladas Mixtas,2026-06,35.00,1.000,999
Huevo Revuelto (2 pzas.),Enchiladas Mixtas,2026-07,35.00,1.000,999
Huevo Revuelto (2 pzas.),Enchiladas Mixtas,2026-08,35.00,1.000,999
Huevo Revuelto (2 pzas.),Enchiladas Mixtas,2026-09,35.00,1.000,999
Huevo Revuelto (2 pzas.),Enchiladas Picositas,2023-10,28.00,1.000,999
Huevo Revuelto (2 pzas.),Enchiladas Picositas,2023-11,28.00,1.000,999
Huevo Revuelto (2 pzas.),Enchiladas Picositas,2023-12,28.00,1.000,999
Huevo Revuelto (2 pzas.),Enchiladas Picositas,2024-01,28.00,1.000,999
Huevo Revuelto (2 pzas.),Enchiladas Picositas,2024-02,28.00,1.000,999
Huevo Revuelto (2 pzas.),Enchiladas Picositas,2024-03,28.00,1.000,999
Huevo Revuelto (2 pzas.),Enchiladas Picositas,2024-04,28.00,0.833,999
Huevo Revuelto (2 pzas.),Enchiladas Picositas,2024-05,28.00,0.833,999
Huevo Revuelto (2 pzas.),Enchiladas Picositas,2024-06,28.00,0.833,999
Huevo Revuelto (2 pzas.),Enchiladas Picositas,2024-07,28.00,0.833,999
Huevo Revuelto (2 pzas.),Enchiladas Picositas,2024-08,28.00,0.833,999
Huevo Revuelto (2 pzas.),Enchiladas Picositas,2024-09,28.00,0.833,999
Huevo Revuelto (2 pzas.),Enchiladas Picositas,2024-10,28.00,0.833,999
Huevo Revuelto (2 pzas.),Enchiladas Picositas,2024-11,28.00,0.833,999
Huevo Revuelto (2 pzas.),Enchiladas Picositas,2024-12,28.00,0.833,999
Huevo Revuelto (2 pzas.),Enchiladas Picositas,2025-01,32.00,0.959,999
Huevo Revuelto (2 pzas.),Enchiladas Picositas,2025-02,32.00,0.959,999
Huevo Revuelto (2 pzas.),Enchiladas Picositas,2025-03,35.00,0.942,999
Huevo Revuelto (2 pzas.),Enchiladas Picositas,2025-04,35.00,0.952,999
Huevo Revuelto (2 pzas.),Enchiladas Picositas,2025-05,35.00,0.800,999
Huevo Revuelto (2 pzas.),Enchiladas Picositas,2025-06,35.00,0.800,999
Huevo Revuelto (2 pzas.),Enchiladas Picositas,2025-07,35.00,0.600,999
Huevo Revuelto (2 pzas.),Enchiladas Picositas,2025-08,35.00,0.600,999
Huevo Revuelto (2 pzas.),Enchiladas Picositas,2025-09,35.00,0.600,999
Huevo Revuelto (2 pzas.),Enchiladas Picositas,2025-10,35.00,0.600,999
Huevo Revuelto (2 pzas.),Enchiladas Picositas,2025-11,35.00,0.600,999
Huevo Revuelto (2 pzas.),Enchiladas Picositas,2025-12,35.00,0.600,999
Huevo Revuelto (2 pzas.),Enchiladas Picositas,2026-01,35.00,0.600,999
Huevo Revuelto (2 pzas.),Enchiladas Picositas,2026-02,35.00,0.973,999
Huevo Revuelto (2 pzas.),Enchiladas Picositas,2026-03,35.00,0.962,999
Huevo Revuelto (2 pzas.),Enchiladas Picositas,2026-04,35.00,0.907,999
Huevo Revuelto (2 pzas.),Enchiladas Picositas,2026-05,35.00,0.939,999
Huevo Revuelto (2 pzas.),Enchiladas Picositas,2026-06,35.00,0.971,999
Huevo Revuelto (2 pzas.),Enchiladas Picositas,2026-07,35.00,0.963,999
Huevo Revuelto (2 pzas.),Enchiladas Picositas,2026-08,35.00,0.975,999
Huevo Revuelto (2 pzas.),Enchiladas Picositas,2026-09,35.00,0.975,999
Huevo Revuelto (2 pzas.),Enchiladas Rojas,2023-09,18.00,0.100,999
Huevo Revuelto (2 pzas.),Enchiladas Rojas,2023-10,28.00,0.889,999
Huevo Revuelto (2 pzas.),Enchiladas Rojas,2023-11,28.00,0.889,999
Huevo Revuelto (2 pzas.),Enchiladas Rojas,2023-12,28.00,0.933,999
Huevo Revuelto (2 pzas.),Enchiladas Rojas,2024-01,28.00,0.833,999
Huevo Revuelto (2 pzas.),Enchiladas Rojas,2024-02,28.00,0.833,999
Huevo Revuelto (2 pzas.),Enchiladas Rojas,2024-03,28.00,1.000,999
Huevo Revuelto (2 pzas.),Enchiladas Rojas,2024-04,28.00,1.000,999
Huevo Revuelto (2 pzas.),Enchiladas Rojas,2024-05,28.00,1.000,999
Huevo Revuelto (2 pzas.),Enchiladas Rojas,2024-06,28.00,0.667,999
Huevo Revuelto (2 pzas.),Enchiladas Rojas,2024-07,28.00,0.667,999
Huevo Revuelto (2 pzas.),Enchiladas Rojas,2024-08,32.00,0.714,999
Huevo Revuelto (2 pzas.),Enchiladas Rojas,2024-09,32.00,1.000,999
Huevo Revuelto (2 pzas.),Enchiladas Rojas,2024-10,32.00,1.000,999
Huevo Revuelto (2 pzas.),Enchiladas Rojas,2024-11,32.00,1.000,999
Huevo Revuelto (2 pzas.),Enchiladas Rojas,2024-12,32.00,1.000,999
Huevo Revuelto (2 pzas.),Enchiladas Rojas,2025-01,32.00,1.000,999
Huevo Revuelto (2 pzas.),Enchiladas Rojas,2025-02,32.00,1.000,999
Huevo Revuelto (2 pzas.),Enchiladas Rojas,2025-03,35.00,0.909,999
Huevo Revuelto (2 pzas.),Enchiladas Rojas,2025-04,35.00,1.000,999
Huevo Revuelto (2 pzas.),Enchiladas Rojas,2025-05,35.00,1.000,999
Huevo Revuelto (2 pzas.),Enchiladas Rojas,2025-06,35.00,1.000,999
Huevo Revuelto (2 pzas.),Enchiladas Rojas,2025-07,35.00,1.000,999
Huevo Revuelto (2 pzas.),Enchiladas Rojas,2025-08,35.00,1.000,999
Huevo Revuelto (2 pzas.),Enchiladas Rojas,2025-09,35.00,1.000,999
Huevo Revuelto (2 pzas.),Enchiladas Rojas,2025-10,35.00,1.000,999
Huevo Revuelto (2 pzas.),Enchiladas Rojas,2025-11,35.00,1.000,999
Huevo Revuelto (2 pzas.),Enchiladas Rojas,2025-12,35.00,1.000,999
Huevo Revuelto (2 pzas.),Enchiladas Rojas,2026-01,35.00,1.000,999
Huevo Revuelto (2 pzas.),Enchiladas Rojas,2026-02,35.00,1.000,999
Huevo Revuelto (2 pzas.),Enchiladas Rojas,2026-03,35.00,1.000,999
Huevo Revuelto (2 pzas.),Enchiladas Rojas,2026-04,35.00,1.000,999
Huevo Revuelto (2 pzas.),Enchiladas Rojas,2026-05,35.00,0.800,999
Huevo Revuelto (2 pzas.),Enchiladas Rojas,2026-06,35.00,0.800,999
Huevo Revuelto (2 pzas.),Enchiladas Rojas,2026-07,35.00,0.800,999
Huevo Revuelto (2 pzas.),Enchiladas Rojas,2026-08,35.00,0.800,999
Huevo Revuelto (2 pzas.),Enchiladas Rojas,2026-09,35.00,0.800,999
Huevo Revuelto (2 pzas.),Encremadas,2023-10,28.00,0.863,999
Huevo Revuelto (2 pzas.),Encremadas,2023-11,28.00,0.720,999
Huevo Revuelto (2 pzas.),Encremadas,2023-12,28.00,0.841,999
Huevo Revuelto (2 pzas.),Encremadas,2024-01,28.00,0.806,999
Huevo Revuelto (2 pzas.),Encremadas,2024-02,28.00,0.852,999
Huevo Revuelto (2 pzas.),Encremadas,2024-03,28.00,0.957,999
Huevo Revuelto (2 pzas.),Encremadas,2024-04,28.00,0.779,999
Huevo Revuelto (2 pzas.),Encremadas,2024-05,28.00,0.915,999
Huevo Revuelto (2 pzas.),Encremadas,2024-06,28.00,0.795,999
Huevo Revuelto (2 pzas.),Encremadas,2024-07,28.00,0.795,999
Huevo Revuelto (2 pzas.),Encremadas,2024-08,32.00,0.843,999
Huevo Revuelto (2 pzas.),Encremadas,2024-09,32.00,0.877,999
Huevo Revuelto (2 pzas.),Encremadas,2024-10,32.00,0.871,999
Huevo Revuelto (2 pzas.),Encremadas,2024-11,32.00,0.948,999
Huevo Revuelto (2 pzas.),Encremadas,2024-12,32.00,0.922,999
Huevo Revuelto (2 pzas.),Encremadas,2025-01,32.00,0.959,999
Huevo Revuelto (2 pzas.),Encremadas,2025-02,32.00,0.959,999
Huevo Revuelto (2 pzas.),Encremadas,2025-03,35.00,0.942,999
Huevo Revuelto (2 pzas.),Encremadas,2025-04,35.00,0.952,999
Huevo Revuelto (2 pzas.),Encremadas,2025-05,35.00,0.889,999
Huevo Revuelto (2 pzas.),Encremadas,2025-06,35.00,0.896,999
Huevo Revuelto (2 pzas.),Encremadas,2025-07,35.00,0.907,999
Huevo Revuelto (2 pzas.),Encremadas,2025-08,35.00,0.950,999
Huevo Revuelto (2 pzas.),Encremadas,2025-09,35.00,0.945,999
Huevo Revuelto (2 pzas.),Encremadas,2025-10,35.00,0.887,999
Huevo Revuelto (2 pzas.),Encremadas,2025-11,35.00,0.882,999
Huevo Revuelto (2 pzas.),Encremadas,2025-12,35.00,0.889,999
Huevo Revuelto (2 pzas.),Encremadas,2026-01,35.00,0.859,999
Huevo Revuelto (2 pzas.),Encremadas,2026-02,35.00,0.973,999
Huevo Revuelto (2 pzas.),Encremadas,2026-03,35.00,0.962,999
Huevo Revuelto (2 pzas.),Encremadas,2026-04,35.00,0.907,999
Huevo Revuelto (2 pzas.),Encremadas,2026-05,35.00,0.939,999
Huevo Revuelto (2 pzas.),Encremadas,2026-06,35.00,0.971,999
Huevo Revuelto (2 pzas.),Encremadas,2026-07,35.00,0.963,999
Huevo Revuelto (2 pzas.),Encremadas,2026-08,35.00,0.975,999
Huevo Revuelto (2 pzas.),Encremadas,2026-09,35.00,0.975,999
Huevo Revuelto (2 pzas.),Enfrijoladas,2023-10,28.00,0.863,999
Huevo Revuelto (2 pzas.),Enfrijoladas,2023-11,28.00,0.720,999
Huevo Revuelto (2 pzas.),Enfrijoladas,2023-12,28.00,0.841,999
Huevo Revuelto (2 pzas.),Enfrijoladas,2024-01,28.00,0.806,999
Huevo Revuelto (2 pzas.),Enfrijoladas,2024-02,28.00,0.852,999
Huevo Revuelto (2 pzas.),Enfrijoladas,2024-03,28.00,0.957,999
Huevo Revuelto (2 pzas.),Enfrijoladas,2024-04,28.00,0.779,999
Huevo Revuelto (2 pzas.),Enfrijoladas,2024-05,28.00,0.915,999
Huevo Revuelto (2 pzas.),Enfrijoladas,2024-06,28.00,0.795,999
Huevo Revuelto (2 pzas.),Enfrijoladas,2024-07,28.00,0.795,999
Huevo Revuelto (2 pzas.),Enfrijoladas,2024-08,32.00,0.843,999
Huevo Revuelto (2 pzas.),Enfrijoladas,2024-09,32.00,0.877,999
Huevo Revuelto (2 pzas.),Enfrijoladas,2024-10,32.00,0.871,999
Huevo Revuelto (2 pzas.),Enfrijoladas,2024-11,32.00,0.948,999
Huevo Revuelto (2 pzas.),Enfrijoladas,2024-12,32.00,0.922,999
Huevo Revuelto (2 pzas.),Enfrijoladas,2025-01,32.00,0.959,999
Huevo Revuelto (2 pzas.),Enfrijoladas,2025-02,32.00,0.959,999
Huevo Revuelto (2 pzas.),Enfrijoladas,2025-03,35.00,0.942,999
Huevo Revuelto (2 pzas.),Enfrijoladas,2025-04,35.00,0.952,999
Huevo Revuelto (2 pzas.),Enfrijoladas,2025-05,35.00,0.889,999
Huevo Revuelto (2 pzas.),Enfrijoladas,2025-06,35.00,0.896,999
Huevo Revuelto (2 pzas.),Enfrijoladas,2025-07,35.00,0.907,999
Huevo Revuelto (2 pzas.),Enfrijoladas,2025-08,35.00,0.950,999
Huevo Revuelto (2 pzas.),Enfrijoladas,2025-09,35.00,0.945,999
Huevo Revuelto (2 pzas.),Enfrijoladas,2025-10,35.00,0.887,999
Huevo Revuelto (2 pzas.),Enfrijoladas,2025-11,35.00,0.882,999
Huevo Revuelto (2 pzas.),Enfrijoladas,2025-12,35.00,0.889,999
Huevo Revuelto (2 pzas.),Enfrijoladas,2026-01,35.00,0.859,999
Huevo Revuelto (2 pzas.),Enfrijoladas,2026-02,35.00,0.973,999
Huevo Revuelto (2 pzas.),Enfrijoladas,2026-03,35.00,0.962,999
Huevo Revuelto (2 pzas.),Enfrijoladas,2026-04,35.00,0.907,999
Huevo Revuelto (2 pzas.),Enfrijoladas,2026-05,35.00,0.939,999
Huevo Revuelto (2 pzas.),Enfrijoladas,2026-06,35.00,0.971,999
Huevo Revuelto (2 pzas.),Enfrijoladas,2026-07,35.00,0.963,999
Huevo Revuelto (2 pzas.),Enfrijoladas,2026-08,35.00,0.975,999
Huevo Revuelto (2 pzas.),Enfrijoladas,2026-09,35.00,0.975,999
Huevo Revuelto (2 pzas.),Enmoladas,2023-09,18.00,0.200,999
Huevo Revuelto (2 pzas.),Enmoladas,2023-10,28.00,0.863,999
Huevo Revuelto (2 pzas.),Enmoladas,2023-11,28.00,0.720,999
Huevo Revuelto (2 pzas.),Enmoladas,2023-12,28.00,0.841,999
Huevo Revuelto (2 pzas.),Enmoladas,2024-01,28.00,0.806,999
Huevo Revuelto (2 pzas.),Enmoladas,2024-02,28.00,0.852,999
Huevo Revuelto (2 pzas.),Enmoladas,2024-03,28.00,0.957,999
Huevo Revuelto (2 pzas.),Enmoladas,2024-04,28.00,0.800,999
Huevo Revuelto (2 pzas.),Enmoladas,2024-05,28.00,0.800,999
Huevo Revuelto (2 pzas.),Enmoladas,2024-06,28.00,0.800,999
Huevo Revuelto (2 pzas.),Enmoladas,2024-07,28.00,0.800,999
Huevo Revuelto (2 pzas.),Enmoladas,2024-08,28.00,0.800,999
Huevo Revuelto (2 pzas.),Enmoladas,2024-09,28.00,0.800,999
Huevo Revuelto (2 pzas.),Enmoladas,2024-10,28.00,0.800,999
Huevo Revuelto (2 pzas.),Enmoladas,2024-11,28.00,0.800,999
Huevo Revuelto (2 pzas.),Enmoladas,2024-12,28.00,0.800,999
Huevo Revuelto (2 pzas.),Enmoladas,2025-01,32.00,0.959,999
Huevo Revuelto (2 pzas.),Enmoladas,2025-02,32.00,0.959,999
Huevo Revuelto (2 pzas.),Enmoladas,2025-03,35.00,0.942,999
Huevo Revuelto (2 pzas.),Enmoladas,2025-04,35.00,0.952,999
Huevo Revuelto (2 pzas.),Enmoladas,2025-05,35.00,0.889,999
Huevo Revuelto (2 pzas.),Enmoladas,2025-06,35.00,0.896,999
Huevo Revuelto (2 pzas.),Enmoladas,2025-07,35.00,0.907,999
Huevo Revuelto (2 pzas.),Enmoladas,2025-08,35.00,0.875,999
Huevo Revuelto (2 pzas.),Enmoladas,2025-09,35.00,0.875,999
Huevo Revuelto (2 pzas.),Enmoladas,2025-10,35.00,0.875,999
Huevo Revuelto (2 pzas.),Enmoladas,2025-11,35.00,0.875,999
Huevo Revuelto (2 pzas.),Enmoladas,2025-12,35.00,0.875,999
Huevo Revuelto (2 pzas.),Enmoladas,2026-01,35.00,0.875,999
Huevo Revuelto (2 pzas.),Enmoladas,2026-02,35.00,0.875,999
Huevo Revuelto (2 pzas.),Enmoladas,2026-03,35.00,0.962,999
Huevo Revuelto (2 pzas.),Enmoladas,2026-04,35.00,0.907,999
Huevo Revuelto (2 pzas.),Enmoladas,2026-05,35.00,0.939,999
Huevo Revuelto (2 pzas.),Enmoladas,2026-06,35.00,0.971,999
Huevo Revuelto (2 pzas.),Enmoladas,2026-07,35.00,0.963,999
Huevo Revuelto (2 pzas.),Enmoladas,2026-08,35.00,0.975,999
Huevo Revuelto (2 pzas.),Enmoladas,2026-09,35.00,0.975,999
Huevo Revuelto (2 pzas.),Entomatadas,2023-09,18.00,0.118,999
Huevo Revuelto (2 pzas.),Entomatadas,2023-10,28.00,0.769,999
Huevo Revuelto (2 pzas.),Entomatadas,2023-11,28.00,1.000,999
Huevo Revuelto (2 pzas.),Entomatadas,2023-12,28.00,1.000,999
Huevo Revuelto (2 pzas.),Entomatadas,2024-01,28.00,1.000,999
Huevo Revuelto (2 pzas.),Entomatadas,2024-02,28.00,0.818,999
Huevo Revuelto (2 pzas.),Entomatadas,2024-03,28.00,1.000,999
Huevo Revuelto (2 pzas.),Entomatadas,2024-04,28.00,0.667,999
Huevo Revuelto (2 pzas.),Entomatadas,2024-05,28.00,0.900,999
Huevo Revuelto (2 pzas.),Entomatadas,2024-06,28.00,0.636,999
Huevo Revuelto (2 pzas.),Entomatadas,2024-07,28.00,0.636,999
Huevo Revuelto (2 pzas.),Entomatadas,2024-08,32.00,0.900,999
Huevo Revuelto (2 pzas.),Entomatadas,2024-09,32.00,0.917,999
Huevo Revuelto (2 pzas.),Entomatadas,2024-10,32.00,0.625,999
Huevo Revuelto (2 pzas.),Entomatadas,2024-11,32.00,0.800,999
Huevo Revuelto (2 pzas.),Entomatadas,2024-12,32.00,1.000,999
Huevo Revuelto (2 pzas.),Entomatadas,2025-01,32.00,1.000,999
Huevo Revuelto (2 pzas.),Entomatadas,2025-02,32.00,1.000,999
Huevo Revuelto (2 pzas.),Entomatadas,2025-03,32.00,1.000,999
Huevo Revuelto (2 pzas.),Entomatadas,2025-04,32.00,1.000,999
Huevo Revuelto (2 pzas.),Entomatadas,2025-05,35.00,0.800,999
Huevo Revuelto (2 pzas.),Entomatadas,2025-06,35.00,1.000,999
Huevo Revuelto (2 pzas.),Entomatadas,2025-07,35.00,0.778,999
Huevo Revuelto (2 pzas.),Entomatadas,2025-08,35.00,0.923,999
Huevo Revuelto (2 pzas.),Entomatadas,2025-09,35.00,0.750,999
Huevo Revuelto (2 pzas.),Entomatadas,2025-10,35.00,0.778,999
Huevo Revuelto (2 pzas.),Entomatadas,2025-11,35.00,0.900,999
Huevo Revuelto (2 pzas.),Entomatadas,2025-12,35.00,0.833,999
Huevo Revuelto (2 pzas.),Entomatadas,2026-01,35.00,0.667,999
Huevo Revuelto (2 pzas.),Entomatadas,2026-02,35.00,0.889,999
Huevo Revuelto (2 pzas.),Entomatadas,2026-03,35.00,0.889,999
Huevo Revuelto (2 pzas.),Entomatadas,2026-04,35.00,0.800,999
Huevo Revuelto (2 pzas.),Entomatadas,2026-05,35.00,0.800,999
Huevo Revuelto (2 pzas.),Entomatadas,2026-06,35.00,1.000,999
Huevo Revuelto (2 pzas.),Entomatadas,2026-07,35.00,0.857,999
Huevo Revuelto (2 pzas.),Entomatadas,2026-08,35.00,0.818,999
Huevo Revuelto (2 pzas.),Entomatadas,2026-09,35.00,0.818,999
Huevo Revuelto (2 pzas.),Pieza Enmolada,2023-10,28.00,0.863,999
Huevo Revuelto (2 pzas.),Pieza Enmolada,2023-11,28.00,0.720,999
Huevo Revuelto (2 pzas.),Pieza Enmolada,2023-12,28.00,0.841,999
Huevo Revuelto (2 pzas.),Pieza Enmolada,2024-01,28.00,0.806,999
Huevo Revuelto (2 pzas.),Pieza Enmolada,2024-02,28.00,0.852,999
Huevo Revuelto (2 pzas.),Pieza Enmolada,2024-03,28.00,0.957,999
Huevo Revuelto (2 pzas.),Pieza Enmolada,2024-04,28.00,0.779,999
Huevo Revuelto (2 pzas.),Pieza Enmolada,2024-05,28.00,0.915,999
Huevo Revuelto (2 pzas.),Pieza Enmolada,2024-06,28.00,0.795,999
Huevo Revuelto (2 pzas.),Pieza Enmolada,2024-07,28.00,0.795,999
Huevo Revuelto (2 pzas.),Pieza Enmolada,2024-08,32.00,0.843,999
Huevo Revuelto (2 pzas.),Pieza Enmolada,2024-09,32.00,0.877,999
Huevo Revuelto (2 pzas.),Pieza Enmolada,2024-10,32.00,0.871,999
Huevo Revuelto (2 pzas.),Pieza Enmolada,2024-11,32.00,0.948,999
Huevo Revuelto (2 pzas.),Pieza Enmolada,2024-12,32.00,0.922,999
Huevo Revuelto (2 pzas.),Pieza Enmolada,2025-01,32.00,0.959,999
Huevo Revuelto (2 pzas.),Pieza Enmolada,2025-02,32.00,0.959,999
Huevo Revuelto (2 pzas.),Pieza Enmolada,2025-03,35.00,0.942,999
Huevo Revuelto (2 pzas.),Pieza Enmolada,2025-04,35.00,0.952,999
Huevo Revuelto (2 pzas.),Pieza Enmolada,2025-05,35.00,0.889,999
Huevo Revuelto (2 pzas.),Pieza Enmolada,2025-06,35.00,0.896,999
Huevo Revuelto (2 pzas.),Pieza Enmolada,2025-07,35.00,0.907,999
Huevo Revuelto (2 pzas.),Pieza Enmolada,2025-08,35.00,0.950,999
Huevo Revuelto (2 pzas.),Pieza Enmolada,2025-09,35.00,0.945,999
Huevo Revuelto (2 pzas.),Pieza Enmolada,2025-10,35.00,0.887,999
Huevo Revuelto (2 pzas.),Pieza Enmolada,2025-11,35.00,0.882,999
Huevo Revuelto (2 pzas.),Pieza Enmolada,2025-12,35.00,0.889,999
Huevo Revuelto (2 pzas.),Pieza Enmolada,2026-01,35.00,0.859,999
Huevo Revuelto (2 pzas.),Pieza Enmolada,2026-02,35.00,0.973,999
Huevo Revuelto (2 pzas.),Pieza Enmolada,2026-03,35.00,0.962,999
Huevo Revuelto (2 pzas.),Pieza Enmolada,2026-04,35.00,0.907,999
Huevo Revuelto (2 pzas.),Pieza Enmolada,2026-05,35.00,0.939,999
Huevo Revuelto (2 pzas.),Pieza Enmolada,2026-06,35.00,0.971,999
Huevo Revuelto (2 pzas.),Pieza Enmolada,2026-07,35.00,0.963,999
Huevo Revuelto (2 pzas.),Pieza Enmolada,2026-08,35.00,0.975,999
Huevo Revuelto (2 pzas.),Pieza Enmolada,2026-09,35.00,0.975,999
Huevo Revuelto (2 pzas.),Quesadillas (4 pzas.),2023-09,18.00,0.167,999
Huevo Revuelto (2 pzas.),Quesadillas (4 pzas.),2023-10,28.00,1.000,999
Huevo Revuelto (2 pzas.),Quesadillas (4 pzas.),2023-11,28.00,1.000,999
Huevo Revuelto (2 pzas.),Quesadillas (4 pzas.),2023-12,28.00,0.571,999
Huevo Revuelto (2 pzas.),Quesadillas (4 pzas.),2024-01,28.00,0.889,999
Huevo Revuelto (2 pzas.),Quesadillas (4 pzas.),2024-02,28.00,0.800,999
Huevo Revuelto (2 pzas.),Quesadillas (4 pzas.),2024-03,28.00,0.750,999
Huevo Revuelto (2 pzas.),Quesadillas (4 pzas.),2024-04,28.00,0.750,999
Huevo Revuelto (2 pzas.),Quesadillas (4 pzas.),2024-05,28.00,1.000,999
Huevo Revuelto (2 pzas.),Quesadillas (4 pzas.),2024-06,28.00,1.000,999
Huevo Revuelto (2 pzas.),Quesadillas (4 pzas.),2024-07,28.00,1.000,999
Huevo Revuelto (2 pzas.),Quesadillas (4 pzas.),2024-08,28.00,1.000,999
Huevo Revuelto (2 pzas.),Quesadillas (4 pzas.),2024-09,28.00,1.000,999
Huevo Revuelto (2 pzas.),Quesadillas (4 pzas.),2024-10,28.00,1.000,999
Huevo Revuelto (2 pzas.),Quesadillas (4 pzas.),2024-11,28.00,1.000,999
Huevo Revuelto (2 pzas.),Quesadillas (4 pzas.),2024-12,32.00,0.922,999
Huevo Revuelto (2 pzas.),Quesadillas (4 pzas.),2025-01,32.00,0.959,999
Huevo Revuelto (2 pzas.),Quesadillas (4 pzas.),2025-02,32.00,0.959,999
Huevo Revuelto (2 pzas.),Quesadillas (4 pzas.),2025-03,35.00,0.942,999
Huevo Revuelto (2 pzas.),Quesadillas (4 pzas.),2025-04,35.00,0.952,999
Huevo Revuelto (2 pzas.),Quesadillas (4 pzas.),2025-05,35.00,0.889,999
Huevo Revuelto (2 pzas.),Quesadillas (4 pzas.),2025-06,35.00,0.896,999
Huevo Revuelto (2 pzas.),Quesadillas (4 pzas.),2025-07,35.00,0.907,999
Huevo Revuelto (2 pzas.),Quesadillas (4 pzas.),2025-08,35.00,0.950,999
Huevo Revuelto (2 pzas.),Quesadillas (4 pzas.),2025-09,35.00,0.945,999
Huevo Revuelto (2 pzas.),Quesadillas (4 pzas.),2025-10,35.00,0.887,999
Huevo Revuelto (2 pzas.),Quesadillas (4 pzas.),2025-11,35.00,0.882,999
Huevo Revuelto (2 pzas.),Quesadillas (4 pzas.),2025-12,35.00,0.889,999
Huevo Revuelto (2 pzas.),Quesadillas (4 pzas.),2026-01,35.00,0.859,999
Huevo Revuelto (2 pzas.),Quesadillas (4 pzas.),2026-02,35.00,0.973,999
Huevo Revuelto (2 pzas.),Quesadillas (4 pzas.),2026-03,35.00,0.962,999
Huevo Revuelto (2 pzas.),Quesadillas (4 pzas.),2026-04,35.00,0.907,999
Huevo Revuelto (2 pzas.),Quesadillas (4 pzas.),2026-05,35.00,0.939,999
Huevo Revuelto (2 pzas.),Quesadillas (4 pzas.),2026-06,35.00,0.971,999
Huevo Revuelto (2 pzas.),Quesadillas (4 pzas.),2026-07,35.00,0.963,999
Huevo Revuelto (2 pzas.),Quesadillas (4 pzas.),2026-08,35.00,0.975,999
Huevo Revuelto (2 pzas.),Quesadillas (4 pzas.),2026-09,35.00,0.975,999
Huevo Revuelto (p/relleno),1/2 Enchiladas Mixtas (4 Piezas),2023-10,28.00,1.000,999
Huevo Revuelto (p/relleno),1/2 Enchiladas Mixtas (4 Piezas),2023-11,28.00,1.000,999
Huevo Revuelto (p/relleno),1/2 Enchiladas Mixtas (4 Piezas),2023-12,28.00,0.938,999
Huevo Revuelto (p/relleno),1/2 Enchiladas Mixtas (4 Piezas),2024-01,28.00,0.962,999
Huevo Revuelto (p/relleno),1/2 Enchiladas Mixtas (4 Piezas),2024-02,28.00,0.971,999
Huevo Revuelto (p/relleno),1/2 Enchiladas Mixtas (4 Piezas),2024-03,28.00,0.906,999
Huevo Revuelto (p/relleno),1/2 Enchiladas Mixtas (4 Piezas),2024-04,28.00,0.950,999
Huevo Revuelto (p/relleno),1/2 Enchiladas Mixtas (4 Piezas),2024-05,28.00,0.953,999
Huevo Revuelto (p/relleno),1/2 Enchiladas Mixtas (4 Piezas),2024-06,28.00,0.955,999
Huevo Revuelto (p/relleno),1/2 Enchiladas Mixtas (4 Piezas),2024-07,28.00,0.955,999
Huevo Revuelto (p/relleno),1/2 Enchiladas Mixtas (4 Piezas),2024-08,32.00,0.929,999
Huevo Revuelto (p/relleno),1/2 Enchiladas Mixtas (4 Piezas),2024-09,32.00,0.929,999
Huevo Revuelto (p/relleno),1/2 Enchiladas Mixtas (4 Piezas),2024-10,32.00,0.970,999
Huevo Revuelto (p/relleno),1/2 Enchiladas Mixtas (4 Piezas),2024-11,32.00,0.857,999
Huevo Revuelto (p/relleno),1/2 Enchiladas Mixtas (4 Piezas),2024-12,32.00,0.952,999
Huevo Revuelto (p/relleno),1/2 Enchiladas Mixtas (4 Piezas),2025-01,32.00,0.923,999
Huevo Revuelto (p/relleno),1/2 Enchiladas Mixtas (4 Piezas),2025-02,32.00,0.550,999
Huevo Revuelto (p/relleno),1/2 Enchiladas Mixtas (4 Piezas),2025-03,35.00,0.897,999
Huevo Revuelto (p/relleno),1/2 Enchiladas Mixtas (4 Piezas),2025-04,35.00,0.956,999
Huevo Revuelto (p/relleno),1/2 Enchiladas Mixtas (4 Piezas),2025-05,35.00,1.000,999
Huevo Revuelto (p/relleno),1/2 Enchiladas Mixtas (4 Piezas),2025-06,35.00,0.889,999
Huevo Revuelto (p/relleno),1/2 Enchiladas Mixtas (4 Piezas),2025-07,35.00,0.931,999
Huevo Revuelto (p/relleno),1/2 Enchiladas Mixtas (4 Piezas),2025-08,35.00,0.889,999
Huevo Revuelto (p/relleno),1/2 Enchiladas Mixtas (4 Piezas),2025-09,35.00,1.000,999
Huevo Revuelto (p/relleno),1/2 Enchiladas Mixtas (4 Piezas),2025-10,35.00,1.000,999
Huevo Revuelto (p/relleno),1/2 Enchiladas Mixtas (4 Piezas),2025-11,35.00,0.844,999
Huevo Revuelto (p/relleno),1/2 Enchiladas Mixtas (4 Piezas),2025-12,35.00,0.935,999
Huevo Revuelto (p/relleno),1/2 Enchiladas Mixtas (4 Piezas),2026-01,35.00,0.882,999
Huevo Revuelto (p/relleno),1/2 Enchiladas Mixtas (4 Piezas),2026-02,35.00,1.000,999
Huevo Revuelto (p/relleno),1/2 Enchiladas Mixtas (4 Piezas),2026-03,35.00,0.667,999
Huevo Revuelto (p/relleno),1/2 Enchiladas Mixtas (4 Piezas),2026-04,35.00,0.667,999
Huevo Revuelto (p/relleno),1/2 Enchiladas Mixtas (4 Piezas),2026-05,35.00,0.667,999
Huevo Revuelto (p/relleno),1/2 Enchiladas Mixtas (4 Piezas),2026-06,35.00,0.667,999
Huevo Revuelto (p/relleno),1/2 Enchiladas Mixtas (4 Piezas),2026-07,35.00,0.667,999
Huevo Revuelto (p/relleno),1/2 Enchiladas Mixtas (4 Piezas),2026-08,35.00,0.667,999
Huevo Revuelto (p/relleno),1/2 Enchiladas Mixtas (4 Piezas),2026-09,35.00,0.667,999
Huevo Revuelto (p/relleno),1/2 Enchiladas Picositas,2023-10,28.00,1.000,999
Huevo Revuelto (p/relleno),1/2 Enchiladas Picositas,2023-11,28.00,1.000,999
Huevo Revuelto (p/relleno),1/2 Enchiladas Picositas,2023-12,28.00,0.938,999
Huevo Revuelto (p/relleno),1/2 Enchiladas Picositas,2024-01,28.00,0.962,999
Huevo Revuelto (p/relleno),1/2 Enchiladas Picositas,2024-02,28.00,0.971,999
Huevo Revuelto (p/relleno),1/2 Enchiladas Picositas,2024-03,28.00,0.906,999
Huevo Revuelto (p/relleno),1/2 Enchiladas Picositas,2024-04,28.00,0.950,999
Huevo Revuelto (p/relleno),1/2 Enchiladas Picositas,2024-05,28.00,0.953,999
Huevo Revuelto (p/relleno),1/2 Enchiladas Picositas,2024-06,28.00,0.955,999
Huevo Revuelto (p/relleno),1/2 Enchiladas Picositas,2024-07,28.00,0.955,999
Huevo Revuelto (p/relleno),1/2 Enchiladas Picositas,2024-08,32.00,0.929,999
Huevo Revuelto (p/relleno),1/2 Enchiladas Picositas,2024-09,32.00,0.929,999
Huevo Revuelto (p/relleno),1/2 Enchiladas Picositas,2024-10,32.00,0.970,999
Huevo Revuelto (p/relleno),1/2 Enchiladas Picositas,2024-11,32.00,0.857,999
Huevo Revuelto (p/relleno),1/2 Enchiladas Picositas,2024-12,32.00,0.952,999
Huevo Revuelto (p/relleno),1/2 Enchiladas Picositas,2025-01,32.00,0.923,999
Huevo Revuelto (p/relleno),1/2 Enchiladas Picositas,2025-02,32.00,0.550,999
Huevo Revuelto (p/relleno),1/2 Enchiladas Picositas,2025-03,35.00,0.897,999
Huevo Revuelto (p/relleno),1/2 Enchiladas Picositas,2025-04,35.00,0.956,999
Huevo Revuelto (p/relleno),1/2 Enchiladas Picositas,2025-05,35.00,1.000,999
Huevo Revuelto (p/relleno),1/2 Enchiladas Picositas,2025-06,35.00,0.889,999
Huevo Revuelto (p/relleno),1/2 Enchiladas Picositas,2025-07,35.00,0.931,999
Huevo Revuelto (p/relleno),1/2 Enchiladas Picositas,2025-08,35.00,0.889,999
Huevo Revuelto (p/relleno),1/2 Enchiladas Picositas,2025-09,35.00,1.000,999
Huevo Revuelto (p/relleno),1/2 Enchiladas Picositas,2025-10,35.00,1.000,999
Huevo Revuelto (p/relleno),1/2 Enchiladas Picositas,2025-11,35.00,0.844,999
Huevo Revuelto (p/relleno),1/2 Enchiladas Picositas,2025-12,35.00,0.935,999
Huevo Revuelto (p/relleno),1/2 Enchiladas Picositas,2026-01,35.00,0.882,999
Huevo Revuelto (p/relleno),1/2 Enchiladas Picositas,2026-02,35.00,1.000,999
Huevo Revuelto (p/relleno),1/2 Enchiladas Picositas,2026-03,35.00,0.839,999
Huevo Revuelto (p/relleno),1/2 Enchiladas Picositas,2026-04,35.00,0.975,999
Huevo Revuelto (p/relleno),1/2 Enchiladas Picositas,2026-05,35.00,1.000,999
Huevo Revuelto (p/relleno),1/2 Enchiladas Picositas,2026-06,35.00,0.975,999
Huevo Revuelto (p/relleno),1/2 Enchiladas Picositas,2026-07,35.00,0.977,999
Huevo Revuelto (p/relleno),1/2 Enchiladas Picositas,2026-08,35.00,0.975,999
Huevo Revuelto (p/relleno),1/2 Enchiladas Picositas,2026-09,35.00,0.975,999
Huevo Revuelto (p/relleno),1/2 Enchiladas Rojas,2023-10,28.00,1.000,999
Huevo Revuelto (p/relleno),1/2 Enchiladas Rojas,2023-11,28.00,1.000,999
Huevo Revuelto (p/relleno),1/2 Enchiladas Rojas,2023-12,28.00,0.833,999
Huevo Revuelto (p/relleno),1/2 Enchiladas Rojas,2024-01,28.00,0.833,999
Huevo Revuelto (p/relleno),1/2 Enchiladas Rojas,2024-02,28.00,1.000,999
Huevo Revuelto (p/relleno),1/2 Enchiladas Rojas,2024-03,28.00,1.000,999
Huevo Revuelto (p/relleno),1/2 Enchiladas Rojas,2024-04,28.00,1.000,999
Huevo Revuelto (p/relleno),1/2 Enchiladas Rojas,2024-05,28.00,0.833,999
Huevo Revuelto (p/relleno),1/2 Enchiladas Rojas,2024-06,28.00,0.800,999
Huevo Revuelto (p/relleno),1/2 Enchiladas Rojas,2024-07,28.00,0.800,999
Huevo Revuelto (p/relleno),1/2 Enchiladas Rojas,2024-08,32.00,0.900,999
Huevo Revuelto (p/relleno),1/2 Enchiladas Rojas,2024-09,32.00,0.900,999
Huevo Revuelto (p/relleno),1/2 Enchiladas Rojas,2024-10,32.00,0.900,999
Huevo Revuelto (p/relleno),1/2 Enchiladas Rojas,2024-11,32.00,0.900,999
Huevo Revuelto (p/relleno),1/2 Enchiladas Rojas,2024-12,32.00,1.000,999
Huevo Revuelto (p/relleno),1/2 Enchiladas Rojas,2025-01,32.00,1.000,999
Huevo Revuelto (p/relleno),1/2 Enchiladas Rojas,2025-02,32.00,0.500,999
Huevo Revuelto (p/relleno),1/2 Enchiladas Rojas,2025-03,32.00,0.500,999
Huevo Revuelto (p/relleno),1/2 Enchiladas Rojas,2025-04,35.00,1.000,999
Huevo Revuelto (p/relleno),1/2 Enchiladas Rojas,2025-05,35.00,1.000,999
Huevo Revuelto (p/relleno),1/2 Enchiladas Rojas,2025-06,35.00,1.000,999
Huevo Revuelto (p/relleno),1/2 Enchiladas Rojas,2025-07,35.00,1.000,999
Huevo Revuelto (p/relleno),1/2 Enchiladas Rojas,2025-08,35.00,1.000,999
Huevo Revuelto (p/relleno),1/2 Enchiladas Rojas,2025-09,35.00,1.000,999
Huevo Revuelto (p/relleno),1/2 Enchiladas Rojas,2025-10,35.00,1.000,999
Huevo Revuelto (p/relleno),1/2 Enchiladas Rojas,2025-11,35.00,1.000,999
Huevo Revuelto (p/relleno),1/2 Enchiladas Rojas,2025-12,35.00,1.000,999
Huevo Revuelto (p/relleno),1/2 Enchiladas Rojas,2026-01,35.00,1.000,999
Huevo Revuelto (p/relleno),1/2 Enchiladas Rojas,2026-02,35.00,1.000,999
Huevo Revuelto (p/relleno),1/2 Enchiladas Rojas,2026-03,35.00,1.000,999
Huevo Revuelto (p/relleno),1/2 Enchiladas Rojas,2026-04,35.00,1.000,999
Huevo Revuelto (p/relleno),1/2 Enchiladas Rojas,2026-05,35.00,1.000,999
Huevo Revuelto (p/relleno),1/2 Enchiladas Rojas,2026-06,35.00,1.000,999
Huevo Revuelto (p/relleno),1/2 Enchiladas Rojas,2026-07,35.00,0.857,999
Huevo Revuelto (p/relleno),1/2 Enchiladas Rojas,2026-08,35.00,1.000,999
Huevo Revuelto (p/relleno),1/2 Enchiladas Rojas,2026-09,35.00,1.000,999
Huevo Revuelto (p/relleno),1/2 Encremadas,2023-10,28.00,1.000,999
Huevo Revuelto (p/relleno),1/2 Encremadas,2023-11,28.00,1.000,999
Huevo Revuelto (p/relleno),1/2 Encremadas,2023-12,28.00,0.938,999
Huevo Revuelto (p/relleno),1/2 Encremadas,2024-01,28.00,0.962,999
Huevo Revuelto (p/relleno),1/2 Encremadas,2024-02,28.00,0.971,999
Huevo Revuelto (p/relleno),1/2 Encremadas,2024-03,28.00,0.906,999
Huevo Revuelto (p/relleno),1/2 Encremadas,2024-04,28.00,0.950,999
Huevo Revuelto (p/relleno),1/2 Encremadas,2024-05,28.00,0.953,999
Huevo Revuelto (p/relleno),1/2 Encremadas,2024-06,28.00,0.955,999
Huevo Revuelto (p/relleno),1/2 Encremadas,2024-07,28.00,0.955,999
Huevo Revuelto (p/relleno),1/2 Encremadas,2024-08,32.00,0.929,999
Huevo Revuelto (p/relleno),1/2 Encremadas,2024-09,32.00,0.929,999
Huevo Revuelto (p/relleno),1/2 Encremadas,2024-10,32.00,0.970,999
Huevo Revuelto (p/relleno),1/2 Encremadas,2024-11,32.00,0.857,999
Huevo Revuelto (p/relleno),1/2 Encremadas,2024-12,32.00,0.952,999
Huevo Revuelto (p/relleno),1/2 Encremadas,2025-01,32.00,0.923,999
Huevo Revuelto (p/relleno),1/2 Encremadas,2025-02,32.00,0.550,999
Huevo Revuelto (p/relleno),1/2 Encremadas,2025-03,35.00,0.897,999
Huevo Revuelto (p/relleno),1/2 Encremadas,2025-04,35.00,0.956,999
Huevo Revuelto (p/relleno),1/2 Encremadas,2025-05,35.00,1.000,999
Huevo Revuelto (p/relleno),1/2 Encremadas,2025-06,35.00,0.889,999
Huevo Revuelto (p/relleno),1/2 Encremadas,2025-07,35.00,0.931,999
Huevo Revuelto (p/relleno),1/2 Encremadas,2025-08,35.00,0.889,999
Huevo Revuelto (p/relleno),1/2 Encremadas,2025-09,35.00,1.000,999
Huevo Revuelto (p/relleno),1/2 Encremadas,2025-10,35.00,1.000,999
Huevo Revuelto (p/relleno),1/2 Encremadas,2025-11,35.00,0.844,999
Huevo Revuelto (p/relleno),1/2 Encremadas,2025-12,35.00,0.935,999
Huevo Revuelto (p/relleno),1/2 Encremadas,2026-01,35.00,0.882,999
Huevo Revuelto (p/relleno),1/2 Encremadas,2026-02,35.00,1.000,999
Huevo Revuelto (p/relleno),1/2 Encremadas,2026-03,35.00,0.839,999
Huevo Revuelto (p/relleno),1/2 Encremadas,2026-04,35.00,0.975,999
Huevo Revuelto (p/relleno),1/2 Encremadas,2026-05,35.00,1.000,999
Huevo Revuelto (p/relleno),1/2 Encremadas,2026-06,35.00,0.975,999
Huevo Revuelto (p/relleno),1/2 Encremadas,2026-07,35.00,0.977,999
Huevo Revuelto (p/relleno),1/2 Encremadas,2026-08,35.00,0.975,999
Huevo Revuelto (p/relleno),1/2 Encremadas,2026-09,35.00,0.975,999
Huevo Revuelto (p/relleno),1/2 Enfrijoladas,2023-10,28.00,1.000,999
Huevo Revuelto (p/relleno),1/2 Enfrijoladas,2023-11,28.00,1.000,999
Huevo Revuelto (p/relleno),1/2 Enfrijoladas,2023-12,28.00,0.938,999
Huevo Revuelto (p/relleno),1/2 Enfrijoladas,2024-01,28.00,0.962,999
Huevo Revuelto (p/relleno),1/2 Enfrijoladas,2024-02,28.00,0.971,999
Huevo Revuelto (p/relleno),1/2 Enfrijoladas,2024-03,28.00,0.906,999
Huevo Revuelto (p/relleno),1/2 Enfrijoladas,2024-04,28.00,0.950,999
Huevo Revuelto (p/relleno),1/2 Enfrijoladas,2024-05,28.00,0.953,999
Huevo Revuelto (p/relleno),1/2 Enfrijoladas,2024-06,28.00,0.955,999
Huevo Revuelto (p/relleno),1/2 Enfrijoladas,2024-07,28.00,0.955,999
Huevo Revuelto (p/relleno),1/2 Enfrijoladas,2024-08,32.00,0.929,999
Huevo Revuelto (p/relleno),1/2 Enfrijoladas,2024-09,32.00,0.929,999
Huevo Revuelto (p/relleno),1/2 Enfrijoladas,2024-10,32.00,0.970,999
Huevo Revuelto (p/relleno),1/2 Enfrijoladas,2024-11,32.00,0.857,999
Huevo Revuelto (p/relleno),1/2 Enfrijoladas,2024-12,32.00,0.952,999
Huevo Revuelto (p/relleno),1/2 Enfrijoladas,2025-01,32.00,0.923,999
Huevo Revuelto (p/relleno),1/2 Enfrijoladas,2025-02,32.00,0.550,999
Huevo Revuelto (p/relleno),1/2 Enfrijoladas,2025-03,35.00,0.897,999
Huevo Revuelto (p/relleno),1/2 Enfrijoladas,2025-04,35.00,0.956,999
Huevo Revuelto (p/relleno),1/2 Enfrijoladas,2025-05,35.00,1.000,999
Huevo Revuelto (p/relleno),1/2 Enfrijoladas,2025-06,35.00,0.889,999
Huevo Revuelto (p/relleno),1/2 Enfrijoladas,2025-07,35.00,0.931,999
Huevo Revuelto (p/relleno),1/2 Enfrijoladas,2025-08,35.00,0.889,999
Huevo Revuelto (p/relleno),1/2 Enfrijoladas,2025-09,35.00,1.000,999
Huevo Revuelto (p/relleno),1/2 Enfrijoladas,2025-10,35.00,1.000,999
Huevo Revuelto (p/relleno),1/2 Enfrijoladas,2025-11,35.00,0.844,999
Huevo Revuelto (p/relleno),1/2 Enfrijoladas,2025-12,35.00,0.935,999
Huevo Revuelto (p/relleno),1/2 Enfrijoladas,2026-01,35.00,0.882,999
Huevo Revuelto (p/relleno),1/2 Enfrijoladas,2026-02,35.00,1.000,999
Huevo Revuelto (p/relleno),1/2 Enfrijoladas,2026-03,35.00,0.839,999
Huevo Revuelto (p/relleno),1/2 Enfrijoladas,2026-04,35.00,0.975,999
Huevo Revuelto (p/relleno),1/2 Enfrijoladas,2026-05,35.00,1.000,999
Huevo Revuelto (p/relleno),1/2 Enfrijoladas,2026-06,35.00,0.975,999
Huevo Revuelto (p/relleno),1/2 Enfrijoladas,2026-07,35.00,0.977,999
Huevo Revuelto (p/relleno),1/2 Enfrijoladas,2026-08,35.00,0.975,999
Huevo Revuelto (p/relleno),1/2 Enfrijoladas,2026-09,35.00,0.975,999
Huevo Revuelto (p/relleno),1/2 Enmoladas,2023-10,28.00,1.000,999
Huevo Revuelto (p/relleno),1/2 Enmoladas,2023-11,28.00,1.000,999
Huevo Revuelto (p/relleno),1/2 Enmoladas,2023-12,28.00,0.938,999
Huevo Revuelto (p/relleno),1/2 Enmoladas,2024-01,28.00,1.000,999
Huevo Revuelto (p/relleno),1/2 Enmoladas,2024-02,28.00,1.000,999
Huevo Revuelto (p/relleno),1/2 Enmoladas,2024-03,28.00,1.000,999
Huevo Revuelto (p/relleno),1/2 Enmoladas,2024-04,28.00,1.000,999
Huevo Revuelto (p/relleno),1/2 Enmoladas,2024-05,28.00,1.000,999
Huevo Revuelto (p/relleno),1/2 Enmoladas,2024-06,28.00,1.000,999
Huevo Revuelto (p/relleno),1/2 Enmoladas,2024-07,28.00,1.000,999
Huevo Revuelto (p/relleno),1/2 Enmoladas,2024-08,32.00,1.000,999
Huevo Revuelto (p/relleno),1/2 Enmoladas,2024-09,32.00,1.000,999
Huevo Revuelto (p/relleno),1/2 Enmoladas,2024-10,32.00,1.000,999
Huevo Revuelto (p/relleno),1/2 Enmoladas,2024-11,32.00,1.000,999
Huevo Revuelto (p/relleno),1/2 Enmoladas,2024-12,32.00,1.000,999
Huevo Revuelto (p/relleno),1/2 Enmoladas,2025-01,32.00,1.000,999
Huevo Revuelto (p/relleno),1/2 Enmoladas,2025-02,32.00,1.000,999
Huevo Revuelto (p/relleno),1/2 Enmoladas,2025-03,35.00,0.857,999
Huevo Revuelto (p/relleno),1/2 Enmoladas,2025-04,35.00,0.857,999
Huevo Revuelto (p/relleno),1/2 Enmoladas,2025-05,35.00,0.857,999
Huevo Revuelto (p/relleno),1/2 Enmoladas,2025-06,35.00,0.857,999
Huevo Revuelto (p/relleno),1/2 Enmoladas,2025-07,35.00,0.857,999
Huevo Revuelto (p/relleno),1/2 Enmoladas,2025-08,35.00,0.857,999
Huevo Revuelto (p/relleno),1/2 Enmoladas,2025-09,35.00,0.857,999
Huevo Revuelto (p/relleno),1/2 Enmoladas,2025-10,35.00,1.000,999
Huevo Revuelto (p/relleno),1/2 Enmoladas,2025-11,35.00,0.800,999
Huevo Revuelto (p/relleno),1/2 Enmoladas,2025-12,35.00,0.800,999
Huevo Revuelto (p/relleno),1/2 Enmoladas,2026-01,35.00,0.800,999
Huevo Revuelto (p/relleno),1/2 Enmoladas,2026-02,35.00,0.800,999
Huevo Revuelto (p/relleno),1/2 Enmoladas,2026-03,35.00,0.800,999
Huevo Revuelto (p/relleno),1/2 Enmoladas,2026-04,35.00,0.800,999
Huevo Revuelto (p/relleno),1/2 Enmoladas,2026-05,35.00,0.800,999
Huevo Revuelto (p/relleno),1/2 Enmoladas,2026-06,35.00,0.975,999
Huevo Revuelto (p/relleno),1/2 Enmoladas,2026-07,35.00,1.000,999
Huevo Revuelto (p/relleno),1/2 Enmoladas,2026-08,35.00,0.833,999
Huevo Revuelto (p/relleno),1/2 Enmoladas,2026-09,35.00,0.833,999
Huevo Revuelto (p/relleno),1/2 Entomatadas,2023-08,18.00,1.000,999
Huevo Revuelto (p/relleno),1/2 Entomatadas,2023-09,18.00,1.000,999
Huevo Revuelto (p/relleno),1/2 Entomatadas,2023-10,18.00,1.000,999
Huevo Revuelto (p/relleno),1/2 Entomatadas,2023-11,28.00,1.000,999
Huevo Revuelto (p/relleno),1/2 Entomatadas,2023-12,28.00,1.000,999
Huevo Revuelto (p/relleno),1/2 Entomatadas,2024-01,28.00,1.000,999
Huevo Revuelto (p/relleno),1/2 Entomatadas,2024-02,28.00,1.000,999
Huevo Revuelto (p/relleno),1/2 Entomatadas,2024-03,28.00,1.000,999
Huevo Revuelto (p/relleno),1/2 Entomatadas,2024-04,28.00,1.000,999
Huevo Revuelto (p/relleno),1/2 Entomatadas,2024-05,28.00,1.000,999
Huevo Revuelto (p/relleno),1/2 Entomatadas,2024-06,28.00,0.857,999
Huevo Revuelto (p/relleno),1/2 Entomatadas,2024-07,28.00,0.857,999
Huevo Revuelto (p/relleno),1/2 Entomatadas,2024-08,32.00,1.000,999
Huevo Revuelto (p/relleno),1/2 Entomatadas,2024-09,32.00,0.875,999
Huevo Revuelto (p/relleno),1/2 Entomatadas,2024-10,32.00,1.000,999
Huevo Revuelto (p/relleno),1/2 Entomatadas,2024-11,32.00,0.875,999
Huevo Revuelto (p/relleno),1/2 Entomatadas,2024-12,32.00,0.833,999
Huevo Revuelto (p/relleno),1/2 Entomatadas,2025-01,32.00,0.833,999
Huevo Revuelto (p/relleno),1/2 Entomatadas,2025-02,32.00,0.833,999
Huevo Revuelto (p/relleno),1/2 Entomatadas,2025-03,35.00,1.000,999
Huevo Revuelto (p/relleno),1/2 Entomatadas,2025-04,35.00,1.000,999
Huevo Revuelto (p/relleno),1/2 Entomatadas,2025-05,35.00,1.000,999
Huevo Revuelto (p/relleno),1/2 Entomatadas,2025-06,35.00,1.000,999
Huevo Revuelto (p/relleno),1/2 Entomatadas,2025-07,35.00,0.857,999
Huevo Revuelto (p/relleno),1/2 Entomatadas,2025-08,35.00,1.000,999
Huevo Revuelto (p/relleno),1/2 Entomatadas,2025-09,35.00,1.000,999
Huevo Revuelto (p/relleno),1/2 Entomatadas,2025-10,35.00,1.000,999
Huevo Revuelto (p/relleno),1/2 Entomatadas,2025-11,35.00,1.000,999
Huevo Revuelto (p/relleno),1/2 Entomatadas,2025-12,35.00,1.000,999
Huevo Revuelto (p/relleno),1/2 Entomatadas,2026-01,35.00,1.000,999
Huevo Revuelto (p/relleno),1/2 Entomatadas,2026-02,35.00,1.000,999
Huevo Revuelto (p/relleno),1/2 Entomatadas,2026-03,35.00,1.000,999
Huevo Revuelto (p/relleno),1/2 Entomatadas,2026-04,35.00,1.000,999
Huevo Revuelto (p/relleno),1/2 Entomatadas,2026-05,35.00,1.000,999
Huevo Revuelto (p/relleno),1/2 Entomatadas,2026-06,35.00,0.875,999
Huevo Revuelto (p/relleno),1/2 Entomatadas,2026-07,35.00,1.000,999
Huevo Revuelto (p/relleno),1/2 Entomatadas,2026-08,35.00,1.000,999
Huevo Revuelto (p/relleno),1/2 Entomatadas,2026-09,35.00,1.000,999
Huevo Revuelto (p/relleno),Enchiladas Mixtas,2023-10,28.00,1.000,999
Huevo Revuelto (p/relleno),Enchiladas Mixtas,2023-11,28.00,1.000,999
Huevo Revuelto (p/relleno),Enchiladas Mixtas,2023-12,28.00,0.938,999
Huevo Revuelto (p/relleno),Enchiladas Mixtas,2024-01,28.00,0.962,999
Huevo Revuelto (p/relleno),Enchiladas Mixtas,2024-02,28.00,0.971,999
Huevo Revuelto (p/relleno),Enchiladas Mixtas,2024-03,28.00,0.906,999
Huevo Revuelto (p/relleno),Enchiladas Mixtas,2024-04,28.00,0.950,999
Huevo Revuelto (p/relleno),Enchiladas Mixtas,2024-05,28.00,0.953,999
Huevo Revuelto (p/relleno),Enchiladas Mixtas,2024-06,28.00,0.955,999
Huevo Revuelto (p/relleno),Enchiladas Mixtas,2024-07,28.00,0.955,999
Huevo Revuelto (p/relleno),Enchiladas Mixtas,2024-08,32.00,0.929,999
Huevo Revuelto (p/relleno),Enchiladas Mixtas,2024-09,32.00,0.929,999
Huevo Revuelto (p/relleno),Enchiladas Mixtas,2024-10,32.00,0.970,999
Huevo Revuelto (p/relleno),Enchiladas Mixtas,2024-11,32.00,0.857,999
Huevo Revuelto (p/relleno),Enchiladas Mixtas,2024-12,32.00,0.952,999
Huevo Revuelto (p/relleno),Enchiladas Mixtas,2025-01,32.00,0.923,999
Huevo Revuelto (p/relleno),Enchiladas Mixtas,2025-02,32.00,0.550,999
Huevo Revuelto (p/relleno),Enchiladas Mixtas,2025-03,35.00,0.897,999
Huevo Revuelto (p/relleno),Enchiladas Mixtas,2025-04,35.00,0.956,999
Huevo Revuelto (p/relleno),Enchiladas Mixtas,2025-05,35.00,1.000,999
Huevo Revuelto (p/relleno),Enchiladas Mixtas,2025-06,35.00,0.889,999
Huevo Revuelto (p/relleno),Enchiladas Mixtas,2025-07,35.00,0.931,999
Huevo Revuelto (p/relleno),Enchiladas Mixtas,2025-08,35.00,0.889,999
Huevo Revuelto (p/relleno),Enchiladas Mixtas,2025-09,35.00,1.000,999
Huevo Revuelto (p/relleno),Enchiladas Mixtas,2025-10,35.00,1.000,999
Huevo Revuelto (p/relleno),Enchiladas Mixtas,2025-11,35.00,0.844,999
Huevo Revuelto (p/relleno),Enchiladas Mixtas,2025-12,35.00,0.935,999
Huevo Revuelto (p/relleno),Enchiladas Mixtas,2026-01,35.00,0.882,999
Huevo Revuelto (p/relleno),Enchiladas Mixtas,2026-02,35.00,1.000,999
Huevo Revuelto (p/relleno),Enchiladas Mixtas,2026-03,35.00,0.839,999
Huevo Revuelto (p/relleno),Enchiladas Mixtas,2026-04,35.00,0.975,999
Huevo Revuelto (p/relleno),Enchiladas Mixtas,2026-05,35.00,1.000,999
Huevo Revuelto (p/relleno),Enchiladas Mixtas,2026-06,35.00,0.975,999
Huevo Revuelto (p/relleno),Enchiladas Mixtas,2026-07,35.00,0.977,999
Huevo Revuelto (p/relleno),Enchiladas Mixtas,2026-08,35.00,0.975,999
Huevo Revuelto (p/relleno),Enchiladas Mixtas,2026-09,35.00,0.975,999
Huevo Revuelto (p/relleno),Enchiladas Picositas,2023-10,28.00,1.000,999
Huevo Revuelto (p/relleno),Enchiladas Picositas,2023-11,28.00,1.000,999
Huevo Revuelto (p/relleno),Enchiladas Picositas,2023-12,28.00,0.938,999
Huevo Revuelto (p/relleno),Enchiladas Picositas,2024-01,28.00,0.962,999
Huevo Revuelto (p/relleno),Enchiladas Picositas,2024-02,28.00,0.971,999
Huevo Revuelto (p/relleno),Enchiladas Picositas,2024-03,28.00,0.906,999
Huevo Revuelto (p/relleno),Enchiladas Picositas,2024-04,28.00,0.950,999
Huevo Revuelto (p/relleno),Enchiladas Picositas,2024-05,28.00,0.953,999
Huevo Revuelto (p/relleno),Enchiladas Picositas,2024-06,28.00,0.955,999
Huevo Revuelto (p/relleno),Enchiladas Picositas,2024-07,28.00,0.955,999
Huevo Revuelto (p/relleno),Enchiladas Picositas,2024-08,32.00,0.929,999
Huevo Revuelto (p/relleno),Enchiladas Picositas,2024-09,32.00,0.929,999
Huevo Revuelto (p/relleno),Enchiladas Picositas,2024-10,32.00,0.970,999
Huevo Revuelto (p/relleno),Enchiladas Picositas,2024-11,32.00,0.857,999
Huevo Revuelto (p/relleno),Enchiladas Picositas,2024-12,32.00,0.952,999
Huevo Revuelto (p/relleno),Enchiladas Picositas,2025-01,32.00,0.923,999
Huevo Revuelto (p/relleno),Enchiladas Picositas,2025-02,32.00,0.550,999
Huevo Revuelto (p/relleno),Enchiladas Picositas,2025-03,35.00,0.897,999
Huevo Revuelto (p/relleno),Enchiladas Picositas,2025-04,35.00,0.956,999
Huevo Revuelto (p/relleno),Enchiladas Picositas,2025-05,35.00,1.000,999
Huevo Revuelto (p/relleno),Enchiladas Picositas,2025-06,35.00,0.889,999
Huevo Revuelto (p/relleno),Enchiladas Picositas,2025-07,35.00,0.931,999
Huevo Revuelto (p/relleno),Enchiladas Picositas,2025-08,35.00,0.889,999
Huevo Revuelto (p/relleno),Enchiladas Picositas,2025-09,35.00,1.000,999
Huevo Revuelto (p/relleno),Enchiladas Picositas,2025-10,35.00,1.000,999
Huevo Revuelto (p/relleno),Enchiladas Picositas,2025-11,35.00,0.844,999
Huevo Revuelto (p/relleno),Enchiladas Picositas,2025-12,35.00,0.935,999
Huevo Revuelto (p/relleno),Enchiladas Picositas,2026-01,35.00,0.882,999
Huevo Revuelto (p/relleno),Enchiladas Picositas,2026-02,35.00,1.000,999
Huevo Revuelto (p/relleno),Enchiladas Picositas,2026-03,35.00,0.839,999
Huevo Revuelto (p/relleno),Enchiladas Picositas,2026-04,35.00,0.975,999
Huevo Revuelto (p/relleno),Enchiladas Picositas,2026-05,35.00,1.000,999
Huevo Revuelto (p/relleno),Enchiladas Picositas,2026-06,35.00,0.975,999
Huevo Revuelto (p/relleno),Enchiladas Picositas,2026-07,35.00,0.977,999
Huevo Revuelto (p/relleno),Enchiladas Picositas,2026-08,35.00,0.975,999
Huevo Revuelto (p/relleno),Enchiladas Picositas,2026-09,35.00,0.975,999
Huevo Revuelto (p/relleno),Enchiladas Rojas,2023-10,28.00,1.000,999
Huevo Revuelto (p/relleno),Enchiladas Rojas,2023-11,28.00,1.000,999
Huevo Revuelto (p/relleno),Enchiladas Rojas,2023-12,28.00,1.000,999
Huevo Revuelto (p/relleno),Enchiladas Rojas,2024-01,28.00,1.000,999
Huevo Revuelto (p/relleno),Enchiladas Rojas,2024-02,28.00,0.800,999
Huevo Revuelto (p/relleno),Enchiladas Rojas,2024-03,28.00,1.000,999
Huevo Revuelto (p/relleno),Enchiladas Rojas,2024-04,28.00,1.000,999
Huevo Revuelto (p/relleno),Enchiladas Rojas,2024-05,28.00,0.909,999
Huevo Revuelto (p/relleno),Enchiladas Rojas,2024-06,28.00,1.000,999
Huevo Revuelto (p/relleno),Enchiladas Rojas,2024-07,28.00,1.000,999
Huevo Revuelto (p/relleno),Enchiladas Rojas,2024-08,28.00,1.000,999
Huevo Revuelto (p/relleno),Enchiladas Rojas,2024-09,28.00,1.000,999
Huevo Revuelto (p/relleno),Enchiladas Rojas,2024-10,28.00,1.000,999
Huevo Revuelto (p/relleno),Enchiladas Rojas,2024-11,32.00,0.800,999
Huevo Revuelto (p/relleno),Enchiladas Rojas,2024-12,32.00,0.875,999
Huevo Revuelto (p/relleno),Enchiladas Rojas,2025-01,32.00,0.875,999
Huevo Revuelto (p/relleno),Enchiladas Rojas,2025-02,32.00,0.875,999
Huevo Revuelto (p/relleno),Enchiladas Rojas,2025-03,32.00,0.875,999
Huevo Revuelto (p/relleno),Enchiladas Rojas,2025-04,32.00,0.875,999
Huevo Revuelto (p/relleno),Enchiladas Rojas,2025-05,32.00,0.875,999
Huevo Revuelto (p/relleno),Enchiladas Rojas,2025-06,32.00,0.875,999
Huevo Revuelto (p/relleno),Enchiladas Rojas,2025-07,35.00,0.931,999
Huevo Revuelto (p/relleno),Enchiladas Rojas,2025-08,35.00,0.889,999
Huevo Revuelto (p/relleno),Enchiladas Rojas,2025-09,35.00,1.000,999
Huevo Revuelto (p/relleno),Enchiladas Rojas,2025-10,35.00,1.000,999
Huevo Revuelto (p/relleno),Enchiladas Rojas,2025-11,35.00,0.844,999
Huevo Revuelto (p/relleno),Enchiladas Rojas,2025-12,35.00,0.935,999
Huevo Revuelto (p/relleno),Enchiladas Rojas,2026-01,35.00,0.882,999
Huevo Revuelto (p/relleno),Enchiladas Rojas,2026-02,35.00,1.000,999
Huevo Revuelto (p/relleno),Enchiladas Rojas,2026-03,35.00,0.839,999
Huevo Revuelto (p/relleno),Enchiladas Rojas,2026-04,35.00,0.975,999
Huevo Revuelto (p/relleno),Enchiladas Rojas,2026-05,35.00,1.000,999
Huevo Revuelto (p/relleno),Enchiladas Rojas,2026-06,35.00,0.975,999
Huevo Revuelto (p/relleno),Enchiladas Rojas,2026-07,35.00,0.977,999
Huevo Revuelto (p/relleno),Enchiladas Rojas,2026-08,35.00,0.975,999
Huevo Revuelto (p/relleno),Enchiladas Rojas,2026-09,35.00,0.975,999
Huevo Revuelto (p/relleno),Encremadas,2023-10,28.00,1.000,999
Huevo Revuelto (p/relleno),Encremadas,2023-11,28.00,1.000,999
Huevo Revuelto (p/relleno),Encremadas,2023-12,28.00,0.938,999
Huevo Revuelto (p/relleno),Encremadas,2024-01,28.00,0.962,999
Huevo Revuelto (p/relleno),Encremadas,2024-02,28.00,0.971,999
Huevo Revuelto (p/relleno),Encremadas,2024-03,28.00,0.906,999
Huevo Revuelto (p/relleno),Encremadas,2024-04,28.00,0.950,999
Huevo Revuelto (p/relleno),Encremadas,2024-05,28.00,0.953,999
Huevo Revuelto (p/relleno),Encremadas,2024-06,28.00,0.955,999
Huevo Revuelto (p/relleno),Encremadas,2024-07,28.00,0.955,999
Huevo Revuelto (p/relleno),Encremadas,2024-08,32.00,0.929,999
Huevo Revuelto (p/relleno),Encremadas,2024-09,32.00,0.929,999
Huevo Revuelto (p/relleno),Encremadas,2024-10,32.00,0.970,999
Huevo Revuelto (p/relleno),Encremadas,2024-11,32.00,0.857,999
Huevo Revuelto (p/relleno),Encremadas,2024-12,32.00,0.952,999
Huevo Revuelto (p/relleno),Encremadas,2025-01,32.00,0.923,999
Huevo Revuelto (p/relleno),Encremadas,2025-02,32.00,0.550,999
Huevo Revuelto (p/relleno),Encremadas,2025-03,35.00,0.897,999
Huevo Revuelto (p/relleno),Encremadas,2025-04,35.00,0.956,999
Huevo Revuelto (p/relleno),Encremadas,2025-05,35.00,1.000,999
Huevo Revuelto (p/relleno),Encremadas,2025-06,35.00,0.889,999
Huevo Revuelto (p/relleno),Encremadas,2025-07,35.00,0.931,999
Huevo Revuelto (p/relleno),Encremadas,2025-08,35.00,0.889,999
Huevo Revuelto (p/relleno),Encremadas,2025-09,35.00,1.000,999
Huevo Revuelto (p/relleno),Encremadas,2025-10,35.00,1.000,999
Huevo Revuelto (p/relleno),Encremadas,2025-11,35.00,0.844,999
Huevo Revuelto (p/relleno),Encremadas,2025-12,35.00,0.935,999
Huevo Revuelto (p/relleno),Encremadas,2026-01,35.00,0.882,999
Huevo Revuelto (p/relleno),Encremadas,2026-02,35.00,1.000,999
Huevo Revuelto (p/relleno),Encremadas,2026-03,35.00,0.839,999
Huevo Revuelto (p/relleno),Encremadas,2026-04,35.00,0.975,999
Huevo Revuelto (p/relleno),Encremadas,2026-05,35.00,1.000,999
Huevo Revuelto (p/relleno),Encremadas,2026-06,35.00,0.975,999
Huevo Revuelto (p/relleno),Encremadas,2026-07,35.00,0.977,999
Huevo Revuelto (p/relleno),Encremadas,2026-08,35.00,0.975,999
Huevo Revuelto (p/relleno),Encremadas,2026-09,35.00,0.975,999
Huevo Revuelto (p/relleno),Enfrijoladas,2023-10,28.00,1.000,999
Huevo Revuelto (p/relleno),Enfrijoladas,2023-11,28.00,1.000,999
Huevo Revuelto (p/relleno),Enfrijoladas,2023-12,28.00,0.938,999
Huevo Revuelto (p/relleno),Enfrijoladas,2024-01,28.00,0.962,999
Huevo Revuelto (p/relleno),Enfrijoladas,2024-02,28.00,0.971,999
Huevo Revuelto (p/relleno),Enfrijoladas,2024-03,28.00,0.906,999
Huevo Revuelto (p/relleno),Enfrijoladas,2024-04,28.00,0.950,999
Huevo Revuelto (p/relleno),Enfrijoladas,2024-05,28.00,0.953,999
Huevo Revuelto (p/relleno),Enfrijoladas,2024-06,28.00,0.955,999
Huevo Revuelto (p/relleno),Enfrijoladas,2024-07,28.00,0.955,999
Huevo Revuelto (p/relleno),Enfrijoladas,2024-08,32.00,0.929,999
Huevo Revuelto (p/relleno),Enfrijoladas,2024-09,32.00,0.929,999
Huevo Revuelto (p/relleno),Enfrijoladas,2024-10,32.00,0.970,999
Huevo Revuelto (p/relleno),Enfrijoladas,2024-11,32.00,0.857,999
Huevo Revuelto (p/relleno),Enfrijoladas,2024-12,32.00,0.952,999
Huevo Revuelto (p/relleno),Enfrijoladas,2025-01,32.00,0.923,999
Huevo Revuelto (p/relleno),Enfrijoladas,2025-02,32.00,0.550,999
Huevo Revuelto (p/relleno),Enfrijoladas,2025-03,35.00,0.897,999
Huevo Revuelto (p/relleno),Enfrijoladas,2025-04,35.00,0.956,999
Huevo Revuelto (p/relleno),Enfrijoladas,2025-05,35.00,1.000,999
Huevo Revuelto (p/relleno),Enfrijoladas,2025-06,35.00,0.889,999
Huevo Revuelto (p/relleno),Enfrijoladas,2025-07,35.00,0.931,999
Huevo Revuelto (p/relleno),Enfrijoladas,2025-08,35.00,0.889,999
Huevo Revuelto (p/relleno),Enfrijoladas,2025-09,35.00,1.000,999
Huevo Revuelto (p/relleno),Enfrijoladas,2025-10,35.00,1.000,999
Huevo Revuelto (p/relleno),Enfrijoladas,2025-11,35.00,0.844,999
Huevo Revuelto (p/relleno),Enfrijoladas,2025-12,35.00,0.935,999
Huevo Revuelto (p/relleno),Enfrijoladas,2026-01,35.00,0.882,999
Huevo Revuelto (p/relleno),Enfrijoladas,2026-02,35.00,1.000,999
Huevo Revuelto (p/relleno),Enfrijoladas,2026-03,35.00,0.839,999
Huevo Revuelto (p/relleno),Enfrijoladas,2026-04,35.00,0.975,999
Huevo Revuelto (p/relleno),Enfrijoladas,2026-05,35.00,1.000,999
Huevo Revuelto (p/relleno),Enfrijoladas,2026-06,35.00,0.975,999
Huevo Revuelto (p/relleno),Enfrijoladas,2026-07,35.00,0.977,999
Huevo Revuelto (p/relleno),Enfrijoladas,2026-08,35.00,0.975,999
Huevo Revuelto (p/relleno),Enfrijoladas,2026-09,35.00,0.975,999
Huevo Revuelto (p/relleno),Enmoladas,2023-10,28.00,1.000,999
Huevo Revuelto (p/relleno),Enmoladas,2023-11,28.00,1.000,999
Huevo Revuelto (p/relleno),Enmoladas,2023-12,28.00,0.938,999
Huevo Revuelto (p/relleno),Enmoladas,2024-01,28.00,0.962,999
Huevo Revuelto (p/relleno),Enmoladas,2024-02,28.00,0.971,999
Huevo Revuelto (p/relleno),Enmoladas,2024-03,28.00,0.906,999
Huevo Revuelto (p/relleno),Enmoladas,2024-04,28.00,0.950,999
Huevo Revuelto (p/relleno),Enmoladas,2024-05,28.00,0.953,999
Huevo Revuelto (p/relleno),Enmoladas,2024-06,28.00,0.955,999
Huevo Revuelto (p/relleno),Enmoladas,2024-07,28.00,0.955,999
Huevo Revuelto (p/relleno),Enmoladas,2024-08,32.00,0.929,999
Huevo Revuelto (p/relleno),Enmoladas,2024-09,32.00,0.929,999
Huevo Revuelto (p/relleno),Enmoladas,2024-10,32.00,0.970,999
Huevo Revuelto (p/relleno),Enmoladas,2024-11,32.00,0.857,999
Huevo Revuelto (p/relleno),Enmoladas,2024-12,32.00,0.952,999
Huevo Revuelto (p/relleno),Enmoladas,2025-01,32.00,0.923,999
Huevo Revuelto (p/relleno),Enmoladas,2025-02,32.00,0.550,999
Huevo Revuelto (p/relleno),Enmoladas,2025-03,35.00,0.897,999
Huevo Revuelto (p/relleno),Enmoladas,2025-04,35.00,0.956,999
Huevo Revuelto (p/relleno),Enmoladas,2025-05,35.00,1.000,999
Huevo Revuelto (p/relleno),Enmoladas,2025-06,35.00,0.889,999
Huevo Revuelto (p/relleno),Enmoladas,2025-07,35.00,0.931,999
Huevo Revuelto (p/relleno),Enmoladas,2025-08,35.00,0.889,999
Huevo Revuelto (p/relleno),Enmoladas,2025-09,35.00,1.000,999
Huevo Revuelto (p/relleno),Enmoladas,2025-10,35.00,1.000,999
Huevo Revuelto (p/relleno),Enmoladas,2025-11,35.00,0.844,999
Huevo Revuelto (p/relleno),Enmoladas,2025-12,35.00,0.935,999
Huevo Revuelto (p/relleno),Enmoladas,2026-01,35.00,0.882,999
Huevo Revuelto (p/relleno),Enmoladas,2026-02,35.00,1.000,999
Huevo Revuelto (p/relleno),Enmoladas,2026-03,35.00,0.839,999
Huevo Revuelto (p/relleno),Enmoladas,2026-04,35.00,0.975,999
Huevo Revuelto (p/relleno),Enmoladas,2026-05,35.00,1.000,999
Huevo Revuelto (p/relleno),Enmoladas,2026-06,35.00,0.975,999
Huevo Revuelto (p/relleno),Enmoladas,2026-07,35.00,0.977,999
Huevo Revuelto (p/relleno),Enmoladas,2026-08,35.00,0.975,999
Huevo Revuelto (p/relleno),Enmoladas,2026-09,35.00,0.975,999
Huevo Revuelto (p/relleno),Entomatadas,2023-10,28.00,1.000,999
Huevo Revuelto (p/relleno),Entomatadas,2023-11,28.00,1.000,999
Huevo Revuelto (p/relleno),Entomatadas,2023-12,28.00,1.000,999
Huevo Revuelto (p/relleno),Entomatadas,2024-01,28.00,1.000,999
Huevo Revuelto (p/relleno),Entomatadas,2024-02,28.00,1.000,999
Huevo Revuelto (p/relleno),Entomatadas,2024-03,28.00,1.000,999
Huevo Revuelto (p/relleno),Entomatadas,2024-04,28.00,0.917,999
Huevo Revuelto (p/relleno),Entomatadas,2024-05,28.00,1.000,999
Huevo Revuelto (p/relleno),Entomatadas,2024-06,28.00,1.000,999
Huevo Revuelto (p/relleno),Entomatadas,2024-07,28.00,1.000,999
Huevo Revuelto (p/relleno),Entomatadas,2024-08,32.00,1.000,999
Huevo Revuelto (p/relleno),Entomatadas,2024-09,32.00,1.000,999
Huevo Revuelto (p/relleno),Entomatadas,2024-10,32.00,1.000,999
Huevo Revuelto (p/relleno),Entomatadas,2024-11,32.00,0.750,999
Huevo Revuelto (p/relleno),Entomatadas,2024-12,32.00,1.000,999
Huevo Revuelto (p/relleno),Entomatadas,2025-01,32.00,1.000,999
Huevo Revuelto (p/relleno),Entomatadas,2025-02,32.00,1.000,999
Huevo Revuelto (p/relleno),Entomatadas,2025-03,32.00,1.000,999
Huevo Revuelto (p/relleno),Entomatadas,2025-04,32.00,1.000,999
Huevo Revuelto (p/relleno),Entomatadas,2025-05,32.00,1.000,999
Huevo Revuelto (p/relleno),Entomatadas,2025-06,32.00,1.000,999
Huevo Revuelto (p/relleno),Entomatadas,2025-07,35.00,1.000,999
Huevo Revuelto (p/relleno),Entomatadas,2025-08,35.00,1.000,999
Huevo Revuelto (p/relleno),Entomatadas,2025-09,35.00,1.000,999
Huevo Revuelto (p/relleno),Entomatadas,2025-10,35.00,1.000,999
Huevo Revuelto (p/relleno),Entomatadas,2025-11,35.00,0.857,999
Huevo Revuelto (p/relleno),Entomatadas,2025-12,35.00,0.833,999
Huevo Revuelto (p/relleno),Entomatadas,2026-01,35.00,1.000,999
Huevo Revuelto (p/relleno),Entomatadas,2026-02,35.00,1.000,999
Huevo Revuelto (p/relleno),Entomatadas,2026-03,35.00,1.000,999
Huevo Revuelto (p/relleno),Entomatadas,2026-04,35.00,1.000,999
Huevo Revuelto (p/relleno),Entomatadas,2026-05,35.00,1.000,999
Huevo Revuelto (p/relleno),Entomatadas,2026-06,35.00,1.000,999
Huevo Revuelto (p/relleno),Entomatadas,2026-07,35.00,1.000,999
Huevo Revuelto (p/relleno),Entomatadas,2026-08,35.00,1.000,999
Huevo Revuelto (p/relleno),Entomatadas,2026-09,35.00,1.000,999
Huevo Revuelto (p/relleno),Pieza Encremada,2023-10,28.00,1.000,999
Huevo Revuelto (p/relleno),Pieza Encremada,2023-11,28.00,1.000,999
Huevo Revuelto (p/relleno),Pieza Encremada,2023-12,28.00,0.938,999
Huevo Revuelto (p/relleno),Pieza Encremada,2024-01,28.00,0.962,999
Huevo Revuelto (p/relleno),Pieza Encremada,2024-02,28.00,0.971,999
Huevo Revuelto (p/relleno),Pieza Encremada,2024-03,28.00,0.906,999
Huevo Revuelto (p/relleno),Pieza Encremada,2024-04,28.00,0.950,999
Huevo Revuelto (p/relleno),Pieza Encremada,2024-05,28.00,0.953,999
Huevo Revuelto (p/relleno),Pieza Encremada,2024-06,28.00,0.955,999
Huevo Revuelto (p/relleno),Pieza Encremada,2024-07,28.00,0.955,999
Huevo Revuelto (p/relleno),Pieza Encremada,2024-08,32.00,0.929,999
Huevo Revuelto (p/relleno),Pieza Encremada,2024-09,32.00,0.929,999
Huevo Revuelto (p/relleno),Pieza Encremada,2024-10,32.00,0.970,999
Huevo Revuelto (p/relleno),Pieza Encremada,2024-11,32.00,0.857,999
Huevo Revuelto (p/relleno),Pieza Encremada,2024-12,32.00,0.952,999
Huevo Revuelto (p/relleno),Pieza Encremada,2025-01,32.00,0.923,999
Huevo Revuelto (p/relleno),Pieza Encremada,2025-02,32.00,0.550,999
Huevo Revuelto (p/relleno),Pieza Encremada,2025-03,35.00,0.897,999
Huevo Revuelto (p/relleno),Pieza Encremada,2025-04,35.00,0.956,999
Huevo Revuelto (p/relleno),Pieza Encremada,2025-05,35.00,1.000,999
Huevo Revuelto (p/relleno),Pieza Encremada,2025-06,35.00,0.889,999
Huevo Revuelto (p/relleno),Pieza Encremada,2025-07,35.00,0.931,999
Huevo Revuelto (p/relleno),Pieza Encremada,2025-08,35.00,0.889,999
Huevo Revuelto (p/relleno),Pieza Encremada,2025-09,35.00,1.000,999
Huevo Revuelto (p/relleno),Pieza Encremada,2025-10,35.00,1.000,999
Huevo Revuelto (p/relleno),Pieza Encremada,2025-11,35.00,0.844,999
Huevo Revuelto (p/relleno),Pieza Encremada,2025-12,35.00,0.935,999
Huevo Revuelto (p/relleno),Pieza Encremada,2026-01,35.00,0.882,999
Huevo Revuelto (p/relleno),Pieza Encremada,2026-02,35.00,1.000,999
Huevo Revuelto (p/relleno),Pieza Encremada,2026-03,35.00,0.839,999
Huevo Revuelto (p/relleno),Pieza Encremada,2026-04,35.00,0.975,999
Huevo Revuelto (p/relleno),Pieza Encremada,2026-05,35.00,1.000,999
Huevo Revuelto (p/relleno),Pieza Encremada,2026-06,35.00,0.975,999
Huevo Revuelto (p/relleno),Pieza Encremada,2026-07,35.00,0.977,999
Huevo Revuelto (p/relleno),Pieza Encremada,2026-08,35.00,0.975,999
Huevo Revuelto (p/relleno),Pieza Encremada,2026-09,35.00,0.975,999
Huevo Revuelto (p/relleno),Pieza Enmolada,2023-10,28.00,1.000,999
Huevo Revuelto (p/relleno),Pieza Enmolada,2023-11,28.00,1.000,999
Huevo Revuelto (p/relleno),Pieza Enmolada,2023-12,28.00,0.938,999
Huevo Revuelto (p/relleno),Pieza Enmolada,2024-01,28.00,0.962,999
Huevo Revuelto (p/relleno),Pieza Enmolada,2024-02,28.00,0.971,999
Huevo Revuelto (p/relleno),Pieza Enmolada,2024-03,28.00,0.906,999
Huevo Revuelto (p/relleno),Pieza Enmolada,2024-04,28.00,0.950,999
Huevo Revuelto (p/relleno),Pieza Enmolada,2024-05,28.00,0.953,999
Huevo Revuelto (p/relleno),Pieza Enmolada,2024-06,28.00,0.955,999
Huevo Revuelto (p/relleno),Pieza Enmolada,2024-07,28.00,0.955,999
Huevo Revuelto (p/relleno),Pieza Enmolada,2024-08,32.00,0.929,999
Huevo Revuelto (p/relleno),Pieza Enmolada,2024-09,32.00,0.929,999
Huevo Revuelto (p/relleno),Pieza Enmolada,2024-10,32.00,0.970,999
Huevo Revuelto (p/relleno),Pieza Enmolada,2024-11,32.00,0.857,999
Huevo Revuelto (p/relleno),Pieza Enmolada,2024-12,32.00,0.952,999
Huevo Revuelto (p/relleno),Pieza Enmolada,2025-01,32.00,0.923,999
Huevo Revuelto (p/relleno),Pieza Enmolada,2025-02,32.00,0.550,999
Huevo Revuelto (p/relleno),Pieza Enmolada,2025-03,35.00,0.897,999
Huevo Revuelto (p/relleno),Pieza Enmolada,2025-04,35.00,0.956,999
Huevo Revuelto (p/relleno),Pieza Enmolada,2025-05,35.00,1.000,999
Huevo Revuelto (p/relleno),Pieza Enmolada,2025-06,35.00,0.889,999
Huevo Revuelto (p/relleno),Pieza Enmolada,2025-07,35.00,0.931,999
Huevo Revuelto (p/relleno),Pieza Enmolada,2025-08,35.00,0.889,999
Huevo Revuelto (p/relleno),Pieza Enmolada,2025-09,35.00,1.000,999
Huevo Revuelto (p/relleno),Pieza Enmolada,2025-10,35.00,1.000,999
Huevo Revuelto (p/relleno),Pieza Enmolada,2025-11,35.00,0.844,999
Huevo Revuelto (p/relleno),Pieza Enmolada,2025-12,35.00,0.935,999
Huevo Revuelto (p/relleno),Pieza Enmolada,2026-01,35.00,0.882,999
Huevo Revuelto (p/relleno),Pieza Enmolada,2026-02,35.00,1.000,999
Huevo Revuelto (p/relleno),Pieza Enmolada,2026-03,35.00,0.839,999
Huevo Revuelto (p/relleno),Pieza Enmolada,2026-04,35.00,0.975,999
Huevo Revuelto (p/relleno),Pieza Enmolada,2026-05,35.00,1.000,999
Huevo Revuelto (p/relleno),Pieza Enmolada,2026-06,35.00,0.975,999
Huevo Revuelto (p/relleno),Pieza Enmolada,2026-07,35.00,0.977,999
Huevo Revuelto (p/relleno),Pieza Enmolada,2026-08,35.00,0.975,999
Huevo Revuelto (p/relleno),Pieza Enmolada,2026-09,35.00,0.975,999
Huevo Revuelto (p/relleno),Pieza Entomatada,2023-10,28.00,1.000,999
Huevo Revuelto (p/relleno),Pieza Entomatada,2023-11,28.00,1.000,999
Huevo Revuelto (p/relleno),Pieza Entomatada,2023-12,28.00,0.938,999
Huevo Revuelto (p/relleno),Pieza Entomatada,2024-01,28.00,0.962,999
Huevo Revuelto (p/relleno),Pieza Entomatada,2024-02,28.00,0.971,999
Huevo Revuelto (p/relleno),Pieza Entomatada,2024-03,28.00,0.906,999
Huevo Revuelto (p/relleno),Pieza Entomatada,2024-04,28.00,0.950,999
Huevo Revuelto (p/relleno),Pieza Entomatada,2024-05,28.00,0.953,999
Huevo Revuelto (p/relleno),Pieza Entomatada,2024-06,28.00,0.955,999
Huevo Revuelto (p/relleno),Pieza Entomatada,2024-07,28.00,0.955,999
Huevo Revuelto (p/relleno),Pieza Entomatada,2024-08,32.00,0.929,999
Huevo Revuelto (p/relleno),Pieza Entomatada,2024-09,32.00,0.929,999
Huevo Revuelto (p/relleno),Pieza Entomatada,2024-10,32.00,0.970,999
Huevo Revuelto (p/relleno),Pieza Entomatada,2024-11,32.00,0.857,999
Huevo Revuelto (p/relleno),Pieza Entomatada,2024-12,32.00,0.952,999
Huevo Revuelto (p/relleno),Pieza Entomatada,2025-01,32.00,0.923,999
Huevo Revuelto (p/relleno),Pieza Entomatada,2025-02,32.00,0.550,999
Huevo Revuelto (p/relleno),Pieza Entomatada,2025-03,35.00,0.897,999
Huevo Revuelto (p/relleno),Pieza Entomatada,2025-04,35.00,0.956,999
Huevo Revuelto (p/relleno),Pieza Entomatada,2025-05,35.00,1.000,999
Huevo Revuelto (p/relleno),Pieza Entomatada,2025-06,35.00,0.889,999
Huevo Revuelto (p/relleno),Pieza Entomatada,2025-07,35.00,0.931,999
Huevo Revuelto (p/relleno),Pieza Entomatada,2025-08,35.00,0.889,999
Huevo Revuelto (p/relleno),Pieza Entomatada,2025-09,35.00,1.000,999
Huevo Revuelto (p/relleno),Pieza Entomatada,2025-10,35.00,1.000,999
Huevo Revuelto (p/relleno),Pieza Entomatada,2025-11,35.00,0.844,999
Huevo Revuelto (p/relleno),Pieza Entomatada,2025-12,35.00,0.935,999
Huevo Revuelto (p/relleno),Pieza Entomatada,2026-01,35.00,0.882,999
Huevo Revuelto (p/relleno),Pieza Entomatada,2026-02,35.00,1.000,999
Huevo Revuelto (p/relleno),Pieza Entomatada,2026-03,35.00,0.839,999
Huevo Revuelto (p/relleno),Pieza Entomatada,2026-04,35.00,0.975,999
Huevo Revuelto (p/relleno),Pieza Entomatada,2026-05,35.00,1.000,999
Huevo Revuelto (p/relleno),Pieza Entomatada,2026-06,35.00,0.975,999
Huevo Revuelto (p/relleno),Pieza Entomatada,2026-07,35.00,0.977,999
Huevo Revuelto (p/relleno),Pieza Entomatada,2026-08,35.00,0.975,999
Huevo Revuelto (p/relleno),Pieza Entomatada,2026-09,35.00,0.975,999
Huevo Revuelto (p/relleno),Quesadillas (4 pzas.),2023-10,28.00,1.000,999
Huevo Revuelto (p/relleno),Quesadillas (4 pzas.),2023-11,28.00,1.000,999
Huevo Revuelto (p/relleno),Quesadillas (4 pzas.),2023-12,28.00,0.938,999
Huevo Revuelto (p/relleno),Quesadillas (4 pzas.),2024-01,28.00,0.962,999
Huevo Revuelto (p/relleno),Quesadillas (4 pzas.),2024-02,28.00,0.971,999
Huevo Revuelto (p/relleno),Quesadillas (4 pzas.),2024-03,28.00,0.906,999
Huevo Revuelto (p/relleno),Quesadillas (4 pzas.),2024-04,28.00,0.950,999
Huevo Revuelto (p/relleno),Quesadillas (4 pzas.),2024-05,28.00,0.953,999
Huevo Revuelto (p/relleno),Quesadillas (4 pzas.),2024-06,28.00,0.955,999
Huevo Revuelto (p/relleno),Quesadillas (4 pzas.),2024-07,28.00,0.955,999
Huevo Revuelto (p/relleno),Quesadillas (4 pzas.),2024-08,32.00,0.929,999
Huevo Revuelto (p/relleno),Quesadillas (4 pzas.),2024-09,32.00,0.929,999
Huevo Revuelto (p/relleno),Quesadillas (4 pzas.),2024-10,32.00,0.970,999
Huevo Revuelto (p/relleno),Quesadillas (4 pzas.),2024-11,32.00,0.857,999
Huevo Revuelto (p/relleno),Quesadillas (4 pzas.),2024-12,32.00,0.952,999
Huevo Revuelto (p/relleno),Quesadillas (4 pzas.),2025-01,32.00,0.923,999
Huevo Revuelto (p/relleno),Quesadillas (4 pzas.),2025-02,32.00,0.550,999
Huevo Revuelto (p/relleno),Quesadillas (4 pzas.),2025-03,35.00,0.897,999
Huevo Revuelto (p/relleno),Quesadillas (4 pzas.),2025-04,35.00,0.956,999
Huevo Revuelto (p/relleno),Quesadillas (4 pzas.),2025-05,35.00,1.000,999
Huevo Revuelto (p/relleno),Quesadillas (4 pzas.),2025-06,35.00,0.889,999
Huevo Revuelto (p/relleno),Quesadillas (4 pzas.),2025-07,35.00,0.931,999
Huevo Revuelto (p/relleno),Quesadillas (4 pzas.),2025-08,35.00,0.889,999
Huevo Revuelto (p/relleno),Quesadillas (4 pzas.),2025-09,35.00,1.000,999
Huevo Revuelto (p/relleno),Quesadillas (4 pzas.),2025-10,35.00,1.000,999
Huevo Revuelto (p/relleno),Quesadillas (4 pzas.),2025-11,35.00,0.844,999
Huevo Revuelto (p/relleno),Quesadillas (4 pzas.),2025-12,35.00,0.935,999
Huevo Revuelto (p/relleno),Quesadillas (4 pzas.),2026-01,35.00,0.882,999
Huevo Revuelto (p/relleno),Quesadillas (4 pzas.),2026-02,35.00,1.000,999
Huevo Revuelto (p/relleno),Quesadillas (4 pzas.),2026-03,35.00,0.839,999
Huevo Revuelto (p/relleno),Quesadillas (4 pzas.),2026-04,35.00,0.975,999
Huevo Revuelto (p/relleno),Quesadillas (4 pzas.),2026-05,35.00,1.000,999
Huevo Revuelto (p/relleno),Quesadillas (4 pzas.),2026-06,35.00,0.975,999
Huevo Revuelto (p/relleno),Quesadillas (4 pzas.),2026-07,35.00,0.977,999
Huevo Revuelto (p/relleno),Quesadillas (4 pzas.),2026-08,35.00,0.975,999
Huevo Revuelto (p/relleno),Quesadillas (4 pzas.),2026-09,35.00,0.975,999
Queso,1/2 Empanadas (2 pzas.),2025-01,4.00,1.000,999
Queso,1/2 Empanadas (2 pzas.),2025-02,4.00,1.000,999
Queso,1/2 Empanadas (2 pzas.),2025-03,4.00,1.000,999
Queso,1/2 Empanadas (2 pzas.),2025-04,4.00,1.000,999
Queso,1/2 Empanadas (2 pzas.),2025-05,5.00,0.556,999
Queso,1/2 Empanadas (2 pzas.),2025-06,5.00,0.913,999
Queso,1/2 Empanadas (2 pzas.),2025-07,5.00,0.913,999
Queso,1/2 Empanadas (2 pzas.),2025-08,5.00,0.900,999
Queso,1/2 Empanadas (2 pzas.),2025-09,5.00,0.963,999
Queso,1/2 Empanadas (2 pzas.),2025-10,5.00,0.963,999
Queso,1/2 Empanadas (2 pzas.),2025-11,5.00,0.963,999
Queso,1/2 Empanadas (2 pzas.),2025-12,5.00,0.963,999
Queso,1/2 Empanadas (2 pzas.),2026-01,5.00,0.963,999
Queso,1/2 Empanadas (2 pzas.),2026-02,5.00,0.963,999
Queso,1/2 Empanadas (2 pzas.),2026-03,5.00,0.963,999
Queso,1/2 Empanadas (2 pzas.),2026-04,5.00,0.963,999
Queso,1/2 Empanadas (2 pzas.),2026-05,5.00,0.963,999
Queso,1/2 Empanadas (2 pzas.),2026-06,5.00,0.963,999
Queso,1/2 Empanadas (2 pzas.),2026-07,5.00,0.963,999
Queso,1/2 Empanadas (2 pzas.),2026-08,5.00,0.533,999
Queso,1/2 Empanadas (2 pzas.),2026-09,5.00,0.533,999
Queso,1/2 Entomatadas,2025-01,4.00,1.000,999
Queso,1/2 Entomatadas,2025-02,4.00,1.000,999
Queso,1/2 Entomatadas,2025-03,4.00,1.000,999
Queso,1/2 Entomatadas,2025-04,4.00,1.000,999
Queso,1/2 Entomatadas,2025-05,5.00,0.556,999
Queso,1/2 Entomatadas,2025-06,5.00,0.913,999
Queso,1/2 Entomatadas,2025-07,5.00,0.913,999
Queso,1/2 Entomatadas,2025-08,5.00,0.900,999
Queso,1/2 Entomatadas,2025-09,5.00,0.963,999
Queso,1/2 Entomatadas,2025-10,5.00,0.963,999
Queso,1/2 Entomatadas,2025-11,5.00,0.963,999
Queso,1/2 Entomatadas,2025-12,5.00,0.963,999
Queso,1/2 Entomatadas,2026-01,5.00,0.963,999
Queso,1/2 Entomatadas,2026-02,5.00,0.963,999
Queso,1/2 Entomatadas,2026-03,5.00,0.963,999
Queso,1/2 Entomatadas,2026-04,5.00,0.963,999
Queso,1/2 Entomatadas,2026-05,5.00,0.963,999
Queso,1/2 Entomatadas,2026-06,5.00,0.963,999
Queso,1/2 Entomatadas,2026-07,5.00,0.963,999
Queso,1/2 Entomatadas,2026-08,5.00,0.533,999
Queso,1/2 Entomatadas,2026-09,5.00,0.533,999
Queso,Bocoles,2024-04,4.00,0.800,999
Queso,Bocoles,2024-05,4.00,0.500,999
Queso,Bocoles,2024-06,4.00,0.500,999
Queso,Bocoles,2024-07,4.00,0.500,999
Queso,Bocoles,2024-08,4.00,1.000,999
Queso,Bocoles,2024-09,4.00,1.000,999
Queso,Bocoles,2024-10,4.00,1.000,999
Queso,Bocoles,2024-11,4.00,1.000,999
Queso,Bocoles,2024-12,4.00,1.000,999
Queso,Bocoles,2025-01,4.00,1.000,999
Queso,Bocoles,2025-02,4.00,1.000,999
Queso,Bocoles,2025-03,4.00,1.000,999
Queso,Bocoles,2025-04,5.00,1.000,999
Queso,Bocoles,2025-05,5.00,1.000,999
Queso,Bocoles,2025-06,5.00,1.000,999
Queso,Bocoles,2025-07,5.00,1.000,999
Queso,Bocoles,2025-08,5.00,1.000,999
Queso,Bocoles,2025-09,5.00,1.000,999
Queso,Bocoles,2025-10,5.00,1.000,999
Queso,Bocoles,2025-11,5.00,1.000,999
Queso,Bocoles,2025-12,5.00,1.000,999
Queso,Bocoles,2026-01,5.00,1.000,999
Queso,Bocoles,2026-02,5.00,1.000,999
Queso,Bocoles,2026-03,5.00,1.000,999
Queso,Bocoles,2026-04,5.00,0.963,999
Queso,Bocoles,2026-05,5.00,0.963,999
Queso,Bocoles,2026-06,5.00,0.963,999
Queso,Bocoles,2026-07,5.00,0.963,999
Queso,Bocoles,2026-08,5.00,0.533,999
Queso,Bocoles,2026-09,5.00,0.533,999
Queso,Empanadas (4 pzas.),2025-01,4.00,1.000,999
Queso,Empanadas (4 pzas.),2025-02,4.00,1.000,999
Queso,Empanadas (4 pzas.),2025-03,4.00,1.000,999
Queso,Empanadas (4 pzas.),2025-04,4.00,1.000,999
Queso,Empanadas (4 pzas.),2025-05,5.00,0.556,999
Queso,Empanadas (4 pzas.),2025-06,5.00,0.913,999
Queso,Empanadas (4 pzas.),2025-07,5.00,0.913,999
Queso,Empanadas (4 pzas.),2025-08,5.00,0.900,999
Queso,Empanadas (4 pzas.),2025-09,5.00,0.963,999
Queso,Empanadas (4 pzas.),2025-10,5.00,0.963,999
Queso,Empanadas (4 pzas.),2025-11,5.00,0.963,999
Queso,Empanadas (4 pzas.),2025-12,5.00,0.963,999
Queso,Empanadas (4 pzas.),2026-01,5.00,0.963,999
Queso,Empanadas (4 pzas.),2026-02,5.00,0.963,999
Queso,Empanadas (4 pzas.),2026-03,5.00,0.963,999
Queso,Empanadas (4 pzas.),2026-04,5.00,0.963,999
Queso,Empanadas (4 pzas.),2026-05,5.00,0.963,999
Queso,Empanadas (4 pzas.),2026-06,5.00,0.963,999
Queso,Empanadas (4 pzas.),2026-07,5.00,0.963,999
Queso,Empanadas (4 pzas.),2026-08,5.00,0.533,999
Queso,Empanadas (4 pzas.),2026-09,5.00,0.533,999
Queso,Enchiladas Picositas,2025-01,4.00,1.000,999
Queso,Enchiladas Picositas,2025-02,4.00,1.000,999
Queso,Enchiladas Picositas,2025-03,4.00,1.000,999
Queso,Enchiladas Picositas,2025-04,4.00,1.000,999
Queso,Enchiladas Picositas,2025-05,5.00,0.556,999
Queso,Enchiladas Picositas,2025-06,5.00,0.913,999
Queso,Enchiladas Picositas,2025-07,5.00,0.913,999
Queso,Enchiladas Picositas,2025-08,5.00,0.900,999
Queso,Enchiladas Picositas,2025-09,5.00,0.963,999
Queso,Enchiladas Picositas,2025-10,5.00,0.963,999
Queso,Enchiladas Picositas,2025-11,5.00,0.963,999
Queso,Enchiladas Picositas,2025-12,5.00,0.963,999
Queso,Enchiladas Picositas,2026-01,5.00,0.963,999
Queso,Enchiladas Picositas,2026-02,5.00,0.963,999
Queso,Enchiladas Picositas,2026-03,5.00,0.963,999
Queso,Enchiladas Picositas,2026-04,5.00,0.963,999
Queso,Enchiladas Picositas,2026-05,5.00,0.963,999
Queso,Enchiladas Picositas,2026-06,5.00,0.963,999
Queso,Enchiladas Picositas,2026-07,5.00,0.963,999
Queso,Enchiladas Picositas,2026-08,5.00,0.533,999
Queso,Enchiladas Picositas,2026-09,5.00,0.533,999
Queso,Enchiladas Rojas,2025-01,4.00,1.000,999
Queso,Enchiladas Rojas,2025-02,4.00,1.000,999
Queso,Enchiladas Rojas,2025-03,4.00,1.000,999
Queso,Enchiladas Rojas,2025-04,4.00,1.000,999
Queso,Enchiladas Rojas,2025-05,5.00,0.556,999
Queso,Enchiladas Rojas,2025-06,5.00,0.913,999
Queso,Enchiladas Rojas,2025-07,5.00,0.913,999
Queso,Enchiladas Rojas,2025-08,5.00,0.900,999
Queso,Enchiladas Rojas,2025-09,5.00,0.963,999
Queso,Enchiladas Rojas,2025-10,5.00,0.963,999
Queso,Enchiladas Rojas,2025-11,5.00,0.963,999
Queso,Enchiladas Rojas,2025-12,5.00,0.963,999
Queso,Enchiladas Rojas,2026-01,5.00,0.963,999
Queso,Enchiladas Rojas,2026-02,5.00,0.963,999
Queso,Enchiladas Rojas,2026-03,5.00,0.963,999
Queso,Enchiladas Rojas,2026-04,5.00,0.963,999
Queso,Enchiladas Rojas,2026-05,5.00,0.963,999
Queso,Enchiladas Rojas,2026-06,5.00,0.963,999
Queso,Enchiladas Rojas,2026-07,5.00,0.963,999
Queso,Enchiladas Rojas,2026-08,5.00,0.533,999
Queso,Enchiladas Rojas,2026-09,5.00,0.533,999
Queso,Encremadas,2025-01,4.00,1.000,999
Queso,Encremadas,2025-02,4.00,1.000,999
Queso,Encremadas,2025-03,4.00,1.000,999
Queso,Encremadas,2025-04,4.00,1.000,999
Queso,Encremadas,2025-05,5.00,0.556,999
Queso,Encremadas,2025-06,5.00,0.913,999
Queso,Encremadas,2025-07,5.00,0.913,999
Queso,Encremadas,2025-08,5.00,0.900,999
Queso,Encremadas,2025-09,5.00,0.963,999
Queso,Encremadas,2025-10,5.00,0.963,999
Queso,Encremadas,2025-11,5.00,0.963,999
Queso,Encremadas,2025-12,5.00,0.963,999
Queso,Encremadas,2026-01,5.00,0.963,999
Queso,Encremadas,2026-02,5.00,0.963,999
Queso,Encremadas,2026-03,5.00,0.963,999
Queso,Encremadas,2026-04,5.00,0.963,999
Queso,Encremadas,2026-05,5.00,0.963,999
Queso,Encremadas,2026-06,5.00,0.963,999
Queso,Encremadas,2026-07,5.00,0.963,999
Queso,Encremadas,2026-08,5.00,0.533,999
Queso,Encremadas,2026-09,5.00,0.533,999
Queso,Entomatadas,2025-01,4.00,1.000,999
Queso,Entomatadas,2025-02,4.00,1.000,999
Queso,Entomatadas,2025-03,4.00,1.000,999
Queso,Entomatadas,2025-04,4.00,1.000,999
Queso,Entomatadas,2025-05,5.00,0.556,999
Queso,Entomatadas,2025-06,5.00,0.913,999
Queso,Entomatadas,2025-07,5.00,0.913,999
Queso,Entomatadas,2025-08,5.00,0.900,999
Queso,Entomatadas,2025-09,5.00,0.963,999
Queso,Entomatadas,2025-10,5.00,0.963,999
Queso,Entomatadas,2025-11,5.00,0.963,999
Queso,Entomatadas,2025-12,5.00,0.963,999
Queso,Entomatadas,2026-01,5.00,0.963,999
Queso,Entomatadas,2026-02,5.00,0.963,999
Queso,Entomatadas,2026-03,5.00,0.963,999
Queso,Entomatadas,2026-04,5.00,0.963,999
Queso,Entomatadas,2026-05,5.00,0.963,999
Queso,Entomatadas,2026-06,5.00,0.963,999
Queso,Entomatadas,2026-07,5.00,0.963,999
Queso,Entomatadas,2026-08,5.00,0.533,999
Queso,Entomatadas,2026-09,5.00,0.533,999
Queso,Gorditas,2024-07,4.00,0.714,999
Queso,Gorditas,2024-08,4.00,1.000,999
Queso,Gorditas,2024-09,4.00,1.000,999
Queso,Gorditas,2024-10,4.00,1.000,999
Queso,Gorditas,2024-11,4.00,1.000,999
Queso,Gorditas,2024-12,4.00,1.000,999
Queso,Gorditas,2025-01,4.00,1.000,999
Queso,Gorditas,2025-02,4.00,1.000,999
Queso,Gorditas,2025-03,5.00,1.000,999
Queso,Gorditas,2025-04,5.00,1.000,999
Queso,Gorditas,2025-05,5.00,0.833,999
Queso,Gorditas,2025-06,5.00,1.000,999
Queso,Gorditas,2025-07,5.00,1.000,999
Queso,Gorditas,2025-08,5.00,0.900,999
Queso,Gorditas,2025-09,5.00,1.000,999
Queso,Gorditas,2025-10,5.00,1.000,999
Queso,Gorditas,2025-11,5.00,0.857,999
Queso,Gorditas,2025-12,5.00,0.857,999
Queso,Gorditas,2026-01,5.00,1.000,999
Queso,Gorditas,2026-02,5.00,1.000,999
Queso,Gorditas,2026-03,5.00,1.000,999
Queso,Gorditas,2026-04,5.00,1.000,999
Queso,Gorditas,2026-05,5.00,1.000,999
Queso,Gorditas,2026-06,5.00,1.000,999
Queso,Gorditas,2026-07,5.00,0.571,999
Queso,Gorditas,2026-08,5.00,0.600,999
Queso,Gorditas,2026-09,5.00,0.600,999
Queso,Migada Guisado de Carne,2025-01,4.00,1.000,999
Queso,Migada Guisado de Carne,2025-02,4.00,1.000,999
Queso,Migada Guisado de Carne,2025-03,4.00,1.000,999
Queso,Migada Guisado de Carne,2025-04,4.00,1.000,999
Queso,Migada Guisado de Carne,2025-05,5.00,0.556,999
Queso,Migada Guisado de Carne,2025-06,5.00,0.913,999
Queso,Migada Guisado de Carne,2025-07,5.00,0.913,999
Queso,Migada Guisado de Carne,2025-08,5.00,0.900,999
Queso,Migada Guisado de Carne,2025-09,5.00,0.963,999
Queso,Migada Guisado de Carne,2025-10,5.00,0.963,999
Queso,Migada Guisado de Carne,2025-11,5.00,0.963,999
Queso,Migada Guisado de Carne,2025-12,5.00,0.963,999
Queso,Migada Guisado de Carne,2026-01,5.00,0.963,999
Queso,Migada Guisado de Carne,2026-02,5.00,0.963,999
Queso,Migada Guisado de Carne,2026-03,5.00,0.963,999
Queso,Migada Guisado de Carne,2026-04,5.00,0.963,999
Queso,Migada Guisado de Carne,2026-05,5.00,0.963,999
Queso,Migada Guisado de Carne,2026-06,5.00,0.963,999
Queso,Migada Guisado de Carne,2026-07,5.00,0.963,999
Queso,Migada Guisado de Carne,2026-08,5.00,0.533,999
Queso,Migada Guisado de Carne,2026-09,5.00,0.533,999
Queso,Orden de Guisado de Carne,2025-01,4.00,1.000,999
Queso,Orden de Guisado de Carne,2025-02,4.00,1.000,999
Queso,Orden de Guisado de Carne,2025-03,4.00,1.000,999
Queso,Orden de Guisado de Carne,2025-04,4.00,1.000,999
Queso,Orden de Guisado de Carne,2025-05,5.00,0.556,999
Queso,Orden de Guisado de Carne,2025-06,5.00,0.913,999
Queso,Orden de Guisado de Carne,2025-07,5.00,0.913,999
Queso,Orden de Guisado de Carne,2025-08,5.00,0.900,999
Queso,Orden de Guisado de Carne,2025-09,5.00,0.963,999
Queso,Orden de Guisado de Carne,2025-10,5.00,0.963,999
Queso,Orden de Guisado de Carne,2025-11,5.00,0.963,999
Queso,Orden de Guisado de Carne,2025-12,5.00,0.963,999
Queso,Orden de Guisado de Carne,2026-01,5.00,0.963,999
Queso,Orden de Guisado de Carne,2026-02,5.00,0.963,999
Queso,Orden de Guisado de Carne,2026-03,5.00,0.963,999
Queso,Orden de Guisado de Carne,2026-04,5.00,0.963,999
Queso,Orden de Guisado de Carne,2026-05,5.00,0.963,999
Queso,Orden de Guisado de Carne,2026-06,5.00,0.963,999
Queso,Orden de Guisado de Carne,2026-07,5.00,0.963,999
Queso,Orden de Guisado de Carne,2026-08,5.00,0.533,999
Queso,Orden de Guisado de Carne,2026-09,5.00,0.533,999
Queso,Pieza Extra Empanada,2025-01,4.00,1.000,999
Queso,Pieza Extra Empanada,2025-02,4.00,1.000,999
Queso,Pieza Extra Empanada,2025-03,4.00,1.000,999
Queso,Pieza Extra Empanada,2025-04,4.00,1.000,999
Queso,Pieza Extra Empanada,2025-05,5.00,0.556,999
Queso,Pieza Extra Empanada,2025-06,5.00,0.913,999
Queso,Pieza Extra Empanada,2025-07,5.00,0.913,999
Queso,Pieza Extra Empanada,2025-08,5.00,0.900,999
Queso,Pieza Extra Empanada,2025-09,5.00,0.963,999
Queso,Pieza Extra Empanada,2025-10,5.00,0.963,999
Queso,Pieza Extra Empanada,2025-11,5.00,0.963,999
Queso,Pieza Extra Empanada,2025-12,5.00,0.963,999
Queso,Pieza Extra Empanada,2026-01,5.00,0.963,999
Queso,Pieza Extra Empanada,2026-02,5.00,0.963,999
Queso,Pieza Extra Empanada,2026-03,5.00,0.963,999
Queso,Pieza Extra Empanada,2026-04,5.00,0.963,999
Queso,Pieza Extra Empanada,2026-05,5.00,0.963,999
Queso,Pieza Extra Empanada,2026-06,5.00,0.963,999
Queso,Pieza Extra Empanada,2026-07,5.00,0.963,999
Queso,Pieza Extra Empanada,2026-08,5.00,0.533,999
Queso,Pieza Extra Empanada,2026-09,5.00,0.533,999
Queso,Tacos de Harina,2024-03,4.00,0.400,999
Queso,Tacos de Harina,2024-04,4.00,0.400,999
Queso,Tacos de Harina,2024-05,4.00,0.400,999
Queso,Tacos de Harina,2024-06,4.00,0.400,999
Queso,Tacos de Harina,2024-07,4.00,0.400,999
Queso,Tacos de Harina,2024-08,4.00,0.400,999
Queso,Tacos de Harina,2024-09,4.00,0.400,999
Queso,Tacos de Harina,2024-10,4.00,0.400,999
Queso,Tacos de Harina,2024-11,4.00,0.400,999
Queso,Tacos de Harina,2024-12,4.00,0.400,999
Queso,Tacos de Harina,2025-01,4.00,1.000,999
Queso,Tacos de Harina,2025-02,4.00,1.000,999
Queso,Tacos de Harina,2025-03,4.00,1.000,999
Queso,Tacos de Harina,2025-04,4.00,1.000,999
Queso,Tacos de Harina,2025-05,5.00,0.556,999
Queso,Tacos de Harina,2025-06,5.00,0.913,999
Queso,Tacos de Harina,2025-07,5.00,0.800,999
Queso,Tacos de Harina,2025-08,5.00,0.800,999
Queso,Tacos de Harina,2025-09,5.00,0.800,999
Queso,Tacos de Harina,2025-10,5.00,0.800,999
Queso,Tacos de Harina,2025-11,5.00,0.800,999
Queso,Tacos de Harina,2025-12,5.00,0.800,999
Queso,Tacos de Harina,2026-01,5.00,0.800,999
Queso,Tacos de Harina,2026-02,5.00,0.963,999
Queso,Tacos de Harina,2026-03,5.00,0.963,999
Queso,Tacos de Harina,2026-04,5.00,0.963,999
Queso,Tacos de Harina,2026-05,5.00,0.963,999
Queso,Tacos de Harina,2026-06,5.00,0.963,999
Queso,Tacos de Harina,2026-07,5.00,0.963,999
Queso,Tacos de Harina,2026-08,5.00,0.533,999
Queso,Tacos de Harina,2026-09,5.00,0.533,999
Queso,Tacos de Maiz,2024-01,4.00,1.000,999
Queso,Tacos de Maiz,2024-02,4.00,1.000,999
Queso,Tacos de Maiz,2024-03,4.00,1.000,999
Queso,Tacos de Maiz,2024-04,4.00,1.000,999
Queso,Tacos de Maiz,2024-05,4.00,1.000,999
Queso,Tacos de Maiz,2024-06,4.00,1.000,999
Queso,Tacos de Maiz,2024-07,4.00,1.000,999
Queso,Tacos de Maiz,2024-08,4.00,1.000,999
Queso,Tacos de Maiz,2024-09,4.00,1.000,999
Queso,Tacos de Maiz,2024-10,4.00,1.000,999
Queso,Tacos de Maiz,2024-11,4.00,1.000,999
Queso,Tacos de Maiz,2024-12,4.00,1.000,999
Queso,Tacos de Maiz,2025-01,4.00,1.000,999
Queso,Tacos de Maiz,2025-02,4.00,1.000,999
Queso,Tacos de Maiz,2025-03,4.00,1.000,999
Queso,Tacos de Maiz,2025-04,4.00,1.000,999
Queso,Tacos de Maiz,2025-05,4.00,1.000,999
Queso,Tacos de Maiz,2025-06,5.00,1.000,999
Queso,Tacos de Maiz,2025-07,5.00,1.000,999
Queso,Tacos de Maiz,2025-08,5.00,1.000,999
Queso,Tacos de Maiz,2025-09,5.00,1.000,999
Queso,Tacos de Maiz,2025-10,5.00,0.600,999
Queso,Tacos de Maiz,2025-11,5.00,0.600,999
Queso,Tacos de Maiz,2025-12,5.00,0.600,999
Queso,Tacos de Maiz,2026-01,5.00,0.600,999
Queso,Tacos de Maiz,2026-02,5.00,0.600,999
Queso,Tacos de Maiz,2026-03,5.00,0.600,999
Queso,Tacos de Maiz,2026-04,5.00,0.857,999
Queso,Tacos de Maiz,2026-05,5.00,0.857,999
Queso,Tacos de Maiz,2026-06,5.00,0.857,999
Queso,Tacos de Maiz,2026-07,5.00,0.857,999
Queso,Tacos de Maiz,2026-08,5.00,0.857,999
Queso,Tacos de Maiz,2026-09,5.00,0.857,999
Relleno de Guisados,1/2 Empanadas (2 pzas.),2023-10,28.00,1.000,999
Relleno de Guisados,1/2 Empanadas (2 pzas.),2023-11,28.00,1.000,999
Relleno de Guisados,1/2 Empanadas (2 pzas.),2023-12,28.00,1.000,999
Relleno de Guisados,1/2 Empanadas (2 pzas.),2024-01,28.00,1.000,999
Relleno de Guisados,1/2 Empanadas (2 pzas.),2024-02,28.00,1.000,999
Relleno de Guisados,1/2 Empanadas (2 pzas.),2024-03,28.00,1.000,999
Relleno de Guisados,1/2 Empanadas (2 pzas.),2024-04,28.00,1.000,999
Relleno de Guisados,1/2 Empanadas (2 pzas.),2024-05,28.00,1.000,999
Relleno de Guisados,1/2 Empanadas (2 pzas.),2024-06,28.00,1.000,999
Relleno de Guisados,1/2 Empanadas (2 pzas.),2024-07,28.00,1.000,999
Relleno de Guisados,1/2 Empanadas (2 pzas.),2024-08,34.00,1.000,999
Relleno de Guisados,1/2 Empanadas (2 pzas.),2024-09,34.00,1.000,999
Relleno de Guisados,1/2 Empanadas (2 pzas.),2024-10,34.00,1.000,999
Relleno de Guisados,1/2 Empanadas (2 pzas.),2024-11,34.00,1.000,999
Relleno de Guisados,1/2 Empanadas (2 pzas.),2024-12,34.00,1.000,999
Relleno de Guisados,1/2 Empanadas (2 pzas.),2025-01,34.00,1.000,999
Relleno de Guisados,1/2 Empanadas (2 pzas.),2025-02,34.00,1.000,999
Relleno de Guisados,1/2 Empanadas (2 pzas.),2025-03,38.00,0.955,999
Relleno de Guisados,1/2 Empanadas (2 pzas.),2025-04,38.00,1.000,999
Relleno de Guisados,1/2 Empanadas (2 pzas.),2025-05,38.00,1.000,999
Relleno de Guisados,1/2 Empanadas (2 pzas.),2025-06,38.00,1.000,999
Relleno de Guisados,1/2 Empanadas (2 pzas.),2025-07,38.00,1.000,999
Relleno de Guisados,1/2 Empanadas (2 pzas.),2025-08,38.00,1.000,999
Relleno de Guisados,1/2 Empanadas (2 pzas.),2025-09,38.00,1.000,999
Relleno de Guisados,1/2 Empanadas (2 pzas.),2025-10,38.00,1.000,999
Relleno de Guisados,1/2 Empanadas (2 pzas.),2025-11,38.00,1.000,999
Relleno de Guisados,1/2 Empanadas (2 pzas.),2025-12,38.00,0.985,999
Relleno de Guisados,1/2 Empanadas (2 pzas.),2026-01,38.00,0.915,999
Relleno de Guisados,1/2 Empanadas (2 pzas.),2026-02,38.00,0.917,999
Relleno de Guisados,1/2 Empanadas (2 pzas.),2026-03,38.00,0.951,999
Relleno de Guisados,1/2 Empanadas (2 pzas.),2026-04,38.00,0.933,999
Relleno de Guisados,1/2 Empanadas (2 pzas.),2026-05,38.00,0.957,999
Relleno de Guisados,1/2 Empanadas (2 pzas.),2026-06,38.00,0.914,999
Relleno de Guisados,1/2 Empanadas (2 pzas.),2026-07,38.00,0.970,999
Relleno de Guisados,1/2 Empanadas (2 pzas.),2026-08,38.00,0.933,999
Relleno de Guisados,1/2 Empanadas (2 pzas.),2026-09,38.00,0.933,999
Relleno de Guisados,1/2 Enchiladas Mixtas (4 Piezas),2023-10,28.00,1.000,999
Relleno de Guisados,1/2 Enchiladas Mixtas (4 Piezas),2023-11,28.00,1.000,999
Relleno de Guisados,1/2 Enchiladas Mixtas (4 Piezas),2023-12,28.00,1.000,999
Relleno de Guisados,1/2 Enchiladas Mixtas (4 Piezas),2024-01,28.00,1.000,999
Relleno de Guisados,1/2 Enchiladas Mixtas (4 Piezas),2024-02,28.00,1.000,999
Relleno de Guisados,1/2 Enchiladas Mixtas (4 Piezas),2024-03,28.00,1.000,999
Relleno de Guisados,1/2 Enchiladas Mixtas (4 Piezas),2024-04,28.00,1.000,999
Relleno de Guisados,1/2 Enchiladas Mixtas (4 Piezas),2024-05,28.00,1.000,999
Relleno de Guisados,1/2 Enchiladas Mixtas (4 Piezas),2024-06,28.00,1.000,999
Relleno de Guisados,1/2 Enchiladas Mixtas (4 Piezas),2024-07,28.00,1.000,999
Relleno de Guisados,1/2 Enchiladas Mixtas (4 Piezas),2024-08,34.00,1.000,999
Relleno de Guisados,1/2 Enchiladas Mixtas (4 Piezas),2024-09,34.00,1.000,999
Relleno de Guisados,1/2 Enchiladas Mixtas (4 Piezas),2024-10,34.00,1.000,999
Relleno de Guisados,1/2 Enchiladas Mixtas (4 Piezas),2024-11,34.00,1.000,999
Relleno de Guisados,1/2 Enchiladas Mixtas (4 Piezas),2024-12,34.00,1.000,999
Relleno de Guisados,1/2 Enchiladas Mixtas (4 Piezas),2025-01,34.00,1.000,999
Relleno de Guisados,1/2 Enchiladas Mixtas (4 Piezas),2025-02,34.00,1.000,999
Relleno de Guisados,1/2 Enchiladas Mixtas (4 Piezas),2025-03,38.00,0.955,999
Relleno de Guisados,1/2 Enchiladas Mixtas (4 Piezas),2025-04,38.00,1.000,999
Relleno de Guisados,1/2 Enchiladas Mixtas (4 Piezas),2025-05,38.00,1.000,999
Relleno de Guisados,1/2 Enchiladas Mixtas (4 Piezas),2025-06,38.00,1.000,999
Relleno de Guisados,1/2 Enchiladas Mixtas (4 Piezas),2025-07,38.00,1.000,999
Relleno de Guisados,1/2 Enchiladas Mixtas (4 Piezas),2025-08,38.00,1.000,999
Relleno de Guisados,1/2 Enchiladas Mixtas (4 Piezas),2025-09,38.00,1.000,999
Relleno de Guisados,1/2 Enchiladas Mixtas (4 Piezas),2025-10,38.00,1.000,999
Relleno de Guisados,1/2 Enchiladas Mixtas (4 Piezas),2025-11,38.00,1.000,999
Relleno de Guisados,1/2 Enchiladas Mixtas (4 Piezas),2025-12,38.00,0.985,999
Relleno de Guisados,1/2 Enchiladas Mixtas (4 Piezas),2026-01,38.00,0.915,999
Relleno de Guisados,1/2 Enchiladas Mixtas (4 Piezas),2026-02,38.00,1.000,999
Relleno de Guisados,1/2 Enchiladas Mixtas (4 Piezas),2026-03,38.00,1.000,999
Relleno de Guisados,1/2 Enchiladas Mixtas (4 Piezas),2026-04,38.00,1.000,999
Relleno de Guisados,1/2 Enchiladas Mixtas (4 Piezas),2026-05,38.00,1.000,999
Relleno de Guisados,1/2 Enchiladas Mixtas (4 Piezas),2026-06,38.00,1.000,999
Relleno de Guisados,1/2 Enchiladas Mixtas (4 Piezas),2026-07,38.00,1.000,999
Relleno de Guisados,1/2 Enchiladas Mixtas (4 Piezas),2026-08,38.00,1.000,999
Relleno de Guisados,1/2 Enchiladas Mixtas (4 Piezas),2026-09,38.00,0.933,999
Relleno de Guisados,1/2 Enchiladas Picositas,2023-10,28.00,1.000,999
Relleno de Guisados,1/2 Enchiladas Picositas,2023-11,28.00,1.000,999
Relleno de Guisados,1/2 Enchiladas Picositas,2023-12,28.00,1.000,999
Relleno de Guisados,1/2 Enchiladas Picositas,2024-01,28.00,1.000,999
Relleno de Guisados,1/2 Enchiladas Picositas,2024-02,28.00,1.000,999
Relleno de Guisados,1/2 Enchiladas Picositas,2024-03,28.00,1.000,999
Relleno de Guisados,1/2 Enchiladas Picositas,2024-04,28.00,1.000,999
Relleno de Guisados,1/2 Enchiladas Picositas,2024-05,28.00,1.000,999
Relleno de Guisados,1/2 Enchiladas Picositas,2024-06,28.00,1.000,999
Relleno de Guisados,1/2 Enchiladas Picositas,2024-07,28.00,1.000,999
Relleno de Guisados,1/2 Enchiladas Picositas,2024-08,34.00,1.000,999
Relleno de Guisados,1/2 Enchiladas Picositas,2024-09,34.00,1.000,999
Relleno de Guisados,1/2 Enchiladas Picositas,2024-10,34.00,1.000,999
Relleno de Guisados,1/2 Enchiladas Picositas,2024-11,34.00,1.000,999
Relleno de Guisados,1/2 Enchiladas Picositas,2024-12,34.00,1.000,999
Relleno de Guisados,1/2 Enchiladas Picositas,2025-01,34.00,1.000,999
Relleno de Guisados,1/2 Enchiladas Picositas,2025-02,34.00,1.000,999
Relleno de Guisados,1/2 Enchiladas Picositas,2025-03,38.00,1.000,999
Relleno de Guisados,1/2 Enchiladas Picositas,2025-04,38.00,1.000,999
Relleno de Guisados,1/2 Enchiladas Picositas,2025-05,38.00,1.000,999
Relleno de Guisados,1/2 Enchiladas Picositas,2025-06,38.00,1.000,999
Relleno de Guisados,1/2 Enchiladas Picositas,2025-07,38.00,1.000,999
Relleno de Guisados,1/2 Enchiladas Picositas,2025-08,38.00,1.000,999
Relleno de Guisados,1/2 Enchiladas Picositas,2025-09,38.00,1.000,999
Relleno de Guisados,1/2 Enchiladas Picositas,2025-10,38.00,1.000,999
Relleno de Guisados,1/2 Enchiladas Picositas,2025-11,38.00,1.000,999
Relleno de Guisados,1/2 Enchiladas Picositas,2025-12,38.00,1.000,999
Relleno de Guisados,1/2 Enchiladas Picositas,2026-01,38.00,1.000,999
Relleno de Guisados,1/2 Enchiladas Picositas,2026-02,38.00,1.000,999
Relleno de Guisados,1/2 Enchiladas Picositas,2026-03,38.00,1.000,999
Relleno de Guisados,1/2 Enchiladas Picositas,2026-04,38.00,1.000,999
Relleno de Guisados,1/2 Enchiladas Picositas,2026-05,38.00,1.000,999
Relleno de Guisados,1/2 Enchiladas Picositas,2026-06,38.00,1.000,999
Relleno de Guisados,1/2 Enchiladas Picositas,2026-07,38.00,1.000,999
Relleno de Guisados,1/2 Enchiladas Picositas,2026-08,38.00,1.000,999
Relleno de Guisados,1/2 Enchiladas Picositas,2026-09,38.00,1.000,999
Relleno de Guisados,1/2 Enchiladas Rojas,2023-10,28.00,1.000,999
Relleno de Guisados,1/2 Enchiladas Rojas,2023-11,28.00,1.000,999
Relleno de Guisados,1/2 Enchiladas Rojas,2023-12,28.00,1.000,999
Relleno de Guisados,1/2 Enchiladas Rojas,2024-01,28.00,1.000,999
Relleno de Guisados,1/2 Enchiladas Rojas,2024-02,28.00,1.000,999
Relleno de Guisados,1/2 Enchiladas Rojas,2024-03,28.00,1.000,999
Relleno de Guisados,1/2 Enchiladas Rojas,2024-04,28.00,1.000,999
Relleno de Guisados,1/2 Enchiladas Rojas,2024-05,28.00,1.000,999
Relleno de Guisados,1/2 Enchiladas Rojas,2024-06,28.00,1.000,999
Relleno de Guisados,1/2 Enchiladas Rojas,2024-07,28.00,1.000,999
Relleno de Guisados,1/2 Enchiladas Rojas,2024-08,34.00,1.000,999
Relleno de Guisados,1/2 Enchiladas Rojas,2024-09,34.00,1.000,999
Relleno de Guisados,1/2 Enchiladas Rojas,2024-10,34.00,1.000,999
Relleno de Guisados,1/2 Enchiladas Rojas,2024-11,34.00,1.000,999
Relleno de Guisados,1/2 Enchiladas Rojas,2024-12,34.00,1.000,999
Relleno de Guisados,1/2 Enchiladas Rojas,2025-01,34.00,1.000,999
Relleno de Guisados,1/2 Enchiladas Rojas,2025-02,34.00,0.667,999
Relleno de Guisados,1/2 Enchiladas Rojas,2025-03,38.00,1.000,999
Relleno de Guisados,1/2 Enchiladas Rojas,2025-04,38.00,1.000,999
Relleno de Guisados,1/2 Enchiladas Rojas,2025-05,38.00,1.000,999
Relleno de Guisados,1/2 Enchiladas Rojas,2025-06,38.00,1.000,999
Relleno de Guisados,1/2 Enchiladas Rojas,2025-07,38.00,1.000,999
Relleno de Guisados,1/2 Enchiladas Rojas,2025-08,38.00,1.000,999
Relleno de Guisados,1/2 Enchiladas Rojas,2025-09,38.00,1.000,999
Relleno de Guisados,1/2 Enchiladas Rojas,2025-10,38.00,1.000,999
Relleno de Guisados,1/2 Enchiladas Rojas,2025-11,38.00,1.000,999
Relleno de Guisados,1/2 Enchiladas Rojas,2025-12,38.00,1.000,999
Relleno de Guisados,1/2 Enchiladas Rojas,2026-01,38.00,0.867,999
Relleno de Guisados,1/2 Enchiladas Rojas,2026-02,38.00,1.000,999
Relleno de Guisados,1/2 Enchiladas Rojas,2026-03,38.00,1.000,999
Relleno de Guisados,1/2 Enchiladas Rojas,2026-04,38.00,1.000,999
Relleno de Guisados,1/2 Enchiladas Rojas,2026-05,38.00,1.000,999
Relleno de Guisados,1/2 Enchiladas Rojas,2026-06,38.00,1.000,999
Relleno de Guisados,1/2 Enchiladas Rojas,2026-07,38.00,1.000,999
Relleno de Guisados,1/2 Enchiladas Rojas,2026-08,38.00,1.000,999
Relleno de Guisados,1/2 Enchiladas Rojas,2026-09,38.00,1.000,999
Relleno de Guisados,1/2 Encremadas,2023-10,28.00,1.000,999
Relleno de Guisados,1/2 Encremadas,2023-11,28.00,1.000,999
Relleno de Guisados,1/2 Encremadas,2023-12,28.00,1.000,999
Relleno de Guisados,1/2 Encremadas,2024-01,28.00,1.000,999
Relleno de Guisados,1/2 Encremadas,2024-02,28.00,1.000,999
Relleno de Guisados,1/2 Encremadas,2024-03,28.00,1.000,999
Relleno de Guisados,1/2 Encremadas,2024-04,28.00,1.000,999
Relleno de Guisados,1/2 Encremadas,2024-05,28.00,1.000,999
Relleno de Guisados,1/2 Encremadas,2024-06,28.00,1.000,999
Relleno de Guisados,1/2 Encremadas,2024-07,28.00,1.000,999
Relleno de Guisados,1/2 Encremadas,2024-08,34.00,1.000,999
Relleno de Guisados,1/2 Encremadas,2024-09,34.00,1.000,999
Relleno de Guisados,1/2 Encremadas,2024-10,34.00,1.000,999
Relleno de Guisados,1/2 Encremadas,2024-11,34.00,1.000,999
Relleno de Guisados,1/2 Encremadas,2024-12,34.00,1.000,999
Relleno de Guisados,1/2 Encremadas,2025-01,34.00,1.000,999
Relleno de Guisados,1/2 Encremadas,2025-02,34.00,1.000,999
Relleno de Guisados,1/2 Encremadas,2025-03,38.00,0.955,999
Relleno de Guisados,1/2 Encremadas,2025-04,38.00,1.000,999
Relleno de Guisados,1/2 Encremadas,2025-05,38.00,1.000,999
Relleno de Guisados,1/2 Encremadas,2025-06,38.00,1.000,999
Relleno de Guisados,1/2 Encremadas,2025-07,38.00,1.000,999
Relleno de Guisados,1/2 Encremadas,2025-08,38.00,1.000,999
Relleno de Guisados,1/2 Encremadas,2025-09,38.00,1.000,999
Relleno de Guisados,1/2 Encremadas,2025-10,38.00,1.000,999
Relleno de Guisados,1/2 Encremadas,2025-11,38.00,1.000,999
Relleno de Guisados,1/2 Encremadas,2025-12,38.00,0.985,999
Relleno de Guisados,1/2 Encremadas,2026-01,38.00,1.000,999
Relleno de Guisados,1/2 Encremadas,2026-02,38.00,1.000,999
Relleno de Guisados,1/2 Encremadas,2026-03,38.00,1.000,999
Relleno de Guisados,1/2 Encremadas,2026-04,38.00,1.000,999
Relleno de Guisados,1/2 Encremadas,2026-05,38.00,0.875,999
Relleno de Guisados,1/2 Encremadas,2026-06,38.00,1.000,999
Relleno de Guisados,1/2 Encremadas,2026-07,38.00,1.000,999
Relleno de Guisados,1/2 Encremadas,2026-08,38.00,1.000,999
Relleno de Guisados,1/2 Encremadas,2026-09,38.00,1.000,999
Relleno de Guisados,1/2 Enfrijoladas,2023-10,28.00,1.000,999
Relleno de Guisados,1/2 Enfrijoladas,2023-11,28.00,1.000,999
Relleno de Guisados,1/2 Enfrijoladas,2023-12,28.00,1.000,999
Relleno de Guisados,1/2 Enfrijoladas,2024-01,28.00,1.000,999
Relleno de Guisados,1/2 Enfrijoladas,2024-02,28.00,1.000,999
Relleno de Guisados,1/2 Enfrijoladas,2024-03,28.00,1.000,999
Relleno de Guisados,1/2 Enfrijoladas,2024-04,28.00,1.000,999
Relleno de Guisados,1/2 Enfrijoladas,2024-05,28.00,1.000,999
Relleno de Guisados,1/2 Enfrijoladas,2024-06,28.00,1.000,999
Relleno de Guisados,1/2 Enfrijoladas,2024-07,28.00,1.000,999
Relleno de Guisados,1/2 Enfrijoladas,2024-08,34.00,1.000,999
Relleno de Guisados,1/2 Enfrijoladas,2024-09,34.00,1.000,999
Relleno de Guisados,1/2 Enfrijoladas,2024-10,34.00,1.000,999
Relleno de Guisados,1/2 Enfrijoladas,2024-11,34.00,1.000,999
Relleno de Guisados,1/2 Enfrijoladas,2024-12,34.00,1.000,999
Relleno de Guisados,1/2 Enfrijoladas,2025-01,34.00,1.000,999
Relleno de Guisados,1/2 Enfrijoladas,2025-02,34.00,1.000,999
Relleno de Guisados,1/2 Enfrijoladas,2025-03,34.00,1.000,999
Relleno de Guisados,1/2 Enfrijoladas,2025-04,34.00,1.000,999
Relleno de Guisados,1/2 Enfrijoladas,2025-05,38.00,1.000,999
Relleno de Guisados,1/2 Enfrijoladas,2025-06,38.00,1.000,999
Relleno de Guisados,1/2 Enfrijoladas,2025-07,38.00,1.000,999
Relleno de Guisados,1/2 Enfrijoladas,2025-08,38.00,1.000,999
Relleno de Guisados,1/2 Enfrijoladas,2025-09,38.00,1.000,999
Relleno de Guisados,1/2 Enfrijoladas,2025-10,38.00,1.000,999
Relleno de Guisados,1/2 Enfrijoladas,2025-11,38.00,1.000,999
Relleno de Guisados,1/2 Enfrijoladas,2025-12,38.00,0.985,999
Relleno de Guisados,1/2 Enfrijoladas,2026-01,38.00,0.915,999
Relleno de Guisados,1/2 Enfrijoladas,2026-02,38.00,0.917,999
Relleno de Guisados,1/2 Enfrijoladas,2026-03,38.00,1.000,999
Relleno de Guisados,1/2 Enfrijoladas,2026-04,38.00,1.000,999
Relleno de Guisados,1/2 Enfrijoladas,2026-05,38.00,1.000,999
Relleno de Guisados,1/2 Enfrijoladas,2026-06,38.00,1.000,999
Relleno de Guisados,1/2 Enfrijoladas,2026-07,38.00,1.000,999
Relleno de Guisados,1/2 Enfrijoladas,2026-08,38.00,1.000,999
Relleno de Guisados,1/2 Enfrijoladas,2026-09,38.00,1.000,999
Relleno de Guisados,1/2 Enmoladas,2023-10,28.00,1.000,999
Relleno de Guisados,1/2 Enmoladas,2023-11,28.00,1.000,999
Relleno de Guisados,1/2 Enmoladas,2023-12,28.00,1.000,999
Relleno de Guisados,1/2 Enmoladas,2024-01,28.00,1.000,999
Relleno de Guisados,1/2 Enmoladas,2024-02,28.00,1.000,999
Relleno de Guisados,1/2 Enmoladas,2024-03,28.00,1.000,999
Relleno de Guisados,1/2 Enmoladas,2024-04,28.00,1.000,999
Relleno de Guisados,1/2 Enmoladas,2024-05,28.00,1.000,999
Relleno de Guisados,1/2 Enmoladas,2024-06,28.00,1.000,999
Relleno de Guisados,1/2 Enmoladas,2024-07,28.00,1.000,999
Relleno de Guisados,1/2 Enmoladas,2024-08,34.00,1.000,999
Relleno de Guisados,1/2 Enmoladas,2024-09,34.00,1.000,999
Relleno de Guisados,1/2 Enmoladas,2024-10,34.00,1.000,999
Relleno de Guisados,1/2 Enmoladas,2024-11,34.00,1.000,999
Relleno de Guisados,1/2 Enmoladas,2024-12,34.00,1.000,999
Relleno de Guisados,1/2 Enmoladas,2025-01,34.00,1.000,999
Relleno de Guisados,1/2 Enmoladas,2025-02,34.00,1.000,999
Relleno de Guisados,1/2 Enmoladas,2025-03,38.00,0.955,999
Relleno de Guisados,1/2 Enmoladas,2025-04,38.00,1.000,999
Relleno de Guisados,1/2 Enmoladas,2025-05,38.00,1.000,999
Relleno de Guisados,1/2 Enmoladas,2025-06,38.00,1.000,999
Relleno de Guisados,1/2 Enmoladas,2025-07,38.00,1.000,999
Relleno de Guisados,1/2 Enmoladas,2025-08,38.00,1.000,999
Relleno de Guisados,1/2 Enmoladas,2025-09,38.00,1.000,999
Relleno de Guisados,1/2 Enmoladas,2025-10,38.00,1.000,999
Relleno de Guisados,1/2 Enmoladas,2025-11,38.00,1.000,999
Relleno de Guisados,1/2 Enmoladas,2025-12,38.00,0.985,999
Relleno de Guisados,1/2 Enmoladas,2026-01,38.00,1.000,999
Relleno de Guisados,1/2 Enmoladas,2026-02,38.00,1.000,999
Relleno de Guisados,1/2 Enmoladas,2026-03,38.00,1.000,999
Relleno de Guisados,1/2 Enmoladas,2026-04,38.00,1.000,999
Relleno de Guisados,1/2 Enmoladas,2026-05,38.00,1.000,999
Relleno de Guisados,1/2 Enmoladas,2026-06,38.00,1.000,999
Relleno de Guisados,1/2 Enmoladas,2026-07,38.00,1.000,999
Relleno de Guisados,1/2 Enmoladas,2026-08,38.00,1.000,999
Relleno de Guisados,1/2 Enmoladas,2026-09,38.00,1.000,999
Relleno de Guisados,1/2 Entomatadas,2023-10,28.00,1.000,999
Relleno de Guisados,1/2 Entomatadas,2023-11,28.00,1.000,999
Relleno de Guisados,1/2 Entomatadas,2023-12,28.00,1.000,999
Relleno de Guisados,1/2 Entomatadas,2024-01,28.00,1.000,999
Relleno de Guisados,1/2 Entomatadas,2024-02,28.00,1.000,999
Relleno de Guisados,1/2 Entomatadas,2024-03,28.00,1.000,999
Relleno de Guisados,1/2 Entomatadas,2024-04,28.00,1.000,999
Relleno de Guisados,1/2 Entomatadas,2024-05,28.00,1.000,999
Relleno de Guisados,1/2 Entomatadas,2024-06,28.00,1.000,999
Relleno de Guisados,1/2 Entomatadas,2024-07,28.00,1.000,999
Relleno de Guisados,1/2 Entomatadas,2024-08,34.00,1.000,999
Relleno de Guisados,1/2 Entomatadas,2024-09,34.00,1.000,999
Relleno de Guisados,1/2 Entomatadas,2024-10,34.00,1.000,999
Relleno de Guisados,1/2 Entomatadas,2024-11,34.00,1.000,999
Relleno de Guisados,1/2 Entomatadas,2024-12,34.00,1.000,999
Relleno de Guisados,1/2 Entomatadas,2025-01,34.00,1.000,999
Relleno de Guisados,1/2 Entomatadas,2025-02,34.00,1.000,999
Relleno de Guisados,1/2 Entomatadas,2025-03,38.00,1.000,999
Relleno de Guisados,1/2 Entomatadas,2025-04,38.00,1.000,999
Relleno de Guisados,1/2 Entomatadas,2025-05,38.00,1.000,999
Relleno de Guisados,1/2 Entomatadas,2025-06,38.00,1.000,999
Relleno de Guisados,1/2 Entomatadas,2025-07,38.00,1.000,999
Relleno de Guisados,1/2 Entomatadas,2025-08,38.00,1.000,999
Relleno de Guisados,1/2 Entomatadas,2025-09,38.00,1.000,999
Relleno de Guisados,1/2 Entomatadas,2025-10,38.00,1.000,999
Relleno de Guisados,1/2 Entomatadas,2025-11,38.00,1.000,999
Relleno de Guisados,1/2 Entomatadas,2025-12,38.00,1.000,999
Relleno de Guisados,1/2 Entomatadas,2026-01,38.00,1.000,999
Relleno de Guisados,1/2 Entomatadas,2026-02,38.00,0.889,999
Relleno de Guisados,1/2 Entomatadas,2026-03,38.00,1.000,999
Relleno de Guisados,1/2 Entomatadas,2026-04,38.00,1.000,999
Relleno de Guisados,1/2 Entomatadas,2026-05,38.00,1.000,999
Relleno de Guisados,1/2 Entomatadas,2026-06,38.00,0.909,999
Relleno de Guisados,1/2 Entomatadas,2026-07,38.00,1.000,999
Relleno de Guisados,1/2 Entomatadas,2026-08,38.00,1.000,999
Relleno de Guisados,1/2 Entomatadas,2026-09,38.00,1.000,999
Relleno de Guisados,1/2 Quesadillas (2 pzas.),2023-10,28.00,1.000,999
Relleno de Guisados,1/2 Quesadillas (2 pzas.),2023-11,28.00,1.000,999
Relleno de Guisados,1/2 Quesadillas (2 pzas.),2023-12,28.00,1.000,999
Relleno de Guisados,1/2 Quesadillas (2 pzas.),2024-01,28.00,1.000,999
Relleno de Guisados,1/2 Quesadillas (2 pzas.),2024-02,28.00,1.000,999
Relleno de Guisados,1/2 Quesadillas (2 pzas.),2024-03,28.00,1.000,999
Relleno de Guisados,1/2 Quesadillas (2 pzas.),2024-04,28.00,1.000,999
Relleno de Guisados,1/2 Quesadillas (2 pzas.),2024-05,28.00,1.000,999
Relleno de Guisados,1/2 Quesadillas (2 pzas.),2024-06,28.00,1.000,999
Relleno de Guisados,1/2 Quesadillas (2 pzas.),2024-07,28.00,1.000,999
Relleno de Guisados,1/2 Quesadillas (2 pzas.),2024-08,34.00,1.000,999
Relleno de Guisados,1/2 Quesadillas (2 pzas.),2024-09,34.00,1.000,999
Relleno de Guisados,1/2 Quesadillas (2 pzas.),2024-10,34.00,1.000,999
Relleno de Guisados,1/2 Quesadillas (2 pzas.),2024-11,34.00,1.000,999
Relleno de Guisados,1/2 Quesadillas (2 pzas.),2024-12,34.00,1.000,999
Relleno de Guisados,1/2 Quesadillas (2 pzas.),2025-01,34.00,1.000,999
Relleno de Guisados,1/2 Quesadillas (2 pzas.),2025-02,34.00,1.000,999
Relleno de Guisados,1/2 Quesadillas (2 pzas.),2025-03,38.00,0.955,999
Relleno de Guisados,1/2 Quesadillas (2 pzas.),2025-04,38.00,1.000,999
Relleno de Guisados,1/2 Quesadillas (2 pzas.),2025-05,38.00,1.000,999
Relleno de Guisados,1/2 Quesadillas (2 pzas.),2025-06,38.00,1.000,999
Relleno de Guisados,1/2 Quesadillas (2 pzas.),2025-07,38.00,1.000,999
Relleno de Guisados,1/2 Quesadillas (2 pzas.),2025-08,38.00,1.000,999
Relleno de Guisados,1/2 Quesadillas (2 pzas.),2025-09,38.00,1.000,999
Relleno de Guisados,1/2 Quesadillas (2 pzas.),2025-10,38.00,1.000,999
Relleno de Guisados,1/2 Quesadillas (2 pzas.),2025-11,38.00,1.000,999
Relleno de Guisados,1/2 Quesadillas (2 pzas.),2025-12,38.00,0.985,999
Relleno de Guisados,1/2 Quesadillas (2 pzas.),2026-01,38.00,0.915,999
Relleno de Guisados,1/2 Quesadillas (2 pzas.),2026-02,38.00,0.917,999
Relleno de Guisados,1/2 Quesadillas (2 pzas.),2026-03,38.00,0.951,999
Relleno de Guisados,1/2 Quesadillas (2 pzas.),2026-04,38.00,0.933,999
Relleno de Guisados,1/2 Quesadillas (2 pzas.),2026-05,38.00,0.957,999
Relleno de Guisados,1/2 Quesadillas (2 pzas.),2026-06,38.00,0.914,999
Relleno de Guisados,1/2 Quesadillas (2 pzas.),2026-07,38.00,0.970,999
Relleno de Guisados,1/2 Quesadillas (2 pzas.),2026-08,38.00,0.933,999
Relleno de Guisados,1/2 Quesadillas (2 pzas.),2026-09,38.00,0.933,999
Relleno de Guisados,Empanadas (4 pzas.),2023-10,28.00,1.000,999
Relleno de Guisados,Empanadas (4 pzas.),2023-11,28.00,1.000,999
Relleno de Guisados,Empanadas (4 pzas.),2023-12,28.00,1.000,999
Relleno de Guisados,Empanadas (4 pzas.),2024-01,28.00,1.000,999
Relleno de Guisados,Empanadas (4 pzas.),2024-02,28.00,1.000,999
Relleno de Guisados,Empanadas (4 pzas.),2024-03,28.00,1.000,999
Relleno de Guisados,Empanadas (4 pzas.),2024-04,28.00,1.000,999
Relleno de Guisados,Empanadas (4 pzas.),2024-05,28.00,1.000,999
Relleno de Guisados,Empanadas (4 pzas.),2024-06,28.00,1.000,999
Relleno de Guisados,Empanadas (4 pzas.),2024-07,28.00,1.000,999
Relleno de Guisados,Empanadas (4 pzas.),2024-08,34.00,1.000,999
Relleno de Guisados,Empanadas (4 pzas.),2024-09,34.00,1.000,999
Relleno de Guisados,Empanadas (4 pzas.),2024-10,34.00,1.000,999
Relleno de Guisados,Empanadas (4 pzas.),2024-11,34.00,1.000,999
Relleno de Guisados,Empanadas (4 pzas.),2024-12,34.00,1.000,999
Relleno de Guisados,Empanadas (4 pzas.),2025-01,34.00,1.000,999
Relleno de Guisados,Empanadas (4 pzas.),2025-02,34.00,1.000,999
Relleno de Guisados,Empanadas (4 pzas.),2025-03,38.00,0.955,999
Relleno de Guisados,Empanadas (4 pzas.),2025-04,38.00,1.000,999
Relleno de Guisados,Empanadas (4 pzas.),2025-05,38.00,1.000,999
Relleno de Guisados,Empanadas (4 pzas.),2025-06,38.00,1.000,999
Relleno de Guisados,Empanadas (4 pzas.),2025-07,38.00,1.000,999
Relleno de Guisados,Empanadas (4 pzas.),2025-08,38.00,1.000,999
Relleno de Guisados,Empanadas (4 pzas.),2025-09,38.00,1.000,999
Relleno de Guisados,Empanadas (4 pzas.),2025-10,38.00,1.000,999
Relleno de Guisados,Empanadas (4 pzas.),2025-11,38.00,1.000,999
Relleno de Guisados,Empanadas (4 pzas.),2025-12,38.00,0.985,999
Relleno de Guisados,Empanadas (4 pzas.),2026-01,38.00,0.915,999
Relleno de Guisados,Empanadas (4 pzas.),2026-02,38.00,0.917,999
Relleno de Guisados,Empanadas (4 pzas.),2026-03,38.00,0.951,999
Relleno de Guisados,Empanadas (4 pzas.),2026-04,38.00,0.933,999
Relleno de Guisados,Empanadas (4 pzas.),2026-05,38.00,0.957,999
Relleno de Guisados,Empanadas (4 pzas.),2026-06,38.00,0.914,999
Relleno de Guisados,Empanadas (4 pzas.),2026-07,38.00,0.970,999
Relleno de Guisados,Empanadas (4 pzas.),2026-08,38.00,0.933,999
Relleno de Guisados,Empanadas (4 pzas.),2026-09,38.00,0.933,999
Relleno de Guisados,Enchiladas Mixtas,2023-10,28.00,1.000,999
Relleno de Guisados,Enchiladas Mixtas,2023-11,28.00,1.000,999
Relleno de Guisados,Enchiladas Mixtas,2023-12,28.00,1.000,999
Relleno de Guisados,Enchiladas Mixtas,2024-01,28.00,1.000,999
Relleno de Guisados,Enchiladas Mixtas,2024-02,28.00,1.000,999
Relleno de Guisados,Enchiladas Mixtas,2024-03,28.00,1.000,999
Relleno de Guisados,Enchiladas Mixtas,2024-04,28.00,1.000,999
Relleno de Guisados,Enchiladas Mixtas,2024-05,28.00,1.000,999
Relleno de Guisados,Enchiladas Mixtas,2024-06,28.00,1.000,999
Relleno de Guisados,Enchiladas Mixtas,2024-07,28.00,1.000,999
Relleno de Guisados,Enchiladas Mixtas,2024-08,34.00,1.000,999
Relleno de Guisados,Enchiladas Mixtas,2024-09,34.00,1.000,999
Relleno de Guisados,Enchiladas Mixtas,2024-10,34.00,1.000,999
Relleno de Guisados,Enchiladas Mixtas,2024-11,34.00,1.000,999
Relleno de Guisados,Enchiladas Mixtas,2024-12,34.00,1.000,999
Relleno de Guisados,Enchiladas Mixtas,2025-01,34.00,1.000,999
Relleno de Guisados,Enchiladas Mixtas,2025-02,34.00,1.000,999
Relleno de Guisados,Enchiladas Mixtas,2025-03,38.00,0.955,999
Relleno de Guisados,Enchiladas Mixtas,2025-04,38.00,1.000,999
Relleno de Guisados,Enchiladas Mixtas,2025-05,38.00,1.000,999
Relleno de Guisados,Enchiladas Mixtas,2025-06,38.00,1.000,999
Relleno de Guisados,Enchiladas Mixtas,2025-07,38.00,1.000,999
Relleno de Guisados,Enchiladas Mixtas,2025-08,38.00,1.000,999
Relleno de Guisados,Enchiladas Mixtas,2025-09,38.00,1.000,999
Relleno de Guisados,Enchiladas Mixtas,2025-10,38.00,1.000,999
Relleno de Guisados,Enchiladas Mixtas,2025-11,38.00,1.000,999
Relleno de Guisados,Enchiladas Mixtas,2025-12,38.00,1.000,999
Relleno de Guisados,Enchiladas Mixtas,2026-01,38.00,1.000,999
Relleno de Guisados,Enchiladas Mixtas,2026-02,38.00,1.000,999
Relleno de Guisados,Enchiladas Mixtas,2026-03,38.00,1.000,999
Relleno de Guisados,Enchiladas Mixtas,2026-04,38.00,1.000,999
Relleno de Guisados,Enchiladas Mixtas,2026-05,38.00,1.000,999
Relleno de Guisados,Enchiladas Mixtas,2026-06,38.00,1.000,999
Relleno de Guisados,Enchiladas Mixtas,2026-07,38.00,1.000,999
Relleno de Guisados,Enchiladas Mixtas,2026-08,38.00,1.000,999
Relleno de Guisados,Enchiladas Mixtas,2026-09,38.00,1.000,999
Relleno de Guisados,Enchiladas Picositas,2023-10,28.00,1.000,999
Relleno de Guisados,Enchiladas Picositas,2023-11,28.00,1.000,999
Relleno de Guisados,Enchiladas Picositas,2023-12,28.00,1.000,999
Relleno de Guisados,Enchiladas Picositas,2024-01,28.00,1.000,999
Relleno de Guisados,Enchiladas Picositas,2024-02,28.00,1.000,999
Relleno de Guisados,Enchiladas Picositas,2024-03,28.00,1.000,999
Relleno de Guisados,Enchiladas Picositas,2024-04,28.00,1.000,999
Relleno de Guisados,Enchiladas Picositas,2024-05,28.00,1.000,999
Relleno de Guisados,Enchiladas Picositas,2024-06,28.00,1.000,999
Relleno de Guisados,Enchiladas Picositas,2024-07,28.00,1.000,999
Relleno de Guisados,Enchiladas Picositas,2024-08,34.00,1.000,999
Relleno de Guisados,Enchiladas Picositas,2024-09,34.00,1.000,999
Relleno de Guisados,Enchiladas Picositas,2024-10,34.00,1.000,999
Relleno de Guisados,Enchiladas Picositas,2024-11,34.00,1.000,999
Relleno de Guisados,Enchiladas Picositas,2024-12,34.00,1.000,999
Relleno de Guisados,Enchiladas Picositas,2025-01,34.00,1.000,999
Relleno de Guisados,Enchiladas Picositas,2025-02,16.00,0.833,999
Relleno de Guisados,Enchiladas Picositas,2025-03,38.00,1.000,999
Relleno de Guisados,Enchiladas Picositas,2025-04,38.00,1.000,999
Relleno de Guisados,Enchiladas Picositas,2025-05,38.00,1.000,999
Relleno de Guisados,Enchiladas Picositas,2025-06,38.00,1.000,999
Relleno de Guisados,Enchiladas Picositas,2025-07,38.00,1.000,999
Relleno de Guisados,Enchiladas Picositas,2025-08,38.00,1.000,999
Relleno de Guisados,Enchiladas Picositas,2025-09,38.00,1.000,999
Relleno de Guisados,Enchiladas Picositas,2025-10,38.00,1.000,999
Relleno de Guisados,Enchiladas Picositas,2025-11,38.00,1.000,999
Relleno de Guisados,Enchiladas Picositas,2025-12,38.00,1.000,999
Relleno de Guisados,Enchiladas Picositas,2026-01,38.00,1.000,999
Relleno de Guisados,Enchiladas Picositas,2026-02,38.00,1.000,999
Relleno de Guisados,Enchiladas Picositas,2026-03,38.00,1.000,999
Relleno de Guisados,Enchiladas Picositas,2026-04,38.00,1.000,999
Relleno de Guisados,Enchiladas Picositas,2026-05,38.00,1.000,999
Relleno de Guisados,Enchiladas Picositas,2026-06,38.00,1.000,999
Relleno de Guisados,Enchiladas Picositas,2026-07,38.00,0.833,999
Relleno de Guisados,Enchiladas Picositas,2026-08,38.00,0.833,999
Relleno de Guisados,Enchiladas Picositas,2026-09,38.00,0.833,999
Relleno de Guisados,Enchiladas Rojas,2023-10,28.00,1.000,999
Relleno de Guisados,Enchiladas Rojas,2023-11,28.00,1.000,999
Relleno de Guisados,Enchiladas Rojas,2023-12,28.00,1.000,999
Relleno de Guisados,Enchiladas Rojas,2024-01,28.00,1.000,999
Relleno de Guisados,Enchiladas Rojas,2024-02,28.00,1.000,999
Relleno de Guisados,Enchiladas Rojas,2024-03,28.00,1.000,999
Relleno de Guisados,Enchiladas Rojas,2024-04,28.00,1.000,999
Relleno de Guisados,Enchiladas Rojas,2024-05,28.00,1.000,999
Relleno de Guisados,Enchiladas Rojas,2024-06,28.00,1.000,999
Relleno de Guisados,Enchiladas Rojas,2024-07,28.00,1.000,999
Relleno de Guisados,Enchiladas Rojas,2024-08,34.00,1.000,999
Relleno de Guisados,Enchiladas Rojas,2024-09,34.00,1.000,999
Relleno de Guisados,Enchiladas Rojas,2024-10,34.00,1.000,999
Relleno de Guisados,Enchiladas Rojas,2024-11,34.00,1.000,999
Relleno de Guisados,Enchiladas Rojas,2024-12,34.00,1.000,999
Relleno de Guisados,Enchiladas Rojas,2025-01,34.00,1.000,999
Relleno de Guisados,Enchiladas Rojas,2025-02,2.00,0.667,999
Relleno de Guisados,Enchiladas Rojas,2025-03,38.00,1.000,999
Relleno de Guisados,Enchiladas Rojas,2025-04,38.00,1.000,999
Relleno de Guisados,Enchiladas Rojas,2025-05,38.00,1.000,999
Relleno de Guisados,Enchiladas Rojas,2025-06,38.00,1.000,999
Relleno de Guisados,Enchiladas Rojas,2025-07,38.00,1.000,999
Relleno de Guisados,Enchiladas Rojas,2025-08,38.00,1.000,999
Relleno de Guisados,Enchiladas Rojas,2025-09,38.00,1.000,999
Relleno de Guisados,Enchiladas Rojas,2025-10,38.00,1.000,999
Relleno de Guisados,Enchiladas Rojas,2025-11,38.00,1.000,999
Relleno de Guisados,Enchiladas Rojas,2025-12,38.00,1.000,999
Relleno de Guisados,Enchiladas Rojas,2026-01,38.00,1.000,999
Relleno de Guisados,Enchiladas Rojas,2026-02,38.00,1.000,999
Relleno de Guisados,Enchiladas Rojas,2026-03,38.00,1.000,999
Relleno de Guisados,Enchiladas Rojas,2026-04,38.00,0.833,999
Relleno de Guisados,Enchiladas Rojas,2026-05,38.00,1.000,999
Relleno de Guisados,Enchiladas Rojas,2026-06,38.00,1.000,999
Relleno de Guisados,Enchiladas Rojas,2026-07,38.00,1.000,999
Relleno de Guisados,Enchiladas Rojas,2026-08,38.00,1.000,999
Relleno de Guisados,Enchiladas Rojas,2026-09,38.00,1.000,999
Relleno de Guisados,Encremadas,2023-10,28.00,1.000,999
Relleno de Guisados,Encremadas,2023-11,28.00,1.000,999
Relleno de Guisados,Encremadas,2023-12,28.00,1.000,999
Relleno de Guisados,Encremadas,2024-01,28.00,1.000,999
Relleno de Guisados,Encremadas,2024-02,28.00,1.000,999
Relleno de Guisados,Encremadas,2024-03,28.00,1.000,999
Relleno de Guisados,Encremadas,2024-04,28.00,1.000,999
Relleno de Guisados,Encremadas,2024-05,28.00,1.000,999
Relleno de Guisados,Encremadas,2024-06,28.00,1.000,999
Relleno de Guisados,Encremadas,2024-07,28.00,1.000,999
Relleno de Guisados,Encremadas,2024-08,34.00,1.000,999
Relleno de Guisados,Encremadas,2024-09,34.00,1.000,999
Relleno de Guisados,Encremadas,2024-10,34.00,1.000,999
Relleno de Guisados,Encremadas,2024-11,34.00,1.000,999
Relleno de Guisados,Encremadas,2024-12,34.00,1.000,999
Relleno de Guisados,Encremadas,2025-01,34.00,1.000,999
Relleno de Guisados,Encremadas,2025-02,34.00,1.000,999
Relleno de Guisados,Encremadas,2025-03,38.00,0.955,999
Relleno de Guisados,Encremadas,2025-04,38.00,1.000,999
Relleno de Guisados,Encremadas,2025-05,38.00,1.000,999
Relleno de Guisados,Encremadas,2025-06,38.00,1.000,999
Relleno de Guisados,Encremadas,2025-07,38.00,1.000,999
Relleno de Guisados,Encremadas,2025-08,38.00,1.000,999
Relleno de Guisados,Encremadas,2025-09,38.00,1.000,999
Relleno de Guisados,Encremadas,2025-10,38.00,1.000,999
Relleno de Guisados,Encremadas,2025-11,38.00,1.000,999
Relleno de Guisados,Encremadas,2025-12,38.00,0.985,999
Relleno de Guisados,Encremadas,2026-01,38.00,0.915,999
Relleno de Guisados,Encremadas,2026-02,38.00,0.917,999
Relleno de Guisados,Encremadas,2026-03,38.00,0.951,999
Relleno de Guisados,Encremadas,2026-04,38.00,0.933,999
Relleno de Guisados,Encremadas,2026-05,38.00,0.957,999
Relleno de Guisados,Encremadas,2026-06,38.00,0.914,999
Relleno de Guisados,Encremadas,2026-07,38.00,0.970,999
Relleno de Guisados,Encremadas,2026-08,38.00,0.933,999
Relleno de Guisados,Encremadas,2026-09,38.00,0.933,999
Relleno de Guisados,Enfrijoladas,2023-10,28.00,1.000,999
Relleno de Guisados,Enfrijoladas,2023-11,28.00,1.000,999
Relleno de Guisados,Enfrijoladas,2023-12,28.00,1.000,999
Relleno de Guisados,Enfrijoladas,2024-01,28.00,1.000,999
Relleno de Guisados,Enfrijoladas,2024-02,28.00,1.000,999
Relleno de Guisados,Enfrijoladas,2024-03,28.00,1.000,999
Relleno de Guisados,Enfrijoladas,2024-04,28.00,1.000,999
Relleno de Guisados,Enfrijoladas,2024-05,28.00,1.000,999
Relleno de Guisados,Enfrijoladas,2024-06,28.00,1.000,999
Relleno de Guisados,Enfrijoladas,2024-07,28.00,1.000,999
Relleno de Guisados,Enfrijoladas,2024-08,34.00,1.000,999
Relleno de Guisados,Enfrijoladas,2024-09,34.00,1.000,999
Relleno de Guisados,Enfrijoladas,2024-10,34.00,1.000,999
Relleno de Guisados,Enfrijoladas,2024-11,34.00,1.000,999
Relleno de Guisados,Enfrijoladas,2024-12,34.00,1.000,999
Relleno de Guisados,Enfrijoladas,2025-01,34.00,1.000,999
Relleno de Guisados,Enfrijoladas,2025-02,34.00,1.000,999
Relleno de Guisados,Enfrijoladas,2025-03,38.00,0.955,999
Relleno de Guisados,Enfrijoladas,2025-04,38.00,1.000,999
Relleno de Guisados,Enfrijoladas,2025-05,38.00,1.000,999
Relleno de Guisados,Enfrijoladas,2025-06,38.00,1.000,999
Relleno de Guisados,Enfrijoladas,2025-07,38.00,1.000,999
Relleno de Guisados,Enfrijoladas,2025-08,38.00,1.000,999
Relleno de Guisados,Enfrijoladas,2025-09,38.00,1.000,999
Relleno de Guisados,Enfrijoladas,2025-10,38.00,1.000,999
Relleno de Guisados,Enfrijoladas,2025-11,38.00,1.000,999
Relleno de Guisados,Enfrijoladas,2025-12,38.00,0.985,999
Relleno de Guisados,Enfrijoladas,2026-01,38.00,0.915,999
Relleno de Guisados,Enfrijoladas,2026-02,38.00,0.917,999
Relleno de Guisados,Enfrijoladas,2026-03,38.00,0.951,999
Relleno de Guisados,Enfrijoladas,2026-04,38.00,0.933,999
Relleno de Guisados,Enfrijoladas,2026-05,38.00,0.957,999
Relleno de Guisados,Enfrijoladas,2026-06,38.00,0.914,999
Relleno de Guisados,Enfrijoladas,2026-07,38.00,0.970,999
Relleno de Guisados,Enfrijoladas,2026-08,38.00,0.933,999
Relleno de Guisados,Enfrijoladas,2026-09,38.00,0.933,999
Relleno de Guisados,Enmoladas,2023-10,28.00,1.000,999
Relleno de Guisados,Enmoladas,2023-11,28.00,1.000,999
Relleno de Guisados,Enmoladas,2023-12,28.00,1.000,999
Relleno de Guisados,Enmoladas,2024-01,28.00,1.000,999
Relleno de Guisados,Enmoladas,2024-02,28.00,1.000,999
Relleno de Guisados,Enmoladas,2024-03,28.00,1.000,999
Relleno de Guisados,Enmoladas,2024-04,28.00,1.000,999
Relleno de Guisados,Enmoladas,2024-05,28.00,1.000,999
Relleno de Guisados,Enmoladas,2024-06,28.00,1.000,999
Relleno de Guisados,Enmoladas,2024-07,28.00,1.000,999
Relleno de Guisados,Enmoladas,2024-08,34.00,1.000,999
Relleno de Guisados,Enmoladas,2024-09,34.00,1.000,999
Relleno de Guisados,Enmoladas,2024-10,34.00,1.000,999
Relleno de Guisados,Enmoladas,2024-11,34.00,1.000,999
Relleno de Guisados,Enmoladas,2024-12,34.00,1.000,999
Relleno de Guisados,Enmoladas,2025-01,34.00,1.000,999
Relleno de Guisados,Enmoladas,2025-02,34.00,1.000,999
Relleno de Guisados,Enmoladas,2025-03,38.00,0.955,999
Relleno de Guisados,Enmoladas,2025-04,38.00,1.000,999
Relleno de Guisados,Enmoladas,2025-05,38.00,1.000,999
Relleno de Guisados,Enmoladas,2025-06,38.00,1.000,999
Relleno de Guisados,Enmoladas,2025-07,38.00,1.000,999
Relleno de Guisados,Enmoladas,2025-08,38.00,1.000,999
Relleno de Guisados,Enmoladas,2025-09,38.00,1.000,999
Relleno de Guisados,Enmoladas,2025-10,38.00,1.000,999
Relleno de Guisados,Enmoladas,2025-11,38.00,1.000,999
Relleno de Guisados,Enmoladas,2025-12,38.00,1.000,999
Relleno de Guisados,Enmoladas,2026-01,38.00,1.000,999
Relleno de Guisados,Enmoladas,2026-02,38.00,1.000,999
Relleno de Guisados,Enmoladas,2026-03,38.00,0.951,999
Relleno de Guisados,Enmoladas,2026-04,38.00,0.933,999
Relleno de Guisados,Enmoladas,2026-05,38.00,0.957,999
Relleno de Guisados,Enmoladas,2026-06,38.00,0.914,999
Relleno de Guisados,Enmoladas,2026-07,38.00,0.970,999
Relleno de Guisados,Enmoladas,2026-08,38.00,0.933,999
Relleno de Guisados,Enmoladas,2026-09,38.00,0.933,999
Relleno de Guisados,Entomatadas,2023-10,28.00,1.000,999
Relleno de Guisados,Entomatadas,2023-11,28.00,1.000,999
Relleno de Guisados,Entomatadas,2023-12,28.00,1.000,999
Relleno de Guisados,Entomatadas,2024-01,28.00,1.000,999
Relleno de Guisados,Entomatadas,2024-02,28.00,1.000,999
Relleno de Guisados,Entomatadas,2024-03,28.00,1.000,999
Relleno de Guisados,Entomatadas,2024-04,28.00,1.000,999
Relleno de Guisados,Entomatadas,2024-05,28.00,1.000,999
Relleno de Guisados,Entomatadas,2024-06,28.00,1.000,999
Relleno de Guisados,Entomatadas,2024-07,28.00,1.000,999
Relleno de Guisados,Entomatadas,2024-08,34.00,1.000,999
Relleno de Guisados,Entomatadas,2024-09,34.00,1.000,999
Relleno de Guisados,Entomatadas,2024-10,34.00,1.000,999
Relleno de Guisados,Entomatadas,2024-11,34.00,1.000,999
Relleno de Guisados,Entomatadas,2024-12,34.00,1.000,999
Relleno de Guisados,Entomatadas,2025-01,34.00,1.000,999
Relleno de Guisados,Entomatadas,2025-02,34.00,1.000,999
Relleno de Guisados,Entomatadas,2025-03,34.00,1.000,999
Relleno de Guisados,Entomatadas,2025-04,34.00,1.000,999
Relleno de Guisados,Entomatadas,2025-05,34.00,1.000,999
Relleno de Guisados,Entomatadas,2025-06,38.00,1.000,999
Relleno de Guisados,Entomatadas,2025-07,38.00,1.000,999
Relleno de Guisados,Entomatadas,2025-08,38.00,1.000,999
Relleno de Guisados,Entomatadas,2025-09,38.00,1.000,999
Relleno de Guisados,Entomatadas,2025-10,38.00,1.000,999
Relleno de Guisados,Entomatadas,2025-11,38.00,1.000,999
Relleno de Guisados,Entomatadas,2025-12,38.00,1.000,999
Relleno de Guisados,Entomatadas,2026-01,38.00,0.714,999
Relleno de Guisados,Entomatadas,2026-02,38.00,0.714,999
Relleno de Guisados,Entomatadas,2026-03,38.00,0.800,999
Relleno de Guisados,Entomatadas,2026-04,38.00,0.800,999
Relleno de Guisados,Entomatadas,2026-05,38.00,0.800,999
Relleno de Guisados,Entomatadas,2026-06,38.00,0.833,999
Relleno de Guisados,Entomatadas,2026-07,38.00,0.833,999
Relleno de Guisados,Entomatadas,2026-08,38.00,1.000,999
Relleno de Guisados,Entomatadas,2026-09,38.00,1.000,999
Relleno de Guisados,Pieza Enfrijolada,2023-10,28.00,1.000,999
Relleno de Guisados,Pieza Enfrijolada,2023-11,28.00,1.000,999
Relleno de Guisados,Pieza Enfrijolada,2023-12,28.00,1.000,999
Relleno de Guisados,Pieza Enfrijolada,2024-01,28.00,1.000,999
Relleno de Guisados,Pieza Enfrijolada,2024-02,28.00,1.000,999
Relleno de Guisados,Pieza Enfrijolada,2024-03,28.00,1.000,999
Relleno de Guisados,Pieza Enfrijolada,2024-04,28.00,1.000,999
Relleno de Guisados,Pieza Enfrijolada,2024-05,28.00,1.000,999
Relleno de Guisados,Pieza Enfrijolada,2024-06,28.00,1.000,999
Relleno de Guisados,Pieza Enfrijolada,2024-07,28.00,1.000,999
Relleno de Guisados,Pieza Enfrijolada,2024-08,34.00,1.000,999
Relleno de Guisados,Pieza Enfrijolada,2024-09,34.00,1.000,999
Relleno de Guisados,Pieza Enfrijolada,2024-10,34.00,1.000,999
Relleno de Guisados,Pieza Enfrijolada,2024-11,34.00,1.000,999
Relleno de Guisados,Pieza Enfrijolada,2024-12,34.00,1.000,999
Relleno de Guisados,Pieza Enfrijolada,2025-01,34.00,1.000,999
Relleno de Guisados,Pieza Enfrijolada,2025-02,34.00,1.000,999
Relleno de Guisados,Pieza Enfrijolada,2025-03,38.00,0.955,999
Relleno de Guisados,Pieza Enfrijolada,2025-04,38.00,1.000,999
Relleno de Guisados,Pieza Enfrijolada,2025-05,38.00,1.000,999
Relleno de Guisados,Pieza Enfrijolada,2025-06,38.00,1.000,999
Relleno de Guisados,Pieza Enfrijolada,2025-07,38.00,1.000,999
Relleno de Guisados,Pieza Enfrijolada,2025-08,38.00,1.000,999
Relleno de Guisados,Pieza Enfrijolada,2025-09,38.00,1.000,999
Relleno de Guisados,Pieza Enfrijolada,2025-10,38.00,1.000,999
Relleno de Guisados,Pieza Enfrijolada,2025-11,38.00,1.000,999
Relleno de Guisados,Pieza Enfrijolada,2025-12,38.00,0.985,999
Relleno de Guisados,Pieza Enfrijolada,2026-01,38.00,0.915,999
Relleno de Guisados,Pieza Enfrijolada,2026-02,38.00,0.917,999
Relleno de Guisados,Pieza Enfrijolada,2026-03,38.00,0.951,999
Relleno de Guisados,Pieza Enfrijolada,2026-04,38.00,0.933,999
Relleno de Guisados,Pieza Enfrijolada,2026-05,38.00,0.957,999
Relleno de Guisados,Pieza Enfrijolada,2026-06,38.00,0.914,999
Relleno de Guisados,Pieza Enfrijolada,2026-07,38.00,0.970,999
Relleno de Guisados,Pieza Enfrijolada,2026-08,38.00,0.933,999
Relleno de Guisados,Pieza Enfrijolada,2026-09,38.00,0.933,999
Relleno de Guisados,Quesadillas (4 pzas.),2023-10,28.00,1.000,999
Relleno de Guisados,Quesadillas (4 pzas.),2023-11,28.00,1.000,999
Relleno de Guisados,Quesadillas (4 pzas.),2023-12,28.00,1.000,999
Relleno de Guisados,Quesadillas (4 pzas.),2024-01,28.00,1.000,999
Relleno de Guisados,Quesadillas (4 pzas.),2024-02,28.00,1.000,999
Relleno de Guisados,Quesadillas (4 pzas.),2024-03,28.00,1.000,999
Relleno de Guisados,Quesadillas (4 pzas.),2024-04,28.00,1.000,999
Relleno de Guisados,Quesadillas (4 pzas.),2024-05,28.00,1.000,999
Relleno de Guisados,Quesadillas (4 pzas.),2024-06,28.00,1.000,999
Relleno de Guisados,Quesadillas (4 pzas.),2024-07,28.00,1.000,999
Relleno de Guisados,Quesadillas (4 pzas.),2024-08,34.00,1.000,999
Relleno de Guisados,Quesadillas (4 pzas.),2024-09,34.00,1.000,999
Relleno de Guisados,Quesadillas (4 pzas.),2024-10,34.00,1.000,999
Relleno de Guisados,Quesadillas (4 pzas.),2024-11,34.00,1.000,999
Relleno de Guisados,Quesadillas (4 pzas.),2024-12,34.00,1.000,999
Relleno de Guisados,Quesadillas (4 pzas.),2025-01,34.00,1.000,999
Relleno de Guisados,Quesadillas (4 pzas.),2025-02,34.00,1.000,999
Relleno de Guisados,Quesadillas (4 pzas.),2025-03,38.00,0.955,999
Relleno de Guisados,Quesadillas (4 pzas.),2025-04,38.00,1.000,999
Relleno de Guisados,Quesadillas (4 pzas.),2025-05,38.00,1.000,999
Relleno de Guisados,Quesadillas (4 pzas.),2025-06,38.00,1.000,999
Relleno de Guisados,Quesadillas (4 pzas.),2025-07,38.00,1.000,999
Relleno de Guisados,Quesadillas (4 pzas.),2025-08,38.00,1.000,999
Relleno de Guisados,Quesadillas (4 pzas.),2025-09,38.00,1.000,999
Relleno de Guisados,Quesadillas (4 pzas.),2025-10,38.00,1.000,999
Relleno de Guisados,Quesadillas (4 pzas.),2025-11,38.00,1.000,999
Relleno de Guisados,Quesadillas (4 pzas.),2025-12,38.00,0.985,999
Relleno de Guisados,Quesadillas (4 pzas.),2026-01,38.00,0.915,999
Relleno de Guisados,Quesadillas (4 pzas.),2026-02,38.00,0.917,999
Relleno de Guisados,Quesadillas (4 pzas.),2026-03,38.00,0.951,999
Relleno de Guisados,Quesadillas (4 pzas.),2026-04,38.00,0.933,999
Relleno de Guisados,Quesadillas (4 pzas.),2026-05,38.00,0.957,999
Relleno de Guisados,Quesadillas (4 pzas.),2026-06,38.00,0.914,999
Relleno de Guisados,Quesadillas (4 pzas.),2026-07,38.00,0.970,999
Relleno de Guisados,Quesadillas (4 pzas.),2026-08,38.00,0.933,999
Relleno de Guisados,Quesadillas (4 pzas.),2026-09,38.00,0.933,999
