fecha,guisado,unidades_atribuidas,unidades_presencia,renglones
2026-03-22,Bistec con Papas,12.00000000000000000000,12.00,5
2026-08-11,Deshebrada,43.83333333333333333333,46.00,8
2026-07-21,Huevo con Nopal,5.75000000000000000000,7.00,4
2026-08-04,Huevo Verde,42.83333333333333333333,45.00,9
2026-07-23,Huevo Cascabel,16.0000000000000000,16.00,4
2026-04-16,Papa,8.00000000000000000000,9.00,3
2026-06-22,Papa con Huevo,8.00000000000000000000,8.00,4
2026-06-22,Huevo con Chorizo,13.00000000000000000000,13.00,5
2026-06-19,Requesón Picosito,11.33333333333333333333,13.00,6
2026-03-05,Requeson,4.00000000000000000000,4.00,3
2026-05-26,Huevo con Nopal,3.0000000000000000,3.00,1
2026-03-13,Cochinita,9.00000000000000000000,10.00,5
2026-08-16,Papa con Chorizo,34.50000000000000000000,36.00,6
2026-03-10,Frijoles con Queso,6.50000000000000000000,7.00,3
2026-05-19,Papa con Huevo,11.50000000000000000000,12.00,4
2026-07-22,Molida,35.50000000000000000000,36.00,6
2026-06-21,Frijoles,8.0000000000000000,8.00,1
2026-05-16,Asado,14.50000000000000000000,15.00,4
2026-03-31,Chicharrón,25.50000000000000000000,26.00,4
2026-06-21,Requesón Picosito,9.33333333333333333333,10.00,4
2026-03-06,Barbacoa,9.66666666666666666666,12.00,7
2026-03-01,Frijoles con Queso,18.00000000000000000000,18.00,3
2026-05-10,Papa con Huevo,18.00000000000000000000,18.00,2
2026-07-27,Papa con Huevo,3.00000000000000000000,3.00,2
2026-06-01,Pollo con Mole,6.25000000000000000000,7.00,4
2026-07-14,Huevo con Nopal,3.0000000000000000,3.00,1
2026-04-30,Huevo con Nopal,3.25000000000000000000,4.00,3
2026-05-01,Bistec con Papas,9.50000000000000000000,10.00,3
2026-05-31,Papa con Huevo,12.50000000000000000000,14.00,6
2026-07-26,Papa con Chorizo,19.00000000000000000000,20.00,7
2026-06-16,Queso,3.00000000000000000000,3.00,2
2026-04-11,Queso,3.00000000000000000000,3.00,3
2026-07-13,Barbacoa,6.66666666666666666667,8.00,4
2026-07-09,Deshebrada,44.00000000000000000000,46.00,9
2026-05-26,Papa,5.0000000000000000,5.00,1
2026-08-20,Bistec con Papas,7.50000000000000000000,8.00,3
2026-03-16,Huevo Cascabel,10.00000000000000000000,10.00,3
2026-08-09,Requesón Picosito,4.50000000000000000000,5.00,2
2026-08-09,Frijoles con Queso,21.50000000000000000000,22.00,3
2026-04-03,Huevo Verde,69.50000000000000000000,74.00,13
2026-08-01,Molida,17.28333333333333333333,20.00,7
2026-08-26,Frijoles con Queso,10.00000000000000000000,10.00,3
2026-06-11,Chicharrón,22.25000000000000000000,24.00,6
2026-07-19,Deshebrada,66.00000000000000000000,69.00,12
2026-07-12,Molida,30.75000000000000000000,32.00,7
2026-05-17,Requeson,13.50000000000000000000,14.00,3
2026-03-20,Barbacoa,11.0000000000000000,11.00,3
2026-08-05,Frijoles con Queso,17.25000000000000000000,18.00,3
2026-03-09,Queso,4.00000000000000000000,4.00,4
2026-03-31,Huevo con Nopal,5.0000000000000000,5.00,1
2026-06-11,Cochinita,9.50000000000000000000,11.00,6
2026-03-13,Barbacoa,8.25000000000000000000,9.00,3
2026-03-03,Cochinita,14.0000000000000000,14.00,4
2026-04-23,Nopal,0.50000000000000000000,1.00,1
2026-07-04,Papa con Chorizo,12.50000000000000000000,13.00,5
2026-05-17,Huevo con Chorizo,18.33333333333333333333,19.00,5
2026-05-04,Molida,15.00000000000000000000,16.00,5
2026-06-11,Queso,4.0000000000000000,4.00,2
2026-06-04,Huevo con Chorizo,4.00000000000000000000,4.00,3
2026-03-13,Queso,2.00000000000000000000,2.00,2
2026-05-13,Frijoles con Queso,10.50000000000000000000,11.00,3
2026-03-15,Requesón Picosito,5.50000000000000000000,6.00,5
2026-03-15,Deshebrada,90.83333333333333333333,95.00,18
2026-06-04,Requesón Picosito,5.50000000000000000000,7.00,5
2026-04-15,Deshebrada,37.50000000000000000000,39.00,8
2026-06-29,Papa con Chorizo,6.00000000000000000000,7.00,4
2026-06-22,Frijoles,2.0000000000000000,2.00,1
2026-06-09,Papa,3.00000000000000000000,3.00,2
2026-06-03,Cochinita,15.0000000000000000,15.00,3
2026-04-01,Chicharrón,39.00000000000000000000,40.00,6
2026-06-09,Huevo con Chorizo,8.50000000000000000000,9.00,5
2026-07-10,Huevo Verde,37.50000000000000000000,38.00,4
2026-08-22,Requesón Picosito,7.58333333333333333333,9.00,6
2026-03-20,Huevo con Nopal,4.50000000000000000000,5.00,2
2026-03-02,Frijoles,2.0000000000000000,2.00,1
2026-07-31,Queso,4.00000000000000000000,4.00,3
2026-05-21,Huevo Cascabel,16.00000000000000000000,16.00,5
2026-05-14,Requeson,2.50000000000000000000,3.00,3
2026-06-15,Huevo Rojo,32.00000000000000000000,32.00,5
2026-08-19,Papa con Chorizo,9.58333333333333333333,11.00,6
2026-05-07,Papa con Huevo,12.83333333333333333333,14.00,5
2026-07-03,Papa con Huevo,11.00000000000000000000,11.00,4
2026-04-16,Requesón Picosito,9.25000000000000000000,11.00,6
2026-07-10,Asado,6.33333333333333333333,7.00,4
2026-06-20,Bistec con Papas,14.83333333333333333333,17.00,8
2026-06-09,Papa con Chorizo,7.50000000000000000000,9.00,5
2026-07-29,Molida,20.33333333333333333333,21.00,3
2026-03-25,Chicharrón,25.50000000000000000000,28.00,8
2026-04-07,Huevo Verde,60.50000000000000000000,64.00,9
2026-03-28,Huevo Rojo,39.50000000000000000000,41.00,9
2026-03-19,Chicharrón,27.0000000000000000,27.00,4
2026-06-02,Molida,14.50000000000000000000,15.00,5
2026-04-29,Pollo con Mole,4.00000000000000000000,4.00,2
2026-05-21,Huevo Rojo,8.25000000000000000000,9.00,4
2026-07-06,Molida,15.83333333333333333333,17.00,4
2026-04-06,Queso,2.0000000000000000,2.00,1
2026-08-29,Deshebrada,109.83333333333333333333,115.00,13
2026-07-07,Requeson,9.00000000000000000000,9.00,3
2026-09-04,Bistec con Papas,7.50000000000000000000,8.00,4
2026-04-15,Huevo con Nopal,3.25000000000000000000,4.00,3
2026-06-01,Deshebrada,43.25000000000000000000,45.00,10
2026-03-18,Requesón Picosito,8.00000000000000000000,8.00,2
2026-03-17,Deshebrada,36.58333333333333333333,40.00,14
2026-07-29,Papa con Huevo,23.00000000000000000000,23.00,5
2026-07-04,Papa con Huevo,10.25000000000000000000,11.00,4
2026-07-23,Cochinita,25.50000000000000000000,26.00,5
2026-04-07,Queso,2.00000000000000000000,2.00,2
2026-05-17,Frijoles,5.0000000000000000,5.00,1
2026-08-23,Huevo Cascabel,19.00000000000000000000,20.00,5
2026-08-12,Papa con Chorizo,8.00000000000000000000,8.00,4
2026-07-06,Huevo con Chorizo,11.50000000000000000000,12.00,6
2026-04-28,Deshebrada,30.75000000000000000000,34.00,10
2026-06-06,Huevo Rojo,33.00000000000000000000,34.00,7
2026-06-23,Papa con Chorizo,5.50000000000000000000,7.00,6
2026-04-30,Huevo Verde,41.83333333333333333333,46.00,12
2026-04-15,Chicharrón,16.50000000000000000000,17.00,5
2026-03-14,Papa con Huevo,8.25000000000000000000,9.00,4
2026-06-01,Requesón Picosito,3.00000000000000000000,3.00,2
2026-06-28,Papa,6.00000000000000000000,6.00,2
2026-05-07,Requesón Picosito,1.00000000000000000000,1.00,1
2026-06-05,Huevo Rojo,20.33333333333333333333,21.00,4
2026-03-21,Huevo Rojo,20.50000000000000000000,22.00,7
2026-06-28,Papa con Huevo,16.0000000000000000,16.00,3
2026-06-16,Huevo Cascabel,12.00000000000000000000,12.00,4
2026-05-10,Huevo con Nopal,13.00000000000000000000,13.00,3
2026-07-01,Frijoles con Queso,10.50000000000000000000,11.00,3
2026-08-20,Huevo Rojo,10.0000000000000000,10.00,1
2026-03-15,Asado,17.50000000000000000000,19.00,7
2026-05-31,Deshebrada,104.41666666666666666666,112.00,23
2026-05-29,Deshebrada,62.25000000000000000000,67.00,15
2026-08-14,Papa con Huevo,6.0000000000000000,6.00,2
2026-05-30,Huevo Rojo,34.33333333333333333333,35.00,6
2026-07-10,Papa,7.00000000000000000000,7.00,3
2026-07-30,Nopal,3.00000000000000000000,3.00,2
2026-03-11,Pollo con Mole,6.00000000000000000000,6.00,3
2026-08-17,Papa con Chorizo,10.70000000000000000000,12.00,5
2026-04-04,Huevo con Chorizo,12.83333333333333333333,14.00,5
2026-08-28,Queso,3.00000000000000000000,3.00,3
2026-05-23,Cochinita,22.91666666666666666666,27.00,11
2026-03-03,Molida,18.00000000000000000000,18.00,5
2026-03-22,Frijoles con Queso,15.25000000000000000000,16.00,3
2026-06-02,Bistec con Papas,11.66666666666666666666,14.00,7
2026-04-15,Bistec con Papas,3.50000000000000000000,4.00,2
2026-07-13,Huevo Cascabel,5.00000000000000000000,5.00,3
2026-03-12,Bistec con Papas,9.00000000000000000000,9.00,3
2026-04-27,Queso,2.0000000000000000,2.00,1
2026-08-04,Huevo con Chorizo,13.00000000000000000000,13.00,3
2026-05-06,Molida,13.49999999999999999999,16.00,7
2026-04-18,Chicharrón,47.50000000000000000000,50.00,10
2026-08-13,Frijoles con Queso,18.50000000000000000000,20.00,6
2026-03-31,Huevo Cascabel,11.0000000000000000,11.00,1
2026-07-13,Molida,16.83333333333333333333,18.00,4
2026-07-20,Cochinita,13.33333333333333333333,15.00,5
2026-03-16,Chicharrón,36.00000000000000000000,37.00,5
2026-08-22,Huevo Rojo,31.16666666666666666666,33.00,9
2026-08-25,Frijoles con Queso,8.00000000000000000000,8.00,3
2026-03-24,Deshebrada,33.25000000000000000000,36.00,11
2026-05-04,Frijoles,1.00000000000000000000,1.00,1
2026-04-10,Huevo Cascabel,13.00000000000000000000,13.00,4
2026-08-11,Nopal,2.00000000000000000000,2.00,2
2026-03-30,Papa,3.00000000000000000000,3.00,2
2026-08-13,Queso,3.00000000000000000000,3.00,2
2026-03-19,Huevo Verde,49.33333333333333333333,52.00,11
2026-05-14,Huevo Verde,62.25000000000000000000,64.00,8
2026-08-25,Barbacoa,1.00000000000000000000,1.00,1
2026-08-15,Papa con Huevo,8.00000000000000000000,8.00,3
2026-07-06,Cochinita,25.83333333333333333333,27.00,6
2026-07-30,Requeson,7.0000000000000000,7.00,1
2026-03-29,Huevo con Nopal,5.00000000000000000000,5.00,2
2026-06-22,Huevo con Nopal,4.00000000000000000000,4.00,2
2026-08-31,Huevo con Chorizo,13.00000000000000000000,13.00,7
2026-07-30,Asado,6.25000000000000000000,7.00,3
2026-07-28,Bistec con Papas,10.00000000000000000000,11.00,7
2026-07-16,Nopal,8.0000000000000000,8.00,2
2026-04-10,Papa con Chorizo,8.00000000000000000000,8.00,2
2026-03-26,Papa con Chorizo,9.00000000000000000000,10.00,6
2026-05-11,Cochinita,16.50000000000000000000,17.00,3
2026-08-19,Requesón Picosito,10.00000000000000000000,10.00,3
2026-03-09,Papa con Chorizo,9.50000000000000000000,11.00,7
2026-05-21,Frijoles con Queso,12.0000000000000000,12.00,2
2026-05-29,Molida,24.83333333333333333333,26.00,6
2026-05-03,Frijoles,4.0000000000000000,4.00,1
2026-05-02,Nopal,4.00000000000000000000,5.00,3
2026-03-04,Requesón Picosito,13.58333333333333333333,15.00,5
2026-05-18,Requesón Picosito,2.00000000000000000000,2.00,2
2026-08-26,Papa con Chorizo,8.50000000000000000000,9.00,5
2026-06-16,Bistec con Papas,19.50000000000000000000,21.00,7
2026-07-14,Asado,10.00000000000000000000,10.00,2
2026-09-02,Frijoles con Queso,19.50000000000000000000,20.00,3
2026-05-21,Frijoles,5.0000000000000000,5.00,1
2026-06-26,Huevo Verde,76.50000000000000000000,77.00,5
2026-03-11,Huevo Rojo,12.0000000000000000,12.00,1
2026-08-06,Huevo Verde,22.00000000000000000000,23.00,6
2026-04-13,Chicharrón,32.75000000000000000000,34.00,5
2026-08-09,Papa con Huevo,24.75000000000000000000,26.00,9
2026-06-19,Papa,14.50000000000000000000,15.00,2
2026-03-02,Frijoles con Queso,17.00000000000000000000,17.00,4
2026-07-15,Huevo Cascabel,12.00000000000000000000,13.00,5
2026-08-28,Huevo con Nopal,3.0000000000000000,3.00,1
2026-04-04,Huevo Rojo,22.50000000000000000000,24.00,7
2026-04-14,Huevo con Nopal,5.0000000000000000,5.00,1
2026-03-13,Bistec con Papas,9.25000000000000000000,10.00,4
2026-05-23,Nopal,7.00000000000000000000,7.00,3
2026-06-05,Papa con Huevo,7.33333333333333333333,8.00,4
2026-04-12,Papa,5.00000000000000000000,5.00,2
2026-04-13,Huevo con Nopal,3.00000000000000000000,3.00,2
2026-06-11,Molida,6.50000000000000000000,7.00,3
2026-05-07,Nopal,3.00000000000000000000,3.00,2
2026-06-28,Huevo Verde,60.75000000000000000000,64.00,9
2026-05-22,Chicharrón,38.33333333333333333333,40.00,7
2026-04-23,Queso,3.00000000000000000000,3.00,2
2026-07-15,Molida,11.00000000000000000000,11.00,3
2026-04-12,Huevo Cascabel,7.00000000000000000000,7.00,2
2026-07-23,Queso,1.00000000000000000000,1.00,1
2026-06-04,Pollo con Mole,16.00000000000000000000,17.00,4
2026-06-24,Asado,6.00000000000000000000,6.00,3
2026-05-19,Bistec con Papas,14.00000000000000000000,14.00,3
2026-08-13,Huevo Rojo,24.50000000000000000000,25.00,5
2026-04-29,Huevo con Chorizo,7.00000000000000000000,7.00,4
2026-06-06,Chicharrón,59.58333333333333333333,64.00,12
2026-04-14,Huevo Cascabel,9.00000000000000000000,9.00,5
2026-03-13,Huevo Rojo,15.75000000000000000000,18.00,8
2026-08-22,Frijoles con Queso,35.0000000000000000,35.00,2
2026-08-24,Requeson,3.00000000000000000000,3.00,2
2026-03-20,Asado,5.25000000000000000000,6.00,3
2026-06-02,Papa con Huevo,6.33333333333333333333,7.00,3
2026-05-21,Chicharrón,37.75000000000000000000,40.00,8
2026-05-30,Cochinita,31.0000000000000000,31.00,4
2026-05-25,Asado,5.83333333333333333333,8.00,6
2026-05-02,Requesón Picosito,6.25000000000000000000,7.00,4
2026-03-21,Papa con Chorizo,17.75000000000000000000,19.00,5
2026-03-04,Molida,8.50000000000000000000,10.00,6
2026-07-19,Barbacoa,56.33333333333333333333,58.00,14
2026-07-08,Queso,8.00000000000000000000,8.00,3
2026-03-02,Pollo con Mole,2.0000000000000000,2.00,1
2026-04-30,Chicharrón,46.33333333333333333333,51.00,12
2026-08-29,Queso,1.00000000000000000000,1.00,1
2026-07-06,Frijoles,2.0000000000000000,2.00,1
2026-05-12,Huevo con Nopal,1.00000000000000000000,1.00,1
2026-06-20,Chicharrón,56.08333333333333333333,60.00,13
2026-06-17,Huevo con Chorizo,12.00000000000000000000,12.00,4
2026-05-26,Huevo Rojo,11.0000000000000000,11.00,2
2026-05-11,Frijoles con Queso,6.0000000000000000,6.00,2
2026-07-17,Queso,10.00000000000000000000,10.00,3
2026-08-15,Chicharrón,60.25000000000000000000,64.00,15
2026-03-20,Huevo Cascabel,6.00000000000000000000,6.00,2
2026-05-21,Huevo Verde,29.00000000000000000000,30.00,6
2026-05-23,Requesón Picosito,10.66666666666666666666,12.00,6
2026-03-14,Asado,11.50000000000000000000,12.00,5
2026-03-03,Huevo Verde,34.33333333333333333333,36.00,9
2026-04-12,Cochinita,12.33333333333333333333,14.00,6
2026-03-27,Papa con Huevo,18.0000000000000000,18.00,3
2026-03-14,Queso,4.0000000000000000,4.00,1
2026-06-22,Barbacoa,25.00000000000000000000,26.00,5
2026-04-25,Frijoles con Queso,41.50000000000000000000,42.00,5
2026-03-27,Frijoles,1.00000000000000000000,1.00,1
2026-05-21,Molida,17.00000000000000000000,17.00,4
2026-08-29,Nopal,5.0000000000000000,5.00,1
2026-05-20,Requeson,6.0000000000000000,6.00,3
2026-05-19,Chicharrón,37.50000000000000000000,38.00,5
2026-09-05,Frijoles,9.0000000000000000,9.00,2
2026-05-13,Huevo con Nopal,3.0000000000000000,3.00,1
2026-05-19,Frijoles con Queso,9.50000000000000000000,10.00,4
2026-08-18,Molida,16.25000000000000000000,17.00,3
2026-04-09,Papa con Chorizo,12.25000000000000000000,14.00,7
2026-05-15,Papa con Chorizo,22.50000000000000000000,23.00,6
2026-06-24,Requesón Picosito,2.0000000000000000,2.00,1
2026-06-14,Chicharrón,82.74999999999999999999,88.00,16
2026-03-01,Huevo Verde,45.08333333333333333333,47.00,8
2026-07-05,Requeson,7.00000000000000000000,7.00,3
2026-04-01,Papa con Chorizo,9.0000000000000000,9.00,3
2026-05-27,Nopal,3.50000000000000000000,4.00,3
2026-04-25,Molida,34.00000000000000000000,35.00,9
2026-04-14,Queso,2.0000000000000000,2.00,1
2026-08-01,Queso,2.0000000000000000,2.00,1
2026-04-09,Huevo Cascabel,4.25000000000000000000,6.00,5
2026-04-03,Pollo con Mole,15.00000000000000000000,16.00,4
2026-09-02,Huevo Verde,32.25000000000000000000,35.00,10
2026-08-26,Requesón Picosito,1.00000000000000000000,1.00,1
2026-06-16,Cochinita,26.50000000000000000000,27.00,6
2026-03-22,Molida,19.83333333333333333333,21.00,7
2026-06-15,Queso,7.00000000000000000000,7.00,2
2026-07-07,Deshebrada,57.00000000000000000000,58.00,10
2026-06-18,Deshebrada,38.75000000000000000000,42.00,14
2026-07-12,Huevo Rojo,33.75000000000000000000,35.00,6
2026-05-31,Frijoles con Queso,20.00000000000000000000,21.00,5
2026-03-29,Papa con Huevo,6.0000000000000000,6.00,2
2026-06-11,Papa con Chorizo,3.50000000000000000000,4.00,2
2026-06-06,Molida,12.50000000000000000000,13.00,4
2026-07-30,Bistec con Papas,6.0000000000000000,6.00,1
2026-05-28,Pollo con Mole,2.00000000000000000000,2.00,2
2026-05-09,Deshebrada,94.08333333333333333333,98.00,18
2026-08-16,Asado,11.33333333333333333332,14.00,7
2026-07-27,Molida,15.00000000000000000000,16.00,8
2026-03-25,Huevo con Nopal,1.00000000000000000000,1.00,1
2026-08-19,Chicharrón,28.41666666666666666666,31.00,9
2026-08-24,Huevo Cascabel,16.0000000000000000,16.00,3
2026-04-11,Bistec con Papas,15.00000000000000000000,16.00,6
2026-08-13,Chicharrón,26.50000000000000000000,27.00,7
2026-07-25,Chicharrón,50.36666666666666666667,56.00,16
2026-06-08,Huevo Verde,37.00000000000000000000,38.00,6
2026-04-21,Queso,1.00000000000000000000,1.00,1
2026-03-01,Huevo con Chorizo,9.00000000000000000000,9.00,4
2026-08-21,Requesón Picosito,6.33333333333333333333,7.00,3
2026-07-07,Frijoles,5.0000000000000000,5.00,1
2026-07-19,Frijoles con Queso,32.50000000000000000000,34.00,6
2026-03-29,Requesón Picosito,12.0000000000000000,12.00,3
2026-03-16,Huevo Rojo,39.00000000000000000000,40.00,8
2026-05-03,Nopal,4.50000000000000000000,5.00,3
2026-03-19,Papa con Chorizo,10.0000000000000000,10.00,3
2026-04-05,Requeson,7.00000000000000000000,8.00,4
2026-03-06,Papa con Huevo,4.00000000000000000000,4.00,2
2026-07-11,Papa con Huevo,9.00000000000000000000,9.00,2
2026-05-17,Deshebrada,109.33333333333333333333,114.00,16
2026-06-07,Huevo Verde,49.33333333333333333333,52.00,9
2026-05-14,Molida,24.75000000000000000000,26.00,6
2026-06-06,Pollo con Mole,11.33333333333333333333,12.00,4
2026-08-06,Bistec con Papas,8.50000000000000000000,9.00,5
2026-05-31,Requeson,4.0000000000000000,4.00,2
2026-04-26,Requeson,9.58333333333333333333,11.00,4
2026-04-14,Chicharrón,18.50000000000000000000,20.00,6
2026-08-07,Huevo Cascabel,6.00000000000000000000,6.00,3
2026-08-17,Chicharrón,44.00000000000000000000,46.00,8
2026-07-29,Pollo con Mole,11.50000000000000000000,13.00,6
2026-07-26,Papa,12.25000000000000000000,13.00,3
2026-05-10,Nopal,3.0000000000000000,3.00,1
2026-07-19,Bistec con Papas,10.83333333333333333333,12.00,5
2026-03-15,Huevo con Chorizo,7.00000000000000000000,7.00,4
2026-06-29,Huevo Verde,40.00000000000000000000,41.00,8
2026-06-10,Cochinita,6.33333333333333333333,8.00,5
2026-06-05,Cochinita,22.00000000000000000000,22.00,7
2026-05-15,Huevo Verde,47.50000000000000000000,50.00,11
2026-05-11,Deshebrada,63.00000000000000000000,65.00,8
2026-08-13,Cochinita,22.00000000000000000000,23.00,8
2026-04-23,Deshebrada,44.83333333333333333333,47.00,10
2026-04-14,Nopal,0.50000000000000000000,1.00,1
2026-04-27,Requeson,3.00000000000000000000,3.00,2
2026-04-30,Requesón Picosito,8.50000000000000000000,9.00,4
2026-06-09,Nopal,6.50000000000000000000,7.00,4
2026-08-16,Queso,4.0000000000000000,4.00,2
2026-07-20,Chicharrón,16.83333333333333333333,18.00,4
2026-05-14,Asado,6.25000000000000000000,7.00,3
2026-06-10,Huevo con Nopal,3.00000000000000000000,3.00,2
2026-08-19,Papa,7.33333333333333333333,8.00,2
2026-08-10,Huevo con Chorizo,11.00000000000000000000,11.00,5
2026-07-11,Chicharrón,42.83333333333333333333,47.00,12
2026-04-30,Deshebrada,65.66666666666666666666,73.00,18
2026-04-18,Deshebrada,71.50000000000000000000,76.00,15
2026-07-20,Frijoles con Queso,12.00000000000000000000,13.00,5
2026-09-01,Requesón Picosito,6.0000000000000000,6.00,2
2026-05-13,Huevo con Chorizo,3.00000000000000000000,3.00,3
2026-05-25,Papa con Chorizo,11.0000000000000000,11.00,3
2026-03-17,Frijoles,2.0000000000000000,2.00,1
2026-06-21,Chicharrón,62.75000000000000000000,66.00,12
2026-03-19,Frijoles con Queso,15.00000000000000000000,15.00,3
2026-08-06,Huevo Rojo,22.0000000000000000,22.00,3
2026-04-03,Huevo Rojo,52.25000000000000000000,55.00,9
2026-05-31,Barbacoa,44.00000000000000000000,45.00,7
2026-08-23,Requeson,6.00000000000000000000,6.00,3
2026-04-26,Frijoles con Queso,20.50000000000000000000,23.00,6
2026-03-20,Chicharrón,37.25000000000000000000,38.00,5
2026-03-30,Requesón Picosito,2.00000000000000000000,2.00,2
2026-08-21,Papa con Chorizo,6.0000000000000000,6.00,2
2026-03-27,Papa con Chorizo,8.83333333333333333333,10.00,6
2026-06-26,Chicharrón,35.33333333333333333333,38.00,8
2026-05-23,Papa con Huevo,13.33333333333333333333,14.00,4
2026-07-31,Frijoles,3.0000000000000000,3.00,1
2026-03-23,Papa,8.0000000000000000,8.00,1
2026-07-21,Huevo con Chorizo,4.50000000000000000000,5.00,4
2026-04-15,Huevo Cascabel,1.25000000000000000000,2.00,2
2026-07-26,Huevo Rojo,33.08333333333333333333,36.00,10
2026-07-29,Requeson,1.00000000000000000000,1.00,1
2026-04-09,Molida,17.83333333333333333333,19.00,5
2026-03-12,Huevo con Chorizo,3.00000000000000000000,3.00,3
2026-04-07,Deshebrada,54.99999999999999999999,60.00,14
2026-06-05,Nopal,4.50000000000000000000,5.00,2
2026-04-26,Molida,25.50000000000000000000,27.00,9
2026-09-03,Papa con Chorizo,2.00000000000000000000,2.00,2
2026-04-04,Barbacoa,28.33333333333333333333,31.00,11
2026-03-03,Pollo con Mole,12.50000000000000000000,13.00,4
2026-03-08,Papa con Chorizo,22.00000000000000000000,23.00,7
2026-03-17,Nopal,3.0000000000000000,3.00,1
2026-08-12,Papa con Huevo,3.50000000000000000000,4.00,2
2026-05-02,Frijoles,4.0000000000000000,4.00,1
2026-04-29,Deshebrada,40.00000000000000000000,40.00,6
2026-04-14,Papa con Huevo,9.25000000000000000000,10.00,3
2026-04-07,Pollo con Mole,11.66666666666666666666,13.00,5
2026-05-05,Huevo con Chorizo,11.50000000000000000000,13.00,8
2026-05-08,Barbacoa,14.00000000000000000000,14.00,5
2026-05-01,Huevo Cascabel,26.50000000000000000000,27.00,4
2026-08-08,Papa con Chorizo,18.83333333333333333333,20.00,5
2026-08-10,Requeson,8.50000000000000000000,9.00,4
2026-08-01,Huevo con Nopal,9.0000000000000000,9.00,1
2026-06-11,Frijoles con Queso,10.50000000000000000000,11.00,4
2026-04-19,Barbacoa,78.24999999999999999999,81.00,10
2026-08-07,Molida,22.25000000000000000000,24.00,8
2026-05-03,Molida,19.00000000000000000000,19.00,4
2026-08-03,Bistec con Papas,15.00000000000000000000,15.00,6
2026-05-25,Huevo Verde,40.58333333333333333333,43.00,9
2026-08-29,Pollo con Mole,22.33333333333333333333,23.00,6
2026-04-13,Asado,9.70000000000000000000,11.00,4
2026-04-16,Pollo con Mole,5.00000000000000000000,5.00,3
2026-07-22,Frijoles con Queso,16.00000000000000000000,17.00,7
2026-07-14,Huevo Verde,40.00000000000000000000,41.00,6
2026-08-12,Queso,5.00000000000000000000,5.00,3
2026-05-29,Huevo Verde,51.83333333333333333333,56.00,9
2026-07-16,Huevo Verde,38.75000000000000000000,41.00,7
2026-08-28,Papa con Chorizo,11.00000000000000000000,12.00,5
2026-05-28,Bistec con Papas,14.00000000000000000000,14.00,3
2026-03-24,Requeson,4.0000000000000000,4.00,1
2026-07-29,Papa,17.00000000000000000000,17.00,2
2026-07-24,Pollo con Mole,4.25000000000000000000,5.00,2
2026-03-30,Frijoles con Queso,12.50000000000000000000,13.00,4
2026-08-13,Frijoles,1.00000000000000000000,1.00,1
2026-07-08,Huevo con Nopal,11.00000000000000000000,11.00,4
2026-03-20,Bistec con Papas,11.00000000000000000000,11.00,2
2026-08-30,Papa,30.00000000000000000000,30.00,4
2026-05-18,Huevo Cascabel,6.50000000000000000000,7.00,3
2026-08-20,Cochinita,10.75000000000000000000,12.00,4
2026-04-08,Huevo con Nopal,6.33333333333333333333,7.00,4
2026-08-31,Huevo Rojo,7.50000000000000000000,8.00,4
2026-04-09,Requeson,1.00000000000000000000,1.00,1
2026-07-14,Huevo con Chorizo,4.83333333333333333333,6.00,5
2026-07-27,Huevo con Chorizo,8.00000000000000000000,9.00,5
2026-07-26,Huevo con Chorizo,13.75000000000000000000,15.00,5
2026-05-02,Molida,15.83333333333333333333,18.00,9
2026-04-06,Huevo con Chorizo,12.00000000000000000000,12.00,4
2026-05-04,Nopal,2.50000000000000000000,3.00,3
2026-05-26,Papa con Huevo,7.00000000000000000000,7.00,2
2026-07-15,Huevo Rojo,15.83333333333333333333,17.00,4
2026-04-06,Barbacoa,14.0000000000000000,14.00,4
2026-08-31,Papa con Huevo,4.00000000000000000000,4.00,2
2026-03-09,Frijoles,3.00000000000000000000,3.00,2
2026-03-08,Nopal,1.00000000000000000000,1.00,1
2026-07-02,Papa con Huevo,7.50000000000000000000,8.00,3
2026-08-03,Pollo con Mole,2.33333333333333333333,3.00,2
2026-03-21,Bistec con Papas,13.33333333333333333333,14.00,6
2026-08-26,Huevo con Chorizo,9.00000000000000000000,9.00,3
2026-08-23,Nopal,5.50000000000000000000,6.00,4
2026-06-21,Requeson,8.0000000000000000,8.00,2
2026-06-21,Molida,31.00000000000000000000,34.00,12
2026-05-09,Cochinita,25.50000000000000000000,26.00,7
2026-04-21,Huevo Verde,26.50000000000000000000,27.00,3
2026-04-27,Huevo con Nopal,6.00000000000000000000,6.00,3
2026-08-09,Nopal,10.00000000000000000000,10.00,3
2026-04-22,Pollo con Mole,3.00000000000000000000,3.00,2
2026-05-15,Molida,29.83333333333333333333,31.00,6
2026-03-28,Chicharrón,40.50000000000000000000,43.00,9
2026-06-12,Asado,11.50000000000000000000,14.00,7
2026-05-10,Huevo Verde,76.50000000000000000000,80.00,12
2026-04-24,Queso,7.0000000000000000,7.00,3
2026-04-12,Barbacoa,41.33333333333333333333,43.00,8
2026-06-27,Frijoles,6.0000000000000000,6.00,2
2026-03-10,Huevo Rojo,10.00000000000000000000,11.00,3
2026-08-23,Huevo con Nopal,7.0000000000000000,7.00,3
2026-08-05,Papa,11.66666666666666666667,13.00,2
2026-09-04,Papa,9.00000000000000000000,9.00,2
2026-05-15,Bistec con Papas,17.50000000000000000000,18.00,4
2026-03-11,Requesón Picosito,6.00000000000000000000,6.00,2
2026-07-30,Huevo con Nopal,5.0000000000000000,5.00,1
2026-04-08,Frijoles con Queso,11.50000000000000000000,12.00,4
2026-07-26,Huevo con Nopal,7.00000000000000000000,7.00,2
2026-04-12,Huevo Rojo,33.00000000000000000000,34.00,6
2026-04-07,Papa,2.0000000000000000,2.00,1
2026-07-04,Bistec con Papas,6.50000000000000000000,7.00,3
2026-07-18,Deshebrada,60.49999999999999999999,63.00,12
2026-04-13,Requesón Picosito,4.00000000000000000000,4.00,2
2026-03-22,Cochinita,26.33333333333333333333,27.00,7
2026-04-28,Asado,7.50000000000000000000,8.00,4
2026-04-09,Asado,16.00000000000000000000,16.00,3
2026-04-25,Queso,4.0000000000000000,4.00,2
2026-05-04,Papa con Chorizo,13.50000000000000000000,15.00,5
2026-04-24,Asado,12.00000000000000000000,12.00,4
2026-05-18,Cochinita,13.50000000000000000000,14.00,5
2026-07-09,Papa,9.50000000000000000000,10.00,2
2026-05-18,Molida,8.00000000000000000000,8.00,3
2026-08-24,Papa con Huevo,9.50000000000000000000,10.00,4
2026-06-01,Huevo Rojo,21.0000000000000000,21.00,4
2026-08-13,Huevo con Nopal,6.00000000000000000000,6.00,3
2026-08-29,Requesón Picosito,7.00000000000000000000,7.00,3
2026-08-30,Huevo Rojo,36.00000000000000000000,38.00,8
2026-04-24,Papa con Huevo,2.00000000000000000000,2.00,2
2026-05-25,Frijoles,2.0000000000000000,2.00,1
2026-06-06,Nopal,5.00000000000000000000,6.00,3
2026-04-11,Huevo con Chorizo,14.50000000000000000000,16.00,5
2026-06-27,Huevo Verde,73.25000000000000000000,77.00,13
2026-05-02,Papa,11.00000000000000000000,11.00,4
2026-04-02,Huevo con Chorizo,17.58333333333333333333,19.00,6
2026-08-25,Cochinita,9.25000000000000000000,11.00,5
2026-05-04,Barbacoa,24.50000000000000000000,25.00,6
2026-07-01,Queso,2.00000000000000000000,2.00,2
2026-06-21,Papa con Chorizo,23.25000000000000000000,24.00,4
2026-03-02,Nopal,3.50000000000000000000,4.00,2
2026-04-13,Papa con Huevo,5.00000000000000000000,5.00,5
2026-04-20,Cochinita,25.75000000000000000000,27.00,6
2026-06-01,Papa,12.75000000000000000000,14.00,5
2026-06-26,Frijoles con Queso,19.50000000000000000000,20.00,4
2026-08-27,Asado,9.16666666666666666667,11.00,5
2026-06-10,Chicharrón,25.25000000000000000000,26.00,4
2026-08-01,Huevo Cascabel,9.50000000000000000000,10.00,5
2026-08-18,Papa con Chorizo,8.0000000000000000,8.00,2
2026-05-21,Papa,3.00000000000000000000,3.00,2
2026-05-29,Requeson,15.33333333333333333333,16.00,4
2026-03-29,Frijoles,8.00000000000000000000,8.00,3
2026-08-16,Papa,14.50000000000000000000,16.00,5
2026-07-09,Papa con Chorizo,8.00000000000000000000,8.00,3
2026-04-08,Huevo Rojo,22.00000000000000000000,22.00,4
2026-08-31,Requesón Picosito,2.50000000000000000000,3.00,3
2026-08-24,Molida,24.00000000000000000000,25.00,5
2026-06-08,Huevo con Nopal,5.00000000000000000000,5.00,3
2026-05-06,Frijoles con Queso,6.50000000000000000000,7.00,5
2026-03-09,Frijoles con Queso,15.50000000000000000000,16.00,4
2026-06-12,Queso,6.0000000000000000,6.00,1
2026-03-27,Queso,5.00000000000000000000,5.00,3
2026-07-29,Nopal,4.00000000000000000000,4.00,2
2026-04-02,Bistec con Papas,6.00000000000000000000,6.00,4
2026-08-31,Frijoles con Queso,6.50000000000000000000,7.00,4
2026-04-18,Molida,36.25000000000000000000,38.00,9
2026-06-30,Huevo Cascabel,5.00000000000000000000,5.00,4
2026-07-29,Queso,5.00000000000000000000,5.00,4
2026-08-25,Pollo con Mole,9.20000000000000000000,10.00,6
2026-06-14,Papa con Chorizo,17.75000000000000000000,19.00,5
2026-08-13,Pollo con Mole,3.50000000000000000000,4.00,3
2026-05-02,Huevo con Chorizo,13.0000000000000000,13.00,3
2026-04-25,Barbacoa,19.75000000000000000000,21.00,5
2026-04-14,Requeson,4.0000000000000000,4.00,1
2026-09-01,Papa con Huevo,1.00000000000000000000,1.00,1
2026-05-17,Huevo Cascabel,21.25000000000000000000,23.00,6
2026-05-13,Requesón Picosito,5.50000000000000000000,6.00,4
2026-07-19,Frijoles,2.0000000000000000,2.00,1
2026-03-06,Frijoles con Queso,13.50000000000000000000,14.00,5
2026-05-16,Huevo Verde,54.16666666666666666666,58.00,10
2026-09-04,Huevo Cascabel,8.00000000000000000000,8.00,3
2026-04-20,Queso,1.00000000000000000000,1.00,1
2026-04-25,Huevo Verde,50.00000000000000000000,52.00,10
2026-03-17,Cochinita,9.75000000000000000000,11.00,6
2026-06-20,Nopal,3.50000000000000000000,4.00,3
2026-09-02,Chicharrón,26.75000000000000000000,28.00,6
2026-03-24,Frijoles,2.0000000000000000,2.00,1
2026-08-22,Huevo Cascabel,16.33333333333333333333,17.00,5
2026-04-12,Frijoles,3.0000000000000000,3.00,1
2026-06-19,Barbacoa,20.50000000000000000000,21.00,6
2026-04-13,Frijoles con Queso,16.50000000000000000000,17.00,3
2026-04-27,Barbacoa,8.50000000000000000000,9.00,4
2026-04-03,Molida,27.83333333333333333333,29.00,6
2026-03-17,Requesón Picosito,10.00000000000000000000,10.00,4
2026-08-07,Huevo con Chorizo,11.25000000000000000000,12.00,5
2026-03-06,Deshebrada,50.33333333333333333332,55.00,14
2026-04-20,Requeson,2.25000000000000000000,3.00,3
2026-05-29,Huevo Cascabel,9.25000000000000000000,10.00,3
2026-03-21,Requeson,12.00000000000000000000,12.00,3
2026-08-27,Huevo Verde,39.33333333333333333333,41.00,7
2026-07-04,Barbacoa,36.50000000000000000000,37.00,6
2026-05-16,Huevo Cascabel,30.50000000000000000000,31.00,5
2026-05-12,Chicharrón,19.00000000000000000000,20.00,5
2026-06-09,Chicharrón,25.0000000000000000,25.00,4
2026-08-14,Asado,12.00000000000000000000,13.00,5
2026-07-03,Cochinita,30.50000000000000000000,32.00,7
2026-03-17,Huevo Rojo,15.00000000000000000000,15.00,4
2026-04-02,Papa con Huevo,7.00000000000000000000,8.00,5
2026-06-30,Frijoles,4.00000000000000000000,4.00,2
2026-08-08,Chicharrón,50.41666666666666666666,55.00,12
2026-05-25,Nopal,5.00000000000000000000,6.00,3
2026-05-03,Chicharrón,58.25000000000000000000,62.00,12
2026-09-05,Bistec con Papas,29.00000000000000000000,31.00,10
2026-04-02,Asado,7.00000000000000000000,7.00,3
2026-06-11,Requeson,1.00000000000000000000,1.00,1
2026-04-25,Chicharrón,57.25000000000000000000,60.00,10
2026-07-01,Pollo con Mole,4.75000000000000000000,6.00,3
2026-07-23,Chicharrón,30.00000000000000000000,30.00,6
2026-03-20,Papa con Huevo,1.50000000000000000000,2.00,2
2026-04-06,Nopal,2.00000000000000000000,2.00,2
2026-08-18,Queso,6.00000000000000000000,6.00,2
2026-07-31,Papa,11.50000000000000000000,12.00,3
2026-04-10,Huevo con Nopal,6.50000000000000000000,7.00,3
2026-05-15,Huevo Rojo,28.0000000000000000,28.00,4
2026-03-27,Huevo con Chorizo,11.50000000000000000000,12.00,3
2026-03-22,Huevo con Nopal,14.00000000000000000000,15.00,5
2026-05-11,Bistec con Papas,9.75000000000000000000,11.00,4
2026-03-22,Chicharrón,36.75000000000000000000,41.00,12
2026-04-18,Bistec con Papas,13.25000000000000000000,14.00,5
2026-07-08,Asado,8.00000000000000000000,8.00,3
2026-04-27,Pollo con Mole,4.00000000000000000000,4.00,2
2026-08-18,Bistec con Papas,15.50000000000000000000,16.00,5
2026-04-16,Bistec con Papas,10.25000000000000000000,11.00,4
2026-04-06,Deshebrada,63.66666666666666666666,69.00,16
2026-06-12,Deshebrada,49.00000000000000000000,52.00,14
2026-09-03,Bistec con Papas,8.00000000000000000000,8.00,4
2026-03-14,Papa con Chorizo,18.50000000000000000000,19.00,3
2026-06-09,Molida,19.83333333333333333333,21.00,7
2026-06-09,Requesón Picosito,11.00000000000000000000,11.00,3
2026-03-01,Huevo Cascabel,26.50000000000000000000,28.00,10
2026-06-06,Asado,4.25000000000000000000,5.00,4
2026-05-09,Huevo Cascabel,12.00000000000000000000,12.00,3
2026-04-13,Huevo Rojo,23.45000000000000000000,25.00,6
2026-08-13,Bistec con Papas,14.00000000000000000000,15.00,8
2026-04-30,Asado,7.00000000000000000000,7.00,3
2026-08-20,Huevo Verde,21.50000000000000000000,22.00,5
2026-05-09,Requeson,6.75000000000000000000,8.00,4
2026-05-02,Pollo con Mole,7.00000000000000000000,7.00,4
2026-06-09,Huevo Cascabel,15.00000000000000000000,15.00,4
2026-06-19,Huevo Verde,54.00000000000000000000,55.00,7
2026-06-25,Huevo Cascabel,17.00000000000000000000,17.00,3
2026-04-20,Requesón Picosito,8.00000000000000000000,8.00,2
2026-09-04,Huevo Verde,31.00000000000000000000,33.00,6
2026-07-21,Chicharrón,32.41666666666666666666,37.00,10
2026-05-06,Cochinita,18.24999999999999999999,21.00,8
2026-03-24,Huevo Verde,32.50000000000000000000,33.00,5
2026-07-30,Pollo con Mole,8.25000000000000000000,10.00,6
2026-06-20,Asado,11.50000000000000000000,12.00,5
2026-03-07,Molida,20.33333333333333333333,21.00,4
2026-07-04,Pollo con Mole,8.50000000000000000000,9.00,4
2026-08-11,Huevo Verde,27.33333333333333333333,28.00,5
2026-03-01,Papa con Chorizo,17.33333333333333333333,18.00,5
2026-03-22,Queso,4.00000000000000000000,4.00,3
2026-05-26,Molida,6.00000000000000000000,7.00,4
2026-05-02,Huevo con Nopal,5.00000000000000000000,5.00,2
2026-08-09,Barbacoa,78.75000000000000000000,81.00,12
2026-06-26,Papa,5.00000000000000000000,5.00,3
2026-06-28,Pollo con Mole,18.00000000000000000000,19.00,8
2026-07-14,Bistec con Papas,16.50000000000000000000,17.00,5
2026-08-05,Pollo con Mole,3.0000000000000000,3.00,1
2026-03-03,Frijoles con Queso,12.00000000000000000000,13.00,6
2026-08-15,Bistec con Papas,6.50000000000000000000,7.00,3
2026-08-15,Deshebrada,70.75000000000000000000,74.00,19
2026-07-07,Huevo Rojo,15.00000000000000000000,15.00,3
2026-04-15,Papa,5.00000000000000000000,5.00,2
2026-06-15,Deshebrada,35.00000000000000000000,36.00,10
2026-05-16,Requesón Picosito,9.83333333333333333333,11.00,4
2026-07-14,Cochinita,23.16666666666666666666,25.00,7
2026-05-16,Huevo con Chorizo,8.33333333333333333333,9.00,5
2026-08-30,Cochinita,39.91666666666666666666,43.00,10
2026-06-30,Huevo con Chorizo,13.00000000000000000000,13.00,5
2026-04-24,Frijoles con Queso,15.0000000000000000,15.00,3
2026-07-31,Barbacoa,24.00000000000000000000,25.00,7
2026-05-18,Asado,7.0000000000000000,7.00,3
2026-03-08,Frijoles,7.00000000000000000000,7.00,3
2026-03-10,Papa con Chorizo,6.83333333333333333333,8.00,5
2026-08-03,Queso,1.00000000000000000000,1.00,1
2026-07-11,Huevo Rojo,32.25000000000000000000,34.00,7
2026-03-11,Huevo Cascabel,8.25000000000000000000,9.00,4
2026-07-04,Papa,19.00000000000000000000,19.00,3
2026-06-15,Huevo Verde,37.50000000000000000000,39.00,8
2026-08-13,Requesón Picosito,10.00000000000000000000,10.00,4
2026-08-14,Nopal,8.00000000000000000000,8.00,2
2026-07-04,Queso,2.00000000000000000000,2.00,2
2026-05-20,Papa con Huevo,4.50000000000000000000,5.00,3
2026-04-12,Requeson,6.00000000000000000000,6.00,3
2026-06-23,Cochinita,9.50000000000000000000,10.00,5
2026-03-21,Huevo Cascabel,21.00000000000000000000,21.00,6
2026-03-12,Frijoles con Queso,21.16666666666666666666,23.00,7
2026-08-22,Pollo con Mole,9.00000000000000000000,9.00,4
2026-05-08,Asado,8.00000000000000000000,8.00,3
2026-07-02,Deshebrada,69.50000000000000000000,73.00,13
2026-07-26,Molida,35.33333333333333333333,38.00,9
2026-08-21,Papa con Huevo,8.00000000000000000000,8.00,2
2026-06-18,Huevo con Chorizo,5.00000000000000000000,5.00,3
2026-03-19,Molida,20.33333333333333333333,21.00,4
2026-04-17,Frijoles,2.0000000000000000,2.00,1
2026-08-01,Cochinita,27.0000000000000000,27.00,5
2026-07-30,Papa con Chorizo,10.00000000000000000000,10.00,3
2026-03-27,Bistec con Papas,10.33333333333333333333,11.00,4
2026-04-05,Bistec con Papas,4.50000000000000000000,6.00,5
2026-08-23,Asado,13.0000000000000000,13.00,3
2026-08-22,Bistec con Papas,21.75000000000000000000,23.00,7
2026-07-03,Nopal,5.50000000000000000000,6.00,3
2026-05-20,Huevo Cascabel,12.00000000000000000000,12.00,5
2026-04-01,Papa con Huevo,7.50000000000000000000,8.00,4
2026-07-15,Barbacoa,6.00000000000000000000,6.00,3
2026-06-25,Huevo con Nopal,6.25000000000000000000,7.00,4
2026-03-21,Queso,5.00000000000000000000,5.00,3
2026-07-31,Papa con Chorizo,11.00000000000000000000,12.00,5
2026-05-05,Frijoles con Queso,15.50000000000000000000,16.00,4
2026-03-28,Requeson,9.00000000000000000000,9.00,3
2026-06-24,Pollo con Mole,6.00000000000000000000,6.00,3
2026-03-03,Requesón Picosito,12.33333333333333333333,13.00,4
2026-06-13,Papa,21.0000000000000000,21.00,2
2026-06-08,Chicharrón,38.50000000000000000000,41.00,8
2026-06-18,Asado,12.00000000000000000000,12.00,3
2026-04-28,Papa con Chorizo,7.00000000000000000000,7.00,4
2026-04-17,Requesón Picosito,4.00000000000000000000,4.00,3
2026-07-22,Papa,16.00000000000000000000,16.00,3
2026-04-17,Nopal,0.50000000000000000000,1.00,1
2026-04-24,Papa con Chorizo,9.00000000000000000000,9.00,3
2026-04-29,Chicharrón,44.00000000000000000000,44.00,5
2026-06-14,Barbacoa,73.08333333333333333333,75.00,12
2026-05-03,Huevo con Nopal,7.00000000000000000000,7.00,3
2026-07-28,Papa con Chorizo,10.00000000000000000000,10.00,3
2026-08-16,Deshebrada,90.83333333333333333333,98.00,22
2026-06-26,Papa con Chorizo,12.00000000000000000000,12.00,4
2026-05-28,Frijoles con Queso,10.50000000000000000000,11.00,4
2026-03-12,Requeson,3.00000000000000000000,3.00,2
2026-04-07,Molida,22.33333333333333333333,24.00,6
2026-08-16,Cochinita,42.16666666666666666666,45.00,10
2026-03-14,Huevo Verde,43.50000000000000000000,47.00,11
2026-08-27,Molida,12.83333333333333333333,15.00,4
2026-05-26,Huevo con Chorizo,6.0000000000000000,6.00,2
2026-06-29,Barbacoa,12.00000000000000000000,12.00,3
2026-06-14,Frijoles,17.0000000000000000,17.00,2
2026-07-29,Asado,10.00000000000000000000,10.00,4
2026-05-08,Papa con Chorizo,13.00000000000000000000,13.00,4
2026-04-18,Papa,3.50000000000000000000,4.00,3
2026-04-16,Cochinita,37.0000000000000000,37.00,4
2026-04-01,Molida,10.50000000000000000000,11.00,5
2026-08-26,Frijoles,8.0000000000000000,8.00,1
2026-08-18,Huevo con Nopal,17.00000000000000000000,17.00,3
2026-08-03,Huevo Cascabel,13.0000000000000000,13.00,2
2026-04-23,Requesón Picosito,2.0000000000000000,2.00,1
2026-08-20,Requesón Picosito,3.00000000000000000000,3.00,2
2026-08-07,Deshebrada,59.00000000000000000000,63.00,15
2026-04-12,Deshebrada,46.83333333333333333333,51.00,12
2026-06-17,Pollo con Mole,6.25000000000000000000,7.00,4
2026-04-26,Huevo Cascabel,19.75000000000000000000,21.00,5
2026-08-06,Huevo Cascabel,7.00000000000000000000,7.00,2
2026-03-26,Huevo con Nopal,3.0000000000000000,3.00,1
2026-03-11,Deshebrada,26.08333333333333333333,29.00,14
2026-06-20,Deshebrada,73.33333333333333333333,77.00,15
2026-03-07,Huevo Verde,43.83333333333333333333,46.00,13
2026-05-22,Huevo con Chorizo,10.00000000000000000000,10.00,3
2026-03-23,Frijoles,8.00000000000000000000,8.00,3
2026-09-04,Requeson,5.00000000000000000000,5.00,3
2026-08-25,Molida,15.00000000000000000000,17.00,6
2026-06-14,Requeson,4.58333333333333333333,6.00,4
2026-07-28,Chicharrón,42.00000000000000000000,43.00,7
2026-07-29,Barbacoa,1.00000000000000000000,1.00,1
2026-07-24,Papa,8.0000000000000000,8.00,1
2026-05-16,Requeson,2.00000000000000000000,2.00,2
2026-08-05,Huevo Verde,17.50000000000000000000,19.00,7
2026-06-11,Papa,14.0000000000000000,14.00,1
2026-04-21,Huevo con Nopal,12.0000000000000000,12.00,2
2026-05-13,Frijoles,3.0000000000000000,3.00,1
2026-03-26,Chicharrón,25.33333333333333333333,27.00,7
2026-03-25,Frijoles con Queso,3.50000000000000000000,4.00,4
2026-08-08,Nopal,5.00000000000000000000,5.00,3
2026-03-04,Bistec con Papas,14.25000000000000000000,16.00,5
2026-06-01,Molida,13.83333333333333333333,16.00,6
2026-03-08,Huevo Rojo,39.00000000000000000000,40.00,7
2026-04-24,Deshebrada,84.00000000000000000000,85.00,10
2026-06-15,Bistec con Papas,9.00000000000000000000,10.00,5
2026-07-15,Papa,3.50000000000000000000,4.00,2
2026-04-17,Huevo con Chorizo,9.00000000000000000000,9.00,4
2026-03-07,Huevo con Chorizo,15.50000000000000000000,16.00,5
2026-03-14,Deshebrada,67.33333333333333333333,69.00,12
2026-06-20,Huevo Cascabel,18.00000000000000000000,18.00,3
2026-05-07,Huevo con Chorizo,4.33333333333333333333,5.00,3
2026-07-22,Huevo Rojo,29.50000000000000000000,31.00,7
2026-06-17,Frijoles,6.00000000000000000000,6.00,2
2026-05-18,Papa con Chorizo,5.00000000000000000000,5.00,3
2026-03-25,Huevo Cascabel,7.00000000000000000000,7.00,2
2026-07-15,Papa con Huevo,9.00000000000000000000,9.00,3
2026-03-22,Barbacoa,32.08333333333333333333,34.00,8
2026-05-01,Chicharrón,56.49999999999999999999,63.00,16
2026-03-14,Huevo Rojo,31.0000000000000000,31.00,2
2026-03-16,Huevo Verde,45.50000000000000000000,46.00,6
2026-03-05,Asado,8.00000000000000000000,8.00,4
2026-06-06,Queso,4.00000000000000000000,4.00,3
2026-07-25,Cochinita,45.00000000000000000000,46.00,10
2026-07-12,Papa con Chorizo,22.50000000000000000000,24.00,7
2026-03-29,Barbacoa,33.50000000000000000000,34.00,8
2026-07-19,Papa con Huevo,3.00000000000000000000,3.00,2
2026-06-25,Huevo Verde,31.00000000000000000000,33.00,7
2026-05-11,Requeson,5.00000000000000000000,5.00,4
2026-06-05,Huevo Cascabel,10.00000000000000000000,10.00,5
2026-04-25,Frijoles,4.0000000000000000,4.00,1
2026-08-18,Huevo Rojo,22.50000000000000000000,24.00,7
2026-04-09,Frijoles con Queso,16.50000000000000000000,18.00,7
2026-05-09,Huevo con Nopal,4.00000000000000000000,4.00,3
2026-05-22,Queso,2.0000000000000000,2.00,1
2026-08-13,Deshebrada,40.50000000000000000000,42.00,8
2026-04-09,Huevo con Chorizo,7.50000000000000000000,8.00,3
2026-03-08,Huevo con Nopal,9.0000000000000000,9.00,2
2026-08-03,Frijoles con Queso,8.00000000000000000000,10.00,7
2026-03-16,Requesón Picosito,3.00000000000000000000,3.00,2
2026-05-01,Huevo con Chorizo,16.00000000000000000000,17.00,7
2026-04-18,Frijoles con Queso,30.50000000000000000000,31.00,4
2026-08-18,Huevo Cascabel,9.00000000000000000000,9.00,4
2026-05-10,Chicharrón,67.25000000000000000000,72.00,14
2026-05-31,Chicharrón,58.58333333333333333333,63.00,12
2026-05-22,Huevo Rojo,35.0000000000000000,35.00,4
2026-07-10,Deshebrada,49.16666666666666666666,52.00,13
2026-06-03,Queso,3.0000000000000000,3.00,1
2026-03-02,Papa con Huevo,5.50000000000000000000,6.00,3
2026-05-23,Barbacoa,46.83333333333333333333,48.00,9
2026-03-16,Papa con Huevo,10.00000000000000000000,11.00,6
2026-09-05,Pollo con Mole,9.00000000000000000000,10.00,6
2026-08-04,Papa,11.75000000000000000000,13.00,5
2026-03-26,Nopal,3.50000000000000000000,4.00,2
2026-05-03,Deshebrada,98.58333333333333333333,103.00,15
2026-07-16,Papa con Chorizo,10.83333333333333333333,13.00,7
2026-04-23,Frijoles,3.00000000000000000000,3.00,2
2026-08-13,Molida,21.50000000000000000000,22.00,7
2026-03-13,Requesón Picosito,3.0000000000000000,3.00,1
2026-08-06,Papa con Huevo,3.50000000000000000000,4.00,3
2026-04-10,Cochinita,30.25000000000000000000,31.00,4
2026-05-01,Barbacoa,47.00000000000000000000,50.00,11
2026-03-10,Huevo con Nopal,2.0000000000000000,2.00,1
2026-07-18,Frijoles,1.00000000000000000000,1.00,1
2026-05-16,Barbacoa,41.33333333333333333333,43.00,9
2026-07-31,Huevo Verde,35.00000000000000000000,37.00,8
2026-03-18,Bistec con Papas,11.00000000000000000000,11.00,3
2026-06-08,Papa con Huevo,5.0000000000000000,5.00,1
2026-08-31,Papa con Chorizo,4.50000000000000000000,6.00,5
2026-06-02,Requesón Picosito,9.33333333333333333333,10.00,4
2026-03-15,Bistec con Papas,8.50000000000000000000,9.00,3
2026-06-25,Huevo con Chorizo,7.00000000000000000000,7.00,3
2026-07-17,Frijoles con Queso,12.00000000000000000000,13.00,5
2026-08-24,Frijoles,1.00000000000000000000,1.00,1
2026-04-06,Frijoles con Queso,13.0000000000000000,13.00,2
2026-04-24,Molida,15.50000000000000000000,16.00,3
2026-08-28,Molida,17.16666666666666666667,19.00,5
2026-03-01,Huevo Rojo,38.45000000000000000000,42.00,11
2026-05-20,Requesón Picosito,3.00000000000000000000,3.00,2
2026-07-21,Huevo Rojo,10.25000000000000000000,11.00,5
2026-04-11,Papa,15.50000000000000000000,16.00,3
2026-07-04,Huevo Verde,65.75000000000000000000,68.00,11
2026-05-27,Molida,11.25000000000000000000,12.00,4
2026-08-05,Queso,3.00000000000000000000,3.00,3
2026-05-18,Requeson,2.0000000000000000,2.00,1
2026-08-12,Frijoles con Queso,22.0000000000000000,22.00,3
2026-07-04,Frijoles,1.00000000000000000000,1.00,1
2026-05-03,Cochinita,17.50000000000000000000,21.00,9
2026-06-28,Huevo con Nopal,8.0000000000000000,8.00,1
2026-06-16,Papa con Chorizo,14.00000000000000000000,14.00,4
2026-03-12,Pollo con Mole,4.00000000000000000000,4.00,2
2026-07-15,Nopal,2.00000000000000000000,2.00,2
2026-06-30,Papa,9.00000000000000000000,9.00,3
2026-03-15,Cochinita,22.00000000000000000000,23.00,8
2026-08-22,Huevo con Chorizo,8.58333333333333333333,10.00,8
2026-07-03,Requesón Picosito,7.00000000000000000000,7.00,3
2026-04-05,Deshebrada,106.50000000000000000000,111.00,16
2026-08-05,Papa con Huevo,8.00000000000000000000,8.00,4
2026-06-29,Cochinita,8.00000000000000000000,10.00,6
2026-08-22,Requeson,6.33333333333333333333,7.00,4
2026-06-30,Huevo con Nopal,8.00000000000000000000,8.00,3
2026-06-15,Papa con Chorizo,8.33333333333333333333,9.00,4
2026-06-27,Frijoles con Queso,46.00000000000000000000,47.00,6
2026-08-27,Huevo Rojo,19.00000000000000000000,22.00,8
2026-08-03,Huevo Verde,59.25000000000000000000,62.00,9
2026-05-16,Papa con Chorizo,15.83333333333333333333,17.00,4
2026-07-21,Huevo Cascabel,7.00000000000000000000,7.00,3
2026-08-12,Deshebrada,66.75000000000000000000,71.00,12
2026-08-01,Huevo con Chorizo,11.00000000000000000000,12.00,7
2026-05-18,Frijoles con Queso,8.00000000000000000000,9.00,7
2026-04-24,Nopal,4.00000000000000000000,4.00,2
2026-03-21,Cochinita,20.91666666666666666666,25.00,12
2026-05-01,Huevo Verde,47.66666666666666666666,51.00,10
2026-04-11,Papa con Huevo,11.50000000000000000000,12.00,4
2026-03-25,Nopal,2.0000000000000000,2.00,1
2026-07-16,Molida,17.25000000000000000000,18.00,3
2026-05-09,Asado,16.33333333333333333333,17.00,5
2026-08-08,Molida,34.83333333333333333333,36.00,5
2026-07-20,Huevo Verde,26.00000000000000000000,26.00,5
2026-08-29,Huevo Cascabel,25.0000000000000000,25.00,4
2026-05-16,Nopal,3.0000000000000000,3.00,1
2026-04-25,Pollo con Mole,13.00000000000000000000,13.00,5
2026-06-27,Queso,2.0000000000000000,2.00,1
2026-05-10,Requeson,8.0000000000000000,8.00,2
2026-07-04,Asado,11.00000000000000000000,11.00,4
2026-03-08,Chicharrón,61.83333333333333333333,64.00,9
2026-03-11,Asado,12.00000000000000000000,13.00,7
2026-07-08,Nopal,5.00000000000000000000,5.00,2
2026-05-28,Papa con Chorizo,17.50000000000000000000,18.00,5
2026-07-06,Frijoles con Queso,15.33333333333333333333,18.00,7
2026-04-14,Cochinita,21.75000000000000000000,23.00,5
2026-08-02,Huevo con Nopal,12.50000000000000000000,13.00,2
2026-06-10,Frijoles con Queso,10.50000000000000000000,11.00,4
2026-04-21,Nopal,4.50000000000000000000,5.00,2
2026-05-05,Queso,3.0000000000000000,3.00,1
2026-07-13,Huevo con Chorizo,6.66666666666666666667,9.00,6
2026-05-22,Huevo Verde,48.50000000000000000000,49.00,6
2026-04-10,Molida,16.50000000000000000000,17.00,5
2026-06-29,Frijoles con Queso,8.00000000000000000000,10.00,6
2026-07-09,Huevo con Nopal,3.00000000000000000000,3.00,2
2026-05-14,Chicharrón,33.08333333333333333333,36.00,7
2026-03-18,Cochinita,17.50000000000000000000,19.00,6
2026-08-08,Huevo Rojo,36.75000000000000000000,38.00,5
2026-04-17,Chicharrón,49.08333333333333333333,51.00,9
2026-08-20,Frijoles,7.00000000000000000000,7.00,2
2026-03-30,Molida,20.08333333333333333333,22.00,7
2026-09-03,Frijoles con Queso,7.50000000000000000000,8.00,4
2026-03-05,Huevo con Nopal,1.50000000000000000000,3.00,3
2026-03-10,Huevo con Chorizo,9.00000000000000000000,9.00,3
2026-06-20,Barbacoa,46.00000000000000000000,46.00,4
2026-04-03,Huevo con Nopal,17.50000000000000000000,18.00,3
2026-08-11,Frijoles,6.0000000000000000,6.00,1
2026-05-06,Papa,1.00000000000000000000,1.00,1
2026-06-03,Huevo Verde,25.25000000000000000000,27.00,8
2026-04-05,Papa con Chorizo,21.25000000000000000000,22.00,5
2026-03-31,Queso,4.0000000000000000,4.00,2
2026-07-05,Bistec con Papas,8.83333333333333333333,11.00,6
2026-06-21,Cochinita,20.25000000000000000000,22.00,7
2026-08-08,Papa con Huevo,6.83333333333333333333,8.00,5
2026-03-20,Pollo con Mole,2.00000000000000000000,2.00,2
2026-07-31,Deshebrada,56.33333333333333333333,60.00,15
2026-08-06,Huevo con Nopal,8.00000000000000000000,8.00,3
2026-07-10,Frijoles con Queso,33.50000000000000000000,34.00,6
2026-06-01,Cochinita,16.50000000000000000000,17.00,5
2026-03-15,Huevo Cascabel,15.50000000000000000000,16.00,4
2026-06-08,Huevo con Chorizo,14.00000000000000000000,14.00,5
2026-04-15,Pollo con Mole,1.00000000000000000000,1.00,1
2026-07-24,Frijoles,2.00000000000000000000,2.00,2
2026-03-14,Chicharrón,40.33333333333333333333,41.00,5
2026-07-27,Bistec con Papas,4.50000000000000000000,5.00,2
2026-06-05,Pollo con Mole,9.00000000000000000000,9.00,4
2026-05-19,Papa,2.33333333333333333333,3.00,2
2026-08-23,Huevo Verde,52.25000000000000000000,56.00,11
2026-07-22,Huevo con Chorizo,10.00000000000000000000,10.00,7
2026-03-09,Molida,7.83333333333333333333,10.00,7
2026-06-13,Pollo con Mole,15.33333333333333333333,16.00,4
2026-04-05,Huevo Verde,61.75000000000000000000,65.00,8
2026-04-25,Nopal,2.0000000000000000,2.00,1
2026-06-14,Huevo Rojo,58.25000000000000000000,59.00,6
2026-08-19,Nopal,1.00000000000000000000,1.00,1
2026-03-03,Queso,1.00000000000000000000,1.00,1
2026-03-25,Papa con Huevo,4.25000000000000000000,5.00,4
2026-07-12,Deshebrada,97.08333333333333333333,104.00,22
2026-06-08,Frijoles con Queso,14.50000000000000000000,15.00,4
2026-04-13,Barbacoa,8.25000000000000000000,9.00,3
2026-07-28,Frijoles con Queso,20.50000000000000000000,21.00,5
2026-06-05,Frijoles con Queso,15.50000000000000000000,16.00,4
2026-03-03,Huevo Rojo,7.83333333333333333333,9.00,5
2026-07-09,Queso,4.00000000000000000000,4.00,3
2026-03-18,Papa con Chorizo,12.16666666666666666667,13.00,4
2026-03-27,Frijoles con Queso,29.0000000000000000,29.00,3
2026-07-20,Pollo con Mole,9.33333333333333333333,10.00,3
2026-05-18,Barbacoa,10.00000000000000000000,11.00,5
2026-03-08,Huevo Verde,72.16666666666666666666,75.00,10
2026-03-04,Papa,1.25000000000000000000,2.00,2
2026-06-18,Pollo con Mole,6.00000000000000000000,6.00,2
2026-05-28,Requesón Picosito,5.00000000000000000000,6.00,4
2026-06-30,Huevo Rojo,40.25000000000000000000,41.00,5
2026-04-19,Frijoles,1.00000000000000000000,1.00,1
2026-07-11,Cochinita,12.25000000000000000000,14.00,6
2026-07-04,Nopal,8.0000000000000000,8.00,2
2026-05-29,Nopal,8.50000000000000000000,9.00,4
2026-05-30,Barbacoa,63.25000000000000000000,64.00,6
2026-07-14,Requesón Picosito,4.50000000000000000000,5.00,3
2026-08-20,Papa con Huevo,4.25000000000000000000,5.00,3
2026-03-13,Chicharrón,21.91666666666666666666,24.00,7
2026-04-18,Papa con Chorizo,6.0000000000000000,6.00,2
2026-07-11,Papa,11.0000000000000000,11.00,1
2026-07-06,Requesón Picosito,12.50000000000000000000,13.00,3
2026-07-28,Huevo con Nopal,6.50000000000000000000,7.00,2
2026-05-29,Papa con Chorizo,11.83333333333333333333,14.00,6
2026-03-10,Huevo Cascabel,6.50000000000000000000,7.00,4
2026-07-21,Papa con Huevo,9.00000000000000000000,9.00,4
2026-07-31,Cochinita,11.83333333333333333333,14.00,8
2026-03-31,Frijoles,8.00000000000000000000,8.00,2
2026-06-26,Pollo con Mole,9.00000000000000000000,9.00,3
2026-08-08,Huevo con Chorizo,9.00000000000000000000,9.00,5
2026-06-21,Deshebrada,88.58333333333333333333,95.00,21
2026-05-03,Papa con Chorizo,12.83333333333333333333,14.00,6
2026-05-15,Huevo con Nopal,6.00000000000000000000,6.00,3
2026-05-20,Bistec con Papas,9.00000000000000000000,10.00,4
2026-06-21,Papa con Huevo,16.33333333333333333333,17.00,4
2026-06-13,Requesón Picosito,13.50000000000000000000,14.00,4
2026-08-04,Pollo con Mole,9.50000000000000000000,10.00,3
2026-06-27,Cochinita,38.25000000000000000000,39.00,5
2026-04-14,Molida,11.50000000000000000000,12.00,4
2026-07-13,Requeson,2.0000000000000000,2.00,1
2026-04-06,Chicharrón,27.33333333333333333333,29.00,9
2026-03-25,Papa,4.00000000000000000000,4.00,2
2026-07-22,Requesón Picosito,6.0000000000000000,6.00,2
2026-07-21,Nopal,2.50000000000000000000,3.00,2
2026-03-31,Molida,12.83333333333333333333,14.00,5
2026-03-18,Queso,1.00000000000000000000,1.00,1
2026-06-12,Requeson,5.0000000000000000,5.00,2
2026-06-06,Barbacoa,23.50000000000000000000,25.00,8
2026-04-28,Cochinita,29.75000000000000000000,31.00,7
2026-07-11,Deshebrada,56.75000000000000000000,61.00,13
2026-03-18,Molida,7.50000000000000000000,9.00,5
2026-04-27,Papa con Chorizo,10.00000000000000000000,10.00,3
2026-05-31,Molida,31.50000000000000000000,33.00,7
2026-04-15,Huevo Rojo,13.00000000000000000000,13.00,4
2026-06-18,Huevo Cascabel,11.75000000000000000000,13.00,4
2026-03-09,Asado,3.0000000000000000,3.00,1
2026-08-28,Requeson,9.00000000000000000000,9.00,3
2026-05-09,Bistec con Papas,9.41666666666666666666,12.00,7
2026-03-16,Huevo con Nopal,4.00000000000000000000,4.00,2
2026-05-05,Papa con Chorizo,4.50000000000000000000,5.00,4
2026-08-30,Queso,8.00000000000000000000,8.00,3
2026-03-23,Pollo con Mole,1.00000000000000000000,1.00,1
2026-08-26,Papa con Huevo,19.00000000000000000000,19.00,3
2026-07-26,Huevo Verde,68.08333333333333333333,73.00,14
2026-03-12,Chicharrón,37.50000000000000000000,39.00,7
2026-05-17,Requesón Picosito,12.50000000000000000000,13.00,3
2026-03-06,Huevo con Nopal,7.00000000000000000000,7.00,3
2026-03-13,Papa,1.00000000000000000000,1.00,1
2026-04-19,Requeson,10.0000000000000000,10.00,1
2026-04-09,Huevo Verde,48.58333333333333333333,51.00,9
2026-05-08,Bistec con Papas,10.50000000000000000000,11.00,5
2026-06-03,Bistec con Papas,2.0000000000000000,2.00,1
2026-08-31,Nopal,3.00000000000000000000,3.00,2
2026-06-08,Papa con Chorizo,9.0000000000000000,9.00,2
2026-04-10,Bistec con Papas,13.83333333333333333333,15.00,5
2026-06-18,Nopal,1.50000000000000000000,2.00,2
2026-03-05,Huevo Cascabel,12.00000000000000000000,12.00,4
2026-08-30,Requeson,13.00000000000000000000,13.00,2
2026-09-01,Bistec con Papas,10.25000000000000000000,11.00,4
2026-05-07,Huevo con Nopal,3.00000000000000000000,3.00,2
2026-04-10,Queso,1.00000000000000000000,1.00,1
2026-04-09,Frijoles,1.00000000000000000000,1.00,1
2026-03-18,Asado,3.00000000000000000000,3.00,2
2026-07-05,Huevo Verde,42.00000000000000000000,43.00,7
2026-03-02,Molida,8.25000000000000000000,10.00,4
2026-07-19,Queso,5.00000000000000000000,5.00,4
2026-06-23,Huevo Cascabel,13.0000000000000000,13.00,4
2026-05-25,Bistec con Papas,14.33333333333333333333,16.00,5
2026-07-12,Queso,5.00000000000000000000,5.00,3
2026-03-26,Huevo Verde,29.83333333333333333333,31.00,9
2026-08-16,Pollo con Mole,14.83333333333333333333,17.00,11
2026-03-20,Nopal,0.50000000000000000000,1.00,1
2026-06-01,Papa con Chorizo,13.50000000000000000000,15.00,6
2026-08-08,Bistec con Papas,10.50000000000000000000,12.00,6
2026-04-17,Frijoles con Queso,9.83333333333333333333,11.00,4
2026-07-03,Requeson,6.00000000000000000000,6.00,3
2026-08-09,Asado,6.75000000000000000000,8.00,5
2026-05-11,Papa con Chorizo,5.25000000000000000000,6.00,4
2026-03-08,Molida,21.00000000000000000000,21.00,5
2026-04-18,Pollo con Mole,9.0000000000000000,9.00,2
2026-05-20,Huevo Rojo,17.50000000000000000000,18.00,3
2026-07-04,Frijoles con Queso,22.50000000000000000000,23.00,4
2026-09-01,Deshebrada,55.08333333333333333333,58.00,12
2026-07-18,Frijoles con Queso,27.0000000000000000,27.00,3
2026-08-14,Molida,15.50000000000000000000,16.00,4
2026-05-15,Huevo Cascabel,17.0000000000000000,17.00,2
2026-07-22,Papa con Chorizo,9.50000000000000000000,10.00,4
2026-06-14,Huevo con Nopal,6.50000000000000000000,7.00,4
2026-04-19,Huevo Verde,78.25000000000000000000,81.00,9
2026-03-25,Molida,6.00000000000000000000,6.00,4
2026-05-04,Queso,3.00000000000000000000,3.00,2
2026-05-10,Barbacoa,57.25000000000000000000,59.00,7
2026-07-17,Deshebrada,48.50000000000000000000,53.00,16
2026-05-04,Huevo con Chorizo,16.50000000000000000000,18.00,6
2026-08-07,Asado,9.25000000000000000000,10.00,3
2026-05-30,Bistec con Papas,7.25000000000000000000,8.00,5
2026-04-04,Huevo Cascabel,13.58333333333333333333,15.00,5
2026-04-16,Huevo Rojo,25.16666666666666666666,27.00,7
2026-04-23,Huevo con Nopal,4.50000000000000000000,5.00,3
2026-04-07,Requesón Picosito,9.33333333333333333333,10.00,5
2026-07-20,Bistec con Papas,7.50000000000000000000,8.00,3
2026-05-18,Frijoles,1.00000000000000000000,1.00,1
2026-08-18,Frijoles con Queso,19.0000000000000000,19.00,2
2026-08-12,Asado,11.25000000000000000000,13.00,6
2026-09-05,Requeson,8.0000000000000000,8.00,2
2026-03-18,Pollo con Mole,10.00000000000000000000,10.00,3
2026-04-30,Papa con Chorizo,11.50000000000000000000,13.00,7
2026-04-06,Huevo con Nopal,11.50000000000000000000,12.00,4
2026-08-29,Huevo con Nopal,8.33333333333333333333,9.00,4
2026-05-29,Huevo con Chorizo,18.16666666666666666666,20.00,5
2026-05-26,Nopal,5.50000000000000000000,6.00,2
2026-04-05,Queso,3.00000000000000000000,3.00,3
2026-08-29,Molida,28.83333333333333333333,31.00,10
2026-07-13,Requesón Picosito,2.00000000000000000000,2.00,2
2026-09-01,Cochinita,9.08333333333333333333,11.00,7
2026-05-28,Frijoles,2.0000000000000000,2.00,1
2026-04-22,Papa,8.33333333333333333333,9.00,3
2026-04-19,Bistec con Papas,10.00000000000000000000,10.00,3
2026-04-22,Huevo Cascabel,10.50000000000000000000,11.00,3
2026-08-25,Papa con Chorizo,10.50000000000000000000,12.00,5
2026-05-06,Requeson,4.50000000000000000000,5.00,3
2026-08-06,Huevo con Chorizo,6.00000000000000000000,6.00,4
2026-06-26,Requeson,5.00000000000000000000,5.00,2
2026-05-06,Papa con Chorizo,7.08333333333333333333,9.00,5
2026-05-09,Huevo con Chorizo,17.83333333333333333333,19.00,5
2026-08-28,Cochinita,24.83333333333333333333,27.00,8
2026-04-06,Requesón Picosito,10.0000000000000000,10.00,3
2026-05-12,Huevo con Chorizo,3.00000000000000000000,3.00,2
2026-04-23,Asado,10.33333333333333333333,12.00,6
2026-08-12,Huevo Verde,38.00000000000000000000,40.00,10
2026-05-26,Huevo Cascabel,8.00000000000000000000,9.00,5
2026-06-01,Huevo Cascabel,21.00000000000000000000,21.00,4
2026-04-23,Cochinita,14.00000000000000000000,14.00,3
2026-05-19,Requesón Picosito,3.0000000000000000,3.00,1
2026-04-01,Papa,6.50000000000000000000,7.00,3
2026-03-14,Requesón Picosito,6.0000000000000000,6.00,1
2026-06-11,Frijoles,1.00000000000000000000,1.00,1
2026-04-24,Huevo con Chorizo,4.00000000000000000000,4.00,3
2026-03-13,Deshebrada,62.33333333333333333333,66.00,13
2026-04-28,Huevo Cascabel,9.50000000000000000000,10.00,4
2026-04-19,Papa con Chorizo,29.91666666666666666666,33.00,10
2026-06-28,Huevo Cascabel,15.00000000000000000000,15.00,5
2026-08-01,Pollo con Mole,11.00000000000000000000,11.00,4
2026-06-20,Molida,25.33333333333333333333,27.00,9
2026-05-14,Papa,2.75000000000000000000,4.00,3
2026-03-31,Frijoles con Queso,22.50000000000000000000,23.00,3
2026-06-20,Huevo con Nopal,11.33333333333333333333,12.00,3
2026-03-09,Pollo con Mole,1.00000000000000000000,1.00,1
2026-06-28,Cochinita,25.00000000000000000000,28.00,9
2026-03-30,Requeson,10.00000000000000000000,10.00,3
2026-04-08,Queso,4.00000000000000000000,4.00,2
2026-03-25,Asado,5.25000000000000000000,6.00,5
2026-07-29,Frijoles con Queso,34.50000000000000000000,36.00,5
2026-03-27,Huevo Cascabel,23.50000000000000000000,24.00,7
2026-06-29,Frijoles,7.00000000000000000000,7.00,3
2026-04-10,Papa con Huevo,10.33333333333333333333,11.00,5
2026-06-22,Deshebrada,75.75000000000000000000,82.00,19
2026-06-16,Papa,5.00000000000000000000,5.00,2
2026-03-03,Huevo con Chorizo,8.00000000000000000000,8.00,4
2026-05-09,Papa con Huevo,12.33333333333333333333,13.00,4
2026-08-27,Papa,10.00000000000000000000,10.00,3
2026-08-18,Requeson,18.00000000000000000000,18.00,3
2026-05-15,Papa con Huevo,15.00000000000000000000,15.00,4
2026-03-31,Papa con Huevo,6.00000000000000000000,6.00,2
2026-08-10,Bistec con Papas,25.75000000000000000000,28.00,9
2026-06-22,Huevo Rojo,21.50000000000000000000,22.00,6
2026-05-07,Frijoles con Queso,13.00000000000000000000,13.00,3
2026-05-31,Requesón Picosito,5.00000000000000000000,5.00,3
2026-04-04,Asado,9.0000000000000000,9.00,2
2026-05-09,Huevo Verde,43.83333333333333333333,47.00,12
2026-06-06,Papa con Chorizo,14.50000000000000000000,15.00,6
2026-05-29,Cochinita,35.83333333333333333333,38.00,8
2026-07-03,Asado,14.00000000000000000000,14.00,5
2026-08-17,Molida,20.50000000000000000000,22.00,8
2026-07-24,Requeson,4.25000000000000000000,5.00,4
2026-05-18,Chicharrón,26.83333333333333333333,29.00,9
2026-06-14,Pollo con Mole,11.33333333333333333333,13.00,7
2026-04-14,Deshebrada,43.25000000000000000000,46.00,10
2026-08-19,Frijoles con Queso,18.20000000000000000000,19.00,5
2026-07-27,Papa con Chorizo,11.50000000000000000000,12.00,4
2026-07-10,Molida,8.33333333333333333333,9.00,4
2026-08-23,Molida,34.41666666666666666666,37.00,9
2026-04-01,Bistec con Papas,17.0000000000000000,17.00,4
2026-06-19,Nopal,4.50000000000000000000,5.00,3
2026-08-07,Pollo con Mole,9.50000000000000000000,10.00,4
2026-08-19,Huevo Verde,33.58333333333333333333,36.00,9
2026-08-05,Frijoles,1.00000000000000000000,1.00,1
2026-08-13,Huevo Cascabel,9.50000000000000000000,10.00,3
2026-05-24,Molida,16.00000000000000000000,16.00,6
2026-08-06,Deshebrada,48.50000000000000000000,50.00,11
2026-04-11,Huevo Cascabel,10.00000000000000000000,10.00,3
2026-05-13,Bistec con Papas,7.00000000000000000000,7.00,3
2026-03-29,Cochinita,27.83333333333333333333,29.00,6
2026-06-02,Frijoles,1.00000000000000000000,1.00,1
2026-07-05,Frijoles,4.00000000000000000000,4.00,2
2026-07-14,Huevo Rojo,11.75000000000000000000,13.00,4
2026-05-13,Deshebrada,34.00000000000000000000,36.00,12
2026-08-13,Papa con Chorizo,8.00000000000000000000,9.00,5
2026-08-16,Huevo con Nopal,15.25000000000000000000,16.00,4
2026-06-04,Huevo Cascabel,11.00000000000000000000,12.00,6
2026-05-02,Deshebrada,49.33333333333333333333,52.00,15
2026-07-06,Queso,5.00000000000000000000,5.00,3
2026-06-18,Molida,15.50000000000000000000,16.00,4
2026-04-28,Frijoles,4.0000000000000000,4.00,1
2026-03-01,Barbacoa,41.83333333333333333333,43.00,8
2026-04-06,Cochinita,20.33333333333333333333,22.00,8
2026-07-02,Asado,8.50000000000000000000,9.00,4
2026-03-19,Huevo con Nopal,4.00000000000000000000,4.00,2
2026-05-15,Frijoles,2.0000000000000000,2.00,1
2026-07-24,Cochinita,23.00000000000000000000,25.00,8
2026-03-10,Requeson,2.00000000000000000000,2.00,2
2026-07-23,Asado,7.0000000000000000,7.00,2
2026-06-15,Frijoles con Queso,14.50000000000000000000,15.00,5
2026-07-08,Papa con Chorizo,7.50000000000000000000,8.00,4
2026-08-15,Requesón Picosito,12.25000000000000000000,13.00,4
2026-06-27,Requesón Picosito,16.08333333333333333333,18.00,6
2026-05-20,Chicharrón,37.50000000000000000000,40.00,7
2026-05-15,Asado,16.33333333333333333333,17.00,6
2026-04-22,Nopal,4.50000000000000000000,5.00,3
2026-08-31,Barbacoa,9.50000000000000000000,10.00,5
2026-06-07,Papa con Huevo,11.00000000000000000000,11.00,4
2026-05-13,Huevo Verde,47.0000000000000000,47.00,3
2026-08-31,Queso,4.00000000000000000000,4.00,3
2026-08-12,Frijoles,5.00000000000000000000,5.00,2
2026-07-28,Asado,6.0000000000000000,6.00,1
2026-04-04,Bistec con Papas,20.50000000000000000000,22.00,5
2026-03-10,Huevo Verde,28.00000000000000000000,29.00,7
2026-04-08,Deshebrada,41.44999999999999999999,47.00,15
2026-04-15,Papa con Huevo,7.50000000000000000000,8.00,2
2026-07-22,Papa con Huevo,12.00000000000000000000,12.00,5
2026-07-16,Bistec con Papas,12.00000000000000000000,14.00,6
2026-03-18,Requeson,3.00000000000000000000,3.00,2
2026-06-23,Requeson,3.0000000000000000,3.00,1
2026-08-18,Huevo con Chorizo,6.00000000000000000000,6.00,3
2026-07-03,Queso,2.0000000000000000,2.00,1
2026-08-04,Deshebrada,55.58333333333333333333,58.00,15
2026-07-12,Papa con Huevo,16.00000000000000000000,16.00,2
2026-03-30,Cochinita,26.50000000000000000000,27.00,7
2026-04-24,Papa,10.0000000000000000,10.00,1
2026-08-01,Nopal,7.50000000000000000000,8.00,5
2026-03-15,Pollo con Mole,15.00000000000000000000,15.00,4
2026-08-18,Papa,15.0000000000000000,15.00,3
2026-07-04,Chicharrón,48.25000000000000000000,50.00,10
2026-03-31,Cochinita,11.33333333333333333333,13.00,6
2026-04-02,Queso,3.00000000000000000000,3.00,2
2026-08-08,Asado,9.00000000000000000000,10.00,6
2026-09-05,Molida,21.66666666666666666667,24.00,8
2026-06-19,Deshebrada,60.00000000000000000000,61.00,10
2026-06-03,Frijoles con Queso,14.50000000000000000000,15.00,4
2026-03-26,Queso,1.00000000000000000000,1.00,1
2026-07-09,Molida,9.50000000000000000000,10.00,4
2026-04-03,Requeson,10.00000000000000000000,11.00,4
2026-06-12,Bistec con Papas,12.00000000000000000000,12.00,6
2026-04-22,Papa con Huevo,8.0000000000000000,8.00,2
2026-08-17,Asado,8.33333333333333333333,9.00,4
2026-04-01,Asado,10.00000000000000000000,10.00,4
2026-07-11,Huevo con Nopal,4.0000000000000000,4.00,1
2026-04-22,Queso,4.00000000000000000000,4.00,2
2026-07-15,Frijoles,2.0000000000000000,2.00,1
2026-08-29,Cochinita,20.50000000000000000000,21.00,7
2026-08-06,Frijoles,6.0000000000000000,6.00,1
2026-06-02,Queso,1.00000000000000000000,1.00,1
2026-04-11,Nopal,4.50000000000000000000,5.00,4
2026-03-24,Papa con Huevo,3.00000000000000000000,4.00,3
2026-07-09,Huevo con Chorizo,6.00000000000000000000,6.00,3
2026-07-12,Barbacoa,77.50000000000000000000,78.00,5
2026-03-01,Frijoles,2.0000000000000000,2.00,1
2026-07-18,Huevo con Nopal,4.0000000000000000,4.00,1
2026-04-27,Papa con Huevo,4.50000000000000000000,5.00,3
2026-09-02,Bistec con Papas,9.33333333333333333333,10.00,3
2026-06-13,Huevo Verde,73.00000000000000000000,78.00,13
2026-03-19,Queso,1.00000000000000000000,1.00,1
2026-09-05,Nopal,5.0000000000000000,5.00,1
2026-05-19,Molida,10.33333333333333333333,11.00,4
2026-03-20,Frijoles con Queso,10.00000000000000000000,11.00,4
2026-08-04,Asado,9.00000000000000000000,9.00,4
2026-08-12,Huevo con Chorizo,7.50000000000000000000,8.00,3
2026-08-10,Huevo Cascabel,12.50000000000000000000,14.00,5
2026-04-16,Huevo Verde,33.50000000000000000000,36.00,9
2026-07-11,Asado,8.00000000000000000000,8.00,2
2026-07-13,Pollo con Mole,5.83333333333333333333,7.00,4
2026-05-25,Requeson,1.00000000000000000000,1.00,1
2026-04-28,Chicharrón,26.25000000000000000000,29.00,8
2026-06-28,Papa con Chorizo,22.08333333333333333333,25.00,9
2026-09-03,Papa con Huevo,5.50000000000000000000,6.00,3
2026-06-01,Huevo con Nopal,5.00000000000000000000,5.00,2
2026-07-09,Requeson,1.00000000000000000000,1.00,1
2026-07-02,Huevo con Nopal,8.50000000000000000000,9.00,5
2026-05-31,Queso,10.00000000000000000000,10.00,3
2026-05-06,Huevo Rojo,19.08333333333333333333,22.00,7
2026-06-23,Requesón Picosito,5.25000000000000000000,6.00,4
2026-09-04,Requesón Picosito,6.33333333333333333333,7.00,4
2026-06-30,Requeson,9.50000000000000000000,10.00,3
2026-08-14,Pollo con Mole,8.50000000000000000000,9.00,3
2026-09-02,Papa con Huevo,2.75000000000000000000,4.00,4
2026-06-02,Huevo Cascabel,16.33333333333333333333,17.00,5
2026-09-03,Chicharrón,20.83333333333333333332,27.00,15
2026-07-06,Pollo con Mole,20.50000000000000000000,21.00,4
2026-05-06,Huevo con Nopal,8.08333333333333333333,10.00,4
2026-06-23,Pollo con Mole,4.25000000000000000000,5.00,2
2026-04-01,Huevo con Chorizo,14.00000000000000000000,14.00,4
2026-05-08,Cochinita,5.50000000000000000000,6.00,4
2026-06-23,Huevo con Nopal,4.00000000000000000000,4.00,3
2026-06-13,Queso,7.00000000000000000000,7.00,2
2026-05-31,Papa,21.00000000000000000000,21.00,5
2026-05-06,Bistec con Papas,14.00000000000000000000,14.00,3
2026-04-21,Papa con Huevo,7.00000000000000000000,7.00,4
2026-08-10,Cochinita,19.00000000000000000000,21.00,10
2026-06-26,Bistec con Papas,17.0000000000000000,17.00,3
2026-07-19,Requeson,6.00000000000000000000,6.00,2
2026-08-02,Molida,18.25000000000000000000,19.00,4
2026-05-24,Asado,15.50000000000000000000,16.00,5
2026-09-01,Pollo con Mole,5.25000000000000000000,6.00,3
2026-03-18,Frijoles con Queso,19.0000000000000000,19.00,4
2026-03-13,Pollo con Mole,7.0000000000000000,7.00,1
2026-06-15,Cochinita,18.0000000000000000,18.00,3
2026-04-08,Papa con Chorizo,11.0000000000000000,11.00,2
2026-04-19,Deshebrada,99.99999999999999999999,106.00,18
2026-06-12,Huevo Cascabel,12.00000000000000000000,12.00,4
2026-07-10,Bistec con Papas,14.83333333333333333333,16.00,7
2026-04-27,Frijoles con Queso,4.00000000000000000000,4.00,2
2026-07-23,Huevo con Chorizo,8.00000000000000000000,8.00,4
2026-07-08,Huevo con Chorizo,10.00000000000000000000,10.00,5
2026-05-21,Cochinita,17.25000000000000000000,19.00,6
2026-06-05,Requeson,2.00000000000000000000,2.00,2
2026-06-13,Asado,8.25000000000000000000,9.00,4
2026-03-08,Bistec con Papas,11.25000000000000000000,13.00,7
2026-03-22,Asado,9.00000000000000000000,10.00,5
2026-07-22,Barbacoa,2.00000000000000000000,2.00,2
2026-04-28,Huevo Verde,27.50000000000000000000,30.00,8
2026-07-14,Nopal,12.0000000000000000,12.00,3
2026-06-24,Papa,18.00000000000000000000,18.00,3
2026-06-16,Deshebrada,41.25000000000000000000,43.00,12
2026-09-05,Queso,1.00000000000000000000,1.00,1
2026-03-19,Papa con Huevo,3.50000000000000000000,4.00,2
2026-04-14,Bistec con Papas,9.0000000000000000,9.00,2
2026-07-18,Pollo con Mole,12.0000000000000000,12.00,3
2026-07-08,Huevo Cascabel,13.66666666666666666666,15.00,6
2026-03-06,Huevo con Chorizo,9.00000000000000000000,10.00,3
2026-03-12,Huevo Verde,47.00000000000000000000,48.00,8
2026-07-22,Asado,11.33333333333333333333,12.00,4
2026-03-29,Chicharrón,47.50000000000000000000,49.00,9
2026-05-23,Molida,15.91666666666666666666,18.00,8
2026-07-27,Huevo Verde,37.50000000000000000000,40.00,9
2026-04-06,Asado,10.0000000000000000,10.00,2
2026-07-18,Nopal,6.0000000000000000,6.00,1
2026-03-01,Pollo con Mole,12.86666666666666666666,15.00,7
2026-05-18,Huevo Verde,42.83333333333333333333,45.00,10
2026-06-28,Requesón Picosito,10.00000000000000000000,10.00,3
2026-04-20,Molida,26.00000000000000000000,27.00,6
2026-08-27,Chicharrón,27.83333333333333333333,31.00,10
2026-03-20,Huevo Rojo,17.50000000000000000000,18.00,3
2026-03-08,Barbacoa,42.33333333333333333333,44.00,9
2026-07-23,Papa con Chorizo,12.00000000000000000000,12.00,4
2026-06-09,Bistec con Papas,15.33333333333333333333,16.00,7
2026-04-04,Deshebrada,83.58333333333333333333,91.00,18
2026-05-03,Papa con Huevo,14.00000000000000000000,14.00,3
2026-03-28,Papa con Huevo,25.00000000000000000000,25.00,4
2026-03-24,Chicharrón,32.75000000000000000000,36.00,11
2026-05-28,Huevo con Chorizo,9.33333333333333333333,10.00,7
2026-04-11,Deshebrada,77.83333333333333333333,80.00,11
2026-08-26,Huevo Cascabel,10.00000000000000000000,10.00,2
2026-07-23,Requesón Picosito,3.50000000000000000000,4.00,3
2026-04-21,Bistec con Papas,7.50000000000000000000,8.00,3
2026-03-25,Huevo con Chorizo,4.0000000000000000,4.00,2
2026-09-02,Nopal,5.00000000000000000000,7.00,3
2026-09-03,Nopal,5.00000000000000000000,5.00,2
2026-03-17,Huevo con Nopal,8.0000000000000000,8.00,1
2026-08-14,Huevo con Nopal,4.00000000000000000000,4.00,2
2026-05-13,Cochinita,14.00000000000000000000,14.00,4
2026-03-30,Queso,3.0000000000000000,3.00,1
2026-03-08,Asado,22.58333333333333333333,24.00,6
2026-04-26,Huevo con Nopal,13.50000000000000000000,14.00,3
2026-08-30,Papa con Chorizo,20.75000000000000000000,22.00,6
2026-08-28,Deshebrada,61.83333333333333333333,65.00,12
2026-05-30,Papa con Huevo,16.00000000000000000000,16.00,4
2026-03-27,Pollo con Mole,10.50000000000000000000,11.00,5
2026-06-01,Huevo Verde,40.58333333333333333333,42.00,8
2026-08-11,Bistec con Papas,11.0000000000000000,11.00,3
2026-05-11,Barbacoa,11.0000000000000000,11.00,3
2026-07-04,Requeson,2.0000000000000000,2.00,1
2026-06-21,Pollo con Mole,14.00000000000000000000,15.00,5
2026-06-03,Asado,6.00000000000000000000,6.00,4
2026-07-06,Papa,9.50000000000000000000,10.00,2
2026-04-29,Nopal,2.50000000000000000000,3.00,2
2026-08-30,Frijoles,11.00000000000000000000,11.00,2
2026-08-28,Papa con Huevo,8.00000000000000000000,9.00,6
2026-09-04,Molida,14.00000000000000000000,14.00,5
2026-03-06,Huevo Verde,29.83333333333333333333,32.00,10
2026-05-22,Nopal,3.00000000000000000000,3.00,2
2026-07-29,Huevo con Nopal,15.00000000000000000000,15.00,3
2026-03-12,Papa,4.0000000000000000,4.00,1
2026-06-15,Nopal,3.50000000000000000000,4.00,3
2026-05-10,Papa con Chorizo,26.50000000000000000000,27.00,6
2026-05-14,Huevo Cascabel,8.33333333333333333333,9.00,3
2026-08-01,Huevo Rojo,33.20000000000000000000,35.00,10
2026-05-23,Huevo con Nopal,11.0000000000000000,11.00,3
2026-04-22,Asado,2.33333333333333333333,3.00,3
2026-04-04,Huevo Verde,58.91666666666666666666,66.00,16
2026-05-24,Huevo Verde,96.00000000000000000000,99.00,10
2026-08-09,Molida,20.33333333333333333333,21.00,6
2026-08-03,Papa con Chorizo,10.00000000000000000000,10.00,5
2026-08-12,Nopal,3.00000000000000000000,3.00,2
2026-08-15,Queso,8.00000000000000000000,8.00,3
2026-04-29,Huevo Verde,34.50000000000000000000,35.00,6
2026-03-22,Nopal,2.0000000000000000,2.00,1
2026-07-30,Molida,12.50000000000000000000,13.00,6
2026-03-04,Frijoles con Queso,10.25000000000000000000,11.00,3
2026-04-15,Papa con Chorizo,2.00000000000000000000,3.00,3
2026-04-03,Barbacoa,28.00000000000000000000,29.00,7
2026-07-06,Chicharrón,35.50000000000000000000,38.00,8
2026-08-04,Frijoles con Queso,11.50000000000000000000,12.00,4
2026-05-27,Frijoles,1.00000000000000000000,1.00,1
2026-04-19,Queso,6.00000000000000000000,6.00,4
2026-03-19,Deshebrada,54.00000000000000000000,57.00,13
2026-04-29,Molida,10.50000000000000000000,11.00,5
2026-06-16,Asado,9.25000000000000000000,10.00,4
2026-08-06,Asado,5.00000000000000000000,5.00,3
2026-06-23,Papa con Huevo,6.00000000000000000000,6.00,3
2026-08-11,Huevo con Chorizo,12.00000000000000000000,12.00,5
2026-06-10,Molida,4.50000000000000000000,6.00,5
2026-08-10,Huevo Verde,40.25000000000000000000,42.00,8
2026-05-10,Molida,19.75000000000000000000,21.00,7
2026-06-25,Molida,27.00000000000000000000,28.00,6
2026-09-04,Pollo con Mole,3.00000000000000000000,3.00,3
2026-03-28,Deshebrada,89.33333333333333333333,93.00,15
2026-06-20,Papa,14.75000000000000000000,16.00,4
2026-08-01,Papa con Huevo,26.00000000000000000000,27.00,6
2026-04-25,Papa con Huevo,15.00000000000000000000,15.00,6
2026-05-30,Huevo con Nopal,6.50000000000000000000,7.00,2
2026-03-11,Queso,1.00000000000000000000,1.00,1
2026-04-03,Frijoles,8.00000000000000000000,8.00,3
2026-03-23,Queso,2.00000000000000000000,2.00,2
2026-08-20,Papa con Chorizo,8.25000000000000000000,9.00,4
2026-04-17,Huevo Rojo,12.50000000000000000000,13.00,5
2026-05-07,Asado,8.50000000000000000000,9.00,3
2026-03-17,Papa,6.00000000000000000000,6.00,4
2026-08-28,Pollo con Mole,5.50000000000000000000,6.00,2
2026-06-27,Asado,10.00000000000000000000,10.00,3
2026-08-22,Frijoles,2.00000000000000000000,2.00,2
2026-03-12,Frijoles,2.0000000000000000,2.00,1
2026-06-18,Huevo con Nopal,5.0000000000000000,5.00,2
2026-03-14,Barbacoa,31.00000000000000000000,32.00,7
2026-08-22,Cochinita,28.00000000000000000000,32.00,9
2026-03-03,Papa,0.33333333333333333333,1.00,1
2026-04-08,Frijoles,1.00000000000000000000,1.00,1
2026-08-08,Barbacoa,46.75000000000000000000,48.00,9
2026-08-04,Cochinita,12.50000000000000000000,13.00,5
2026-08-13,Huevo con Chorizo,11.00000000000000000000,12.00,7
2026-05-02,Papa con Chorizo,11.25000000000000000000,12.00,5
2026-06-07,Huevo con Chorizo,8.0000000000000000,8.00,3
2026-04-23,Molida,8.83333333333333333333,10.00,4
2026-08-04,Frijoles,2.0000000000000000,2.00,1
2026-05-02,Cochinita,22.25000000000000000000,24.00,9
2026-05-20,Pollo con Mole,5.00000000000000000000,6.00,5
2026-08-31,Chicharrón,28.66666666666666666666,31.00,10
2026-06-13,Frijoles,5.00000000000000000000,5.00,2
2026-08-23,Pollo con Mole,13.25000000000000000000,16.00,8
2026-05-08,Papa,3.0000000000000000,3.00,1
2026-04-25,Huevo con Chorizo,13.50000000000000000000,14.00,4
2026-05-22,Molida,19.00000000000000000000,20.00,4
2026-06-18,Papa con Chorizo,2.00000000000000000000,2.00,2
2026-03-14,Bistec con Papas,8.00000000000000000000,8.00,5
2026-05-24,Pollo con Mole,7.25000000000000000000,8.00,4
2026-05-31,Frijoles,9.0000000000000000,9.00,1
2026-09-05,Huevo con Nopal,6.50000000000000000000,7.00,5
2026-05-04,Chicharrón,47.08333333333333333333,51.00,11
2026-08-31,Bistec con Papas,7.50000000000000000000,8.00,3
2026-08-07,Requesón Picosito,4.0000000000000000,4.00,2
2026-05-21,Asado,11.50000000000000000000,13.00,5
2026-04-14,Papa,4.0000000000000000,4.00,1
2026-03-09,Papa con Huevo,9.00000000000000000000,9.00,3
2026-06-18,Bistec con Papas,10.50000000000000000000,11.00,4
2026-03-29,Molida,12.33333333333333333333,14.00,6
2026-05-15,Barbacoa,27.00000000000000000000,28.00,7
2026-03-13,Nopal,8.00000000000000000000,8.00,2
2026-07-10,Huevo con Chorizo,11.33333333333333333333,12.00,4
2026-08-30,Chicharrón,56.83333333333333333333,63.00,16
2026-06-19,Papa con Huevo,9.75000000000000000000,11.00,4
2026-07-27,Huevo Cascabel,23.0000000000000000,23.00,2
2026-08-04,Bistec con Papas,7.00000000000000000000,7.00,2
2026-06-28,Requeson,7.25000000000000000000,8.00,3
2026-03-23,Huevo Rojo,14.25000000000000000000,16.00,5
2026-03-10,Cochinita,10.00000000000000000000,10.00,3
2026-03-09,Chicharrón,38.50000000000000000000,41.00,10
2026-08-07,Huevo con Nopal,8.0000000000000000,8.00,2
2026-04-30,Queso,1.00000000000000000000,1.00,1
2026-03-29,Huevo Cascabel,13.50000000000000000000,14.00,4
2026-05-13,Papa con Chorizo,6.50000000000000000000,7.00,2
2026-04-10,Chicharrón,25.25000000000000000000,26.00,5
2026-06-29,Molida,10.50000000000000000000,11.00,2
2026-06-28,Huevo Rojo,49.50000000000000000000,52.00,10
2026-08-15,Huevo Verde,30.50000000000000000000,32.00,8
2026-07-20,Deshebrada,25.50000000000000000000,26.00,6
2026-05-28,Huevo Cascabel,11.00000000000000000000,11.00,3
2026-05-02,Barbacoa,27.00000000000000000000,29.00,8
2026-07-29,Huevo con Chorizo,12.33333333333333333333,13.00,5
2026-08-19,Huevo Rojo,8.0000000000000000,8.00,2
2026-05-05,Nopal,2.00000000000000000000,2.00,2
2026-08-05,Molida,8.00000000000000000000,11.00,6
2026-08-16,Nopal,8.0000000000000000,8.00,2
2026-07-20,Huevo Rojo,22.50000000000000000000,23.00,6
2026-07-05,Queso,2.0000000000000000,2.00,1
2026-08-08,Requeson,6.0000000000000000,6.00,2
2026-08-27,Papa con Huevo,3.0000000000000000,3.00,1
2026-06-26,Deshebrada,64.16666666666666666666,66.00,9
2026-09-02,Asado,5.83333333333333333333,8.00,5
2026-05-16,Frijoles,1.00000000000000000000,1.00,1
2026-08-03,Chicharrón,46.75000000000000000000,50.00,12
2026-05-10,Frijoles con Queso,28.0000000000000000,28.00,2
2026-09-01,Frijoles,1.00000000000000000000,1.00,1
2026-08-21,Deshebrada,54.50000000000000000000,57.00,9
2026-03-08,Papa,5.00000000000000000000,5.00,4
2026-05-20,Cochinita,15.50000000000000000000,16.00,5
2026-06-20,Requesón Picosito,7.33333333333333333333,8.00,4
2026-04-07,Huevo Rojo,16.33333333333333333333,18.00,5
2026-06-17,Papa,2.0000000000000000,2.00,1
2026-06-01,Frijoles con Queso,19.75000000000000000000,21.00,4
2026-05-13,Papa con Huevo,5.0000000000000000,5.00,1
2026-04-30,Frijoles,1.00000000000000000000,1.00,1
2026-05-30,Huevo con Chorizo,21.00000000000000000000,21.00,4
2026-04-21,Deshebrada,29.00000000000000000000,30.00,7
2026-03-01,Bistec con Papas,9.45000000000000000000,12.00,7
2026-04-11,Pollo con Mole,14.00000000000000000000,14.00,5
2026-07-09,Chicharrón,23.00000000000000000000,23.00,6
2026-08-29,Huevo con Chorizo,5.66666666666666666666,7.00,5
2026-03-14,Pollo con Mole,15.00000000000000000000,15.00,4
2026-06-10,Papa,10.0000000000000000,10.00,1
2026-07-13,Bistec con Papas,15.50000000000000000000,18.00,5
2026-03-06,Chicharrón,28.83333333333333333333,32.00,9
2026-06-27,Huevo con Nopal,13.00000000000000000000,13.00,4
2026-06-14,Huevo Cascabel,27.25000000000000000000,28.00,6
2026-08-31,Huevo Cascabel,9.33333333333333333333,10.00,3
2026-07-30,Chicharrón,43.75000000000000000000,47.00,10
2026-05-14,Huevo con Chorizo,7.0000000000000000,7.00,2
2026-03-05,Papa,1.00000000000000000000,1.00,1
2026-03-24,Cochinita,7.75000000000000000000,10.00,5
2026-04-22,Huevo Rojo,27.50000000000000000000,28.00,6
2026-07-06,Papa con Chorizo,10.33333333333333333333,12.00,6
2026-08-14,Barbacoa,31.00000000000000000000,32.00,7
2026-05-01,Huevo Rojo,30.00000000000000000000,31.00,5
2026-06-29,Papa con Huevo,6.00000000000000000000,6.00,3
2026-08-19,Requeson,1.00000000000000000000,1.00,1
2026-04-18,Queso,10.00000000000000000000,10.00,6
2026-06-04,Frijoles con Queso,14.00000000000000000000,16.00,5
2026-04-04,Papa,10.0000000000000000,10.00,2
2026-08-11,Pollo con Mole,9.0000000000000000,9.00,2
2026-08-04,Huevo con Nopal,10.00000000000000000000,10.00,2
2026-08-18,Requesón Picosito,4.00000000000000000000,4.00,3
2026-05-11,Huevo Verde,42.50000000000000000000,43.00,4
2026-05-12,Cochinita,8.0000000000000000,8.00,2
2026-05-12,Huevo Cascabel,8.83333333333333333333,10.00,4
2026-07-07,Huevo Cascabel,14.50000000000000000000,15.00,3
2026-06-04,Huevo Verde,46.83333333333333333333,50.00,11
2026-07-29,Cochinita,17.50000000000000000000,18.00,5
2026-05-03,Pollo con Mole,6.00000000000000000000,7.00,7
2026-04-16,Papa con Chorizo,10.0000000000000000,10.00,2
2026-05-31,Papa con Chorizo,28.75000000000000000000,30.00,5
2026-03-23,Papa con Chorizo,8.00000000000000000000,9.00,5
2026-04-14,Asado,6.83333333333333333333,9.00,4
2026-04-23,Huevo Verde,33.50000000000000000000,36.00,5
2026-04-03,Asado,22.50000000000000000000,23.00,3
2026-03-07,Requeson,6.00000000000000000000,6.00,2
2026-03-28,Asado,10.50000000000000000000,11.00,5
2026-07-22,Queso,1.00000000000000000000,1.00,1
2026-06-22,Requesón Picosito,3.66666666666666666667,5.00,4
2026-07-16,Huevo Cascabel,11.33333333333333333333,12.00,4
2026-03-30,Papa con Huevo,8.50000000000000000000,9.00,3
2026-07-17,Requesón Picosito,7.75000000000000000000,9.00,6
2026-09-04,Huevo Rojo,7.50000000000000000000,8.00,2
2026-07-30,Huevo con Chorizo,11.00000000000000000000,11.00,3
2026-05-08,Molida,5.00000000000000000000,6.00,3
2026-08-24,Huevo Verde,51.25000000000000000000,53.00,10
2026-05-16,Deshebrada,63.50000000000000000000,67.00,14
2026-06-04,Chicharrón,30.83333333333333333333,34.00,9
2026-05-21,Requeson,3.00000000000000000000,3.00,3
2026-04-28,Requesón Picosito,1.00000000000000000000,1.00,1
2026-07-26,Deshebrada,76.24999999999999999999,81.00,17
2026-04-19,Requesón Picosito,17.83333333333333333333,19.00,5
2026-07-15,Deshebrada,53.16666666666666666666,57.00,15
2026-04-14,Huevo Verde,30.50000000000000000000,32.00,8
2026-04-20,Frijoles con Queso,10.50000000000000000000,11.00,3
2026-05-04,Papa con Huevo,14.75000000000000000000,16.00,5
2026-05-23,Queso,5.0000000000000000,5.00,2
2026-07-01,Papa,4.0000000000000000,4.00,1
2026-04-15,Asado,8.0000000000000000,8.00,3
2026-07-28,Cochinita,34.83333333333333333333,37.00,9
2026-03-03,Deshebrada,27.83333333333333333333,29.00,6
2026-07-31,Huevo Rojo,32.0000000000000000,32.00,4
2026-04-03,Papa,19.00000000000000000000,20.00,4
2026-07-04,Requesón Picosito,11.00000000000000000000,11.00,3
2026-07-18,Papa con Chorizo,9.83333333333333333333,11.00,6
2026-03-20,Papa con Chorizo,12.00000000000000000000,12.00,3
2026-08-16,Frijoles con Queso,29.33333333333333333333,30.00,4
2026-04-06,Requeson,5.00000000000000000000,5.00,2
2026-03-11,Nopal,4.0000000000000000,4.00,2
2026-07-06,Deshebrada,58.50000000000000000000,61.00,11
2026-04-26,Huevo con Chorizo,12.50000000000000000000,15.00,8
2026-05-05,Requesón Picosito,2.00000000000000000000,2.00,2
2026-04-07,Asado,7.33333333333333333333,9.00,6
2026-07-27,Frijoles,2.00000000000000000000,2.00,2
2026-07-10,Papa con Chorizo,11.33333333333333333333,12.00,4
2026-06-14,Queso,5.00000000000000000000,5.00,4
2026-06-04,Huevo Rojo,19.00000000000000000000,19.00,4
2026-04-13,Frijoles,1.00000000000000000000,1.00,1
2026-06-12,Huevo con Chorizo,13.00000000000000000000,13.00,5
2026-07-19,Chicharrón,50.00000000000000000000,51.00,7
2026-03-09,Requeson,2.0000000000000000,2.00,1
2026-04-03,Nopal,6.50000000000000000000,7.00,2
2026-05-29,Papa con Huevo,5.33333333333333333333,6.00,2
2026-03-27,Nopal,5.0000000000000000,5.00,2
2026-05-29,Frijoles con Queso,18.00000000000000000000,19.00,5
2026-03-04,Huevo con Nopal,0.25000000000000000000,1.00,1
2026-04-09,Papa con Huevo,20.00000000000000000000,20.00,5
2026-04-18,Cochinita,26.50000000000000000000,28.00,8
2026-03-07,Huevo Rojo,38.50000000000000000000,39.00,6
2026-07-01,Molida,37.50000000000000000000,42.00,10
2026-07-15,Papa con Chorizo,6.83333333333333333333,9.00,7
2026-08-02,Huevo Rojo,46.50000000000000000000,47.00,6
2026-03-19,Requeson,4.0000000000000000,4.00,1
2026-06-02,Huevo con Nopal,1.00000000000000000000,1.00,1
2026-07-11,Papa con Chorizo,11.50000000000000000000,13.00,5
2026-03-25,Cochinita,14.25000000000000000000,17.00,8
2026-03-19,Bistec con Papas,11.0000000000000000,11.00,2
2026-06-15,Huevo con Nopal,3.00000000000000000000,4.00,3
2026-03-17,Papa con Huevo,4.00000000000000000000,5.00,4
2026-07-30,Papa con Huevo,12.50000000000000000000,13.00,5
2026-04-01,Deshebrada,41.00000000000000000000,42.00,9
2026-03-06,Frijoles,2.00000000000000000000,2.00,2
2026-07-06,Huevo Rojo,13.50000000000000000000,15.00,5
2026-03-22,Deshebrada,83.83333333333333333333,89.00,16
2026-03-24,Pollo con Mole,7.00000000000000000000,7.00,3
2026-09-02,Cochinita,5.50000000000000000000,7.00,5
2026-03-23,Papa con Huevo,11.50000000000000000000,12.00,4
2026-03-08,Requesón Picosito,8.0000000000000000,8.00,1
2026-06-12,Huevo Verde,43.50000000000000000000,44.00,5
2026-04-17,Huevo con Nopal,4.0000000000000000,4.00,2
2026-04-26,Huevo Verde,63.00000000000000000000,67.00,12
2026-07-27,Nopal,3.0000000000000000,3.00,1
2026-06-26,Queso,4.00000000000000000000,4.00,3
2026-05-28,Deshebrada,45.00000000000000000000,46.00,10
2026-07-09,Barbacoa,0.50000000000000000000,1.00,1
2026-06-20,Queso,3.00000000000000000000,3.00,2
2026-03-09,Huevo con Chorizo,19.00000000000000000000,19.00,5
2026-07-14,Barbacoa,2.50000000000000000000,3.00,2
2026-08-02,Asado,16.00000000000000000000,16.00,5
2026-06-05,Papa con Chorizo,11.50000000000000000000,12.00,6
2026-05-30,Deshebrada,113.75000000000000000000,117.00,12
2026-05-08,Huevo Rojo,20.50000000000000000000,21.00,4
2026-08-15,Pollo con Mole,7.50000000000000000000,8.00,4
2026-04-20,Huevo Verde,47.00000000000000000000,50.00,10
2026-05-31,Nopal,6.00000000000000000000,6.00,2
2026-05-25,Deshebrada,49.83333333333333333333,56.00,19
2026-05-15,Deshebrada,66.00000000000000000000,68.00,11
2026-03-07,Huevo con Nopal,9.50000000000000000000,10.00,5
2026-05-20,Molida,13.50000000000000000000,14.00,5
2026-08-23,Deshebrada,82.53333333333333333333,87.00,16
2026-07-17,Frijoles,6.00000000000000000000,6.00,3
2026-08-09,Cochinita,30.58333333333333333333,32.00,6
2026-06-19,Frijoles con Queso,8.50000000000000000000,9.00,2
2026-09-01,Papa,8.0000000000000000,8.00,1
2026-05-08,Deshebrada,42.00000000000000000000,45.00,15
2026-09-02,Huevo Rojo,13.83333333333333333333,16.00,6
2026-03-26,Requeson,3.00000000000000000000,3.00,2
2026-08-10,Nopal,2.00000000000000000000,2.00,2
2026-03-20,Deshebrada,73.25000000000000000000,75.00,9
2026-05-07,Papa,3.0000000000000000,3.00,1
2026-06-23,Huevo Rojo,18.00000000000000000000,18.00,5
2026-07-30,Frijoles con Queso,27.00000000000000000000,27.00,5
2026-03-18,Nopal,1.00000000000000000000,1.00,1
2026-03-24,Huevo Cascabel,9.50000000000000000000,11.00,6
2026-09-04,Cochinita,22.50000000000000000000,23.00,5
2026-05-27,Papa con Chorizo,31.66666666666666666666,33.00,6
2026-03-22,Papa,14.25000000000000000000,16.00,5
2026-03-15,Papa con Chorizo,19.83333333333333333333,21.00,6
2026-05-04,Deshebrada,64.08333333333333333333,68.00,17
2026-03-06,Papa con Chorizo,8.33333333333333333333,9.00,4
2026-08-05,Asado,6.00000000000000000000,6.00,4
2026-08-24,Frijoles con Queso,12.50000000000000000000,13.00,4
2026-04-28,Molida,13.50000000000000000000,14.00,4
2026-08-09,Chicharrón,56.75000000000000000000,62.00,14
2026-06-03,Huevo con Nopal,7.0000000000000000,7.00,1
2026-03-25,Requeson,2.0000000000000000,2.00,1
2026-07-16,Frijoles con Queso,9.75000000000000000000,11.00,4
2026-06-25,Chicharrón,37.08333333333333333333,40.00,9
2026-07-30,Huevo Rojo,21.75000000000000000000,23.00,8
2026-05-24,Huevo con Chorizo,12.00000000000000000000,13.00,6
2026-05-19,Huevo con Chorizo,4.50000000000000000000,5.00,2
2026-03-14,Frijoles con Queso,22.00000000000000000000,24.00,5
2026-03-21,Chicharrón,40.25000000000000000000,43.00,8
2026-03-23,Cochinita,12.28333333333333333333,15.00,9
2026-05-31,Huevo con Chorizo,16.75000000000000000000,18.00,6
2026-06-09,Cochinita,20.0000000000000000,20.00,3
2026-07-11,Molida,21.75000000000000000000,23.00,7
2026-08-21,Frijoles,2.0000000000000000,2.00,1
2026-07-02,Chicharrón,38.75000000000000000000,40.00,6
2026-07-03,Frijoles,2.0000000000000000,2.00,1
2026-05-23,Huevo con Chorizo,13.25000000000000000000,15.00,7
2026-06-29,Requeson,1.00000000000000000000,1.00,1
2026-06-13,Deshebrada,71.25000000000000000000,75.00,20
2026-04-04,Molida,22.50000000000000000000,25.00,10
2026-07-27,Huevo Rojo,20.50000000000000000000,21.00,5
2026-03-30,Huevo Cascabel,10.25000000000000000000,11.00,5
2026-07-22,Huevo con Nopal,5.0000000000000000,5.00,2
2026-09-01,Frijoles con Queso,5.00000000000000000000,5.00,2
2026-06-05,Bistec con Papas,18.75000000000000000000,20.00,6
2026-04-27,Bistec con Papas,11.00000000000000000000,11.00,6
2026-04-02,Huevo con Nopal,3.00000000000000000000,3.00,3
2026-04-18,Papa con Huevo,22.25000000000000000000,23.00,4
2026-05-23,Bistec con Papas,11.58333333333333333333,14.00,7
2026-03-13,Papa con Huevo,11.75000000000000000000,13.00,5
2026-03-06,Huevo Cascabel,12.50000000000000000000,13.00,4
2026-05-01,Papa,8.0000000000000000,8.00,1
2026-04-03,Cochinita,42.00000000000000000000,43.00,7
2026-08-09,Papa con Chorizo,16.00000000000000000000,16.00,5
2026-08-27,Frijoles con Queso,6.50000000000000000000,7.00,3
2026-05-24,Huevo con Nopal,4.0000000000000000,4.00,1
2026-03-04,Papa con Chorizo,11.50000000000000000000,13.00,6
2026-05-29,Asado,15.25000000000000000000,16.00,4
2026-05-03,Huevo con Chorizo,15.00000000000000000000,16.00,7
2026-09-02,Deshebrada,33.83333333333333333333,37.00,10
2026-08-02,Papa,23.0000000000000000,23.00,3
2026-07-08,Frijoles,1.00000000000000000000,1.00,1
2026-06-10,Frijoles,1.00000000000000000000,1.00,1
2026-03-24,Papa con Chorizo,3.00000000000000000000,3.00,2
2026-07-31,Huevo Cascabel,12.83333333333333333333,14.00,5
2026-03-05,Papa con Huevo,6.25000000000000000000,7.00,4
2026-06-20,Huevo Rojo,30.25000000000000000000,32.00,8
2026-05-06,Huevo con Chorizo,4.0000000000000000,4.00,1
2026-05-26,Deshebrada,29.33333333333333333333,31.00,7
2026-03-20,Queso,1.00000000000000000000,1.00,1
2026-03-13,Molida,5.00000000000000000000,7.00,4
2026-03-06,Queso,2.0000000000000000,2.00,1
2026-05-10,Queso,12.00000000000000000000,12.00,2
2026-05-30,Papa,14.50000000000000000000,15.00,3
2026-04-19,Papa,5.0000000000000000,5.00,2
2026-05-10,Huevo Cascabel,22.50000000000000000000,23.00,5
2026-04-01,Requesón Picosito,14.50000000000000000000,15.00,4
2026-03-26,Huevo Rojo,17.50000000000000000000,18.00,6
2026-07-21,Papa con Chorizo,6.00000000000000000000,6.00,4
2026-06-26,Barbacoa,18.0000000000000000,18.00,3
2026-07-17,Pollo con Mole,15.0000000000000000,15.00,2
2026-06-30,Papa con Chorizo,11.78333333333333333333,14.00,7
2026-05-24,Chicharrón,42.00000000000000000000,44.00,10
2026-04-27,Requesón Picosito,7.00000000000000000000,7.00,2
2026-04-10,Nopal,5.50000000000000000000,6.00,4
2026-08-23,Papa con Huevo,7.20000000000000000000,9.00,7
2026-05-31,Huevo Verde,71.25000000000000000000,73.00,10
2026-07-20,Frijoles,1.00000000000000000000,1.00,1
2026-07-17,Cochinita,24.50000000000000000000,27.00,11
2026-05-24,Papa,18.50000000000000000000,20.00,7
2026-08-27,Queso,4.00000000000000000000,4.00,3
2026-05-22,Papa,14.25000000000000000000,15.00,4
2026-04-19,Cochinita,50.50000000000000000000,51.00,6
2026-08-23,Barbacoa,61.00000000000000000000,63.00,9
2026-08-08,Cochinita,43.08333333333333333333,45.00,8
2026-07-07,Requesón Picosito,8.00000000000000000000,8.00,4
2026-08-10,Chicharrón,33.75000000000000000000,35.00,6
2026-04-24,Barbacoa,39.0000000000000000,39.00,3
2026-03-23,Nopal,3.50000000000000000000,4.00,2
2026-07-30,Queso,4.0000000000000000,4.00,2
2026-06-19,Huevo con Nopal,6.50000000000000000000,7.00,3
2026-07-28,Huevo Rojo,19.00000000000000000000,20.00,6
2026-04-22,Chicharrón,28.50000000000000000000,31.00,8
2026-05-24,Bistec con Papas,11.75000000000000000000,13.00,8
2026-05-07,Pollo con Mole,3.00000000000000000000,3.00,3
2026-05-01,Molida,19.33333333333333333333,21.00,7
2026-06-01,Asado,8.00000000000000000000,8.00,3
2026-08-13,Huevo Verde,37.00000000000000000000,39.00,10
2026-04-28,Huevo Rojo,7.50000000000000000000,9.00,4
2026-05-04,Asado,3.50000000000000000000,4.00,3
2026-03-10,Molida,4.00000000000000000000,4.00,2
2026-08-09,Queso,3.00000000000000000000,3.00,2
2026-05-31,Pollo con Mole,17.50000000000000000000,18.00,5
2026-07-16,Asado,13.58333333333333333333,15.00,7
2026-07-06,Asado,8.00000000000000000000,8.00,4
2026-08-19,Huevo Cascabel,16.00000000000000000000,16.00,5
2026-08-17,Papa con Huevo,6.50000000000000000000,7.00,3
2026-03-11,Chicharrón,32.49999999999999999999,36.00,11
2026-08-17,Huevo Cascabel,9.0000000000000000,9.00,2
2026-09-04,Chicharrón,28.83333333333333333333,33.00,13
2026-08-01,Papa con Chorizo,11.00000000000000000000,11.00,4
2026-05-24,Frijoles con Queso,18.50000000000000000000,19.00,4
2026-07-31,Molida,21.50000000000000000000,22.00,5
2026-06-18,Requeson,1.50000000000000000000,2.00,2
2026-08-15,Requeson,1.00000000000000000000,1.00,1
2026-08-08,Frijoles con Queso,27.25000000000000000000,28.00,4
2026-07-15,Requesón Picosito,4.00000000000000000000,4.00,3
2026-06-20,Frijoles,6.0000000000000000,6.00,1
2026-04-02,Frijoles,3.00000000000000000000,3.00,2
2026-04-22,Molida,21.83333333333333333333,24.00,10
2026-04-24,Bistec con Papas,7.50000000000000000000,8.00,3
2026-06-12,Chicharrón,35.75000000000000000000,38.00,6
2026-08-15,Huevo Rojo,17.50000000000000000000,19.00,7
2026-03-04,Deshebrada,45.58333333333333333333,51.00,14
2026-06-02,Papa,8.00000000000000000000,8.00,4
2026-09-05,Frijoles con Queso,33.00000000000000000000,33.00,3
2026-03-02,Asado,4.0000000000000000,4.00,2
2026-03-03,Huevo Cascabel,13.33333333333333333333,15.00,7
2026-06-30,Nopal,6.50000000000000000000,7.00,4
2026-07-01,Huevo Rojo,24.25000000000000000000,25.00,4
2026-03-04,Frijoles,1.00000000000000000000,1.00,1
2026-08-17,Nopal,1.00000000000000000000,1.00,1
2026-08-25,Papa,4.0000000000000000,4.00,1
2026-07-15,Asado,9.50000000000000000000,10.00,5
2026-06-30,Pollo con Mole,16.83333333333333333333,19.00,5
2026-04-07,Huevo con Nopal,5.00000000000000000000,5.00,2
2026-06-19,Chicharrón,36.08333333333333333333,38.00,9
2026-06-20,Cochinita,36.50000000000000000000,37.00,4
2026-05-17,Huevo Rojo,41.00000000000000000000,42.00,7
2026-03-28,Huevo Verde,48.50000000000000000000,51.00,10
2026-03-19,Asado,12.83333333333333333333,14.00,6
2026-06-27,Deshebrada,97.66666666666666666666,101.00,15
2026-07-14,Pollo con Mole,10.00000000000000000000,11.00,3
2026-08-03,Cochinita,29.83333333333333333333,31.00,6
2026-07-23,Papa con Huevo,7.50000000000000000000,8.00,5
2026-04-15,Frijoles,3.00000000000000000000,3.00,2
2026-08-25,Requeson,2.0000000000000000,2.00,1
2026-03-22,Frijoles,4.0000000000000000,4.00,1
2026-06-05,Huevo Verde,29.66666666666666666666,32.00,7
2026-05-30,Chicharrón,57.50000000000000000000,59.00,6
2026-04-02,Requeson,8.50000000000000000000,9.00,3
2026-05-01,Queso,1.00000000000000000000,1.00,1
2026-04-27,Huevo Rojo,4.0000000000000000,4.00,2
2026-08-07,Bistec con Papas,15.00000000000000000000,15.00,3
2026-08-16,Requesón Picosito,11.50000000000000000000,12.00,3
2026-08-01,Deshebrada,61.03333333333333333333,64.00,17
2026-04-30,Frijoles con Queso,19.00000000000000000000,20.00,6
2026-04-05,Huevo con Chorizo,10.00000000000000000000,11.00,4
2026-08-11,Papa con Huevo,5.00000000000000000000,5.00,3
2026-08-31,Deshebrada,45.16666666666666666666,48.00,13
2026-04-26,Papa con Chorizo,18.00000000000000000000,19.00,5
2026-07-14,Chicharrón,29.50000000000000000000,30.00,5
2026-04-14,Frijoles,1.00000000000000000000,1.00,1
2026-06-14,Bistec con Papas,19.50000000000000000000,21.00,5
2026-08-01,Asado,5.95000000000000000000,8.00,5
2026-04-25,Huevo con Nopal,7.0000000000000000,7.00,2
2026-06-06,Requesón Picosito,4.25000000000000000000,5.00,3
2026-07-03,Bistec con Papas,7.33333333333333333333,8.00,6
2026-08-05,Cochinita,1.33333333333333333333,2.00,2
2026-04-29,Papa con Huevo,6.0000000000000000,6.00,1
2026-04-27,Deshebrada,29.50000000000000000000,31.00,9
2026-03-21,Asado,16.0000000000000000,16.00,3
2026-06-07,Chicharrón,58.16666666666666666666,62.00,11
2026-05-24,Frijoles,7.00000000000000000000,7.00,2
2026-09-05,Barbacoa,24.83333333333333333333,27.00,9
2026-08-03,Huevo con Nopal,9.00000000000000000000,9.00,2
2026-09-05,Deshebrada,74.33333333333333333333,78.00,15
2026-07-09,Huevo Verde,33.00000000000000000000,34.00,5
2026-04-10,Asado,6.50000000000000000000,7.00,5
2026-04-23,Huevo con Chorizo,12.00000000000000000000,12.00,4
2026-07-30,Huevo Verde,51.50000000000000000000,54.00,8
2026-03-13,Papa con Chorizo,8.00000000000000000000,8.00,4
2026-06-17,Requeson,2.50000000000000000000,3.00,2
2026-09-03,Molida,7.33333333333333333333,10.00,7
2026-07-10,Requesón Picosito,5.00000000000000000000,5.00,4
2026-07-17,Requeson,5.0000000000000000,5.00,1
2026-07-18,Requesón Picosito,17.33333333333333333333,18.00,4
2026-03-24,Bistec con Papas,5.00000000000000000000,5.00,3
2026-03-27,Huevo con Nopal,4.25000000000000000000,5.00,4
2026-08-28,Papa,10.0000000000000000,10.00,1
2026-03-15,Chicharrón,43.16666666666666666666,47.00,13
2026-04-19,Huevo con Nopal,9.0000000000000000,9.00,2
2026-07-02,Requesón Picosito,2.50000000000000000000,3.00,3
2026-04-17,Queso,5.00000000000000000000,5.00,3
2026-07-15,Requeson,1.00000000000000000000,1.00,1
2026-07-20,Huevo con Nopal,2.0000000000000000,2.00,1
2026-08-19,Cochinita,10.33333333333333333333,11.00,5
2026-05-21,Huevo con Chorizo,7.00000000000000000000,7.00,5
2026-04-06,Pollo con Mole,12.08333333333333333333,14.00,7
2026-03-30,Huevo con Chorizo,11.0000000000000000,11.00,2
2026-07-25,Huevo Cascabel,11.83333333333333333334,16.00,10
2026-03-29,Frijoles con Queso,28.00000000000000000000,30.00,5
2026-07-01,Huevo Verde,35.00000000000000000000,36.00,6
2026-07-31,Huevo con Chorizo,7.00000000000000000000,7.00,4
2026-06-22,Pollo con Mole,6.41666666666666666667,8.00,3
2026-06-15,Huevo con Chorizo,20.00000000000000000000,20.00,5
2026-03-23,Huevo con Chorizo,7.00000000000000000000,7.00,4
2026-03-30,Pollo con Mole,5.00000000000000000000,5.00,4
2026-06-15,Chicharrón,32.83333333333333333333,34.00,7
2026-07-24,Requesón Picosito,5.25000000000000000000,6.00,3
2026-06-29,Pollo con Mole,6.00000000000000000000,6.00,3
2026-03-26,Frijoles con Queso,9.00000000000000000000,10.00,5
2026-05-23,Huevo Verde,49.41666666666666666666,54.00,12
2026-04-14,Papa con Chorizo,8.75000000000000000000,10.00,5
2026-06-02,Requeson,10.00000000000000000000,10.00,3
2026-04-06,Papa con Huevo,11.50000000000000000000,12.00,3
2026-08-25,Huevo Verde,27.45000000000000000000,30.00,8
2026-05-24,Huevo Cascabel,20.25000000000000000000,21.00,5
2026-05-14,Huevo con Nopal,3.0000000000000000,3.00,1
2026-06-16,Papa con Huevo,5.25000000000000000000,6.00,4
2026-05-23,Pollo con Mole,13.00000000000000000000,13.00,4
2026-05-09,Papa con Chorizo,11.00000000000000000000,11.00,3
2026-07-22,Huevo Cascabel,13.00000000000000000000,14.00,5
2026-04-18,Huevo Cascabel,10.00000000000000000000,11.00,6
2026-03-28,Nopal,4.0000000000000000,4.00,1
2026-08-20,Huevo con Chorizo,6.00000000000000000000,6.00,3
2026-04-26,Asado,25.33333333333333333333,26.00,4
2026-08-05,Barbacoa,1.00000000000000000000,1.00,1
2026-08-28,Bistec con Papas,11.50000000000000000000,12.00,5
2026-05-02,Queso,9.00000000000000000000,9.00,4
2026-03-10,Pollo con Mole,5.0000000000000000,5.00,2
2026-04-05,Frijoles,3.00000000000000000000,3.00,2
2026-05-12,Requesón Picosito,1.00000000000000000000,1.00,1
2026-07-26,Queso,11.00000000000000000000,11.00,5
2026-07-21,Huevo Verde,44.58333333333333333333,47.00,8
2026-03-11,Papa con Huevo,4.50000000000000000000,5.00,2
2026-05-22,Barbacoa,29.50000000000000000000,30.00,6
2026-08-14,Frijoles,2.00000000000000000000,2.00,2
2026-06-22,Bistec con Papas,14.66666666666666666667,17.00,8
2026-05-31,Huevo con Nopal,8.25000000000000000000,9.00,4
2026-04-28,Papa con Huevo,6.50000000000000000000,7.00,2
2026-05-29,Queso,1.00000000000000000000,1.00,1
2026-03-10,Chicharrón,13.00000000000000000000,15.00,6
2026-04-07,Frijoles,4.0000000000000000,4.00,2
2026-03-18,Chicharrón,10.50000000000000000000,11.00,4
2026-08-30,Huevo con Nopal,13.00000000000000000000,13.00,3
2026-08-14,Huevo Rojo,26.00000000000000000000,27.00,6
2026-05-21,Requesón Picosito,5.00000000000000000000,5.00,3
2026-03-22,Pollo con Mole,12.00000000000000000000,13.00,4
2026-03-05,Requesón Picosito,6.00000000000000000000,6.00,3
2026-08-13,Papa,7.00000000000000000000,7.00,2
2026-08-03,Papa con Huevo,5.50000000000000000000,6.00,3
2026-06-26,Frijoles,2.0000000000000000,2.00,1
2026-07-14,Frijoles con Queso,12.25000000000000000000,14.00,5
2026-08-13,Nopal,1.00000000000000000000,1.00,1
2026-03-29,Pollo con Mole,9.00000000000000000000,9.00,4
2026-07-04,Huevo con Chorizo,22.00000000000000000000,22.00,6
2026-07-08,Requeson,3.33333333333333333333,4.00,3
2026-07-31,Pollo con Mole,20.83333333333333333333,22.00,5
2026-05-22,Requesón Picosito,8.00000000000000000000,8.00,2
2026-05-21,Papa con Huevo,6.0000000000000000,6.00,2
2026-05-13,Chicharrón,27.50000000000000000000,28.00,5
2026-07-24,Huevo Cascabel,9.50000000000000000000,10.00,3
2026-08-04,Barbacoa,2.0000000000000000,2.00,1
2026-05-27,Chicharrón,30.08333333333333333333,32.00,7
2026-05-08,Frijoles con Queso,15.0000000000000000,15.00,2
2026-03-08,Deshebrada,88.16666666666666666666,91.00,15
2026-07-06,Bistec con Papas,22.33333333333333333333,24.00,8
2026-06-18,Cochinita,22.00000000000000000000,24.00,9
2026-05-05,Chicharrón,28.50000000000000000000,30.00,7
2026-03-29,Bistec con Papas,7.0000000000000000,7.00,3
2026-04-25,Requesón Picosito,15.25000000000000000000,16.00,3
2026-08-07,Huevo Verde,51.50000000000000000000,55.00,12
2026-04-08,Pollo con Mole,8.70000000000000000000,10.00,3
2026-07-02,Pollo con Mole,7.50000000000000000000,8.00,3
2026-07-02,Requeson,6.00000000000000000000,6.00,3
2026-03-04,Asado,2.58333333333333333333,4.00,3
2026-04-07,Chicharrón,48.83333333333333333333,50.00,6
2026-04-01,Nopal,1.50000000000000000000,2.00,2
2026-06-03,Molida,8.00000000000000000000,8.00,3
2026-06-11,Papa con Huevo,5.25000000000000000000,6.00,5
2026-05-30,Molida,24.75000000000000000000,26.00,9
2026-05-25,Cochinita,5.83333333333333333333,9.00,7
2026-06-08,Pollo con Mole,8.0000000000000000,8.00,2
2026-05-03,Frijoles con Queso,40.50000000000000000000,41.00,4
2026-06-28,Frijoles,14.0000000000000000,14.00,1
2026-05-02,Huevo Rojo,31.00000000000000000000,31.00,7
2026-05-26,Cochinita,6.50000000000000000000,8.00,5
2026-05-14,Frijoles con Queso,12.50000000000000000000,14.00,5
2026-03-14,Cochinita,15.75000000000000000000,18.00,9
2026-04-16,Frijoles con Queso,17.50000000000000000000,18.00,4
2026-04-22,Huevo Verde,40.50000000000000000000,42.00,8
2026-03-04,Nopal,2.50000000000000000000,3.00,2
2026-09-01,Asado,2.0000000000000000,2.00,1
2026-07-10,Queso,3.00000000000000000000,3.00,3
2026-05-29,Huevo con Nopal,2.0000000000000000,2.00,1
2026-06-22,Queso,4.0000000000000000,4.00,1
2026-09-03,Deshebrada,30.16666666666666666666,33.00,16
2026-07-05,Papa con Chorizo,17.83333333333333333333,19.00,6
2026-03-15,Molida,22.50000000000000000000,23.00,5
2026-03-09,Huevo Verde,39.83333333333333333333,43.00,11
2026-08-15,Papa,9.0000000000000000,9.00,2
2026-07-19,Huevo Cascabel,13.50000000000000000000,14.00,5
2026-06-06,Requeson,2.0000000000000000,2.00,1
2026-05-10,Pollo con Mole,4.00000000000000000000,4.00,3
2026-06-16,Nopal,5.50000000000000000000,6.00,2
2026-08-05,Papa con Chorizo,7.25000000000000000000,8.00,4
2026-07-25,Huevo con Nopal,6.83333333333333333334,9.00,5
2026-06-17,Frijoles con Queso,5.50000000000000000000,6.00,3
2026-04-02,Huevo Verde,25.91666666666666666666,29.00,8
2026-07-18,Papa,5.0000000000000000,5.00,1
2026-08-15,Frijoles,11.00000000000000000000,11.00,3
2026-05-05,Cochinita,16.50000000000000000000,17.00,5
2026-07-22,Bistec con Papas,9.50000000000000000000,10.00,4
2026-06-12,Huevo Rojo,28.00000000000000000000,30.00,7
2026-07-07,Asado,12.00000000000000000000,12.00,3
2026-09-04,Barbacoa,19.50000000000000000000,20.00,7
2026-05-11,Asado,6.50000000000000000000,7.00,3
2026-07-16,Huevo con Chorizo,9.00000000000000000000,9.00,5
2026-06-22,Requeson,9.16666666666666666667,10.00,4
2026-04-19,Frijoles con Queso,28.50000000000000000000,29.00,4
2026-04-13,Huevo Verde,26.53333333333333333333,29.00,8
2026-06-13,Huevo Cascabel,21.50000000000000000000,22.00,4
2026-05-31,Huevo Cascabel,15.33333333333333333333,16.00,4
2026-08-10,Papa,13.25000000000000000000,14.00,5
2026-06-02,Frijoles con Queso,14.50000000000000000000,15.00,4
2026-04-10,Huevo Verde,34.50000000000000000000,36.00,7
2026-06-12,Nopal,8.50000000000000000000,9.00,4
2026-07-17,Huevo Cascabel,7.00000000000000000000,8.00,4
2026-08-23,Papa,8.00000000000000000000,8.00,4
2026-06-16,Huevo con Chorizo,4.25000000000000000000,5.00,3
2026-06-05,Papa,2.0000000000000000,2.00,1
2026-05-20,Frijoles con Queso,13.50000000000000000000,15.00,4
2026-08-02,Huevo Cascabel,21.00000000000000000000,22.00,6
2026-07-26,Huevo Cascabel,13.50000000000000000000,14.00,5
2026-08-13,Requeson,7.00000000000000000000,7.00,3
2026-03-28,Queso,1.00000000000000000000,1.00,1
2026-05-27,Frijoles con Queso,13.50000000000000000000,14.00,4
2026-06-20,Papa con Huevo,7.50000000000000000000,8.00,3
2026-08-31,Molida,9.83333333333333333333,11.00,4
2026-03-19,Huevo Rojo,13.00000000000000000000,13.00,4
2026-07-09,Huevo Cascabel,8.50000000000000000000,9.00,3
2026-05-19,Nopal,4.50000000000000000000,5.00,2
2026-04-07,Frijoles con Queso,23.00000000000000000000,25.00,7
2026-08-07,Papa con Huevo,2.50000000000000000000,3.00,3
2026-03-29,Asado,6.00000000000000000000,6.00,3
2026-06-29,Papa,13.0000000000000000,13.00,1
2026-04-30,Pollo con Mole,18.00000000000000000000,18.00,4
2026-03-31,Pollo con Mole,4.0000000000000000,4.00,1
2026-06-16,Requesón Picosito,3.00000000000000000000,3.00,2
2026-07-15,Huevo con Chorizo,9.00000000000000000000,9.00,3
2026-04-29,Requeson,4.0000000000000000,4.00,2
2026-05-17,Huevo con Nopal,1.75000000000000000000,3.00,3
2026-04-19,Huevo Cascabel,15.0000000000000000,15.00,4
2026-03-31,Papa,15.0000000000000000,15.00,1
2026-05-09,Chicharrón,59.00000000000000000000,60.00,7
2026-04-13,Queso,2.00000000000000000000,2.00,2
2026-04-08,Requeson,4.0000000000000000,4.00,2
2026-05-17,Pollo con Mole,26.08333333333333333333,29.00,8
2026-07-17,Asado,9.50000000000000000000,10.00,3
2026-08-14,Requeson,10.00000000000000000000,10.00,3
2026-04-09,Papa,5.0000000000000000,5.00,1
2026-04-22,Huevo con Chorizo,12.00000000000000000000,12.00,4
2026-03-12,Asado,6.00000000000000000000,6.00,2
2026-08-24,Huevo Rojo,20.08333333333333333333,22.00,8
2026-05-06,Deshebrada,52.58333333333333333333,56.00,14
2026-07-16,Requesón Picosito,12.33333333333333333333,13.00,3
2026-07-10,Barbacoa,23.00000000000000000000,25.00,7
2026-05-30,Nopal,4.50000000000000000000,5.00,2
2026-07-03,Pollo con Mole,14.83333333333333333333,16.00,6
2026-03-08,Huevo Cascabel,21.00000000000000000000,21.00,4
2026-08-07,Nopal,1.00000000000000000000,1.00,1
2026-08-11,Papa,10.00000000000000000000,10.00,2
2026-03-18,Papa con Huevo,4.00000000000000000000,4.00,2
2026-07-26,Cochinita,22.50000000000000000000,25.00,8
2026-03-05,Nopal,5.50000000000000000000,6.00,3
2026-08-31,Huevo Verde,35.00000000000000000000,36.00,7
2026-07-22,Pollo con Mole,18.00000000000000000000,18.00,3
2026-06-27,Molida,27.99999999999999999999,32.00,11
2026-06-25,Requeson,5.0000000000000000,5.00,1
2026-06-28,Huevo con Chorizo,11.25000000000000000000,12.00,4
2026-08-05,Huevo Rojo,11.00000000000000000000,11.00,3
2026-07-25,Papa,25.50000000000000000000,26.00,3
2026-07-23,Frijoles,6.00000000000000000000,6.00,3
2026-09-03,Requesón Picosito,2.33333333333333333333,3.00,3
2026-07-31,Frijoles con Queso,15.00000000000000000000,15.00,2
2026-05-24,Requesón Picosito,7.50000000000000000000,8.00,3
2026-08-23,Frijoles con Queso,31.50000000000000000000,32.00,4
2026-06-08,Nopal,6.50000000000000000000,7.00,3
2026-09-04,Frijoles con Queso,21.00000000000000000000,21.00,5
2026-05-27,Papa con Huevo,3.50000000000000000000,4.00,2
2026-04-22,Frijoles,1.00000000000000000000,1.00,1
2026-08-16,Chicharrón,69.41666666666666666666,76.00,18
2026-07-04,Deshebrada,115.75000000000000000000,119.00,13
2026-08-24,Deshebrada,74.25000000000000000000,76.00,10
2026-06-10,Papa con Huevo,6.50000000000000000000,7.00,4
2026-06-19,Frijoles,1.00000000000000000000,1.00,1
2026-08-08,Frijoles,6.0000000000000000,6.00,1
2026-08-29,Papa con Huevo,23.0000000000000000,23.00,5
2026-06-08,Frijoles,2.00000000000000000000,2.00,2
2026-06-08,Queso,7.00000000000000000000,7.00,3
2026-06-07,Bistec con Papas,18.50000000000000000000,19.00,5
2026-07-26,Asado,10.75000000000000000000,12.00,5
2026-08-14,Frijoles con Queso,14.50000000000000000000,15.00,3
2026-06-03,Pollo con Mole,8.00000000000000000000,8.00,2
2026-05-25,Barbacoa,8.00000000000000000000,8.00,3
2026-04-21,Pollo con Mole,5.00000000000000000000,5.00,2
2026-08-29,Barbacoa,54.50000000000000000000,56.00,6
2026-03-25,Frijoles,1.00000000000000000000,1.00,1
2026-09-03,Huevo con Nopal,13.00000000000000000000,13.00,3
2026-04-27,Cochinita,20.00000000000000000000,20.00,6
2026-03-19,Huevo Cascabel,7.00000000000000000000,8.00,5
2026-06-07,Queso,5.0000000000000000,5.00,2
2026-07-03,Frijoles con Queso,12.50000000000000000000,13.00,4
2026-06-27,Barbacoa,74.66666666666666666666,76.00,10
2026-08-11,Queso,1.00000000000000000000,1.00,1
2026-07-02,Queso,2.0000000000000000,2.00,1
2026-04-05,Nopal,7.0000000000000000,7.00,2
2026-03-10,Bistec con Papas,9.50000000000000000000,10.00,4
2026-08-26,Cochinita,15.00000000000000000000,17.00,10
2026-06-10,Bistec con Papas,10.50000000000000000000,11.00,3
2026-07-22,Chicharrón,32.50000000000000000000,34.00,9
2026-06-18,Papa,2.50000000000000000000,3.00,3
2026-07-02,Huevo con Chorizo,13.00000000000000000000,15.00,6
2026-07-23,Molida,17.50000000000000000000,18.00,7
2026-07-25,Requeson,5.50000000000000000000,6.00,3
2026-07-27,Requeson,11.0000000000000000,11.00,3
2026-08-02,Requeson,13.83333333333333333333,15.00,5
2026-04-17,Bistec con Papas,12.50000000000000000000,13.00,4
2026-08-09,Huevo con Nopal,7.00000000000000000000,7.00,2
2026-07-16,Papa,11.0000000000000000,11.00,1
2026-06-25,Huevo Rojo,16.25000000000000000000,17.00,4
2026-04-16,Papa con Huevo,10.0000000000000000,10.00,2
2026-08-20,Nopal,6.0000000000000000,6.00,2
2026-07-25,Pollo con Mole,14.25000000000000000000,15.00,5
2026-07-02,Papa con Chorizo,19.75000000000000000000,21.00,6
2026-07-20,Requesón Picosito,7.0000000000000000,7.00,2
2026-08-24,Bistec con Papas,10.25000000000000000000,11.00,5
2026-03-02,Cochinita,12.00000000000000000000,13.00,7
2026-07-23,Huevo con Nopal,6.33333333333333333333,7.00,3
2026-07-11,Bistec con Papas,7.25000000000000000000,8.00,3
2026-05-10,Asado,12.00000000000000000000,12.00,4
2026-07-03,Molida,30.83333333333333333333,32.00,8
2026-04-18,Huevo Verde,49.50000000000000000000,52.00,11
2026-06-11,Asado,6.0000000000000000,6.00,2
2026-07-11,Frijoles con Queso,19.50000000000000000000,20.00,3
2026-03-24,Huevo con Nopal,4.50000000000000000000,5.00,3
2026-04-16,Deshebrada,52.41666666666666666666,56.00,12
2026-08-25,Deshebrada,30.75000000000000000000,35.00,13
2026-08-22,Nopal,3.00000000000000000000,3.00,2
2026-03-11,Requeson,2.0000000000000000,2.00,1
2026-05-25,Pollo con Mole,11.00000000000000000000,14.00,8
2026-04-17,Cochinita,19.50000000000000000000,21.00,7
2026-07-02,Papa,11.0000000000000000,11.00,1
2026-05-17,Asado,23.91666666666666666666,27.00,9
2026-08-19,Barbacoa,0.53333333333333333333,2.00,2
2026-08-06,Pollo con Mole,11.00000000000000000000,11.00,2
2026-05-04,Cochinita,20.00000000000000000000,20.00,4
2026-06-23,Deshebrada,56.00000000000000000000,57.00,10
2026-07-04,Molida,22.50000000000000000000,24.00,8
2026-08-01,Requesón Picosito,10.0000000000000000,10.00,2
2026-07-08,Requesón Picosito,1.50000000000000000000,2.00,2
2026-03-13,Frijoles,2.00000000000000000000,2.00,2
2026-05-18,Huevo con Chorizo,9.00000000000000000000,9.00,5
2026-07-18,Chicharrón,46.16666666666666666666,49.00,12
2026-05-08,Queso,5.0000000000000000,5.00,1
2026-07-17,Huevo con Nopal,8.50000000000000000000,9.00,3
2026-07-23,Bistec con Papas,13.50000000000000000000,14.00,5
2026-04-07,Papa con Huevo,7.0000000000000000,7.00,1
2026-08-22,Queso,2.0000000000000000,2.00,1
2026-06-20,Papa con Chorizo,16.50000000000000000000,18.00,7
2026-03-25,Requesón Picosito,9.00000000000000000000,9.00,3
2026-08-15,Asado,8.50000000000000000000,9.00,4
2026-06-07,Huevo con Nopal,10.50000000000000000000,11.00,4
2026-03-08,Requeson,12.50000000000000000000,13.00,3
2026-04-06,Huevo Rojo,27.00000000000000000000,27.00,3
2026-06-30,Bistec con Papas,20.03333333333333333333,22.00,7
2026-06-25,Queso,3.00000000000000000000,3.00,2
2026-08-10,Papa con Huevo,17.00000000000000000000,18.00,5
2026-09-02,Huevo con Chorizo,7.50000000000000000000,8.00,4
2026-05-16,Huevo con Nopal,3.50000000000000000000,4.00,2
2026-09-03,Cochinita,12.33333333333333333333,13.00,6
2026-05-10,Bistec con Papas,6.00000000000000000000,6.00,4
2026-05-30,Asado,9.00000000000000000000,9.00,4
2026-05-16,Frijoles con Queso,12.00000000000000000000,15.00,5
2026-04-04,Cochinita,23.83333333333333333333,26.00,9
2026-03-24,Requesón Picosito,4.0000000000000000,4.00,2
2026-04-02,Frijoles con Queso,15.00000000000000000000,15.00,4
2026-08-03,Frijoles,2.0000000000000000,2.00,1
2026-07-16,Papa con Huevo,7.00000000000000000000,7.00,3
2026-08-16,Bistec con Papas,16.00000000000000000000,19.00,8
2026-06-25,Requesón Picosito,7.50000000000000000000,8.00,3
2026-03-07,Cochinita,20.00000000000000000000,21.00,7
2026-06-26,Huevo con Chorizo,10.00000000000000000000,11.00,6
2026-06-03,Deshebrada,44.75000000000000000000,46.00,9
2026-04-11,Barbacoa,29.83333333333333333333,32.00,9
2026-06-12,Papa con Huevo,18.75000000000000000000,20.00,5
2026-04-11,Frijoles,1.00000000000000000000,1.00,1
2026-07-07,Queso,5.00000000000000000000,5.00,3
2026-04-17,Molida,17.75000000000000000000,19.00,6
2026-04-23,Bistec con Papas,5.33333333333333333333,6.00,4
2026-03-18,Huevo Rojo,5.00000000000000000000,5.00,2
2026-06-16,Huevo con Nopal,3.25000000000000000000,4.00,4
2026-07-19,Asado,23.33333333333333333333,25.00,5
2026-05-15,Requeson,7.00000000000000000000,7.00,3
2026-06-29,Huevo con Chorizo,7.50000000000000000000,8.00,5
2026-06-02,Cochinita,25.50000000000000000000,26.00,5
2026-05-01,Requesón Picosito,16.66666666666666666666,18.00,4
2026-05-02,Bistec con Papas,5.0000000000000000,5.00,1
2026-08-23,Cochinita,42.50000000000000000000,43.00,11
2026-06-17,Huevo Verde,20.00000000000000000000,23.00,8
2026-06-21,Huevo con Nopal,8.00000000000000000000,8.00,3
2026-06-06,Huevo Cascabel,15.25000000000000000000,16.00,4
2026-07-13,Papa con Chorizo,8.33333333333333333333,9.00,2
2026-04-15,Nopal,3.50000000000000000000,4.00,3
2026-08-16,Huevo Rojo,61.33333333333333333333,68.00,12
2026-05-04,Bistec con Papas,6.75000000000000000000,8.00,3
2026-08-11,Requeson,8.50000000000000000000,9.00,5
2026-06-23,Bistec con Papas,10.25000000000000000000,11.00,4
2026-03-12,Cochinita,15.83333333333333333333,17.00,4
2026-07-20,Papa con Chorizo,3.00000000000000000000,3.00,2
2026-05-27,Deshebrada,41.91666666666666666666,45.00,8
2026-04-22,Papa con Chorizo,15.50000000000000000000,16.00,5
2026-08-27,Requeson,5.00000000000000000000,5.00,2
2026-03-07,Bistec con Papas,8.33333333333333333333,9.00,4
2026-07-25,Queso,3.0000000000000000,3.00,1
2026-07-08,Huevo Rojo,22.00000000000000000000,23.00,7
2026-07-24,Molida,13.50000000000000000000,14.00,5
2026-07-25,Huevo con Chorizo,17.00000000000000000000,17.00,6
2026-07-19,Huevo Verde,32.00000000000000000000,33.00,8
2026-03-28,Bistec con Papas,9.33333333333333333333,10.00,4
2026-03-23,Huevo con Nopal,2.0000000000000000,2.00,1
2026-06-08,Asado,5.00000000000000000000,5.00,3
2026-04-30,Papa,18.00000000000000000000,18.00,2
2026-07-10,Huevo Rojo,19.83333333333333333333,21.00,5
2026-03-06,Nopal,6.00000000000000000000,6.00,3
2026-03-16,Frijoles,10.0000000000000000,10.00,1
2026-08-27,Bistec con Papas,3.00000000000000000000,3.00,2
2026-07-13,Frijoles,3.00000000000000000000,3.00,2
2026-05-28,Asado,3.0000000000000000,3.00,1
2026-03-18,Papa,5.33333333333333333333,6.00,5
2026-07-28,Queso,8.00000000000000000000,8.00,4
2026-04-19,Asado,16.00000000000000000000,16.00,4
2026-04-21,Huevo Rojo,13.00000000000000000000,13.00,2
2026-07-31,Papa con Huevo,10.00000000000000000000,10.00,3
2026-04-20,Papa con Huevo,8.00000000000000000000,8.00,2
2026-08-18,Deshebrada,56.25000000000000000000,60.00,13
2026-04-05,Asado,21.00000000000000000000,22.00,7
2026-06-22,Huevo Cascabel,12.50000000000000000000,13.00,5
2026-04-16,Molida,23.00000000000000000000,23.00,4
2026-09-01,Huevo con Nopal,3.00000000000000000000,3.00,2
2026-05-24,Papa con Chorizo,18.50000000000000000000,19.00,5
2026-03-26,Huevo Cascabel,7.00000000000000000000,7.00,3
2026-03-04,Requeson,3.50000000000000000000,4.00,3
2026-04-15,Requesón Picosito,1.00000000000000000000,1.00,1
2026-05-18,Queso,1.00000000000000000000,1.00,1
2026-06-03,Chicharrón,30.75000000000000000000,32.00,8
2026-09-04,Deshebrada,30.33333333333333333333,33.00,11
2026-03-21,Huevo con Chorizo,11.50000000000000000000,12.00,5
2026-05-17,Huevo Verde,66.58333333333333333333,70.00,10
2026-06-03,Papa con Chorizo,14.00000000000000000000,14.00,5
2026-08-28,Frijoles,3.0000000000000000,3.00,1
2026-05-26,Requeson,3.00000000000000000000,3.00,2
2026-05-17,Frijoles con Queso,41.25000000000000000000,42.00,5
2026-08-09,Frijoles,3.0000000000000000,3.00,1
2026-06-23,Huevo Verde,30.50000000000000000000,32.00,8
2026-06-24,Chicharrón,44.00000000000000000000,47.00,11
2026-06-12,Molida,16.25000000000000000000,18.00,7
2026-05-29,Barbacoa,25.50000000000000000000,26.00,5
2026-09-04,Frijoles,3.0000000000000000,3.00,1
2026-06-04,Papa con Chorizo,11.00000000000000000000,12.00,4
2026-06-13,Molida,7.50000000000000000000,10.00,8
2026-06-12,Papa con Chorizo,10.50000000000000000000,11.00,4
2026-04-13,Bistec con Papas,8.33333333333333333333,9.00,3
2026-08-14,Huevo Verde,39.75000000000000000000,43.00,10
2026-03-08,Papa con Huevo,13.25000000000000000000,14.00,4
2026-04-07,Barbacoa,1.00000000000000000000,1.00,1
2026-08-22,Papa con Chorizo,19.58333333333333333333,21.00,5
2026-03-28,Requesón Picosito,6.50000000000000000000,7.00,3
2026-08-20,Papa,9.0000000000000000,9.00,2
2026-06-04,Cochinita,21.50000000000000000000,22.00,5
2026-07-08,Cochinita,19.00000000000000000000,20.00,7
2026-07-25,Frijoles con Queso,41.50000000000000000000,43.00,7
2026-05-04,Huevo Cascabel,10.50000000000000000000,11.00,3
2026-06-11,Requesón Picosito,8.33333333333333333333,9.00,3
2026-07-10,Huevo con Nopal,5.00000000000000000000,5.00,3
2026-08-24,Barbacoa,11.00000000000000000000,11.00,4
2026-04-12,Molida,11.50000000000000000000,13.00,8
2026-04-05,Chicharrón,83.41666666666666666667,92.00,18
2026-08-25,Chicharrón,22.00000000000000000000,24.00,8
2026-07-01,Frijoles,2.00000000000000000000,2.00,2
2026-08-28,Requesón Picosito,6.00000000000000000000,6.00,2
2026-08-06,Frijoles con Queso,6.00000000000000000000,6.00,4
2026-08-30,Molida,28.08333333333333333333,32.00,13
2026-07-29,Frijoles,6.0000000000000000,6.00,1
2026-08-08,Huevo Verde,50.25000000000000000000,52.00,9
2026-03-06,Pollo con Mole,7.00000000000000000000,7.00,3
2026-04-25,Requeson,4.00000000000000000000,4.00,2
2026-05-01,Papa con Huevo,8.50000000000000000000,9.00,4
2026-07-25,Requesón Picosito,6.91666666666666666667,9.00,6
2026-08-28,Asado,10.33333333333333333333,11.00,4
2026-03-21,Pollo con Mole,4.08333333333333333333,6.00,4
2026-07-27,Pollo con Mole,8.50000000000000000000,9.00,3
2026-08-21,Queso,3.0000000000000000,3.00,1
2026-08-01,Papa,15.00000000000000000000,15.00,2
2026-03-17,Huevo Cascabel,12.00000000000000000000,12.00,4
2026-07-27,Deshebrada,31.50000000000000000000,35.00,10
2026-03-23,Bistec con Papas,8.33333333333333333333,10.00,6
2026-03-03,Huevo con Nopal,10.0000000000000000,10.00,2
2026-08-13,Asado,7.50000000000000000000,8.00,4
2026-06-10,Huevo Cascabel,19.00000000000000000000,19.00,4
2026-06-25,Frijoles,6.0000000000000000,6.00,1
2026-07-11,Frijoles,3.00000000000000000000,3.00,2
2026-06-25,Nopal,5.50000000000000000000,6.00,5
2026-04-29,Cochinita,13.50000000000000000000,14.00,5
2026-06-01,Nopal,4.50000000000000000000,5.00,3
2026-04-09,Cochinita,21.50000000000000000000,23.00,7
2026-06-29,Nopal,7.50000000000000000000,8.00,3
2026-08-25,Papa con Huevo,6.75000000000000000000,8.00,6
2026-07-28,Frijoles,4.00000000000000000000,4.00,2
2026-03-15,Huevo con Nopal,5.00000000000000000000,5.00,2
2026-08-01,Huevo Verde,41.50000000000000000000,43.00,12
2026-04-17,Requeson,3.00000000000000000000,3.00,2
2026-06-27,Huevo Rojo,44.83333333333333333333,47.00,10
2026-05-18,Papa con Huevo,7.00000000000000000000,7.00,4
2026-06-10,Pollo con Mole,2.83333333333333333333,4.00,4
2026-07-12,Huevo Verde,67.08333333333333333333,70.00,11
2026-08-15,Nopal,1.00000000000000000000,1.00,1
2026-04-28,Pollo con Mole,3.0000000000000000,3.00,1
2026-06-03,Papa con Huevo,13.0000000000000000,13.00,3
2026-07-30,Cochinita,18.00000000000000000000,19.00,6
2026-03-05,Deshebrada,48.16666666666666666666,50.00,8
2026-03-05,Molida,23.33333333333333333333,24.00,4
2026-05-22,Frijoles,5.00000000000000000000,5.00,2
2026-07-25,Papa con Chorizo,24.41666666666666666667,27.00,7
2026-06-21,Bistec con Papas,6.50000000000000000000,7.00,4
2026-05-10,Requesón Picosito,8.50000000000000000000,9.00,5
2026-08-08,Requesón Picosito,6.33333333333333333333,7.00,3
2026-07-14,Huevo Cascabel,12.00000000000000000000,12.00,3
2026-04-27,Huevo con Chorizo,8.00000000000000000000,8.00,5
2026-06-07,Requeson,6.00000000000000000000,6.00,2
2026-07-18,Molida,12.50000000000000000000,13.00,4
2026-06-17,Bistec con Papas,10.75000000000000000000,12.00,6
2026-05-03,Requeson,2.50000000000000000000,3.00,2
2026-08-31,Cochinita,11.00000000000000000000,11.00,4
2026-08-16,Huevo con Chorizo,16.25000000000000000000,17.00,7
2026-04-21,Chicharrón,15.00000000000000000000,16.00,4
2026-07-07,Nopal,7.00000000000000000000,7.00,2
2026-05-19,Huevo Rojo,12.50000000000000000000,13.00,4
2026-04-26,Frijoles,3.00000000000000000000,3.00,2
2026-09-05,Papa,12.00000000000000000000,13.00,6
2026-05-30,Huevo Cascabel,24.33333333333333333333,25.00,5
2026-03-19,Huevo con Chorizo,9.50000000000000000000,10.00,7
2026-06-22,Nopal,3.0000000000000000,3.00,1
2026-03-21,Frijoles,8.0000000000000000,8.00,2
2026-04-04,Frijoles,2.0000000000000000,2.00,1
2026-04-01,Frijoles con Queso,23.00000000000000000000,24.00,6
2026-04-24,Huevo Rojo,28.00000000000000000000,28.00,5
2026-07-28,Huevo con Chorizo,13.00000000000000000000,13.00,3
2026-03-06,Requeson,4.00000000000000000000,4.00,3
2026-08-11,Papa con Chorizo,12.00000000000000000000,12.00,3
2026-07-09,Frijoles con Queso,16.50000000000000000000,17.00,3
2026-08-30,Asado,21.25000000000000000000,22.00,5
2026-04-28,Huevo con Nopal,3.50000000000000000000,4.00,3
2026-04-18,Requeson,7.00000000000000000000,7.00,4
2026-03-22,Huevo Verde,41.50000000000000000000,43.00,10
2026-03-16,Molida,30.50000000000000000000,31.00,5
2026-08-12,Requesón Picosito,21.00000000000000000000,21.00,4
2026-08-11,Huevo con Nopal,6.00000000000000000000,6.00,3
2026-06-03,Huevo con Chorizo,6.75000000000000000000,8.00,4
2026-04-24,Huevo Verde,39.50000000000000000000,40.00,6
2026-03-25,Bistec con Papas,8.50000000000000000000,9.00,4
2026-09-03,Papa,3.00000000000000000000,3.00,3
2026-03-17,Papa con Chorizo,9.83333333333333333333,11.00,4
2026-08-01,Frijoles con Queso,39.50000000000000000000,40.00,5
2026-08-09,Huevo Rojo,53.75000000000000000000,56.00,12
2026-09-01,Requeson,4.00000000000000000000,4.00,2
2026-07-04,Cochinita,32.50000000000000000000,33.00,5
2026-06-18,Papa con Huevo,7.00000000000000000000,7.00,3
2026-03-04,Cochinita,16.0000000000000000,16.00,3
2026-06-30,Asado,11.86666666666666666666,14.00,7
2026-08-17,Huevo con Nopal,3.00000000000000000000,3.00,2
2026-03-30,Asado,6.25000000000000000000,7.00,3
2026-06-11,Bistec con Papas,13.58333333333333333333,15.00,5
2026-04-26,Deshebrada,84.50000000000000000000,87.00,14
2026-03-24,Queso,1.00000000000000000000,1.00,1
2026-07-11,Pollo con Mole,6.00000000000000000000,8.00,5
2026-06-11,Deshebrada,60.33333333333333333333,63.00,14
2026-08-17,Frijoles con Queso,11.20000000000000000000,12.00,3
2026-06-23,Asado,9.00000000000000000000,9.00,3
2026-07-09,Papa con Huevo,10.00000000000000000000,10.00,2
2026-04-16,Nopal,3.50000000000000000000,4.00,3
2026-08-17,Bistec con Papas,6.33333333333333333333,7.00,3
2026-09-04,Huevo con Chorizo,1.00000000000000000000,1.00,1
2026-08-29,Bistec con Papas,13.33333333333333333333,14.00,7
2026-05-14,Requesón Picosito,10.00000000000000000000,10.00,2
2026-06-06,Huevo con Nopal,2.50000000000000000000,3.00,2
2026-07-19,Huevo con Chorizo,5.00000000000000000000,6.00,5
2026-05-02,Huevo Verde,34.58333333333333333333,38.00,13
2026-08-10,Asado,7.25000000000000000000,9.00,4
2026-07-10,Papa con Huevo,8.0000000000000000,8.00,3
2026-07-14,Papa con Huevo,9.0000000000000000,9.00,2
2026-05-25,Queso,2.00000000000000000000,2.00,2
2026-06-08,Requeson,1.50000000000000000000,2.00,2
2026-06-14,Frijoles con Queso,25.50000000000000000000,26.00,3
2026-03-22,Huevo Cascabel,11.50000000000000000000,12.00,5
2026-05-22,Pollo con Mole,9.75000000000000000000,11.00,5
2026-04-25,Huevo Cascabel,24.00000000000000000000,24.00,4
2026-07-12,Requesón Picosito,15.33333333333333333333,16.00,4
2026-06-09,Huevo con Nopal,3.00000000000000000000,3.00,2
2026-03-20,Molida,12.0000000000000000,12.00,3
2026-08-12,Huevo Rojo,21.75000000000000000000,24.00,7
2026-03-07,Frijoles,9.00000000000000000000,9.00,2
2026-05-11,Papa con Huevo,2.0000000000000000,2.00,1
2026-04-21,Molida,12.00000000000000000000,13.00,4
2026-08-22,Chicharrón,54.16666666666666666666,58.00,10
2026-08-07,Barbacoa,26.50000000000000000000,29.00,9
2026-07-28,Requeson,7.33333333333333333333,8.00,2
2026-04-30,Huevo con Chorizo,11.50000000000000000000,13.00,6
2026-08-23,Huevo Rojo,49.00000000000000000000,52.00,10
2026-06-17,Asado,6.50000000000000000000,7.00,4
2026-07-24,Huevo Verde,28.50000000000000000000,32.00,8
2026-07-15,Cochinita,24.50000000000000000000,26.00,7
2026-03-01,Papa,13.00000000000000000000,13.00,2
2026-08-26,Chicharrón,25.00000000000000000000,28.00,12
2026-07-15,Pollo con Mole,20.00000000000000000000,20.00,4
2026-04-27,Nopal,4.0000000000000000,4.00,1
2026-03-25,Queso,3.0000000000000000,3.00,1
2026-05-07,Chicharrón,32.00000000000000000000,32.00,4
2026-03-14,Nopal,7.0000000000000000,7.00,2
2026-04-20,Barbacoa,6.00000000000000000000,6.00,3
2026-03-21,Nopal,12.00000000000000000000,12.00,3
2026-05-02,Huevo Cascabel,17.50000000000000000000,18.00,4
2026-03-26,Deshebrada,72.50000000000000000000,74.00,8
2026-03-15,Barbacoa,53.33333333333333333333,54.00,6
2026-04-02,Pollo con Mole,10.00000000000000000000,10.00,3
2026-03-17,Asado,4.25000000000000000000,5.00,2
2026-07-15,Frijoles con Queso,15.50000000000000000000,16.00,5
2026-08-21,Asado,9.66666666666666666666,11.00,5
2026-04-08,Huevo con Chorizo,4.50000000000000000000,5.00,4
2026-08-03,Requeson,6.58333333333333333333,8.00,4
2026-07-01,Papa con Chorizo,6.50000000000000000000,7.00,4
2026-03-17,Huevo con Chorizo,10.0000000000000000,10.00,2
2026-03-15,Huevo Rojo,27.50000000000000000000,28.00,7
2026-08-20,Asado,13.50000000000000000000,15.00,5
2026-06-24,Huevo con Nopal,2.0000000000000000,2.00,1
2026-07-17,Papa,18.50000000000000000000,19.00,5
2026-04-22,Frijoles con Queso,7.50000000000000000000,8.00,3
2026-06-08,Molida,9.0000000000000000,9.00,2
2026-06-07,Deshebrada,66.83333333333333333333,71.00,15
2026-09-01,Huevo Rojo,14.00000000000000000000,15.00,5
2026-06-30,Molida,17.00000000000000000000,19.00,6
2026-04-10,Requesón Picosito,8.00000000000000000000,8.00,4
2026-05-11,Pollo con Mole,1.25000000000000000000,2.00,2
2026-03-27,Cochinita,17.50000000000000000000,18.00,5
2026-07-21,Papa,9.00000000000000000000,9.00,3
2026-06-23,Molida,13.50000000000000000000,15.00,6
2026-03-17,Frijoles con Queso,12.50000000000000000000,13.00,4
2026-07-10,Huevo Cascabel,12.33333333333333333333,13.00,4
2026-04-03,Papa con Huevo,14.50000000000000000000,15.00,4
2026-08-28,Huevo Verde,42.66666666666666666667,45.00,7
2026-07-13,Papa,8.0000000000000000,8.00,2
2026-03-15,Frijoles,10.00000000000000000000,10.00,2
2026-04-12,Papa con Huevo,10.00000000000000000000,10.00,3
2026-08-09,Huevo Cascabel,13.50000000000000000000,14.00,7
2026-08-12,Huevo Cascabel,10.50000000000000000000,11.00,5
2026-05-18,Deshebrada,38.83333333333333333333,42.00,11
2026-08-06,Molida,17.00000000000000000000,17.00,6
2026-06-07,Cochinita,46.00000000000000000000,47.00,7
2026-04-23,Pollo con Mole,4.33333333333333333333,5.00,3
2026-04-08,Asado,9.0000000000000000,9.00,3
2026-07-31,Requeson,4.0000000000000000,4.00,1
2026-04-11,Chicharrón,36.33333333333333333333,39.00,10
2026-06-22,Asado,7.33333333333333333333,8.00,4
2026-07-23,Huevo Verde,34.00000000000000000000,36.00,11
2026-06-07,Huevo Rojo,31.83333333333333333333,35.00,9
2026-08-05,Huevo con Nopal,2.0000000000000000,2.00,1
2026-03-03,Bistec con Papas,6.50000000000000000000,7.00,4
2026-07-02,Frijoles con Queso,17.50000000000000000000,18.00,4
2026-08-26,Deshebrada,61.00000000000000000000,65.00,20
2026-04-09,Bistec con Papas,13.25000000000000000000,14.00,3
2026-05-02,Asado,7.0000000000000000,7.00,2
2026-03-02,Papa con Chorizo,8.00000000000000000000,8.00,3
2026-06-12,Frijoles con Queso,20.50000000000000000000,21.00,5
2026-03-07,Pollo con Mole,3.0000000000000000,3.00,1
2026-04-23,Papa,9.00000000000000000000,9.00,2
2026-06-27,Bistec con Papas,14.75000000000000000000,16.00,7
2026-05-17,Cochinita,35.08333333333333333333,38.00,12
2026-04-19,Chicharrón,77.41666666666666666666,82.00,12
2026-07-19,Molida,22.50000000000000000000,24.00,7
2026-08-17,Requesón Picosito,5.0000000000000000,5.00,2
2026-06-24,Frijoles con Queso,11.33333333333333333333,14.00,5
2026-07-08,Pollo con Mole,13.0000000000000000,13.00,4
2026-06-18,Huevo Verde,38.75000000000000000000,41.00,8
2026-04-12,Huevo con Chorizo,8.00000000000000000000,8.00,3
2026-08-21,Huevo Cascabel,11.0000000000000000,11.00,2
2026-03-22,Requesón Picosito,10.33333333333333333333,12.00,6
2026-06-13,Nopal,10.50000000000000000000,11.00,3
2026-06-07,Papa,7.00000000000000000000,7.00,4
2026-05-13,Huevo Cascabel,12.50000000000000000000,13.00,4
2026-03-21,Papa con Huevo,11.50000000000000000000,12.00,4
2026-04-27,Molida,10.00000000000000000000,11.00,5
2026-04-20,Nopal,2.50000000000000000000,3.00,3
2026-07-27,Huevo con Nopal,8.00000000000000000000,8.00,4
2026-07-09,Bistec con Papas,12.00000000000000000000,13.00,5
2026-04-02,Molida,13.00000000000000000000,14.00,7
2026-04-29,Huevo Rojo,18.00000000000000000000,19.00,5
2026-08-04,Papa con Chorizo,9.00000000000000000000,9.00,2
2026-07-17,Nopal,10.0000000000000000,10.00,1
2026-06-13,Papa con Huevo,12.00000000000000000000,12.00,4
2026-03-11,Papa con Chorizo,9.41666666666666666666,12.00,7
2026-06-27,Chicharrón,55.33333333333333333333,58.00,9
2026-05-04,Papa,3.0000000000000000,3.00,1
2026-07-28,Huevo Verde,49.00000000000000000000,49.00,5
2026-08-02,Papa con Huevo,15.00000000000000000000,15.00,4
2026-07-23,Barbacoa,1.00000000000000000000,1.00,1
2026-07-29,Chicharrón,36.83333333333333333333,39.00,7
2026-07-08,Molida,19.00000000000000000000,20.00,6
2026-07-04,Huevo Rojo,34.50000000000000000000,35.00,6
2026-06-18,Chicharrón,24.75000000000000000000,27.00,8
2026-06-12,Papa,5.00000000000000000000,5.00,2
2026-04-26,Requesón Picosito,11.0000000000000000,11.00,3
2026-08-25,Huevo con Nopal,8.20000000000000000000,9.00,4
2026-03-20,Papa,15.0000000000000000,15.00,2
2026-05-06,Huevo Cascabel,14.83333333333333333333,16.00,5
2026-05-12,Nopal,0.50000000000000000000,1.00,1
2026-04-22,Deshebrada,49.50000000000000000000,52.00,9
2026-03-23,Molida,7.00000000000000000000,8.00,5
2026-03-06,Requesón Picosito,5.00000000000000000000,5.00,3
2026-08-25,Bistec con Papas,10.20000000000000000000,11.00,4
2026-04-19,Molida,23.33333333333333333333,25.00,8
2026-03-01,Cochinita,20.70000000000000000000,22.00,9
2026-09-01,Huevo Cascabel,16.00000000000000000000,16.00,5
2026-05-18,Bistec con Papas,10.00000000000000000000,10.00,3
2026-03-01,Queso,2.0000000000000000,2.00,1
2026-08-10,Pollo con Mole,5.50000000000000000000,6.00,3
2026-05-02,Chicharrón,47.75000000000000000000,51.00,10
2026-03-22,Huevo Rojo,33.00000000000000000000,35.00,9
2026-07-01,Bistec con Papas,18.50000000000000000000,21.00,7
2026-06-18,Requesón Picosito,4.00000000000000000000,4.00,3
2026-04-17,Pollo con Mole,3.50000000000000000000,4.00,3
2026-07-18,Requeson,5.00000000000000000000,6.00,5
2026-04-24,Frijoles,1.00000000000000000000,1.00,1
2026-07-14,Molida,16.41666666666666666666,19.00,7
2026-04-11,Requeson,7.00000000000000000000,7.00,3
2026-07-23,Papa,3.33333333333333333333,4.00,4
2026-06-14,Papa con Huevo,25.00000000000000000000,25.00,3
2026-07-09,Cochinita,9.50000000000000000000,10.00,4
2026-03-03,Papa con Huevo,8.00000000000000000000,9.00,4
2026-05-17,Bistec con Papas,22.25000000000000000000,26.00,11
2026-05-26,Chicharrón,13.33333333333333333333,15.00,6
2026-07-19,Pollo con Mole,6.00000000000000000000,6.00,3
2026-08-24,Huevo con Nopal,8.00000000000000000000,8.00,3
2026-08-18,Nopal,5.00000000000000000000,5.00,2
2026-06-14,Huevo Verde,75.58333333333333333333,79.00,11
2026-05-27,Bistec con Papas,6.00000000000000000000,6.00,2
2026-07-08,Barbacoa,1.00000000000000000000,1.00,1
2026-07-01,Huevo con Chorizo,7.00000000000000000000,7.00,4
2026-08-04,Papa con Huevo,7.50000000000000000000,8.00,4
2026-07-17,Huevo con Chorizo,4.00000000000000000000,5.00,4
2026-05-05,Huevo Rojo,25.0000000000000000,25.00,4
2026-05-28,Huevo con Nopal,5.00000000000000000000,5.00,3
2026-08-07,Frijoles,11.0000000000000000,11.00,3
2026-04-21,Cochinita,7.50000000000000000000,8.00,4
2026-04-18,Asado,15.00000000000000000000,15.00,4
2026-04-15,Huevo con Chorizo,5.50000000000000000000,6.00,2
2026-03-09,Deshebrada,63.50000000000000000000,68.00,15
2026-07-12,Pollo con Mole,27.50000000000000000000,28.00,6
2026-03-30,Nopal,2.50000000000000000000,3.00,3
2026-04-06,Papa con Chorizo,12.25000000000000000000,13.00,5
2026-03-16,Papa con Chorizo,25.0000000000000000,25.00,3
2026-03-25,Deshebrada,19.75000000000000000000,22.00,9
2026-06-22,Papa con Chorizo,12.75000000000000000000,14.00,5
2026-06-22,Cochinita,13.33333333333333333333,15.00,8
2026-04-29,Requesón Picosito,2.0000000000000000,2.00,1
2026-03-21,Frijoles con Queso,33.00000000000000000000,33.00,3
2026-06-23,Nopal,4.50000000000000000000,5.00,3
2026-05-30,Requeson,1.00000000000000000000,1.00,1
2026-05-06,Asado,8.66666666666666666666,10.00,6
2026-06-21,Papa,17.00000000000000000000,17.00,2
2026-07-11,Huevo con Chorizo,9.00000000000000000000,9.00,3
2026-03-13,Asado,9.0000000000000000,9.00,2
2026-04-05,Papa,25.00000000000000000000,26.00,4
2026-05-22,Cochinita,31.25000000000000000000,33.00,8
2026-03-14,Frijoles,2.0000000000000000,2.00,1
2026-08-30,Papa con Huevo,15.00000000000000000000,16.00,5
2026-05-06,Requesón Picosito,8.0000000000000000,8.00,2
2026-08-04,Huevo Cascabel,10.0000000000000000,10.00,2
2026-07-17,Bistec con Papas,15.50000000000000000000,18.00,8
2026-03-31,Asado,7.83333333333333333333,9.00,4
2026-07-16,Huevo con Nopal,7.0000000000000000,7.00,1
2026-05-06,Nopal,3.50000000000000000000,4.00,3
2026-08-26,Huevo Rojo,21.00000000000000000000,21.00,4
2026-07-30,Huevo Cascabel,5.75000000000000000000,7.00,4
2026-04-28,Papa,1.00000000000000000000,1.00,1
2026-08-19,Pollo con Mole,11.70000000000000000000,13.00,5
2026-05-07,Huevo Cascabel,9.0000000000000000,9.00,2
2026-04-05,Frijoles con Queso,25.00000000000000000000,26.00,6
2026-03-22,Papa con Huevo,10.0000000000000000,10.00,3
2026-08-26,Nopal,3.00000000000000000000,3.00,2
2026-05-03,Barbacoa,50.91666666666666666666,54.00,10
2026-04-27,Asado,3.00000000000000000000,3.00,2
2026-06-15,Requesón Picosito,9.00000000000000000000,9.00,4
2026-04-18,Barbacoa,28.75000000000000000000,30.00,5
2026-07-16,Requeson,4.0000000000000000,4.00,1
2026-04-26,Papa,37.50000000000000000000,38.00,4
2026-04-23,Papa con Huevo,6.00000000000000000000,6.00,3
2026-08-23,Huevo con Chorizo,13.03333333333333333333,15.00,7
2026-08-11,Molida,19.00000000000000000000,20.00,4
2026-03-02,Barbacoa,4.0000000000000000,4.00,1
2026-03-09,Nopal,5.00000000000000000000,5.00,2
2026-08-05,Bistec con Papas,8.25000000000000000000,9.00,5
2026-03-05,Huevo con Chorizo,15.00000000000000000000,16.00,5
2026-03-29,Queso,3.00000000000000000000,3.00,2
2026-08-04,Chicharrón,33.08333333333333333333,36.00,10
2026-06-28,Molida,14.83333333333333333333,17.00,7
2026-07-21,Frijoles,2.0000000000000000,2.00,1
2026-03-26,Bistec con Papas,12.50000000000000000000,13.00,4
2026-08-20,Molida,18.25000000000000000000,19.00,4
2026-06-01,Barbacoa,15.75000000000000000000,17.00,5
2026-07-01,Nopal,4.50000000000000000000,5.00,3
2026-07-15,Queso,6.00000000000000000000,6.00,4
2026-05-14,Deshebrada,40.33333333333333333333,43.00,10
2026-06-14,Asado,21.91666666666666666666,24.00,8
2026-03-29,Huevo con Chorizo,14.00000000000000000000,14.00,5
2026-04-04,Requeson,3.50000000000000000000,4.00,3
2026-08-14,Deshebrada,43.50000000000000000000,47.00,12
2026-06-27,Papa,6.00000000000000000000,6.00,2
2026-07-01,Asado,10.25000000000000000000,11.00,4
2026-04-08,Huevo Cascabel,6.00000000000000000000,7.00,5
2026-07-21,Requesón Picosito,4.16666666666666666666,6.00,5
2026-07-01,Papa con Huevo,6.0000000000000000,6.00,2
2026-06-07,Molida,17.00000000000000000000,17.00,5
2026-07-29,Huevo Cascabel,11.00000000000000000000,12.00,5
2026-07-14,Frijoles,2.0000000000000000,2.00,1
2026-05-30,Requesón Picosito,4.25000000000000000000,5.00,3
2026-06-26,Nopal,2.50000000000000000000,3.00,2
2026-03-02,Huevo Cascabel,11.0000000000000000,11.00,3
2026-03-29,Huevo Rojo,32.33333333333333333333,34.00,10
2026-06-28,Frijoles con Queso,32.50000000000000000000,36.00,5
2026-03-22,Huevo con Chorizo,16.00000000000000000000,17.00,7
2026-06-26,Huevo Cascabel,5.16666666666666666666,7.00,5
2026-07-21,Molida,10.83333333333333333333,13.00,6
2026-05-06,Pollo con Mole,7.50000000000000000000,8.00,5
2026-04-16,Asado,7.58333333333333333333,9.00,4
2026-07-06,Papa con Huevo,12.00000000000000000000,13.00,4
2026-07-24,Papa con Huevo,3.00000000000000000000,3.00,2
2026-04-04,Queso,6.00000000000000000000,6.00,3
2026-08-11,Requesón Picosito,3.0000000000000000,3.00,1
2026-05-10,Frijoles,8.0000000000000000,8.00,2
2026-05-05,Huevo Cascabel,11.00000000000000000000,11.00,2
2026-03-27,Molida,28.00000000000000000000,28.00,5
2026-03-02,Deshebrada,56.50000000000000000000,61.00,13
2026-08-16,Molida,20.25000000000000000000,22.00,9
2026-04-17,Huevo Verde,53.50000000000000000000,55.00,9
2026-08-29,Huevo Rojo,56.00000000000000000000,57.00,5
2026-08-14,Papa,20.0000000000000000,20.00,1
2026-04-08,Bistec con Papas,18.28333333333333333333,21.00,8
2026-06-21,Huevo Verde,42.25000000000000000000,45.00,9
2026-04-15,Requeson,5.50000000000000000000,6.00,2
2026-06-15,Papa,7.00000000000000000000,7.00,2
2026-06-10,Papa con Chorizo,7.00000000000000000000,8.00,4
2026-05-19,Deshebrada,32.00000000000000000000,34.00,9
2026-04-15,Huevo Verde,21.25000000000000000000,24.00,9
2026-07-25,Bistec con Papas,10.20000000000000000000,12.00,6
2026-04-24,Requesón Picosito,7.0000000000000000,7.00,2
2026-06-02,Huevo con Chorizo,13.33333333333333333333,14.00,6
2026-05-30,Frijoles,13.00000000000000000000,13.00,2
2026-08-02,Queso,6.00000000000000000000,6.00,3
2026-03-07,Queso,6.0000000000000000,6.00,2
2026-07-30,Deshebrada,47.75000000000000000000,49.00,11
2026-05-19,Asado,7.0000000000000000,7.00,3
2026-05-09,Queso,4.00000000000000000000,4.00,4
2026-08-20,Frijoles con Queso,13.00000000000000000000,13.00,2
2026-08-31,Pollo con Mole,7.0000000000000000,7.00,1
2026-05-21,Pollo con Mole,3.00000000000000000000,3.00,3
2026-07-12,Asado,19.33333333333333333333,20.00,5
2026-08-09,Papa,12.50000000000000000000,13.00,4
2026-06-03,Requesón Picosito,4.00000000000000000000,4.00,3
2026-06-11,Pollo con Mole,7.50000000000000000000,8.00,4
2026-04-25,Papa con Chorizo,9.50000000000000000000,10.00,3
2026-07-10,Chicharrón,27.0000000000000000,27.00,3
2026-08-19,Queso,5.00000000000000000000,5.00,3
2026-04-28,Huevo con Chorizo,2.25000000000000000000,3.00,3
2026-03-28,Pollo con Mole,12.00000000000000000000,12.00,4
2026-08-26,Asado,5.00000000000000000000,5.00,3
2026-05-17,Papa con Chorizo,20.33333333333333333333,25.00,9
2026-07-12,Huevo con Nopal,9.0000000000000000,9.00,2
2026-03-14,Huevo Cascabel,26.00000000000000000000,27.00,6
2026-07-03,Huevo con Nopal,6.0000000000000000,6.00,2
2026-06-30,Frijoles con Queso,9.95000000000000000000,12.00,6
2026-07-24,Chicharrón,30.00000000000000000000,32.00,7
2026-07-08,Frijoles con Queso,12.0000000000000000,12.00,3
2026-07-27,Papa,25.0000000000000000,25.00,2
2026-06-29,Requesón Picosito,9.50000000000000000000,10.00,5
2026-05-08,Pollo con Mole,4.00000000000000000000,4.00,4
2026-05-11,Huevo Cascabel,10.0000000000000000,10.00,3
2026-08-22,Papa,11.00000000000000000000,11.00,4
2026-05-22,Bistec con Papas,8.00000000000000000000,8.00,2
2026-05-29,Huevo Rojo,36.16666666666666666666,39.00,8
2026-07-03,Papa,10.00000000000000000000,10.00,2
2026-04-26,Cochinita,43.75000000000000000000,45.00,7
2026-07-26,Frijoles con Queso,21.0000000000000000,21.00,3
2026-08-02,Chicharrón,41.50000000000000000000,44.00,9
2026-03-01,Nopal,3.00000000000000000000,3.00,2
2026-03-18,Deshebrada,22.16666666666666666667,23.00,5
2026-08-17,Papa,6.0000000000000000,6.00,1
2026-08-08,Huevo con Nopal,1.00000000000000000000,1.00,1
2026-08-24,Chicharrón,29.33333333333333333333,32.00,9
2026-03-04,Huevo Verde,25.33333333333333333333,29.00,12
2026-04-08,Huevo Verde,33.00000000000000000000,33.00,4
2026-05-27,Papa,9.00000000000000000000,9.00,4
2026-07-23,Frijoles con Queso,30.50000000000000000000,31.00,6
2026-04-08,Requesón Picosito,4.58333333333333333333,6.00,4
2026-04-16,Chicharrón,32.33333333333333333333,35.00,8
2026-08-22,Deshebrada,97.00000000000000000000,102.00,14
2026-07-17,Huevo Rojo,29.25000000000000000000,31.00,8
2026-03-16,Pollo con Mole,10.00000000000000000000,10.00,3
2026-08-31,Papa,5.0000000000000000,5.00,1
2026-06-01,Papa con Huevo,9.25000000000000000000,10.00,4
2026-08-01,Bistec con Papas,17.58333333333333333333,19.00,7
2026-07-25,Huevo Rojo,39.00000000000000000000,42.00,9
2026-05-16,Papa con Huevo,16.00000000000000000000,16.00,4
2026-06-25,Bistec con Papas,20.83333333333333333333,22.00,5
2026-08-09,Deshebrada,69.00000000000000000000,74.00,17
2026-06-02,Chicharrón,31.50000000000000000000,32.00,5
2026-07-10,Pollo con Mole,9.00000000000000000000,9.00,4
2026-05-03,Requesón Picosito,12.0000000000000000,12.00,3
2026-04-26,Pollo con Mole,8.50000000000000000000,9.00,4
2026-09-01,Huevo Verde,33.50000000000000000000,34.00,6
2026-03-21,Huevo Verde,42.83333333333333333333,48.00,15
2026-04-17,Papa con Chorizo,15.00000000000000000000,15.00,3
2026-08-10,Papa con Chorizo,8.50000000000000000000,9.00,4
2026-09-02,Huevo Cascabel,5.00000000000000000000,5.00,3
2026-07-12,Huevo Cascabel,31.50000000000000000000,34.00,7
2026-06-04,Nopal,6.50000000000000000000,7.00,3
2026-08-29,Frijoles,2.00000000000000000000,2.00,2
2026-08-16,Frijoles,1.00000000000000000000,1.00,1
2026-03-16,Bistec con Papas,7.00000000000000000000,7.00,5
2026-03-28,Frijoles,4.0000000000000000,4.00,1
2026-05-12,Huevo Verde,51.83333333333333333333,54.00,9
2026-03-24,Frijoles con Queso,7.00000000000000000000,8.00,4
2026-04-13,Papa,10.0000000000000000,10.00,1
2026-05-13,Molida,11.50000000000000000000,12.00,5
2026-04-03,Huevo Cascabel,13.75000000000000000000,15.00,4
2026-04-11,Frijoles con Queso,25.50000000000000000000,26.00,4
2026-09-04,Huevo con Nopal,2.50000000000000000000,4.00,4
2026-06-03,Nopal,3.50000000000000000000,4.00,2
2026-08-17,Deshebrada,52.83333333333333333333,55.00,12
2026-07-26,Frijoles,9.00000000000000000000,9.00,2
2026-03-27,Huevo Verde,42.75000000000000000000,44.00,10
2026-08-28,Chicharrón,43.50000000000000000000,45.00,9
2026-06-23,Papa,8.0000000000000000,8.00,2
2026-07-31,Requesón Picosito,12.50000000000000000000,13.00,4
2026-04-04,Pollo con Mole,6.58333333333333333333,8.00,4
2026-04-20,Deshebrada,55.25000000000000000000,57.00,8
2026-05-02,Frijoles con Queso,27.00000000000000000000,28.00,3
2026-05-21,Queso,2.0000000000000000,2.00,1
2026-08-29,Requeson,2.0000000000000000,2.00,1
2026-05-05,Pollo con Mole,10.00000000000000000000,10.00,3
2026-05-14,Huevo Rojo,26.50000000000000000000,27.00,6
2026-07-22,Requeson,13.50000000000000000000,14.00,3
2026-06-06,Huevo Verde,47.25000000000000000000,52.00,16
2026-06-13,Bistec con Papas,17.83333333333333333333,19.00,7
2026-04-12,Chicharrón,41.50000000000000000000,46.00,13
2026-06-12,Cochinita,23.75000000000000000000,25.00,6
2026-05-12,Papa con Chorizo,12.00000000000000000000,12.00,4
2026-05-05,Papa,10.50000000000000000000,11.00,2
2026-08-18,Pollo con Mole,5.25000000000000000000,6.00,3
2026-03-06,Papa,3.0000000000000000,3.00,1
2026-06-17,Huevo con Nopal,3.0000000000000000,3.00,1
2026-07-03,Huevo Rojo,22.50000000000000000000,23.00,5
2026-04-18,Huevo Rojo,22.50000000000000000000,23.00,5
2026-03-31,Huevo Verde,33.00000000000000000000,33.00,4
2026-04-26,Barbacoa,63.16666666666666666666,68.00,16
2026-09-03,Requeson,3.00000000000000000000,3.00,2
2026-06-09,Papa con Huevo,9.00000000000000000000,9.00,3
2026-06-28,Barbacoa,50.08333333333333333333,53.00,9
2026-08-21,Papa,19.50000000000000000000,20.00,3
2026-04-22,Cochinita,10.50000000000000000000,12.00,6
2026-03-15,Papa con Huevo,10.00000000000000000000,10.00,3
2026-06-09,Huevo Verde,39.33333333333333333333,41.00,9
2026-05-09,Pollo con Mole,10.50000000000000000000,11.00,4
2026-05-11,Requesón Picosito,4.00000000000000000000,4.00,2
2026-06-19,Huevo Rojo,19.83333333333333333333,21.00,5
2026-08-21,Requeson,4.00000000000000000000,4.00,3
2026-06-17,Huevo Cascabel,9.00000000000000000000,9.00,2
2026-07-10,Requeson,7.00000000000000000000,7.00,3
2026-06-28,Chicharrón,47.58333333333333333333,52.00,12
2026-05-04,Pollo con Mole,6.00000000000000000000,7.00,4
2026-05-26,Papa con Chorizo,7.50000000000000000000,8.00,3
2026-04-11,Huevo Verde,48.00000000000000000000,51.00,9
2026-06-26,Asado,5.0000000000000000,5.00,2
2026-04-16,Frijoles,2.0000000000000000,2.00,1
2026-06-17,Chicharrón,29.00000000000000000000,32.00,8
2026-08-01,Requeson,10.00000000000000000000,10.00,2
2026-08-27,Cochinita,15.50000000000000000000,18.00,8
2026-03-24,Huevo con Chorizo,6.50000000000000000000,7.00,3
2026-03-10,Papa con Huevo,5.00000000000000000000,6.00,4
2026-08-10,Frijoles,2.00000000000000000000,2.00,2
2026-06-04,Papa,11.0000000000000000,11.00,1
2026-08-17,Huevo con Chorizo,15.70000000000000000000,17.00,10
2026-08-11,Asado,12.00000000000000000000,12.00,4
2026-05-29,Requesón Picosito,7.00000000000000000000,8.00,5
2026-03-10,Deshebrada,35.83333333333333333333,38.00,8
2026-06-22,Frijoles con Queso,11.00000000000000000000,11.00,4
2026-08-18,Huevo Verde,31.00000000000000000000,32.00,6
2026-08-30,Bistec con Papas,15.58333333333333333333,18.00,9
2026-08-27,Huevo Cascabel,11.00000000000000000000,11.00,4
2026-08-03,Huevo con Chorizo,14.50000000000000000000,15.00,4
2026-03-01,Requeson,6.25000000000000000000,7.00,4
2026-05-20,Queso,2.0000000000000000,2.00,1
2026-05-15,Chicharrón,42.16666666666666666666,45.00,10
2026-07-30,Requesón Picosito,8.50000000000000000000,9.00,4
2026-06-25,Asado,7.50000000000000000000,8.00,3
2026-05-09,Barbacoa,37.00000000000000000000,37.00,4
2026-03-07,Chicharrón,48.50000000000000000000,51.00,10
2026-03-27,Huevo Rojo,20.33333333333333333333,21.00,5
2026-05-19,Huevo Verde,34.50000000000000000000,35.00,6
2026-04-08,Nopal,8.50000000000000000000,9.00,4
2026-03-28,Huevo Cascabel,19.0000000000000000,19.00,3
2026-04-20,Huevo Cascabel,13.0000000000000000,13.00,2
2026-05-04,Huevo con Nopal,6.50000000000000000000,7.00,4
2026-05-23,Huevo Rojo,30.50000000000000000000,31.00,5
2026-09-04,Papa con Huevo,6.00000000000000000000,6.00,2
2026-04-02,Chicharrón,29.08333333333333333333,31.00,7
2026-07-20,Nopal,3.0000000000000000,3.00,1
2026-07-15,Huevo Verde,38.83333333333333333333,41.00,10
2026-03-09,Cochinita,22.00000000000000000000,25.00,8
2026-08-30,Huevo con Chorizo,13.50000000000000000000,14.00,5
2026-07-03,Chicharrón,36.00000000000000000000,37.00,6
2026-03-11,Bistec con Papas,10.00000000000000000000,10.00,2
2026-04-15,Molida,11.25000000000000000000,12.00,5
2026-05-16,Papa,4.0000000000000000,4.00,1
2026-04-13,Deshebrada,37.00000000000000000000,38.00,7
2026-03-02,Requesón Picosito,7.0000000000000000,7.00,2
2026-07-13,Huevo Rojo,18.50000000000000000000,19.00,5
2026-08-27,Pollo con Mole,1.00000000000000000000,1.00,1
2026-06-22,Huevo Verde,42.00000000000000000000,44.00,10
2026-06-02,Asado,4.00000000000000000000,4.00,2
2026-07-26,Papa con Huevo,17.25000000000000000000,18.00,5
2026-07-28,Pollo con Mole,14.0000000000000000,14.00,3
2026-03-31,Requesón Picosito,5.00000000000000000000,5.00,2
2026-06-11,Nopal,6.50000000000000000000,7.00,3
2026-08-21,Cochinita,14.50000000000000000000,15.00,4
2026-08-07,Papa,3.00000000000000000000,3.00,2
2026-05-22,Papa con Chorizo,13.33333333333333333333,14.00,4
2026-03-15,Requeson,8.50000000000000000000,9.00,4
2026-06-17,Queso,3.00000000000000000000,3.00,2
2026-08-06,Nopal,6.0000000000000000,6.00,2
2026-03-07,Deshebrada,92.83333333333333333333,97.00,19
2026-07-21,Deshebrada,48.41666666666666666666,54.00,17
2026-05-27,Cochinita,25.41666666666666666666,28.00,8
2026-08-02,Papa con Chorizo,19.50000000000000000000,20.00,4
2026-05-09,Huevo Rojo,34.00000000000000000000,36.00,12
2026-05-31,Huevo Rojo,44.25000000000000000000,46.00,8
2026-05-08,Nopal,2.00000000000000000000,2.00,2
2026-06-05,Molida,18.50000000000000000000,19.00,4
2026-07-11,Nopal,3.0000000000000000,3.00,1
2026-08-04,Molida,15.50000000000000000000,19.00,7
2026-04-12,Asado,5.50000000000000000000,6.00,4
2026-05-25,Huevo con Nopal,6.00000000000000000000,6.00,3
2026-07-06,Barbacoa,12.83333333333333333333,14.00,6
2026-04-10,Pollo con Mole,12.58333333333333333333,14.00,5
2026-07-13,Huevo con Nopal,6.16666666666666666667,7.00,3
2026-08-12,Cochinita,16.75000000000000000000,18.00,5
2026-07-31,Nopal,9.00000000000000000000,9.00,2
2026-06-19,Huevo Cascabel,9.33333333333333333333,10.00,3
2026-05-31,Bistec con Papas,13.25000000000000000000,15.00,7
2026-05-21,Deshebrada,58.00000000000000000000,60.00,9
2026-04-22,Huevo con Nopal,8.00000000000000000000,8.00,2
2026-06-11,Huevo Cascabel,3.50000000000000000000,4.00,4
2026-08-03,Deshebrada,59.99999999999999999999,64.00,16
2026-08-27,Barbacoa,1.00000000000000000000,1.00,1
2026-06-06,Huevo con Chorizo,11.50000000000000000000,12.00,4
2026-07-07,Huevo con Chorizo,9.00000000000000000000,9.00,4
2026-07-21,Requeson,3.25000000000000000000,4.00,3
2026-05-30,Queso,8.0000000000000000,8.00,2
2026-06-29,Asado,7.0000000000000000,7.00,3
2026-06-14,Requesón Picosito,11.50000000000000000000,12.00,4
2026-05-14,Papa con Huevo,10.25000000000000000000,11.00,5
2026-03-07,Frijoles con Queso,35.00000000000000000000,35.00,4
2026-08-24,Requesón Picosito,6.25000000000000000000,7.00,4
2026-03-18,Huevo con Chorizo,8.00000000000000000000,8.00,4
2026-08-22,Asado,12.50000000000000000000,13.00,4
2026-07-18,Bistec con Papas,17.33333333333333333333,18.00,5
2026-04-19,Nopal,2.0000000000000000,2.00,1
2026-07-21,Queso,3.00000000000000000000,3.00,3
2026-04-30,Bistec con Papas,9.58333333333333333333,12.00,7
2026-03-08,Frijoles con Queso,39.25000000000000000000,40.00,4
2026-06-24,Papa con Chorizo,10.33333333333333333333,11.00,4
2026-06-15,Huevo Cascabel,9.00000000000000000000,9.00,2
2026-06-22,Papa,13.0000000000000000,13.00,1
2026-03-04,Huevo Rojo,7.33333333333333333333,8.00,3
2026-08-18,Papa con Huevo,17.00000000000000000000,17.00,4
2026-07-02,Frijoles,12.00000000000000000000,12.00,3
2026-04-16,Requeson,7.00000000000000000000,7.00,4
2026-08-28,Huevo con Chorizo,10.00000000000000000000,10.00,4
2026-04-01,Huevo Verde,47.50000000000000000000,49.00,8
2026-07-24,Huevo con Nopal,7.00000000000000000000,7.00,3
2026-07-26,Barbacoa,54.00000000000000000000,56.00,11
2026-08-11,Chicharrón,40.33333333333333333333,42.00,7
2026-06-08,Cochinita,7.50000000000000000000,8.00,4
2026-07-05,Nopal,6.50000000000000000000,7.00,3
2026-06-18,Frijoles con Queso,7.50000000000000000000,8.00,5
2026-06-25,Papa con Huevo,13.75000000000000000000,15.00,6
2026-08-17,Huevo Verde,34.00000000000000000000,34.00,5
2026-04-24,Pollo con Mole,8.0000000000000000,8.00,2
2026-03-03,Papa con Chorizo,9.0000000000000000,9.00,3
2026-03-28,Molida,16.33333333333333333333,18.00,9
2026-08-14,Chicharrón,30.00000000000000000000,31.00,5
2026-05-27,Pollo con Mole,1.50000000000000000000,2.00,2
2026-03-29,Deshebrada,77.00000000000000000000,81.00,11
2026-03-15,Frijoles con Queso,18.0000000000000000,18.00,3
2026-07-28,Requesón Picosito,5.0000000000000000,5.00,2
2026-03-05,Papa con Chorizo,6.00000000000000000000,7.00,5
2026-05-08,Requesón Picosito,7.00000000000000000000,7.00,2
2026-06-06,Deshebrada,68.50000000000000000000,72.00,15
2026-05-26,Requesón Picosito,1.50000000000000000000,2.00,2
2026-05-07,Bistec con Papas,7.00000000000000000000,7.00,3
2026-05-11,Papa,16.00000000000000000000,16.00,3
2026-03-28,Huevo con Chorizo,26.50000000000000000000,27.00,5
2026-06-16,Chicharrón,44.25000000000000000000,46.00,7
2026-08-12,Bistec con Papas,16.25000000000000000000,17.00,6
2026-08-06,Requeson,0.50000000000000000000,1.00,1
2026-03-16,Nopal,5.00000000000000000000,5.00,3
2026-08-05,Requesón Picosito,4.00000000000000000000,4.00,3
2026-05-07,Papa con Chorizo,6.33333333333333333333,7.00,5
2026-08-28,Barbacoa,29.00000000000000000000,29.00,6
2026-07-19,Papa con Chorizo,19.50000000000000000000,20.00,4
2026-08-27,Requesón Picosito,2.66666666666666666667,4.00,2
2026-08-17,Pollo con Mole,5.20000000000000000000,6.00,2
2026-06-02,Papa con Chorizo,14.00000000000000000000,14.00,4
2026-07-07,Huevo con Nopal,10.00000000000000000000,10.00,2
2026-05-28,Huevo Verde,23.33333333333333333333,26.00,9
2026-05-16,Chicharrón,52.66666666666666666666,58.00,13
2026-04-19,Pollo con Mole,12.00000000000000000000,12.00,5
2026-06-17,Cochinita,15.75000000000000000000,17.00,6
2026-08-03,Asado,8.83333333333333333333,10.00,6
2026-04-30,Huevo Cascabel,16.00000000000000000000,16.00,5
2026-09-05,Asado,16.00000000000000000000,17.00,6
2026-06-13,Huevo con Nopal,6.50000000000000000000,7.00,2
2026-08-08,Pollo con Mole,8.0000000000000000,8.00,3
2026-05-23,Frijoles,3.00000000000000000000,3.00,2
2026-04-22,Bistec con Papas,16.50000000000000000000,17.00,4
2026-07-25,Frijoles,15.0000000000000000,15.00,2
2026-08-18,Chicharrón,50.25000000000000000000,55.00,10
2026-04-05,Huevo Rojo,49.16666666666666666667,52.00,7
2026-05-09,Papa,7.0000000000000000,7.00,2
2026-08-22,Huevo Verde,57.00000000000000000000,58.00,9
2026-07-07,Barbacoa,0.50000000000000000000,1.00,1
2026-03-11,Huevo Verde,29.74999999999999999999,34.00,13
2026-03-21,Papa,9.00000000000000000000,9.00,3
2026-05-20,Frijoles,1.00000000000000000000,1.00,1
2026-09-05,Huevo con Chorizo,6.16666666666666666667,7.00,4
2026-06-10,Huevo Verde,32.25000000000000000000,34.00,6
2026-03-30,Huevo Verde,32.58333333333333333333,35.00,9
2026-05-05,Asado,7.0000000000000000,7.00,3
2026-06-24,Huevo Cascabel,13.00000000000000000000,15.00,5
2026-03-27,Chicharrón,43.08333333333333333333,45.00,8
2026-04-29,Asado,7.00000000000000000000,7.00,4
2026-08-15,Molida,20.50000000000000000000,21.00,7
2026-07-19,Huevo Rojo,28.50000000000000000000,29.00,5
2026-03-14,Requeson,3.0000000000000000,3.00,1
2026-08-02,Huevo Verde,40.75000000000000000000,42.00,6
2026-06-24,Huevo con Chorizo,13.00000000000000000000,14.00,7
2026-07-10,Nopal,1.00000000000000000000,1.00,1
2026-05-15,Nopal,2.50000000000000000000,3.00,2
2026-06-27,Papa con Huevo,13.00000000000000000000,13.00,3
2026-04-30,Cochinita,28.75000000000000000000,34.00,13
2026-03-13,Huevo Cascabel,5.25000000000000000000,6.00,2
2026-04-20,Chicharrón,42.25000000000000000000,43.00,5
2026-04-09,Queso,1.00000000000000000000,1.00,1
2026-07-27,Frijoles con Queso,17.50000000000000000000,22.00,8
2026-03-29,Requeson,2.50000000000000000000,3.00,3
2026-06-01,Huevo con Chorizo,19.00000000000000000000,19.00,6
2026-07-06,Huevo con Nopal,10.00000000000000000000,10.00,4
2026-07-08,Huevo Verde,35.83333333333333333333,37.00,7
2026-06-02,Huevo Verde,48.83333333333333333333,50.00,7
2026-06-26,Huevo Rojo,26.50000000000000000000,27.00,5
2026-06-26,Papa con Huevo,7.00000000000000000000,7.00,3
2026-07-14,Papa con Chorizo,4.00000000000000000000,4.00,3
2026-06-08,Huevo Cascabel,8.00000000000000000000,8.00,4
2026-08-15,Barbacoa,24.50000000000000000000,27.00,8
2026-05-03,Queso,6.00000000000000000000,6.00,2
2026-06-13,Chicharrón,57.33333333333333333333,62.00,13
2026-07-07,Papa con Chorizo,6.50000000000000000000,7.00,4
2026-03-31,Bistec con Papas,4.00000000000000000000,4.00,3
2026-07-21,Frijoles con Queso,6.50000000000000000000,7.00,3
2026-06-19,Papa con Chorizo,15.83333333333333333333,18.00,6
2026-06-10,Huevo con Chorizo,5.75000000000000000000,7.00,4
2026-06-21,Nopal,6.0000000000000000,6.00,2
2026-04-24,Requeson,5.00000000000000000000,5.00,2
2026-04-06,Bistec con Papas,26.25000000000000000000,27.00,5
2026-07-31,Bistec con Papas,16.50000000000000000000,17.00,5
2026-08-06,Papa con Chorizo,6.00000000000000000000,6.00,3
2026-04-16,Huevo Cascabel,18.00000000000000000000,18.00,3
2026-08-19,Huevo con Chorizo,3.33333333333333333333,4.00,4
2026-06-28,Nopal,8.0000000000000000,8.00,1
2026-08-23,Requesón Picosito,11.00000000000000000000,11.00,4
2026-04-26,Bistec con Papas,13.25000000000000000000,14.00,4
2026-04-06,Papa,0.50000000000000000000,1.00,1
2026-07-13,Chicharrón,35.66666666666666666667,37.00,6
2026-06-08,Huevo Rojo,28.50000000000000000000,29.00,6
2026-05-29,Pollo con Mole,10.66666666666666666666,12.00,5
2026-03-26,Huevo con Chorizo,6.0000000000000000,6.00,2
2026-06-15,Requeson,1.00000000000000000000,1.00,1
2026-07-06,Huevo Verde,34.66666666666666666666,38.00,10
2026-08-02,Frijoles con Queso,23.0000000000000000,23.00,4
2026-05-22,Huevo Cascabel,7.66666666666666666666,9.00,4
2026-04-20,Asado,17.00000000000000000000,17.00,4
2026-08-30,Nopal,5.00000000000000000000,6.00,3
2026-07-26,Requeson,8.25000000000000000000,9.00,2
2026-04-07,Bistec con Papas,12.33333333333333333333,13.00,4
2026-08-29,Papa con Chorizo,14.00000000000000000000,15.00,4
2026-04-03,Deshebrada,82.91666666666666666666,90.00,18
2026-04-10,Papa,11.58333333333333333333,13.00,3
2026-03-25,Huevo Rojo,8.50000000000000000000,9.00,3
2026-06-07,Nopal,12.00000000000000000000,12.00,3
2026-05-26,Frijoles con Queso,7.50000000000000000000,8.00,3
2026-07-16,Frijoles,1.00000000000000000000,1.00,1
2026-05-05,Huevo Verde,45.00000000000000000000,47.00,8
2026-06-02,Huevo Rojo,15.83333333333333333333,17.00,5
2026-06-02,Nopal,5.50000000000000000000,6.00,3
2026-03-30,Frijoles,8.00000000000000000000,8.00,2
2026-08-17,Requeson,4.50000000000000000000,5.00,4
2026-08-27,Deshebrada,64.83333333333333333333,67.00,11
2026-09-04,Nopal,4.50000000000000000000,5.00,3
2026-04-13,Huevo Cascabel,13.20000000000000000000,14.00,3
2026-08-16,Huevo Verde,79.16666666666666666666,84.00,12
2026-04-30,Nopal,10.50000000000000000000,11.00,4
2026-06-15,Asado,4.0000000000000000,4.00,1
2026-05-04,Requeson,6.0000000000000000,6.00,3
2026-04-04,Papa con Huevo,9.00000000000000000000,9.00,4
2026-07-26,Pollo con Mole,10.33333333333333333333,11.00,5
2026-08-03,Requesón Picosito,8.33333333333333333333,10.00,7
2026-05-13,Papa,6.00000000000000000000,6.00,2
2026-05-22,Asado,18.25000000000000000000,19.00,4
2026-04-17,Deshebrada,39.75000000000000000000,41.00,9
2026-08-06,Cochinita,27.00000000000000000000,27.00,4
2026-09-05,Huevo Verde,46.16666666666666666667,48.00,10
2026-05-27,Requesón Picosito,5.50000000000000000000,6.00,4
2026-08-21,Chicharrón,38.83333333333333333333,40.00,7
2026-04-23,Frijoles con Queso,19.50000000000000000000,22.00,5
2026-03-28,Papa con Chorizo,11.00000000000000000000,11.00,3
2026-06-11,Huevo Verde,32.50000000000000000000,34.00,8
2026-08-17,Barbacoa,8.00000000000000000000,8.00,3
2026-05-08,Huevo con Chorizo,9.00000000000000000000,9.00,3
2026-03-30,Huevo Rojo,23.00000000000000000000,24.00,6
2026-04-17,Barbacoa,18.25000000000000000000,19.00,6
2026-08-02,Huevo con Chorizo,19.50000000000000000000,21.00,7
2026-05-03,Papa,25.50000000000000000000,26.00,5
2026-03-19,Pollo con Mole,7.50000000000000000000,8.00,3
2026-05-16,Queso,4.00000000000000000000,4.00,2
2026-06-30,Deshebrada,77.41666666666666666666,83.00,15
2026-05-07,Molida,12.0000000000000000,12.00,3
2026-04-08,Chicharrón,15.50000000000000000000,16.00,5
2026-06-07,Pollo con Mole,6.00000000000000000000,7.00,4
2026-03-16,Asado,10.00000000000000000000,10.00,3
2026-04-01,Requeson,3.0000000000000000,3.00,1
2026-04-05,Molida,14.75000000000000000000,17.00,7
2026-07-13,Deshebrada,32.16666666666666666667,34.00,7
2026-05-11,Huevo con Chorizo,4.00000000000000000000,4.00,2
2026-03-05,Frijoles con Queso,14.25000000000000000000,16.00,6
2026-03-30,Bistec con Papas,11.33333333333333333333,12.00,3
2026-08-11,Cochinita,16.50000000000000000000,17.00,4
2026-08-21,Huevo Verde,37.00000000000000000000,38.00,6
2026-08-27,Huevo con Chorizo,1.83333333333333333333,3.00,3
2026-04-03,Bistec con Papas,8.50000000000000000000,10.00,6
2026-08-14,Papa con Chorizo,7.50000000000000000000,8.00,4
2026-09-05,Chicharrón,55.66666666666666666667,59.00,11
2026-07-08,Papa,15.50000000000000000000,16.00,3
2026-04-02,Huevo Rojo,24.00000000000000000000,24.00,5
2026-03-04,Chicharrón,20.58333333333333333333,23.00,8
2026-05-14,Queso,1.00000000000000000000,1.00,1
2026-05-24,Cochinita,31.00000000000000000000,32.00,6
2026-03-05,Pollo con Mole,2.0000000000000000,2.00,1
2026-09-01,Nopal,10.00000000000000000000,11.00,3
2026-08-01,Barbacoa,42.50000000000000000000,44.00,10
2026-08-19,Asado,3.33333333333333333333,4.00,2
2026-03-23,Deshebrada,29.08333333333333333333,33.00,12
2026-08-22,Molida,34.33333333333333333333,36.00,7
2026-05-26,Queso,1.00000000000000000000,1.00,1
2026-03-08,Queso,2.0000000000000000,2.00,1
2026-05-07,Huevo Rojo,25.50000000000000000000,26.00,5
2026-04-20,Papa con Chorizo,9.00000000000000000000,9.00,4
2026-06-24,Papa con Huevo,16.00000000000000000000,16.00,4
2026-08-15,Huevo Cascabel,18.0000000000000000,18.00,5
2026-06-20,Requeson,5.0000000000000000,5.00,2
2026-06-17,Papa con Chorizo,4.00000000000000000000,4.00,2
2026-04-14,Frijoles con Queso,7.50000000000000000000,8.00,4
2026-05-01,Nopal,1.00000000000000000000,1.00,1
2026-06-14,Papa,9.50000000000000000000,10.00,4
2026-06-06,Papa,7.0000000000000000,7.00,2
2026-04-05,Huevo con Nopal,5.00000000000000000000,5.00,3
2026-04-01,Queso,3.0000000000000000,3.00,1
2026-04-09,Requesón Picosito,1.50000000000000000000,2.00,2
2026-03-17,Requeson,1.00000000000000000000,1.00,1
2026-07-01,Requesón Picosito,1.50000000000000000000,2.00,2
2026-03-09,Barbacoa,14.0000000000000000,14.00,2
2026-04-20,Huevo con Chorizo,15.00000000000000000000,15.00,4
2026-07-02,Cochinita,7.0000000000000000,7.00,1
2026-04-12,Frijoles con Queso,12.00000000000000000000,12.00,3
2026-03-22,Papa con Chorizo,18.00000000000000000000,19.00,6
2026-03-18,Huevo Verde,21.16666666666666666667,22.00,5
2026-05-21,Bistec con Papas,5.25000000000000000000,6.00,3
2026-05-10,Huevo con Chorizo,16.00000000000000000000,17.00,7
2026-07-18,Asado,15.00000000000000000000,15.00,4
2026-06-25,Pollo con Mole,5.0000000000000000,5.00,2
2026-06-20,Frijoles con Queso,22.50000000000000000000,23.00,3
2026-03-16,Queso,4.00000000000000000000,4.00,2
2026-04-15,Cochinita,7.00000000000000000000,7.00,3
2026-07-20,Requeson,5.00000000000000000000,5.00,3
2026-06-16,Molida,17.00000000000000000000,18.00,7
2026-07-15,Huevo con Nopal,13.00000000000000000000,13.00,3
2026-03-21,Molida,21.25000000000000000000,24.00,8
2026-07-12,Frijoles,6.00000000000000000000,6.00,3
2026-06-10,Requeson,2.00000000000000000000,2.00,2
2026-05-27,Huevo Rojo,13.0000000000000000,13.00,2
2026-06-29,Chicharrón,19.50000000000000000000,20.00,5
2026-04-18,Huevo con Nopal,5.0000000000000000,5.00,1
2026-06-19,Bistec con Papas,15.25000000000000000000,16.00,4
2026-07-20,Barbacoa,1.50000000000000000000,2.00,2
2026-08-10,Huevo Rojo,27.00000000000000000000,27.00,5
2026-03-02,Huevo con Nopal,7.25000000000000000000,8.00,3
2026-05-17,Barbacoa,66.83333333333333333333,69.00,12
2026-04-14,Huevo Rojo,12.33333333333333333333,13.00,3
2026-06-24,Huevo Rojo,23.50000000000000000000,24.00,6
2026-09-01,Papa con Chorizo,10.00000000000000000000,10.00,4
2026-05-12,Huevo Rojo,3.50000000000000000000,4.00,4
2026-03-07,Asado,7.00000000000000000000,7.00,2
2026-08-19,Bistec con Papas,9.66666666666666666666,11.00,3
2026-06-14,Huevo con Chorizo,5.50000000000000000000,6.00,3
2026-08-25,Huevo con Chorizo,10.00000000000000000000,10.00,4
2026-04-01,Pollo con Mole,4.00000000000000000000,4.00,2
2026-06-23,Queso,1.00000000000000000000,1.00,1
2026-08-26,Molida,9.00000000000000000000,11.00,6
2026-08-25,Huevo Cascabel,8.50000000000000000000,9.00,3
2026-04-26,Nopal,0.50000000000000000000,1.00,1
2026-05-25,Chicharrón,32.75000000000000000000,38.00,12
2026-09-02,Requesón Picosito,5.91666666666666666666,8.00,6
2026-04-26,Chicharrón,57.66666666666666666666,63.00,16
2026-06-21,Asado,19.00000000000000000000,20.00,7
2026-07-18,Barbacoa,51.00000000000000000000,51.00,6
2026-06-09,Frijoles con Queso,12.50000000000000000000,13.00,3
2026-08-11,Huevo Cascabel,20.0000000000000000,20.00,3
2026-08-29,Huevo Verde,77.00000000000000000000,77.00,6
2026-07-19,Cochinita,26.50000000000000000000,29.00,10
2026-03-17,Huevo Verde,36.33333333333333333333,40.00,11
2026-05-15,Cochinita,18.83333333333333333333,21.00,9
2026-08-12,Huevo con Nopal,7.00000000000000000000,7.00,3
2026-06-04,Frijoles,2.0000000000000000,2.00,1
2026-05-07,Queso,1.00000000000000000000,1.00,1
2026-04-01,Huevo con Nopal,7.0000000000000000,7.00,3
2026-05-04,Frijoles con Queso,12.50000000000000000000,16.00,7
2026-05-31,Cochinita,30.00000000000000000000,30.00,7
2026-06-17,Huevo Rojo,12.25000000000000000000,13.00,4
2026-08-30,Barbacoa,89.00000000000000000000,92.00,12
2026-06-05,Queso,5.00000000000000000000,5.00,2
2026-05-12,Bistec con Papas,1.83333333333333333333,3.00,3
2026-05-01,Asado,9.50000000000000000000,10.00,3
2026-07-23,Pollo con Mole,10.00000000000000000000,10.00,3
2026-05-08,Chicharrón,35.50000000000000000000,37.00,9
2026-06-24,Frijoles,3.0000000000000000,3.00,1
2026-05-25,Huevo Rojo,22.25000000000000000000,23.00,4
2026-04-11,Huevo con Nopal,4.0000000000000000,4.00,1
2026-04-28,Requeson,3.00000000000000000000,3.00,2
2026-04-12,Huevo Verde,50.50000000000000000000,54.00,10
2026-07-22,Huevo Verde,28.50000000000000000000,29.00,5
2026-04-10,Barbacoa,20.50000000000000000000,21.00,5
2026-06-06,Frijoles con Queso,36.50000000000000000000,37.00,3
2026-08-12,Pollo con Mole,11.00000000000000000000,13.00,7
2026-03-04,Papa con Huevo,8.00000000000000000000,8.00,4
2026-05-24,Barbacoa,52.00000000000000000000,53.00,9
2026-06-12,Pollo con Mole,4.00000000000000000000,4.00,2
2026-07-26,Nopal,7.00000000000000000000,7.00,3
2026-03-02,Huevo Verde,28.75000000000000000000,32.00,9
2026-04-24,Huevo con Nopal,9.00000000000000000000,9.00,3
2026-04-12,Huevo con Nopal,7.00000000000000000000,7.00,3
2026-07-28,Nopal,8.00000000000000000000,8.00,3
2026-04-29,Frijoles con Queso,19.50000000000000000000,20.00,6
2026-08-17,Huevo Rojo,32.50000000000000000000,33.00,5
2026-04-17,Papa con Huevo,5.00000000000000000000,5.00,2
2026-03-31,Huevo Rojo,19.83333333333333333333,21.00,5
2026-08-21,Frijoles con Queso,31.50000000000000000000,32.00,4
2026-07-27,Barbacoa,20.50000000000000000000,21.00,4
2026-05-10,Deshebrada,80.50000000000000000000,85.00,19
2026-07-11,Requeson,6.25000000000000000000,7.00,3
2026-07-12,Frijoles con Queso,44.00000000000000000000,44.00,3
2026-04-07,Papa con Chorizo,9.50000000000000000000,10.00,4
2026-05-08,Huevo Verde,47.00000000000000000000,49.00,10
2026-08-25,Queso,5.00000000000000000000,5.00,3
2026-07-02,Molida,18.83333333333333333333,20.00,8
2026-06-30,Chicharrón,42.08333333333333333333,48.00,13
2026-03-16,Frijoles con Queso,23.0000000000000000,23.00,3
2026-06-26,Huevo con Nopal,9.50000000000000000000,10.00,3
2026-04-22,Requesón Picosito,9.50000000000000000000,10.00,5
2026-03-05,Huevo Rojo,15.33333333333333333333,16.00,5
2026-06-10,Huevo Rojo,15.50000000000000000000,16.00,5
2026-09-03,Huevo Rojo,15.50000000000000000000,17.00,6
2026-04-01,Frijoles,3.0000000000000000,3.00,1
2026-08-29,Asado,14.50000000000000000000,15.00,5
2026-04-12,Papa con Chorizo,19.00000000000000000000,20.00,6
2026-07-07,Bistec con Papas,11.50000000000000000000,12.00,2
2026-07-09,Requesón Picosito,2.00000000000000000000,2.00,2
2026-07-09,Pollo con Mole,9.00000000000000000000,10.00,4
2026-05-29,Bistec con Papas,16.75000000000000000000,18.00,6
2026-04-09,Chicharrón,34.00000000000000000000,36.00,7
2026-03-23,Requeson,3.0000000000000000,3.00,1
2026-03-30,Huevo con Nopal,1.00000000000000000000,1.00,1
2026-07-29,Papa con Chorizo,18.50000000000000000000,19.00,3
2026-04-23,Papa con Chorizo,14.33333333333333333333,16.00,7
2026-03-16,Requeson,7.0000000000000000,7.00,2
2026-03-29,Papa con Chorizo,18.00000000000000000000,19.00,7
2026-05-25,Huevo con Chorizo,7.00000000000000000000,7.00,3
2026-06-17,Molida,16.00000000000000000000,17.00,6
2026-03-06,Bistec con Papas,1.66666666666666666666,3.00,3
2026-08-19,Frijoles,8.0000000000000000,8.00,1
2026-05-09,Frijoles con Queso,45.0000000000000000,45.00,2
2026-06-24,Queso,4.00000000000000000000,4.00,3
2026-07-18,Huevo con Chorizo,11.00000000000000000000,11.00,5
2026-04-21,Requeson,1.00000000000000000000,1.00,1
2026-09-02,Requeson,2.00000000000000000000,3.00,3
2026-08-31,Requeson,6.50000000000000000000,7.00,3
2026-03-14,Huevo con Chorizo,8.75000000000000000000,10.00,4
2026-06-27,Requeson,3.00000000000000000000,3.00,3
2026-05-31,Asado,22.66666666666666666666,24.00,6
2026-04-05,Huevo Cascabel,30.00000000000000000000,32.00,7
2026-03-09,Huevo Cascabel,11.00000000000000000000,11.00,4
2026-08-23,Chicharrón,53.08333333333333333333,59.00,16
2026-06-23,Huevo con Chorizo,7.50000000000000000000,8.00,4
2026-04-08,Papa con Huevo,13.83333333333333333333,15.00,5
2026-04-21,Frijoles con Queso,14.50000000000000000000,15.00,4
2026-07-05,Asado,16.00000000000000000000,18.00,7
2026-06-01,Requeson,3.00000000000000000000,3.00,2
2026-06-23,Chicharrón,40.75000000000000000000,43.00,8
2026-03-17,Pollo con Mole,1.33333333333333333333,2.00,2
2026-07-20,Papa,5.0000000000000000,5.00,1
2026-05-22,Deshebrada,64.00000000000000000000,66.00,10
2026-09-02,Huevo con Nopal,7.00000000000000000000,9.00,3
2026-05-05,Huevo con Nopal,1.50000000000000000000,2.00,2
2026-04-01,Cochinita,26.50000000000000000000,27.00,5
2026-03-11,Papa,2.0000000000000000,2.00,1
2026-05-19,Requeson,1.00000000000000000000,1.00,1
2026-08-04,Queso,5.0000000000000000,5.00,1
2026-08-29,Frijoles con Queso,45.33333333333333333333,46.00,6
2026-07-13,Queso,3.0000000000000000,3.00,1
2026-07-17,Huevo Verde,45.50000000000000000000,47.00,9
2026-07-16,Pollo con Mole,12.25000000000000000000,13.00,3
2026-07-22,Nopal,7.00000000000000000000,7.00,2
2026-03-28,Frijoles con Queso,42.00000000000000000000,43.00,5
2026-03-23,Huevo Cascabel,3.50000000000000000000,4.00,3
2026-08-16,Papa con Huevo,16.83333333333333333333,18.00,6
2026-07-17,Chicharrón,30.50000000000000000000,34.00,10
2026-08-12,Requeson,3.00000000000000000000,4.00,4
2026-08-02,Barbacoa,54.83333333333333333333,58.00,11
2026-07-05,Papa,8.00000000000000000000,8.00,3
2026-07-29,Bistec con Papas,18.33333333333333333333,20.00,6
2026-07-09,Nopal,4.0000000000000000,4.00,1
2026-03-11,Huevo con Nopal,5.0000000000000000,5.00,1
2026-06-13,Frijoles con Queso,22.50000000000000000000,23.00,3
2026-08-14,Huevo con Chorizo,4.0000000000000000,4.00,1
2026-05-20,Papa,11.0000000000000000,11.00,1
2026-04-21,Papa,9.00000000000000000000,9.00,2
2026-04-13,Huevo con Chorizo,9.75000000000000000000,11.00,6
2026-05-24,Queso,2.00000000000000000000,2.00,2
2026-07-27,Requesón Picosito,8.0000000000000000,8.00,2
2026-05-21,Nopal,5.0000000000000000,5.00,1
2026-07-28,Huevo Cascabel,12.50000000000000000000,13.00,4
2026-04-29,Papa,5.50000000000000000000,6.00,3
2026-04-27,Frijoles,1.00000000000000000000,1.00,1
2026-07-27,Asado,6.50000000000000000000,7.00,4
2026-06-07,Barbacoa,56.50000000000000000000,57.00,8
2026-06-06,Bistec con Papas,13.00000000000000000000,14.00,5
2026-05-01,Huevo con Nopal,6.00000000000000000000,6.00,2
2026-05-07,Huevo Verde,34.0000000000000000,34.00,3
2026-07-20,Molida,11.50000000000000000000,12.00,3
2026-05-21,Papa con Chorizo,9.0000000000000000,9.00,2
2026-04-05,Barbacoa,59.50000000000000000000,62.00,9
2026-03-10,Frijoles,1.50000000000000000000,2.00,2
2026-04-05,Requesón Picosito,12.50000000000000000000,13.00,4
2026-07-28,Molida,7.50000000000000000000,8.00,3
2026-03-01,Asado,5.50000000000000000000,6.00,5
2026-03-16,Huevo con Chorizo,13.00000000000000000000,13.00,6
2026-08-25,Requesón Picosito,8.00000000000000000000,8.00,3
2026-05-25,Frijoles con Queso,8.00000000000000000000,9.00,4
2026-08-30,Huevo Cascabel,26.00000000000000000000,26.00,5
2026-06-21,Frijoles con Queso,31.50000000000000000000,32.00,4
2026-03-12,Huevo Cascabel,9.50000000000000000000,10.00,5
2026-04-16,Huevo con Nopal,5.00000000000000000000,5.00,3
2026-06-29,Huevo Rojo,23.00000000000000000000,24.00,5
2026-05-13,Asado,4.00000000000000000000,4.00,2
2026-06-27,Huevo Cascabel,16.50000000000000000000,17.00,4
2026-08-28,Frijoles con Queso,12.0000000000000000,12.00,2
2026-08-16,Barbacoa,97.75000000000000000000,102.00,14
2026-08-18,Cochinita,20.00000000000000000000,22.00,8
2026-05-20,Huevo Verde,34.50000000000000000000,37.00,12
2026-05-29,Frijoles,2.0000000000000000,2.00,1
2026-08-29,Papa,12.25000000000000000000,13.00,5
2026-03-01,Molida,7.70000000000000000000,10.00,6
2026-03-29,Huevo Verde,51.00000000000000000000,52.00,7
2026-08-01,Chicharrón,54.45000000000000000000,59.00,15
2026-04-15,Frijoles con Queso,6.50000000000000000000,7.00,3
2026-07-05,Frijoles con Queso,31.00000000000000000000,31.00,3
2026-04-26,Huevo Rojo,31.50000000000000000000,32.00,6
2026-08-06,Barbacoa,0.50000000000000000000,1.00,1
2026-05-28,Papa,6.0000000000000000,6.00,1
2026-07-07,Chicharrón,40.50000000000000000000,41.00,6
2026-08-22,Huevo con Nopal,8.0000000000000000,8.00,3
2026-08-02,Frijoles,7.00000000000000000000,7.00,2
2026-03-29,Nopal,0.50000000000000000000,1.00,1
2026-09-03,Huevo Verde,23.33333333333333333333,25.00,8
2026-05-17,Papa,11.00000000000000000000,11.00,2
2026-05-07,Deshebrada,22.00000000000000000000,23.00,9
2026-03-09,Huevo Rojo,20.50000000000000000000,21.00,5
2026-08-08,Huevo Cascabel,12.50000000000000000000,13.00,5
2026-06-06,Cochinita,20.58333333333333333333,23.00,8
2026-05-23,Huevo Cascabel,15.0000000000000000,15.00,3
2026-08-09,Huevo Verde,45.00000000000000000000,48.00,11
2026-08-26,Huevo con Nopal,8.00000000000000000000,8.00,3
2026-08-31,Asado,9.50000000000000000000,10.00,4
2026-03-21,Barbacoa,49.58333333333333333333,52.00,10
2026-04-27,Papa,2.0000000000000000,2.00,1
2026-08-08,Deshebrada,66.33333333333333333333,72.00,15
2026-04-10,Huevo Rojo,19.00000000000000000000,19.00,3
2026-07-03,Huevo Cascabel,11.00000000000000000000,12.00,5
2026-03-27,Deshebrada,60.83333333333333333333,62.00,11
2026-08-27,Papa con Chorizo,7.00000000000000000000,7.00,5
2026-07-12,Cochinita,24.25000000000000000000,26.00,8
2026-03-24,Huevo Rojo,7.50000000000000000000,8.00,4
2026-07-29,Deshebrada,67.33333333333333333333,71.00,11
2026-09-05,Requesón Picosito,7.00000000000000000000,7.00,4
2026-07-25,Papa con Huevo,13.20000000000000000000,15.00,6
2026-03-20,Requesón Picosito,2.0000000000000000,2.00,1
2026-06-07,Frijoles,4.0000000000000000,4.00,1
2026-07-24,Asado,10.25000000000000000000,12.00,7
2026-03-20,Requeson,2.0000000000000000,2.00,1
2026-04-12,Nopal,0.50000000000000000000,1.00,1
2026-03-28,Huevo con Nopal,2.50000000000000000000,3.00,2
2026-09-03,Huevo con Chorizo,4.66666666666666666666,6.00,5
2026-04-04,Papa con Chorizo,20.0000000000000000,20.00,3
2026-07-23,Nopal,4.50000000000000000000,5.00,3
2026-08-28,Nopal,5.0000000000000000,5.00,1
2026-08-30,Huevo Verde,61.08333333333333333333,66.00,12
2026-06-05,Asado,15.0000000000000000,15.00,4
2026-07-27,Queso,1.00000000000000000000,1.00,1
2026-04-03,Huevo con Chorizo,9.75000000000000000000,11.00,5
2026-08-26,Pollo con Mole,6.00000000000000000000,6.00,3
2026-08-11,Huevo Rojo,20.50000000000000000000,21.00,4
2026-04-21,Huevo Cascabel,7.00000000000000000000,7.00,2
2026-08-30,Requesón Picosito,11.25000000000000000000,12.00,4
2026-04-19,Papa con Huevo,10.00000000000000000000,10.00,4
2026-07-24,Queso,6.00000000000000000000,6.00,2
2026-03-02,Bistec con Papas,9.00000000000000000000,9.00,2
2026-03-12,Deshebrada,54.83333333333333333333,59.00,17
2026-08-24,Nopal,2.00000000000000000000,2.00,2
2026-03-07,Nopal,9.00000000000000000000,9.00,3
2026-05-17,Molida,34.50000000000000000000,36.00,7
2026-03-04,Pollo con Mole,10.00000000000000000000,10.00,3
2026-03-24,Molida,9.00000000000000000000,9.00,4
2026-04-04,Requesón Picosito,6.83333333333333333333,8.00,5
2026-09-05,Cochinita,27.50000000000000000000,30.00,8
2026-08-11,Barbacoa,8.0000000000000000,8.00,1
2026-06-15,Papa con Huevo,13.00000000000000000000,13.00,4
2026-04-23,Huevo Rojo,19.33333333333333333333,20.00,5
2026-07-14,Requeson,3.25000000000000000000,4.00,3
2026-06-04,Queso,2.00000000000000000000,2.00,2
2026-06-26,Cochinita,16.0000000000000000,16.00,4
2026-08-07,Huevo Rojo,34.75000000000000000000,36.00,7
2026-06-25,Papa con Chorizo,15.83333333333333333333,17.00,5
2026-06-27,Pollo con Mole,16.00000000000000000000,16.00,4
2026-03-06,Cochinita,11.33333333333333333333,14.00,8
2026-03-16,Cochinita,24.00000000000000000000,25.00,7
2026-03-14,Papa,17.00000000000000000000,17.00,2
2026-06-14,Nopal,4.50000000000000000000,5.00,3
2026-03-12,Papa con Chorizo,8.50000000000000000000,9.00,4
2026-08-24,Pollo con Mole,6.25000000000000000000,7.00,3
2026-06-19,Cochinita,15.00000000000000000000,16.00,5
2026-03-25,Papa con Chorizo,1.50000000000000000000,3.00,3
2026-04-29,Bistec con Papas,8.50000000000000000000,9.00,4
2026-03-26,Papa,3.0000000000000000,3.00,1
2026-07-19,Nopal,3.50000000000000000000,4.00,3
2026-06-20,Huevo Verde,53.25000000000000000000,55.00,7
2026-06-05,Chicharrón,17.41666666666666666666,20.00,8
2026-03-31,Requeson,4.00000000000000000000,4.00,2
2026-06-22,Chicharrón,37.75000000000000000000,40.00,8
2026-05-30,Huevo Verde,59.83333333333333333333,63.00,11
2026-08-21,Bistec con Papas,21.00000000000000000000,21.00,4
2026-08-04,Requeson,6.0000000000000000,6.00,3
2026-05-06,Chicharrón,32.49999999999999999999,37.00,13
2026-04-25,Deshebrada,101.00000000000000000000,105.00,15
2026-07-05,Huevo con Chorizo,6.50000000000000000000,7.00,5
2026-05-04,Huevo Rojo,17.50000000000000000000,19.00,6
2026-08-06,Requesón Picosito,5.50000000000000000000,6.00,3
2026-03-01,Papa con Huevo,17.0000000000000000,17.00,2
2026-03-12,Molida,12.00000000000000000000,12.00,2
2026-07-10,Cochinita,21.50000000000000000000,22.00,6
2026-07-05,Requesón Picosito,11.33333333333333333333,12.00,4
2026-07-09,Huevo Rojo,20.00000000000000000000,20.00,5
2026-07-18,Huevo Rojo,30.50000000000000000000,33.00,10
2026-03-11,Cochinita,13.33333333333333333333,15.00,7
2026-08-12,Papa,16.50000000000000000000,17.00,3
2026-06-19,Queso,1.00000000000000000000,1.00,1
2026-09-05,Huevo Rojo,43.16666666666666666667,46.00,12
2026-05-27,Asado,2.50000000000000000000,3.00,3
2026-06-13,Papa con Chorizo,15.00000000000000000000,16.00,6
2026-09-01,Chicharrón,25.50000000000000000000,27.00,6
2026-05-05,Deshebrada,40.00000000000000000000,41.00,6
2026-03-25,Pollo con Mole,3.25000000000000000000,4.00,3
2026-07-26,Chicharrón,60.58333333333333333333,65.00,13
2026-07-01,Chicharrón,31.75000000000000000000,35.00,10
2026-08-09,Bistec con Papas,11.50000000000000000000,13.00,7
2026-04-30,Huevo Rojo,18.50000000000000000000,19.00,5
2026-06-27,Nopal,4.00000000000000000000,5.00,4
2026-09-05,Papa con Huevo,11.16666666666666666667,12.00,6
2026-03-06,Asado,11.33333333333333333333,13.00,5
2026-07-31,Asado,16.50000000000000000000,17.00,4
2026-04-09,Deshebrada,79.00000000000000000000,80.00,9
2026-06-04,Papa con Huevo,6.50000000000000000000,7.00,4
2026-07-26,Bistec con Papas,13.50000000000000000000,14.00,4
2026-04-10,Frijoles con Queso,37.50000000000000000000,38.00,3
2026-07-31,Chicharrón,39.66666666666666666666,43.00,10
2026-07-12,Bistec con Papas,14.25000000000000000000,15.00,5
2026-08-24,Cochinita,12.08333333333333333333,14.00,7
2026-06-05,Barbacoa,18.50000000000000000000,19.00,6
2026-06-10,Nopal,5.50000000000000000000,6.00,2
2026-06-18,Queso,2.00000000000000000000,2.00,2
2026-06-24,Cochinita,15.83333333333333333333,18.00,7
2026-03-08,Pollo con Mole,23.0000000000000000,23.00,4
2026-08-13,Papa con Huevo,10.00000000000000000000,10.00,5
2026-05-21,Huevo con Nopal,10.0000000000000000,10.00,3
2026-08-20,Huevo Cascabel,9.50000000000000000000,10.00,3
2026-08-02,Cochinita,28.50000000000000000000,31.00,10
2026-04-12,Pollo con Mole,13.0000000000000000,13.00,3
2026-07-07,Pollo con Mole,13.00000000000000000000,13.00,3
2026-05-19,Huevo con Nopal,3.00000000000000000000,3.00,2
2026-08-15,Huevo con Chorizo,17.50000000000000000000,18.00,5
2026-03-02,Chicharrón,21.50000000000000000000,24.00,6
2026-04-17,Asado,12.33333333333333333333,13.00,4
2026-06-16,Huevo Rojo,12.00000000000000000000,12.00,4
2026-08-03,Molida,8.58333333333333333333,11.00,5
2026-07-07,Cochinita,30.50000000000000000000,31.00,8
2026-03-10,Asado,4.33333333333333333333,5.00,3
2026-08-26,Huevo Verde,35.50000000000000000000,37.00,8
2026-06-07,Papa con Chorizo,15.83333333333333333333,17.00,6
2026-04-08,Molida,27.69999999999999999999,31.00,9
2026-03-05,Huevo Verde,32.58333333333333333333,34.00,8
2026-06-13,Huevo Rojo,32.25000000000000000000,35.00,11
2026-08-25,Frijoles,6.0000000000000000,6.00,1
2026-07-13,Asado,3.00000000000000000000,4.00,3
2026-07-21,Asado,6.33333333333333333333,7.00,3
2026-07-16,Chicharrón,35.33333333333333333333,38.00,11
2026-03-15,Huevo Verde,37.33333333333333333333,40.00,9
2026-03-31,Deshebrada,40.33333333333333333333,43.00,11
2026-07-18,Papa con Huevo,14.00000000000000000000,15.00,6
2026-03-12,Queso,3.00000000000000000000,3.00,2
2026-06-28,Deshebrada,73.50000000000000000000,80.00,16
2026-03-24,Papa,2.25000000000000000000,3.00,2
2026-04-25,Papa,25.50000000000000000000,26.00,3
2026-07-17,Molida,12.00000000000000000000,14.00,5
2026-05-27,Requeson,1.00000000000000000000,1.00,1
2026-05-24,Papa con Huevo,9.50000000000000000000,10.00,4
2026-08-04,Requesón Picosito,3.00000000000000000000,3.00,3
2026-05-28,Nopal,5.50000000000000000000,6.00,2
2026-04-06,Huevo Verde,43.33333333333333333333,45.00,6
2026-06-02,Deshebrada,44.83333333333333333333,47.00,10
2026-06-29,Huevo Cascabel,7.00000000000000000000,8.00,5
2026-06-15,Frijoles,4.0000000000000000,4.00,1
2026-06-20,Pollo con Mole,10.00000000000000000000,10.00,4
2026-05-24,Deshebrada,82.25000000000000000000,86.00,15
2026-09-03,Huevo Cascabel,12.50000000000000000000,13.00,4
2026-06-30,Queso,5.0000000000000000,5.00,1
2026-05-23,Papa con Chorizo,14.66666666666666666666,17.00,7
2026-06-05,Requesón Picosito,6.25000000000000000000,7.00,4
2026-03-11,Frijoles con Queso,13.50000000000000000000,14.00,4
2026-06-15,Pollo con Mole,7.00000000000000000000,7.00,2
2026-03-07,Papa con Chorizo,27.16666666666666666666,30.00,8
2026-05-05,Requeson,2.00000000000000000000,2.00,2
2026-07-03,Deshebrada,64.50000000000000000000,67.00,11
2026-05-11,Molida,15.25000000000000000000,16.00,4
2026-07-16,Deshebrada,65.08333333333333333333,68.00,11
2026-05-20,Nopal,8.0000000000000000,8.00,1
2026-08-23,Papa con Chorizo,12.20000000000000000000,15.00,8
2026-06-01,Bistec con Papas,14.58333333333333333333,16.00,5
2026-05-15,Requesón Picosito,12.33333333333333333333,13.00,4
2026-04-07,Requeson,8.0000000000000000,8.00,2
2026-04-19,Huevo Rojo,59.00000000000000000000,60.00,7
2026-09-03,Asado,3.99999999999999999999,7.00,6
2026-03-06,Molida,11.16666666666666666666,13.00,6
2026-07-26,Requesón Picosito,14.58333333333333333333,16.00,6
2026-03-18,Huevo con Nopal,3.0000000000000000,3.00,1
2026-08-10,Barbacoa,7.25000000000000000000,8.00,3
2026-06-02,Pollo con Mole,5.0000000000000000,5.00,1
2026-06-24,Molida,14.50000000000000000000,15.00,8
2026-06-10,Deshebrada,25.58333333333333333333,28.00,7
2026-05-18,Papa,1.00000000000000000000,1.00,1
2026-08-20,Chicharrón,18.50000000000000000000,19.00,5
2026-06-15,Molida,20.33333333333333333333,21.00,3
2026-06-04,Huevo con Nopal,9.50000000000000000000,10.00,5
2026-06-09,Huevo Rojo,7.0000000000000000,7.00,2
2026-04-14,Requesón Picosito,1.33333333333333333333,2.00,2
2026-06-16,Frijoles con Queso,22.50000000000000000000,23.00,4
2026-05-10,Cochinita,36.25000000000000000000,37.00,7
2026-08-23,Queso,6.50000000000000000000,7.00,4
2026-08-24,Asado,10.25000000000000000000,11.00,4
2026-08-24,Papa con Chorizo,6.00000000000000000000,6.00,3
2026-06-13,Huevo con Chorizo,10.50000000000000000000,11.00,3
2026-05-09,Molida,18.58333333333333333333,21.00,8
2026-04-13,Nopal,2.50000000000000000000,3.00,2
2026-08-23,Bistec con Papas,12.03333333333333333333,14.00,8
2026-06-30,Huevo Verde,73.03333333333333333333,80.00,15
2026-07-08,Deshebrada,72.83333333333333333333,74.00,8
2026-03-17,Chicharrón,33.08333333333333333333,36.00,10
2026-07-08,Chicharrón,21.83333333333333333333,23.00,7
2026-08-26,Bistec con Papas,12.00000000000000000000,12.00,5
2026-03-14,Molida,21.83333333333333333333,23.00,6
2026-09-04,Queso,1.00000000000000000000,1.00,1
2026-07-18,Cochinita,31.00000000000000000000,32.00,7
2026-06-08,Bistec con Papas,14.00000000000000000000,14.00,4
2026-08-15,Papa con Chorizo,11.00000000000000000000,12.00,6
2026-05-16,Pollo con Mole,13.0000000000000000,13.00,1
2026-05-28,Cochinita,8.0000000000000000,8.00,2
2026-04-27,Chicharrón,25.50000000000000000000,27.00,6
2026-06-17,Requesón Picosito,5.00000000000000000000,6.00,4
2026-03-22,Requeson,12.33333333333333333333,13.00,5
2026-08-24,Huevo con Chorizo,9.00000000000000000000,9.00,6
2026-07-24,Deshebrada,53.25000000000000000000,57.00,14
2026-05-04,Huevo Verde,47.83333333333333333333,50.00,8
2026-06-21,Barbacoa,62.25000000000000000000,64.00,12
2026-03-04,Huevo Cascabel,10.0000000000000000,10.00,2
2026-03-09,Requesón Picosito,4.00000000000000000000,4.00,3
2026-08-08,Papa,8.33333333333333333333,9.00,2
2026-04-20,Huevo Rojo,20.50000000000000000000,21.00,5
2026-06-04,Requeson,2.0000000000000000,2.00,1
2026-03-08,Cochinita,39.16666666666666666666,41.00,10
2026-07-11,Queso,11.00000000000000000000,11.00,5
2026-08-23,Frijoles,10.00000000000000000000,10.00,2
2026-04-09,Pollo con Mole,10.33333333333333333333,12.00,5
2026-07-06,Huevo Cascabel,23.83333333333333333333,25.00,6
2026-03-12,Requesón Picosito,7.00000000000000000000,7.00,5
2026-07-31,Huevo con Nopal,7.00000000000000000000,7.00,3
2026-05-26,Huevo Verde,18.33333333333333333333,20.00,6
2026-03-03,Asado,6.0000000000000000,6.00,2
2026-08-30,Deshebrada,67.25000000000000000000,74.00,25
2026-07-02,Bistec con Papas,11.58333333333333333333,13.00,5
2026-06-05,Deshebrada,54.75000000000000000000,56.00,8
2026-04-07,Huevo Cascabel,13.50000000000000000000,14.00,5
2026-04-18,Frijoles,2.00000000000000000000,2.00,2
2026-08-02,Bistec con Papas,12.50000000000000000000,13.00,4
2026-04-20,Pollo con Mole,5.00000000000000000000,5.00,2
2026-07-19,Requesón Picosito,12.00000000000000000000,12.00,3
2026-09-02,Molida,14.00000000000000000000,14.00,2
2026-06-03,Huevo Cascabel,10.00000000000000000000,10.00,4
2026-06-01,Chicharrón,42.50000000000000000000,43.00,6
2026-07-20,Papa con Huevo,13.00000000000000000000,13.00,2
2026-05-22,Papa con Huevo,8.50000000000000000000,9.00,3
2026-04-24,Huevo Cascabel,4.00000000000000000000,4.00,4
2026-04-10,Huevo con Chorizo,5.00000000000000000000,5.00,3
2026-07-02,Nopal,12.00000000000000000000,13.00,5
2026-06-30,Requesón Picosito,6.50000000000000000000,8.00,5
2026-06-21,Queso,11.00000000000000000000,11.00,3
2026-07-17,Barbacoa,18.50000000000000000000,20.00,7
2026-04-02,Huevo Cascabel,13.33333333333333333333,14.00,7
2026-08-25,Asado,7.25000000000000000000,8.00,4
2026-06-19,Molida,22.0000000000000000,22.00,2
2026-04-24,Chicharrón,45.00000000000000000000,46.00,6
2026-07-25,Deshebrada,87.36666666666666666667,93.00,16
2026-06-24,Requeson,3.00000000000000000000,3.00,2
2026-05-23,Asado,12.50000000000000000000,13.00,5
2026-05-12,Papa con Huevo,2.50000000000000000000,3.00,2
2026-04-18,Nopal,2.50000000000000000000,3.00,3
2026-08-01,Frijoles,1.00000000000000000000,1.00,1
2026-03-30,Barbacoa,0.50000000000000000000,1.00,1
2026-03-27,Papa,9.0000000000000000,9.00,2
2026-05-18,Pollo con Mole,10.00000000000000000000,10.00,3
2026-07-16,Cochinita,27.50000000000000000000,28.00,5
2026-05-19,Huevo Cascabel,17.00000000000000000000,18.00,5
2026-05-03,Huevo Verde,66.50000000000000000000,69.00,11
2026-06-09,Deshebrada,54.00000000000000000000,56.00,12
2026-03-27,Requesón Picosito,6.00000000000000000000,6.00,4
2026-05-03,Asado,16.91666666666666666666,20.00,9
2026-05-20,Huevo con Chorizo,6.00000000000000000000,7.00,4
2026-06-20,Huevo con Chorizo,7.50000000000000000000,8.00,3
2026-09-02,Papa,11.0000000000000000,11.00,1
2026-05-17,Queso,7.0000000000000000,7.00,2
2026-08-09,Requeson,7.25000000000000000000,8.00,3
2026-07-28,Deshebrada,68.83333333333333333333,72.00,14
2026-05-12,Molida,2.50000000000000000000,3.00,2
2026-09-02,Pollo con Mole,6.50000000000000000000,7.00,2
2026-06-30,Papa con Huevo,10.00000000000000000000,10.00,4
2026-03-21,Deshebrada,71.50000000000000000000,79.00,21
2026-04-19,Huevo con Chorizo,17.00000000000000000000,17.00,4
2026-03-28,Barbacoa,24.50000000000000000000,25.00,6
2026-07-03,Huevo con Chorizo,4.00000000000000000000,4.00,2
2026-08-19,Molida,19.78333333333333333333,22.00,6
2026-03-16,Barbacoa,3.50000000000000000000,4.00,4
2026-03-26,Asado,5.0000000000000000,5.00,2
2026-03-23,Frijoles con Queso,13.20000000000000000000,15.00,5
2026-03-03,Chicharrón,29.00000000000000000000,31.00,8
2026-07-09,Frijoles,4.0000000000000000,4.00,1
2026-05-25,Papa,5.00000000000000000000,5.00,2
2026-07-13,Frijoles con Queso,23.00000000000000000000,27.00,9
2026-05-23,Requeson,2.00000000000000000000,2.00,2
2026-06-25,Papa,14.00000000000000000000,14.00,3
2026-03-26,Molida,7.0000000000000000,7.00,2
2026-07-15,Bistec con Papas,9.83333333333333333333,11.00,6
2026-03-15,Queso,7.00000000000000000000,7.00,4
2026-07-14,Deshebrada,47.00000000000000000000,49.00,10
2026-07-21,Cochinita,30.58333333333333333333,35.00,12
2026-06-13,Requeson,4.50000000000000000000,5.00,2
2026-07-16,Queso,6.0000000000000000,6.00,2
2026-07-01,Huevo con Nopal,1.00000000000000000000,1.00,1
2026-05-06,Huevo Verde,57.41666666666666666666,62.00,13
2026-06-08,Papa,10.00000000000000000000,10.00,3
2026-06-26,Requesón Picosito,7.83333333333333333333,9.00,6
2026-07-27,Chicharrón,23.50000000000000000000,24.00,4
2026-08-22,Barbacoa,34.33333333333333333333,37.00,9
2026-03-02,Huevo Rojo,18.25000000000000000000,19.00,4
2026-04-02,Nopal,3.0000000000000000,3.00,1
2026-03-28,Papa,6.00000000000000000000,6.00,2
2026-04-17,Huevo Cascabel,13.00000000000000000000,13.00,4
2026-07-16,Huevo Rojo,26.0000000000000000,26.00,2
2026-05-17,Papa con Huevo,21.33333333333333333333,22.00,5
2026-04-02,Cochinita,27.50000000000000000000,28.00,8
2026-05-04,Requesón Picosito,6.0000000000000000,6.00,2
2026-07-27,Cochinita,21.00000000000000000000,22.00,5
2026-05-09,Nopal,2.00000000000000000000,2.00,2
2026-09-01,Huevo con Chorizo,11.00000000000000000000,11.00,6
2026-06-11,Huevo con Chorizo,4.00000000000000000000,4.00,3
2026-06-24,Deshebrada,69.00000000000000000000,70.00,10
2026-08-05,Nopal,3.50000000000000000000,4.00,3
2026-09-04,Asado,10.00000000000000000000,10.00,4
2026-09-04,Papa con Chorizo,19.50000000000000000000,20.00,4
2026-04-02,Papa,11.00000000000000000000,11.00,4
2026-07-05,Papa con Huevo,3.58333333333333333333,5.00,4
2026-07-09,Asado,7.00000000000000000000,7.00,3
2026-04-23,Chicharrón,14.33333333333333333333,15.00,4
2026-06-25,Deshebrada,59.00000000000000000000,61.00,8
2026-06-22,Molida,12.16666666666666666667,13.00,4
2026-05-28,Chicharrón,27.00000000000000000000,28.00,5
2026-03-28,Cochinita,16.00000000000000000000,17.00,6
2026-05-14,Cochinita,18.00000000000000000000,18.00,5
2026-05-12,Papa,2.0000000000000000,2.00,1
2026-04-04,Frijoles con Queso,24.50000000000000000000,25.00,4
2026-03-19,Requesón Picosito,8.00000000000000000000,8.00,3
2026-08-21,Barbacoa,28.00000000000000000000,28.00,4
2026-05-10,Papa,13.0000000000000000,13.00,2
2026-07-20,Asado,6.00000000000000000000,7.00,5
2026-06-16,Huevo Verde,49.50000000000000000000,52.00,8
2026-06-06,Frijoles,1.00000000000000000000,1.00,1
2026-07-08,Papa con Huevo,11.00000000000000000000,11.00,4
2026-07-19,Papa,14.0000000000000000,14.00,1
2026-06-25,Frijoles con Queso,16.50000000000000000000,17.00,3
2026-05-28,Huevo Rojo,17.50000000000000000000,18.00,5
2026-05-05,Bistec con Papas,4.00000000000000000000,4.00,2
2026-08-15,Cochinita,30.75000000000000000000,34.00,12
2026-06-04,Bistec con Papas,22.00000000000000000000,24.00,4
2026-06-06,Papa con Huevo,13.00000000000000000000,13.00,4
2026-08-20,Requeson,1.00000000000000000000,1.00,1
2026-04-02,Papa con Chorizo,3.00000000000000000000,3.00,2
2026-08-27,Huevo con Nopal,6.50000000000000000000,7.00,3
2026-03-29,Papa,25.00000000000000000000,25.00,4
2026-06-12,Barbacoa,16.00000000000000000000,17.00,6
2026-04-07,Nopal,2.50000000000000000000,3.00,3
2026-08-02,Requesón Picosito,15.00000000000000000000,15.00,3
2026-03-23,Requesón Picosito,3.20000000000000000000,4.00,3
2026-08-18,Barbacoa,3.00000000000000000000,3.00,2
2026-08-14,Cochinita,9.50000000000000000000,10.00,4
2026-08-14,Requesón Picosito,4.25000000000000000000,5.00,3
2026-08-20,Huevo con Nopal,7.00000000000000000000,7.00,2
2026-08-22,Papa con Huevo,12.33333333333333333333,13.00,5
2026-06-17,Deshebrada,33.50000000000000000000,34.00,6
2026-03-19,Nopal,2.0000000000000000,2.00,1
2026-04-04,Huevo con Nopal,15.0000000000000000,15.00,1
2026-05-25,Molida,11.08333333333333333333,13.00,6
2026-04-09,Huevo con Nopal,3.50000000000000000000,4.00,3
2026-07-04,Huevo con Nopal,4.00000000000000000000,4.00,2
2026-05-15,Pollo con Mole,1.00000000000000000000,1.00,1
2026-05-01,Deshebrada,70.33333333333333333333,73.00,15
2026-08-25,Nopal,4.0000000000000000,4.00,2
2026-05-16,Huevo Rojo,38.83333333333333333333,41.00,7
2026-07-14,Queso,1.00000000000000000000,1.00,1
2026-06-19,Pollo con Mole,11.00000000000000000000,11.00,3
2026-06-08,Deshebrada,55.00000000000000000000,57.00,11
2026-04-09,Nopal,2.50000000000000000000,3.00,3
2026-07-24,Papa con Chorizo,14.25000000000000000000,15.00,5
2026-08-07,Papa con Chorizo,12.00000000000000000000,12.00,3
2026-04-11,Molida,34.33333333333333333333,36.00,8
2026-03-14,Huevo con Nopal,3.25000000000000000000,4.00,3
2026-07-24,Bistec con Papas,16.75000000000000000000,18.00,6
2026-08-21,Huevo con Chorizo,9.00000000000000000000,9.00,4
2026-04-30,Papa con Huevo,20.00000000000000000000,20.00,3
2026-08-28,Huevo Rojo,23.66666666666666666667,26.00,6
2026-08-09,Huevo con Chorizo,14.08333333333333333333,16.00,6
2026-04-08,Cochinita,5.61666666666666666666,9.00,7
2026-08-10,Queso,3.0000000000000000,3.00,1
2026-06-09,Pollo con Mole,13.00000000000000000000,13.00,4
2026-07-25,Barbacoa,37.53333333333333333334,42.00,11
2026-07-11,Huevo Verde,38.58333333333333333333,41.00,9
2026-03-06,Huevo Rojo,16.50000000000000000000,18.00,7
2026-07-05,Pollo con Mole,9.0000000000000000,9.00,3
2026-03-11,Molida,10.66666666666666666666,12.00,5
2026-05-05,Molida,25.00000000000000000000,25.00,2
2026-04-10,Frijoles,6.00000000000000000000,6.00,2
2026-08-26,Queso,3.0000000000000000,3.00,1
2026-07-11,Requesón Picosito,5.00000000000000000000,5.00,2
2026-03-05,Cochinita,19.25000000000000000000,20.00,5
2026-05-06,Papa con Huevo,10.00000000000000000000,10.00,4
2026-05-24,Huevo Rojo,23.50000000000000000000,24.00,6
2026-05-08,Huevo con Nopal,5.00000000000000000000,5.00,2
2026-05-16,Cochinita,22.50000000000000000000,23.00,5
2026-03-26,Frijoles,1.00000000000000000000,1.00,1
2026-04-11,Cochinita,27.83333333333333333333,30.00,8
2026-06-28,Asado,10.33333333333333333333,12.00,6
2026-06-05,Huevo con Nopal,2.00000000000000000000,2.00,2
2026-06-10,Queso,2.00000000000000000000,2.00,2
2026-05-30,Pollo con Mole,14.00000000000000000000,14.00,3
2026-05-23,Papa,4.0000000000000000,4.00,1
2026-06-29,Deshebrada,60.50000000000000000000,63.00,14
2026-05-14,Bistec con Papas,10.75000000000000000000,12.00,4
2026-03-31,Nopal,2.50000000000000000000,3.00,2
2026-08-19,Deshebrada,43.19999999999999999999,46.00,12
2026-05-23,Frijoles con Queso,29.00000000000000000000,29.00,5
2026-07-17,Papa con Chorizo,8.00000000000000000000,9.00,4
2026-03-10,Nopal,2.00000000000000000000,2.00,2
2026-03-19,Papa,6.0000000000000000,6.00,1
2026-05-01,Pollo con Mole,5.50000000000000000000,6.00,2
2026-04-14,Pollo con Mole,5.00000000000000000000,5.00,2
2026-07-02,Huevo Cascabel,10.0000000000000000,10.00,2
2026-08-28,Huevo Cascabel,11.00000000000000000000,11.00,3
2026-07-07,Molida,17.50000000000000000000,18.00,7
2026-05-12,Asado,5.00000000000000000000,5.00,3
2026-04-28,Frijoles con Queso,6.50000000000000000000,9.00,5
2026-05-09,Requesón Picosito,5.83333333333333333333,7.00,4
2026-03-13,Huevo con Chorizo,5.00000000000000000000,5.00,3
2026-08-21,Nopal,4.00000000000000000000,4.00,2
2026-04-20,Huevo con Nopal,4.0000000000000000,4.00,1
2026-03-09,Bistec con Papas,8.83333333333333333333,10.00,6
2026-06-07,Frijoles con Queso,29.00000000000000000000,31.00,7
2026-05-24,Nopal,10.00000000000000000000,10.00,2
2026-05-03,Huevo Cascabel,24.50000000000000000000,25.00,4
2026-06-08,Barbacoa,17.00000000000000000000,17.00,4
2026-05-07,Requeson,3.0000000000000000,3.00,1
2026-04-30,Molida,18.08333333333333333333,20.00,7
2026-08-06,Chicharrón,36.00000000000000000000,37.00,6
2026-07-05,Deshebrada,74.33333333333333333333,80.00,19
2026-04-06,Huevo Cascabel,15.50000000000000000000,16.00,5
2026-06-12,Huevo con Nopal,4.75000000000000000000,6.00,3
2026-04-25,Cochinita,37.75000000000000000000,41.00,11
2026-05-30,Frijoles con Queso,40.50000000000000000000,41.00,5
2026-07-07,Papa,4.50000000000000000000,5.00,2
2026-06-04,Deshebrada,51.00000000000000000000,55.00,14
2026-07-04,Huevo Cascabel,14.0000000000000000,14.00,3
2026-04-24,Cochinita,16.50000000000000000000,18.00,8
2026-04-16,Huevo con Chorizo,3.50000000000000000000,4.00,3
2026-03-18,Huevo Cascabel,8.66666666666666666667,10.00,6
2026-03-01,Requesón Picosito,9.00000000000000000000,9.00,3
2026-03-05,Bistec con Papas,8.00000000000000000000,9.00,4
2026-07-23,Requeson,4.33333333333333333333,5.00,4
2026-05-25,Papa con Huevo,11.00000000000000000000,12.00,5
2026-09-03,Pollo con Mole,6.00000000000000000000,6.00,3
2026-09-02,Papa con Chorizo,7.00000000000000000000,8.00,5
2026-06-25,Cochinita,18.00000000000000000000,19.00,6
2026-08-17,Cochinita,30.70000000000000000000,32.00,5
2026-04-29,Papa con Chorizo,8.00000000000000000000,9.00,5
2026-08-25,Huevo Rojo,16.95000000000000000000,20.00,8
2026-05-15,Queso,2.0000000000000000,2.00,1
2026-07-12,Huevo con Chorizo,13.25000000000000000000,15.00,8
2026-06-18,Huevo Rojo,21.00000000000000000000,21.00,5
2026-07-21,Pollo con Mole,10.83333333333333333333,13.00,8
2026-07-01,Deshebrada,46.00000000000000000000,49.00,12
2026-07-19,Huevo con Nopal,8.00000000000000000000,8.00,3
2026-07-22,Deshebrada,47.33333333333333333333,49.00,9
2026-03-09,Huevo con Nopal,4.00000000000000000000,5.00,4
2026-08-18,Asado,18.0000000000000000,18.00,2
2026-04-18,Huevo con Chorizo,11.50000000000000000000,13.00,7
2026-03-26,Papa con Huevo,2.50000000000000000000,3.00,2
2026-05-22,Huevo con Nopal,9.50000000000000000000,10.00,5
2026-04-23,Requeson,1.00000000000000000000,1.00,1
2026-03-08,Huevo con Chorizo,14.50000000000000000000,15.00,4
2026-07-08,Bistec con Papas,11.00000000000000000000,11.00,3
2026-08-12,Chicharrón,46.25000000000000000000,49.00,9
2026-04-10,Requeson,3.33333333333333333333,4.00,2
2026-07-11,Huevo Cascabel,16.50000000000000000000,17.00,4
2026-08-05,Huevo con Chorizo,5.33333333333333333333,6.00,5
2026-08-03,Barbacoa,15.50000000000000000000,16.00,7
2026-08-31,Frijoles,1.00000000000000000000,1.00,1
2026-06-11,Huevo con Nopal,3.50000000000000000000,4.00,3
2026-03-10,Requesón Picosito,6.00000000000000000000,6.00,3
2026-04-05,Pollo con Mole,11.50000000000000000000,12.00,7
2026-05-08,Papa con Huevo,3.50000000000000000000,4.00,3
2026-07-15,Chicharrón,36.50000000000000000000,38.00,7
2026-07-05,Cochinita,22.50000000000000000000,24.00,10
2026-05-29,Chicharrón,32.50000000000000000000,34.00,7
2026-08-19,Huevo con Nopal,4.00000000000000000000,4.00,3
2026-08-10,Molida,18.00000000000000000000,20.00,8
2026-03-10,Papa,5.0000000000000000,5.00,1
2026-07-20,Huevo Cascabel,8.0000000000000000,8.00,2
2026-06-24,Bistec con Papas,15.00000000000000000000,16.00,6
2026-04-03,Requesón Picosito,12.0000000000000000,12.00,2
2026-05-01,Papa con Chorizo,24.00000000000000000000,25.00,4
2026-08-30,Pollo con Mole,15.00000000000000000000,15.00,6
2026-05-01,Requeson,3.00000000000000000000,3.00,2
2026-07-12,Chicharrón,78.91666666666666666666,82.00,13
2026-05-01,Cochinita,30.00000000000000000000,31.00,5
2026-06-17,Papa con Huevo,6.00000000000000000000,6.00,3
2026-05-08,Requeson,1.00000000000000000000,1.00,1
2026-08-21,Huevo Rojo,11.83333333333333333333,13.00,5
2026-06-23,Frijoles,2.0000000000000000,2.00,1
2026-08-26,Requeson,2.00000000000000000000,2.00,2
2026-08-02,Deshebrada,90.08333333333333333333,94.00,19
2026-04-18,Requesón Picosito,9.00000000000000000000,9.00,2
2026-04-29,Huevo Cascabel,15.50000000000000000000,16.00,4
2026-06-01,Frijoles,1.00000000000000000000,1.00,1
2026-08-14,Bistec con Papas,6.25000000000000000000,7.00,5
2026-07-07,Huevo Verde,44.00000000000000000000,44.00,4
2026-04-26,Papa con Huevo,21.00000000000000000000,22.00,6
2026-06-13,Barbacoa,34.25000000000000000000,35.00,6
2026-08-21,Pollo con Mole,14.33333333333333333333,16.00,6
2026-05-27,Huevo con Chorizo,5.00000000000000000000,5.00,2
2026-08-27,Nopal,1.00000000000000000000,1.00,1
2026-03-26,Pollo con Mole,4.00000000000000000000,4.00,3
2026-07-02,Huevo Verde,48.08333333333333333333,50.00,6
2026-06-14,Molida,28.91666666666666666666,32.00,9
2026-06-28,Queso,9.0000000000000000,9.00,3
2026-06-26,Molida,30.0000000000000000,30.00,3
2026-05-20,Asado,7.00000000000000000000,7.00,3
2026-07-30,Papa,18.50000000000000000000,20.00,3
2026-08-06,Papa,4.00000000000000000000,4.00,2
2026-07-25,Huevo Verde,58.08333333333333333334,63.00,14
2026-03-03,Requeson,4.0000000000000000,4.00,1
2026-07-11,Barbacoa,38.58333333333333333333,42.00,13
2026-05-03,Bistec con Papas,16.75000000000000000000,18.00,7
2026-05-02,Requeson,2.0000000000000000,2.00,1
2026-05-22,Requeson,4.00000000000000000000,4.00,2
2026-06-14,Cochinita,24.08333333333333333333,26.00,8
2026-06-24,Nopal,2.00000000000000000000,3.00,3
2026-03-12,Huevo Rojo,20.83333333333333333333,22.00,5
2026-04-10,Deshebrada,51.33333333333333333333,53.00,10
2026-08-10,Requesón Picosito,3.0000000000000000,3.00,1
2026-08-08,Queso,2.00000000000000000000,2.00,2
2026-07-24,Huevo con Chorizo,6.50000000000000000000,7.00,3
2026-03-21,Requesón Picosito,7.00000000000000000000,8.00,3
2026-05-18,Huevo Rojo,12.00000000000000000000,12.00,4
2026-05-12,Frijoles con Queso,14.00000000000000000000,14.00,3
2026-03-13,Huevo Verde,31.66666666666666666666,36.00,11
2026-04-04,Nopal,9.50000000000000000000,10.00,4
2026-04-25,Huevo Rojo,36.50000000000000000000,37.00,6
2026-03-20,Cochinita,19.75000000000000000000,21.00,6
2026-07-02,Huevo Rojo,34.50000000000000000000,35.00,6
2026-06-03,Requeson,4.0000000000000000,4.00,1
2026-04-12,Bistec con Papas,5.0000000000000000,5.00,2
2026-07-28,Papa,10.0000000000000000,10.00,1
2026-05-22,Frijoles con Queso,27.16666666666666666666,29.00,7
2026-06-19,Asado,3.33333333333333333333,4.00,3
2026-07-25,Molida,32.50000000000000000000,34.00,8
2026-07-03,Barbacoa,30.50000000000000000000,31.00,4
2026-04-13,Requeson,3.00000000000000000000,3.00,2
2026-09-01,Barbacoa,1.33333333333333333333,2.00,2
2026-04-03,Frijoles con Queso,35.08333333333333333333,37.00,5
2026-06-17,Nopal,8.00000000000000000000,9.00,4
2026-05-01,Frijoles,4.00000000000000000000,4.00,2
2026-07-05,Huevo Cascabel,17.08333333333333333333,19.00,7
2026-07-22,Frijoles,8.00000000000000000000,8.00,3
2026-07-24,Barbacoa,32.25000000000000000000,33.00,5
2026-03-02,Requeson,1.00000000000000000000,1.00,1
2026-06-10,Requesón Picosito,7.00000000000000000000,7.00,2
2026-08-26,Papa,12.00000000000000000000,12.00,4
2026-05-26,Bistec con Papas,5.50000000000000000000,6.00,4
2026-07-07,Papa con Huevo,13.0000000000000000,13.00,1
2026-05-20,Papa con Chorizo,7.0000000000000000,7.00,2
2026-06-14,Deshebrada,71.00000000000000000000,75.00,11
2026-05-18,Huevo con Nopal,1.00000000000000000000,1.00,1
2026-05-11,Chicharrón,22.00000000000000000000,23.00,5
2026-07-20,Huevo con Chorizo,9.00000000000000000000,9.00,5
2026-08-07,Frijoles con Queso,18.50000000000000000000,19.00,3
2026-03-12,Huevo con Nopal,3.00000000000000000000,3.00,2
2026-06-23,Frijoles con Queso,9.50000000000000000000,10.00,5
2026-05-14,Nopal,1.50000000000000000000,2.00,2
2026-06-27,Papa con Chorizo,32.83333333333333333333,35.00,6
2026-05-08,Huevo Cascabel,17.50000000000000000000,19.00,5
2026-03-09,Papa,11.00000000000000000000,11.00,3
2026-07-03,Huevo Verde,40.00000000000000000000,41.00,6
2026-03-17,Molida,16.83333333333333333333,18.00,7
2026-03-25,Huevo Verde,23.75000000000000000000,26.00,9
2026-08-20,Pollo con Mole,3.75000000000000000000,5.00,4
2026-03-24,Nopal,4.50000000000000000000,5.00,2
2026-05-20,Huevo con Nopal,2.0000000000000000,2.00,1
2026-07-14,Papa,15.33333333333333333333,17.00,4
2026-05-16,Molida,20.50000000000000000000,22.00,8
2026-06-03,Papa,2.0000000000000000,2.00,1
2026-04-09,Huevo Rojo,19.50000000000000000000,20.00,4
2026-05-23,Deshebrada,68.49999999999999999999,77.00,22
2026-07-05,Chicharrón,66.25000000000000000000,69.00,10
2026-08-12,Molida,22.00000000000000000000,23.00,8
2026-03-20,Huevo con Chorizo,7.0000000000000000,7.00,2
2026-08-03,Nopal,2.0000000000000000,2.00,1
2026-03-20,Huevo Verde,42.50000000000000000000,43.00,4
2026-04-03,Chicharrón,59.58333333333333333333,63.00,9
2026-04-05,Cochinita,30.50000000000000000000,32.00,11
2026-08-14,Huevo Cascabel,10.75000000000000000000,12.00,5
2026-04-11,Papa con Chorizo,13.0000000000000000,13.00,3
2026-04-27,Huevo Verde,32.00000000000000000000,33.00,6
2026-08-31,Huevo con Nopal,8.00000000000000000000,8.00,4
2026-04-08,Papa,20.50000000000000000000,21.00,2
2026-03-07,Requesón Picosito,11.83333333333333333333,13.00,5
2026-03-21,Huevo con Nopal,6.00000000000000000000,6.00,3
2026-03-15,Papa,3.0000000000000000,3.00,1
2026-08-11,Frijoles con Queso,23.0000000000000000,23.00,1
2026-08-10,Deshebrada,63.00000000000000000000,66.00,12
2026-08-24,Queso,3.0000000000000000,3.00,1
2026-07-17,Papa con Huevo,11.50000000000000000000,12.00,4
2026-03-07,Papa con Huevo,10.00000000000000000000,10.00,3
2026-04-21,Asado,7.0000000000000000,7.00,2
2026-05-15,Frijoles con Queso,26.00000000000000000000,27.00,6
2026-06-21,Huevo con Chorizo,11.75000000000000000000,13.00,6
2026-03-17,Bistec con Papas,12.50000000000000000000,13.00,4
2026-04-07,Cochinita,25.83333333333333333333,27.00,6
2026-07-29,Huevo Rojo,25.50000000000000000000,26.00,6
2026-08-02,Pollo con Mole,10.75000000000000000000,12.00,4
2026-08-04,Nopal,6.00000000000000000000,8.00,3
2026-06-07,Asado,13.0000000000000000,13.00,3
2026-04-03,Papa con Chorizo,10.83333333333333333333,12.00,4
2026-08-18,Frijoles,1.00000000000000000000,1.00,1
2026-04-04,Chicharrón,60.50000000000000000000,64.00,11
2026-04-26,Queso,5.0000000000000000,5.00,2
2026-04-25,Asado,14.50000000000000000000,15.00,6
2026-03-31,Papa con Chorizo,12.33333333333333333333,13.00,3
2026-03-27,Requeson,3.00000000000000000000,3.00,2
2026-04-20,Bistec con Papas,8.00000000000000000000,8.00,2
2026-05-11,Huevo Rojo,13.00000000000000000000,13.00,3
2026-08-16,Huevo Cascabel,19.50000000000000000000,20.00,6
2026-07-21,Bistec con Papas,12.08333333333333333333,14.00,6
2026-07-23,Deshebrada,52.50000000000000000000,54.00,11
2026-06-24,Huevo Verde,50.50000000000000000000,52.00,9
2026-04-02,Deshebrada,44.08333333333333333333,47.00,10
2026-07-06,Nopal,6.50000000000000000000,7.00,3
2026-06-21,Huevo Rojo,69.25000000000000000000,70.00,7
2026-03-01,Chicharrón,45.24999999999999999999,50.00,11
2026-08-20,Deshebrada,58.25000000000000000000,60.00,9
2026-06-11,Huevo Rojo,26.75000000000000000000,29.00,8
2026-09-02,Barbacoa,0.50000000000000000000,1.00,1
2026-05-01,Frijoles con Queso,32.00000000000000000000,32.00,6
2026-03-07,Barbacoa,31.33333333333333333333,32.00,4
2026-07-13,Cochinita,13.50000000000000000000,14.00,3
2026-05-28,Requeson,1.50000000000000000000,2.00,2
2026-05-17,Chicharrón,59.16666666666666666666,63.00,11
2026-08-03,Papa,6.00000000000000000000,6.00,2
2026-03-27,Barbacoa,17.75000000000000000000,19.00,5
2026-09-01,Molida,8.00000000000000000000,8.00,3
2026-08-10,Frijoles con Queso,18.00000000000000000000,19.00,6
2026-05-15,Huevo con Chorizo,18.00000000000000000000,18.00,4
2026-04-11,Requesón Picosito,10.0000000000000000,10.00,3
2026-04-14,Huevo con Chorizo,11.00000000000000000000,11.00,5
2026-05-13,Nopal,2.50000000000000000000,3.00,2
2026-03-30,Chicharrón,26.50000000000000000000,28.00,8
2026-05-15,Papa,10.50000000000000000000,11.00,2
2026-03-02,Huevo con Chorizo,10.50000000000000000000,11.00,5
2026-07-13,Papa con Huevo,7.00000000000000000000,7.00,2
2026-04-13,Cochinita,6.50000000000000000000,7.00,5
2026-03-24,Asado,7.0000000000000000,7.00,2
2026-03-01,Deshebrada,80.08333333333333333333,83.00,14
2026-04-02,Requesón Picosito,7.00000000000000000000,7.00,3
2026-05-25,Requesón Picosito,8.50000000000000000000,9.00,4
2026-06-19,Huevo con Chorizo,6.75000000000000000000,8.00,5
2026-03-02,Papa,2.00000000000000000000,2.00,2
2026-08-07,Cochinita,15.25000000000000000000,17.00,6
2026-08-07,Chicharrón,46.25000000000000000000,50.00,13
2026-05-27,Huevo con Nopal,6.33333333333333333333,7.00,4
2026-05-30,Papa con Chorizo,28.75000000000000000000,30.00,5
2026-04-01,Huevo Cascabel,9.0000000000000000,9.00,3
2026-04-29,Huevo con Nopal,7.00000000000000000000,7.00,3
2026-06-27,Huevo con Chorizo,11.83333333333333333333,13.00,5
2026-04-01,Huevo Rojo,24.50000000000000000000,25.00,6
2026-05-28,Queso,3.0000000000000000,3.00,1
2026-06-16,Pollo con Mole,11.00000000000000000000,11.00,4
2026-03-30,Deshebrada,57.50000000000000000000,59.00,11
2026-07-22,Cochinita,19.83333333333333333333,21.00,7
2026-05-13,Huevo Rojo,15.50000000000000000000,16.00,4
2026-04-13,Molida,10.33333333333333333333,11.00,3
2026-03-13,Requeson,3.50000000000000000000,4.00,2
2026-05-13,Requeson,4.00000000000000000000,4.00,3
2026-07-18,Huevo Cascabel,23.50000000000000000000,24.00,5
2026-04-05,Papa con Huevo,9.66666666666666666667,11.00,5
2026-05-07,Cochinita,19.50000000000000000000,20.00,4
2026-07-29,Huevo Verde,37.83333333333333333333,39.00,6
2026-09-05,Huevo Cascabel,11.83333333333333333333,13.00,6
2026-08-21,Molida,23.00000000000000000000,23.00,5
2026-07-01,Cochinita,11.50000000000000000000,13.00,6
2026-05-05,Papa con Huevo,4.50000000000000000000,5.00,4
2026-07-12,Requeson,6.00000000000000000000,6.00,3
2026-04-28,Bistec con Papas,1.00000000000000000000,1.00,1
2026-04-17,Papa,7.00000000000000000000,7.00,2
2026-08-03,Huevo Rojo,19.00000000000000000000,22.00,10
2026-05-28,Papa con Huevo,14.33333333333333333333,15.00,4
2026-04-27,Huevo Cascabel,5.0000000000000000,5.00,2
2026-03-30,Papa con Chorizo,7.00000000000000000000,7.00,3
2026-04-07,Huevo con Chorizo,15.00000000000000000000,15.00,4
2026-03-13,Huevo con Nopal,7.0000000000000000,7.00,2
2026-07-18,Huevo Verde,54.33333333333333333333,58.00,12
2026-03-16,Deshebrada,98.50000000000000000000,100.00,11
2026-06-15,Barbacoa,10.0000000000000000,10.00,3
2026-04-03,Queso,5.00000000000000000000,5.00,3
2026-06-09,Asado,8.50000000000000000000,9.00,3
2026-07-24,Frijoles con Queso,28.50000000000000000000,29.00,5
2026-06-09,Requeson,3.00000000000000000000,3.00,2
2026-05-14,Papa con Chorizo,7.25000000000000000000,8.00,3
2026-04-13,Papa con Chorizo,4.00000000000000000000,4.00,3
2026-05-10,Huevo Rojo,46.00000000000000000000,46.00,6
2026-04-30,Requeson,9.00000000000000000000,9.00,3
2026-06-05,Huevo con Chorizo,13.00000000000000000000,13.00,4
2026-06-07,Requesón Picosito,11.0000000000000000,11.00,3
2026-06-03,Huevo Rojo,17.50000000000000000000,18.00,5
2026-05-27,Huevo Cascabel,12.00000000000000000000,12.00,4
2026-06-13,Cochinita,27.50000000000000000000,28.00,5
2026-03-12,Papa con Huevo,6.83333333333333333333,8.00,5
2026-07-07,Frijoles con Queso,9.00000000000000000000,10.00,5
2026-08-05,Chicharrón,31.16666666666666666667,34.00,9
2026-04-23,Huevo Cascabel,9.33333333333333333333,10.00,3
2026-07-06,Requeson,3.00000000000000000000,3.00,2
2026-07-05,Huevo Rojo,43.00000000000000000000,44.00,7
2026-06-12,Requesón Picosito,10.25000000000000000000,11.00,5
2026-07-05,Huevo con Nopal,3.00000000000000000000,3.00,2
2026-06-04,Molida,17.83333333333333333333,19.00,4
2026-08-07,Requeson,6.50000000000000000000,7.00,4
2026-05-23,Chicharrón,53.91666666666666666666,59.00,13
2026-05-12,Deshebrada,29.50000000000000000000,30.00,6
2026-03-19,Cochinita,18.00000000000000000000,19.00,7
2026-05-25,Huevo Cascabel,31.00000000000000000000,33.00,8
2026-04-06,Molida,25.75000000000000000000,27.00,6
2026-08-29,Chicharrón,61.58333333333333333333,64.00,7
2026-06-21,Huevo Cascabel,16.00000000000000000000,17.00,5
2026-07-28,Papa con Huevo,12.00000000000000000000,12.00,3
2026-03-13,Frijoles con Queso,15.33333333333333333333,16.00,3
2026-03-05,Chicharrón,25.83333333333333333333,29.00,9
2026-06-04,Asado,10.0000000000000000,10.00,2
2026-03-01,Huevo con Nopal,6.00000000000000000000,6.00,3
2026-07-12,Nopal,4.0000000000000000,4.00,2
2026-03-23,Chicharrón,13.95000000000000000000,17.00,8
2026-07-13,Huevo Verde,28.16666666666666666666,30.00,8
2026-05-17,Nopal,5.00000000000000000000,5.00,3
2026-04-13,Pollo con Mole,6.20000000000000000000,7.00,3
2026-04-12,Queso,1.00000000000000000000,1.00,1
2026-07-24,Huevo Rojo,24.00000000000000000000,24.00,3
2026-06-28,Bistec con Papas,6.33333333333333333333,8.00,6
2026-05-28,Molida,7.50000000000000000000,8.00,4
2026-05-09,Frijoles,3.0000000000000000,3.00,1
2026-05-26,Asado,7.0000000000000000,7.00,2
2026-04-12,Requesón Picosito,5.00000000000000000000,5.00,2
2026-07-01,Requeson,3.50000000000000000000,4.00,3
2026-04-25,Bistec con Papas,8.00000000000000000000,8.00,3
2026-08-05,Huevo Cascabel,6.50000000000000000000,7.00,4
2026-03-16,Papa,11.00000000000000000000,11.00,3
2026-04-11,Huevo Rojo,37.50000000000000000000,38.00,7
2026-05-24,Requeson,5.00000000000000000000,5.00,2
2026-08-04,Huevo Rojo,22.25000000000000000000,23.00,7
2026-03-23,Huevo Verde,24.20000000000000000000,27.00,8
2026-03-07,Huevo Cascabel,18.33333333333333333333,19.00,5
2026-08-05,Deshebrada,44.25000000000000000000,46.00,7
2026-08-02,Nopal,4.00000000000000000000,4.00,2
2026-08-09,Pollo con Mole,12.50000000000000000000,13.00,5
2026-05-19,Cochinita,7.33333333333333333333,10.00,7
2026-06-07,Huevo Cascabel,16.50000000000000000000,17.00,5
2026-07-25,Asado,7.50000000000000000000,9.00,4
2026-07-05,Barbacoa,48.33333333333333333333,52.00,12
2026-06-29,Bistec con Papas,6.0000000000000000,6.00,1
2026-08-15,Huevo con Nopal,6.0000000000000000,6.00,2
2026-05-19,Papa con Chorizo,3.50000000000000000000,4.00,3
2026-07-25,Nopal,8.50000000000000000000,9.00,3
2026-08-24,Papa,3.0000000000000000,3.00,1
2026-05-29,Papa,10.0000000000000000,10.00,1
2026-05-02,Papa con Huevo,11.25000000000000000000,12.00,5
2026-06-16,Frijoles,3.0000000000000000,3.00,1
2026-05-18,Nopal,1.50000000000000000000,2.00,2
2026-05-11,Huevo con Nopal,4.00000000000000000000,4.00,2
2026-07-29,Requesón Picosito,10.50000000000000000000,12.00,5
2026-08-30,Frijoles con Queso,25.50000000000000000000,26.00,5
2026-05-19,Pollo con Mole,6.0000000000000000,6.00,2
2026-04-11,Asado,14.83333333333333333333,16.00,5
2026-08-21,Huevo con Nopal,9.00000000000000000000,9.00,2
2026-05-26,Pollo con Mole,4.00000000000000000000,4.00,2
2026-05-20,Deshebrada,42.50000000000000000000,46.00,12
2026-07-23,Huevo Rojo,34.00000000000000000000,35.00,6
2026-06-19,Requeson,1.00000000000000000000,1.00,1
2026-05-16,Bistec con Papas,14.00000000000000000000,15.00,6
2026-05-27,Huevo Verde,45.33333333333333333333,46.00,5
2026-07-12,Papa,11.00000000000000000000,11.00,2
2026-09-05,Papa con Chorizo,16.00000000000000000000,16.00,3
2026-06-10,Asado,5.00000000000000000000,6.00,5
2026-07-03,Papa con Chorizo,11.0000000000000000,11.00,3
2026-04-21,Huevo con Chorizo,10.50000000000000000000,11.00,4
2026-03-17,Queso,1.00000000000000000000,1.00,1
2026-03-26,Cochinita,24.33333333333333333333,25.00,5
2026-07-01,Huevo Cascabel,6.00000000000000000000,6.00,3
2026-05-03,Huevo Rojo,31.25000000000000000000,33.00,9
2026-06-30,Cochinita,19.25000000000000000000,22.00,9
2026-04-21,Requesón Picosito,2.0000000000000000,2.00,1
2026-03-27,Asado,6.83333333333333333333,8.00,6
2026-07-05,Molida,24.91666666666666666666,28.00,9
2026-08-10,Huevo con Nopal,10.50000000000000000000,11.00,2
2026-07-24,Nopal,2.0000000000000000,2.00,1
2026-08-15,Frijoles con Queso,28.0000000000000000,28.00,3
2026-08-16,Requeson,2.25000000000000000000,3.00,3
2026-06-16,Requeson,3.0000000000000000,3.00,1
