fecha,tipo,modificador,veces,renglones,unidades_afectadas
2026-03-01,EXTRA,Bistec (1 pza.),15,15,17.00
2026-03-01,EXTRA,Doble Guiso,3,3,6.00
2026-03-01,EXTRA,Frijoles,2,2,7.00
2026-03-01,EXTRA,Huevo Estrellado Ciego (2 pzas.),1,1,1.00
2026-03-01,EXTRA,Huevo Estrellado Cocido (2 pzas.),3,3,3.00
2026-03-01,EXTRA,Huevo Estrellado Medio (2 pzas.),3,3,3.00
2026-03-01,EXTRA,Huevo Estrellado Tierno (2 pzas.),6,6,6.00
2026-03-01,EXTRA,Huevo Revuelto (2 pzas.),5,5,6.00
2026-03-01,EXTRA,Huevo Revuelto (p/relleno),4,4,6.00
2026-03-01,EXTRA,Queso,6,5,5.00
2026-03-01,EXTRA,Queso Extra Pieza,3,2,2.00
2026-03-01,EXTRA,Relleno de Guisados,8,8,8.00
2026-03-01,PETICION,Poco Frijol,1,1,1.00
2026-03-01,PETICION,Poco Guiso,1,1,1.00
2026-03-01,PETICION,Sin Aguacate,5,5,5.00
2026-03-01,PETICION,Sin Crema,18,18,20.00
2026-03-01,PETICION,Sin Frijoles,7,7,7.00
2026-03-01,PETICION,Sin Lechuga,8,8,8.00
2026-03-01,PETICION,Sin Queso,4,4,4.00
2026-03-01,PETICION,Sin Tomate,9,9,9.00
2026-03-01,PETICION,Sin Verduras,2,2,2.00
2026-03-01,VARIANTE,Coca Cola,2,2,10.00
2026-03-01,VARIANTE,Coca Cola Sin Azúcar,2,2,10.00
2026-03-01,VARIANTE,Coca Light,1,1,6.00
2026-03-01,VARIANTE,Crema,1,1,1.00
2026-03-01,VARIANTE,Escuis Hierro,1,1,2.00
2026-03-01,VARIANTE,Escuis Manzana,1,1,1.00
2026-03-01,VARIANTE,Leche Aparte,1,1,1.00
2026-03-01,VARIANTE,Lechera,2,2,3.00
2026-03-01,VARIANTE,Lechero,1,1,1.00
2026-03-01,VARIANTE,Mantequilla,1,1,14.00
2026-03-01,VARIANTE,Normal,2,2,86.00
2026-03-01,VARIANTE,Pan Grande Pieza,1,1,18.00
2026-03-01,VARIANTE,Poca leche,1,1,3.00
2026-03-01,VARIANTE,Sprite,1,1,1.00
2026-03-01,VARIANTE,Valle Frut,1,1,2.00
2026-03-02,EXTRA,Bistec (1 pza.),3,3,3.00
2026-03-02,EXTRA,Huevo Estrellado Medio (2 pzas.),2,2,2.00
2026-03-02,EXTRA,Huevo Estrellado Tierno (2 pzas.),2,2,2.00
2026-03-02,EXTRA,Huevo Revuelto (p/relleno),1,1,1.00
2026-03-02,EXTRA,Queso,2,2,2.00
2026-03-02,EXTRA,Queso Extra Pieza,3,1,1.00
2026-03-02,EXTRA,Relleno de Guisados,2,2,2.00
2026-03-02,PETICION,Doradita,2,2,3.00
2026-03-02,PETICION,Poca Lechuga,1,1,1.00
2026-03-02,PETICION,Sin Aguacate,2,2,2.00
2026-03-02,PETICION,Sin Crema,7,7,7.00
2026-03-02,PETICION,Sin Lechuga,1,1,1.00
2026-03-02,PETICION,Sin Tomate,3,3,3.00
2026-03-02,PETICION,Sin Verduras,2,2,2.00
2026-03-02,PETICION,Verdura Aparte,1,1,1.00
2026-03-02,VARIANTE,Coca Cola,1,1,6.00
2026-03-02,VARIANTE,Coca Cola Sin Azúcar,1,1,1.00
2026-03-02,VARIANTE,Coca Light,1,1,4.00
2026-03-02,VARIANTE,Crema,1,1,1.00
2026-03-02,VARIANTE,Escuis Hierro,1,1,1.00
2026-03-02,VARIANTE,Escuis Manzana,1,1,1.00
2026-03-02,VARIANTE,Lechero,1,1,1.00
2026-03-02,VARIANTE,Medio,1,1,1.00
2026-03-02,VARIANTE,Normal,2,2,46.00
2026-03-02,VARIANTE,Pan Grande Pieza,1,1,1.00
2026-03-02,VARIANTE,Valle Frut,1,1,1.00
2026-03-03,EXTRA,Bistec (1 pza.),3,3,3.00
2026-03-03,EXTRA,Doble Guiso,2,2,2.00
2026-03-03,EXTRA,Huevo Estrellado Cocido (2 pzas.),2,2,2.00
2026-03-03,EXTRA,Huevo Estrellado Medio (2 pzas.),2,2,2.00
2026-03-03,EXTRA,Huevo Estrellado Tierno (2 pzas.),2,2,2.00
2026-03-03,EXTRA,Huevo Revuelto (2 pzas.),1,1,1.00
2026-03-03,EXTRA,Queso,3,3,3.00
2026-03-03,EXTRA,Relleno de Guisados,2,2,2.00
2026-03-03,PETICION,Doradita,4,4,6.00
2026-03-03,PETICION,Escurrida,2,2,4.00
2026-03-03,PETICION,Sin Aguacate,1,1,1.00
2026-03-03,PETICION,Sin Crema,8,8,9.00
2026-03-03,PETICION,Sin Lechuga,3,3,3.00
2026-03-03,PETICION,Sin Queso,1,1,1.00
2026-03-03,PETICION,Sin Tomate,2,2,2.00
2026-03-03,VARIANTE,Coca Cola,2,2,9.00
2026-03-03,VARIANTE,Coca Cola Sin Azúcar,1,1,4.00
2026-03-03,VARIANTE,Coca Light,1,1,1.00
2026-03-03,VARIANTE,Escuis Fresa,1,1,1.00
2026-03-03,VARIANTE,Escuis Hierro,1,1,1.00
2026-03-03,VARIANTE,Leche Aparte,1,1,1.00
2026-03-03,VARIANTE,Normal,2,2,43.00
2026-03-03,VARIANTE,Pan Grande Pieza,1,1,1.00
2026-03-04,EXTRA,Bistec (1 pza.),3,3,4.00
2026-03-04,EXTRA,Huevo Estrellado Cocido (2 pzas.),2,2,2.00
2026-03-04,EXTRA,Huevo Estrellado Medio (2 pzas.),2,2,2.00
2026-03-04,EXTRA,Huevo Estrellado Tierno (2 pzas.),3,3,3.00
2026-03-04,EXTRA,Huevo Revuelto (p/relleno),2,2,2.00
2026-03-04,EXTRA,Relleno de Guisados,3,3,3.00
2026-03-04,PETICION,Poca Lechuga,2,2,2.00
2026-03-04,PETICION,Sin Crema,1,1,1.00
2026-03-04,PETICION,Sin Lechuga,2,2,2.00
2026-03-04,PETICION,Sin Tomate,2,2,2.00
2026-03-04,PETICION,Sin Verduras,1,1,1.00
2026-03-04,VARIANTE,Coca Cola,2,2,4.00
2026-03-04,VARIANTE,Coca Cola Sin Azúcar,2,2,7.00
2026-03-04,VARIANTE,Coca Light,1,1,2.00
2026-03-04,VARIANTE,Cocido,1,1,1.00
2026-03-04,VARIANTE,Leche Aparte,1,1,1.00
2026-03-04,VARIANTE,Mantequilla,1,1,5.00
2026-03-04,VARIANTE,Normal,2,2,35.00
2026-03-04,VARIANTE,Pan Grande Pieza,1,1,3.00
2026-03-05,EXTRA,Bistec (1 pza.),3,3,3.00
2026-03-05,EXTRA,Chorizo,2,2,2.00
2026-03-05,EXTRA,Frijoles,1,1,1.00
2026-03-05,EXTRA,Huevo Estrellado Cocido (2 pzas.),1,1,1.00
2026-03-05,EXTRA,Huevo Estrellado Medio (2 pzas.),1,1,1.00
2026-03-05,EXTRA,Huevo Estrellado Tierno (2 pzas.),2,2,2.00
2026-03-05,EXTRA,Huevo Revuelto (2 pzas.),2,2,2.00
2026-03-05,EXTRA,Huevo Revuelto (p/relleno),2,2,2.00
2026-03-05,EXTRA,Queso,1,1,1.00
2026-03-05,EXTRA,Relleno de Guisados,3,3,3.00
2026-03-05,PETICION,Doradita,2,2,2.00
2026-03-05,PETICION,Sin Aguacate,1,1,1.00
2026-03-05,PETICION,Sin Crema,3,3,3.00
2026-03-05,PETICION,Sin Lechuga,2,2,2.00
2026-03-05,PETICION,Sin Tomate,1,1,1.00
2026-03-05,PETICION,Sin Verduras,2,2,2.00
2026-03-05,VARIANTE,Coca Cola,1,1,6.00
2026-03-05,VARIANTE,Coca Cola Sin Azúcar,2,2,11.00
2026-03-05,VARIANTE,Coca Light,1,1,1.00
2026-03-05,VARIANTE,Escuis Manzana,1,1,1.00
2026-03-05,VARIANTE,Leche Aparte,1,1,1.00
2026-03-05,VARIANTE,Mantequilla,1,1,4.00
2026-03-05,VARIANTE,Medio,1,1,1.00
2026-03-05,VARIANTE,Normal,2,2,45.00
2026-03-05,VARIANTE,Pan Grande Pieza,1,1,6.00
2026-03-05,VARIANTE,Poca leche,1,1,3.00
2026-03-05,VARIANTE,Sprite,1,1,1.00
2026-03-05,VARIANTE,Tierno,1,1,1.00
2026-03-06,EXTRA,Bistec (1 pza.),7,7,7.00
2026-03-06,EXTRA,Huevo Estrellado Cocido (2 pzas.),1,1,2.00
2026-03-06,EXTRA,Huevo Estrellado Medio (2 pzas.),4,4,4.00
2026-03-06,EXTRA,Huevo Estrellado Tierno (2 pzas.),3,3,3.00
2026-03-06,EXTRA,Huevo Revuelto (2 pzas.),2,2,2.00
2026-03-06,EXTRA,Queso,2,1,1.00
2026-03-06,EXTRA,Relleno de Guisados,1,1,1.00
2026-03-06,PETICION,Doradita,6,5,9.00
2026-03-06,PETICION,Escurrida,2,1,3.00
2026-03-06,PETICION,Frijoles Aparte,1,1,1.00
2026-03-06,PETICION,Poca Lechuga,4,4,4.00
2026-03-06,PETICION,Sin Crema,6,6,6.00
2026-03-06,PETICION,Sin Lechuga,6,6,6.00
2026-03-06,PETICION,Sin Queso,1,1,1.00
2026-03-06,PETICION,Sin Tomate,5,5,5.00
2026-03-06,PETICION,Sin Verduras,3,3,4.00
2026-03-06,VARIANTE,Coca Cola,2,2,8.00
2026-03-06,VARIANTE,Coca Cola Sin Azúcar,2,2,10.00
2026-03-06,VARIANTE,Coca Light,1,1,1.00
2026-03-06,VARIANTE,Escuis Hierro,1,1,1.00
2026-03-06,VARIANTE,Escuis Piña,1,1,1.00
2026-03-06,VARIANTE,Lechero,1,1,7.00
2026-03-06,VARIANTE,Mantequilla,1,1,7.00
2026-03-06,VARIANTE,Medio,1,1,1.00
2026-03-06,VARIANTE,Natural,1,1,1.00
2026-03-06,VARIANTE,Normal,2,2,47.00
2026-03-06,VARIANTE,Pan Grande Pieza,1,1,1.00
2026-03-06,VARIANTE,Valle Frut,1,1,1.00
2026-03-07,EXTRA,Bistec (1 pza.),6,6,12.00
2026-03-07,EXTRA,Frijoles,5,5,13.00
2026-03-07,EXTRA,Huevo Estrellado Ciego (2 pzas.),1,1,1.00
2026-03-07,EXTRA,Huevo Estrellado Cocido (2 pzas.),1,1,1.00
2026-03-07,EXTRA,Huevo Estrellado Tierno (2 pzas.),1,1,1.00
2026-03-07,EXTRA,Huevo Revuelto (2 pzas.),2,2,2.00
2026-03-07,EXTRA,Huevo Revuelto (p/relleno),1,1,1.00
2026-03-07,EXTRA,Queso,2,2,2.00
2026-03-07,EXTRA,Relleno de Guisados,6,6,6.00
2026-03-07,PETICION,Doradita,5,5,8.00
2026-03-07,PETICION,En dos platos,1,1,1.00
2026-03-07,PETICION,Escurrida,3,3,12.00
2026-03-07,PETICION,Poca Lechuga,3,3,3.00
2026-03-07,PETICION,Sin Aguacate,2,2,2.00
2026-03-07,PETICION,Sin Crema,4,4,4.00
2026-03-07,PETICION,Sin Frijoles,2,2,3.00
2026-03-07,PETICION,Sin Lechuga,2,2,2.00
2026-03-07,PETICION,Sin Tomate,2,2,2.00
2026-03-07,PETICION,Sin Verduras,2,2,3.00
2026-03-07,VARIANTE,Coca Cola,2,2,13.00
2026-03-07,VARIANTE,Coca Cola Sin Azúcar,1,1,2.00
2026-03-07,VARIANTE,Escuis Manzana,1,1,2.00
2026-03-07,VARIANTE,Escuis Piña,1,1,2.00
2026-03-07,VARIANTE,Fanta,1,1,1.00
2026-03-07,VARIANTE,Leche Aparte,1,1,2.00
2026-03-07,VARIANTE,Lechera,1,1,1.00
2026-03-07,VARIANTE,Lechero,1,1,2.00
2026-03-07,VARIANTE,Mantequilla,1,1,6.00
2026-03-07,VARIANTE,Normal,2,2,61.00
2026-03-07,VARIANTE,Pan Grande Pieza,1,1,3.00
2026-03-07,VARIANTE,Poca leche,1,1,1.00
2026-03-08,EXTRA,Bistec (1 pza.),5,5,6.00
2026-03-08,EXTRA,Huevo Estrellado Cocido (2 pzas.),2,2,2.00
2026-03-08,EXTRA,Huevo Estrellado Tierno (2 pzas.),3,3,3.00
2026-03-08,EXTRA,Huevo Revuelto (p/relleno),3,3,3.00
2026-03-08,EXTRA,Queso,9,5,6.00
2026-03-08,EXTRA,Queso Extra Pieza,2,1,1.00
2026-03-08,EXTRA,Relleno de Guisados,4,4,4.00
2026-03-08,PETICION,Doradita,2,2,3.00
2026-03-08,PETICION,En dos platos,1,1,1.00
2026-03-08,PETICION,Escurrida,1,1,1.00
2026-03-08,PETICION,Poca Lechuga,3,3,3.00
2026-03-08,PETICION,Sin Aguacate,3,3,3.00
2026-03-08,PETICION,Sin Crema,10,10,11.00
2026-03-08,PETICION,Sin Frijoles,1,1,1.00
2026-03-08,PETICION,Sin Lechuga,2,2,2.00
2026-03-08,PETICION,Sin Queso,2,2,2.00
2026-03-08,PETICION,Sin Tomate,5,5,5.00
2026-03-08,PETICION,Sin Verduras,1,1,1.00
2026-03-08,PETICION,Verdura Aparte,1,1,1.00
2026-03-08,VARIANTE,Coca Cola,2,2,13.00
2026-03-08,VARIANTE,Coca Cola Sin Azúcar,1,1,6.00
2026-03-08,VARIANTE,Coca Light,1,1,3.00
2026-03-08,VARIANTE,Leche Aparte,1,1,1.00
2026-03-08,VARIANTE,Lechero,1,1,1.00
2026-03-08,VARIANTE,Mantequilla,1,1,4.00
2026-03-08,VARIANTE,Migada Delgada,1,1,1.00
2026-03-08,VARIANTE,Naturales,1,1,1.00
2026-03-08,VARIANTE,Normal,2,2,51.00
2026-03-08,VARIANTE,Pan Grande Pieza,1,1,8.00
2026-03-09,EXTRA,Bistec (1 pza.),3,3,3.00
2026-03-09,EXTRA,Doble Guiso,5,5,8.00
2026-03-09,EXTRA,Frijoles,1,1,1.00
2026-03-09,EXTRA,Huevo Estrellado Ciego (2 pzas.),1,1,1.00
2026-03-09,EXTRA,Huevo Estrellado Cocido (2 pzas.),1,1,1.00
2026-03-09,EXTRA,Huevo Revuelto (2 pzas.),1,1,1.00
2026-03-09,EXTRA,Queso,3,2,2.00
2026-03-09,EXTRA,Relleno de Guisados,3,3,3.00
2026-03-09,PETICION,Doradita,1,1,1.00
2026-03-09,PETICION,Poca Lechuga,2,2,2.00
2026-03-09,PETICION,Sin Aguacate,1,1,1.00
2026-03-09,PETICION,Sin Crema,4,4,4.00
2026-03-09,PETICION,Sin Lechuga,1,1,1.00
2026-03-09,PETICION,Sin Tomate,1,1,1.00
2026-03-09,PETICION,Sin Verduras,1,1,1.00
2026-03-09,PETICION,Verdura Aparte,1,1,1.00
2026-03-09,VARIANTE,Coca Cola,2,2,10.00
2026-03-09,VARIANTE,Coca Cola Sin Azúcar,1,1,7.00
2026-03-09,VARIANTE,Escuis Piña,1,1,1.00
2026-03-09,VARIANTE,Lechero,1,1,2.00
2026-03-09,VARIANTE,Mantequilla,1,1,10.00
2026-03-09,VARIANTE,Medio,1,1,1.00
2026-03-09,VARIANTE,Natural,1,1,2.00
2026-03-09,VARIANTE,Naturales,1,1,1.00
2026-03-09,VARIANTE,Normal,2,2,61.00
2026-03-09,VARIANTE,Pan Grande Pieza,1,1,1.00
2026-03-09,VARIANTE,Sprite,1,1,1.00
2026-03-10,EXTRA,Bistec (1 pza.),1,1,1.00
2026-03-10,EXTRA,Frijoles,1,1,1.00
2026-03-10,EXTRA,Huevo Estrellado Medio (2 pzas.),1,1,1.00
2026-03-10,EXTRA,Huevo Revuelto (2 pzas.),1,1,1.00
2026-03-10,EXTRA,Queso,5,3,4.00
2026-03-10,EXTRA,Relleno de Guisados,2,2,2.00
2026-03-10,PETICION,Doradita,2,2,3.00
2026-03-10,PETICION,Escurrida,2,2,11.00
2026-03-10,PETICION,Sin Aguacate,1,1,1.00
2026-03-10,PETICION,Sin Crema,3,3,3.00
2026-03-10,PETICION,Sin Lechuga,4,4,4.00
2026-03-10,PETICION,Sin Queso,1,1,1.00
2026-03-10,PETICION,Sin Tomate,2,2,2.00
2026-03-10,PETICION,Sin Verduras,2,2,2.00
2026-03-10,VARIANTE,Coca Cola,2,2,4.00
2026-03-10,VARIANTE,Coca Cola Sin Azúcar,1,1,4.00
2026-03-10,VARIANTE,Leche Aparte,1,1,1.00
2026-03-10,VARIANTE,Mantequilla,1,1,1.00
2026-03-10,VARIANTE,Migada Delgada,1,1,1.00
2026-03-10,VARIANTE,Natural,1,1,1.00
2026-03-10,VARIANTE,Normal,2,2,33.00
2026-03-10,VARIANTE,Poca leche,1,1,2.00
2026-03-11,EXTRA,Bistec (1 pza.),3,3,4.00
2026-03-11,EXTRA,Huevo Estrellado Medio (2 pzas.),2,2,2.00
2026-03-11,EXTRA,Huevo Estrellado Tierno (2 pzas.),2,2,2.00
2026-03-11,EXTRA,Huevo Revuelto (2 pzas.),4,4,4.00
2026-03-11,EXTRA,Huevo Revuelto (p/relleno),1,1,1.00
2026-03-11,EXTRA,Queso,5,4,4.00
2026-03-11,EXTRA,Queso Extra Pieza,4,1,1.00
2026-03-11,EXTRA,Relleno de Guisados,3,3,3.00
2026-03-11,PETICION,En dos platos,4,4,4.00
2026-03-11,PETICION,Escurrida,2,2,6.00
2026-03-11,PETICION,Sin Aguacate,2,2,2.00
2026-03-11,PETICION,Sin Crema,1,1,1.00
2026-03-11,PETICION,Sin Tomate,1,1,1.00
2026-03-11,PETICION,Sin Verduras,1,1,1.00
2026-03-11,VARIANTE,Coca Cola,2,2,10.00
2026-03-11,VARIANTE,Coca Cola Sin Azúcar,1,1,3.00
2026-03-11,VARIANTE,Coca Light,1,1,5.00
2026-03-11,VARIANTE,Crema,1,1,1.00
2026-03-11,VARIANTE,Escuis Fresa,1,1,1.00
2026-03-11,VARIANTE,Escuis Manzana,1,1,1.00
2026-03-11,VARIANTE,Fanta,1,1,1.00
2026-03-11,VARIANTE,Leche Aparte,1,1,1.00
2026-03-11,VARIANTE,Lechera,1,1,1.00
2026-03-11,VARIANTE,Lechero,1,1,3.00
2026-03-11,VARIANTE,Mantequilla,1,1,4.00
2026-03-11,VARIANTE,Normal,2,2,45.00
2026-03-11,VARIANTE,Pan Grande Pieza,1,1,5.00
2026-03-11,VARIANTE,Poca leche,1,1,1.00
2026-03-11,VARIANTE,Tierno,1,1,1.00
2026-03-12,EXTRA,Bistec (1 pza.),5,5,5.00
2026-03-12,EXTRA,Huevo Revuelto (2 pzas.),2,2,2.00
2026-03-12,EXTRA,Huevo Revuelto (p/relleno),3,3,3.00
2026-03-12,EXTRA,Relleno de Guisados,1,1,1.00
2026-03-12,PETICION,Doradita,2,1,5.00
2026-03-12,PETICION,Escurrida,3,3,6.00
2026-03-12,PETICION,Sin Aguacate,2,2,2.00
2026-03-12,PETICION,Sin Crema,8,8,8.00
2026-03-12,PETICION,Sin Lechuga,4,4,5.00
2026-03-12,PETICION,Sin Tomate,2,2,2.00
2026-03-12,PETICION,Sin Verduras,1,1,1.00
2026-03-12,VARIANTE,Coca Cola,2,2,5.00
2026-03-12,VARIANTE,Coca Cola Sin Azúcar,2,2,7.00
2026-03-12,VARIANTE,Delaware,1,1,1.00
2026-03-12,VARIANTE,Escuis Fresa,1,1,1.00
2026-03-12,VARIANTE,Escuis Manzana,1,1,1.00
2026-03-12,VARIANTE,Escuis Piña,1,1,1.00
2026-03-12,VARIANTE,Leche Aparte,1,1,1.00
2026-03-12,VARIANTE,Lechero,1,1,1.00
2026-03-12,VARIANTE,Mantequilla,1,1,2.00
2026-03-12,VARIANTE,Naturales,1,1,1.00
2026-03-12,VARIANTE,Normal,2,2,44.00
2026-03-12,VARIANTE,Pan Grande Pieza,1,1,4.00
2026-03-12,VARIANTE,Valle Frut,1,1,1.00
2026-03-13,EXTRA,Bistec (1 pza.),4,4,7.00
2026-03-13,EXTRA,Frijoles,4,2,3.00
2026-03-13,EXTRA,Huevo Estrellado Cocido (2 pzas.),2,2,2.00
2026-03-13,EXTRA,Huevo Estrellado Medio (2 pzas.),1,1,1.00
2026-03-13,EXTRA,Huevo Estrellado Tierno (2 pzas.),2,2,2.00
2026-03-13,EXTRA,Huevo Revuelto (2 pzas.),1,1,1.00
2026-03-13,EXTRA,Huevo Revuelto (p/relleno),1,1,1.00
2026-03-13,EXTRA,Queso,2,1,1.00
2026-03-13,EXTRA,Relleno de Guisados,3,3,3.00
2026-03-13,PETICION,En dos platos,1,1,1.00
2026-03-13,PETICION,Poca Lechuga,1,1,1.00
2026-03-13,PETICION,Sin Aguacate,2,2,2.00
2026-03-13,PETICION,Sin Crema,5,5,6.00
2026-03-13,PETICION,Sin Lechuga,5,5,5.00
2026-03-13,PETICION,Sin Tomate,6,6,6.00
2026-03-13,VARIANTE,Coca Cola,2,2,6.00
2026-03-13,VARIANTE,Coca Cola Sin Azúcar,2,2,3.00
2026-03-13,VARIANTE,Coca Light,1,1,1.00
2026-03-13,VARIANTE,Escuis Manzana,1,1,1.00
2026-03-13,VARIANTE,Leche Aparte,1,1,1.00
2026-03-13,VARIANTE,Lechero,1,1,1.00
2026-03-13,VARIANTE,Mantequilla,1,1,4.00
2026-03-13,VARIANTE,Medio,1,1,1.00
2026-03-13,VARIANTE,Normal,2,2,31.00
2026-03-13,VARIANTE,Pan Grande Pieza,1,1,3.00
2026-03-14,EXTRA,Bistec (1 pza.),7,7,8.00
2026-03-14,EXTRA,Frijoles,1,1,1.00
2026-03-14,EXTRA,Huevo Estrellado Cocido (2 pzas.),4,4,4.00
2026-03-14,EXTRA,Huevo Estrellado Medio (2 pzas.),3,3,3.00
2026-03-14,EXTRA,Huevo Estrellado Tierno (2 pzas.),5,5,5.00
2026-03-14,EXTRA,Huevo Revuelto (2 pzas.),3,3,3.00
2026-03-14,EXTRA,Huevo Revuelto (p/relleno),3,3,3.00
2026-03-14,EXTRA,Queso Extra Pieza,2,1,1.00
2026-03-14,EXTRA,Relleno de Guisados,2,2,2.00
2026-03-14,PETICION,Doradita,2,2,2.00
2026-03-14,PETICION,Escurrida,4,4,6.00
2026-03-14,PETICION,Poca Lechuga,3,3,3.00
2026-03-14,PETICION,Sin Aguacate,2,2,2.00
2026-03-14,PETICION,Sin Crema,6,6,6.00
2026-03-14,PETICION,Sin Frijoles,1,1,1.00
2026-03-14,PETICION,Sin Lechuga,2,2,2.00
2026-03-14,PETICION,Sin Queso,1,1,1.00
2026-03-14,PETICION,Sin Tomate,1,1,1.00
2026-03-14,PETICION,Sin Verduras,2,2,3.00
2026-03-14,VARIANTE,Coca Cola,2,2,13.00
2026-03-14,VARIANTE,Coca Cola Sin Azúcar,1,1,9.00
2026-03-14,VARIANTE,Coca Light,1,1,1.00
2026-03-14,VARIANTE,Delaware,1,1,2.00
2026-03-14,VARIANTE,Lechera,1,1,1.00
2026-03-14,VARIANTE,Lechero,1,1,1.00
2026-03-14,VARIANTE,Mantequilla,1,1,1.00
2026-03-14,VARIANTE,Natural,1,1,1.00
2026-03-14,VARIANTE,Normal,2,2,57.00
2026-03-14,VARIANTE,Pan Grande Pieza,1,1,8.00
2026-03-15,EXTRA,Bistec (1 pza.),9,9,10.00
2026-03-15,EXTRA,Huevo Estrellado Cocido (2 pzas.),2,2,2.00
2026-03-15,EXTRA,Huevo Estrellado Medio (2 pzas.),2,2,2.00
2026-03-15,EXTRA,Huevo Estrellado Tierno (2 pzas.),1,1,1.00
2026-03-15,EXTRA,Huevo Revuelto (2 pzas.),5,5,8.00
2026-03-15,EXTRA,Queso,7,5,5.00
2026-03-15,EXTRA,Queso Extra Pieza,6,2,2.00
2026-03-15,EXTRA,Relleno de Guisados,5,5,5.00
2026-03-15,PETICION,En dos platos,1,1,1.00
2026-03-15,PETICION,Sin Aguacate,1,1,1.00
2026-03-15,PETICION,Sin Crema,9,9,9.00
2026-03-15,PETICION,Sin Frijoles,1,1,1.00
2026-03-15,PETICION,Sin Lechuga,2,2,2.00
2026-03-15,PETICION,Sin Tomate,5,5,5.00
2026-03-15,PETICION,Verdura Aparte,1,1,1.00
2026-03-15,VARIANTE,Coca Cola,2,2,7.00
2026-03-15,VARIANTE,Coca Cola Sin Azúcar,1,1,5.00
2026-03-15,VARIANTE,Coca Light,1,1,4.00
2026-03-15,VARIANTE,Crema,1,1,1.00
2026-03-15,VARIANTE,Leche Aparte,2,2,5.00
2026-03-15,VARIANTE,Lechera,1,1,1.00
2026-03-15,VARIANTE,Lechero,1,1,1.00
2026-03-15,VARIANTE,Mantequilla,1,1,3.00
2026-03-15,VARIANTE,Naturales,1,1,1.00
2026-03-15,VARIANTE,Normal,2,2,50.00
2026-03-15,VARIANTE,Pan Grande Pieza,1,1,8.00
2026-03-16,EXTRA,Bistec (1 pza.),9,9,11.00
2026-03-16,EXTRA,Frijoles,2,2,4.00
2026-03-16,EXTRA,Huevo Estrellado Cocido (2 pzas.),1,1,1.00
2026-03-16,EXTRA,Huevo Estrellado Medio (2 pzas.),2,2,2.00
2026-03-16,EXTRA,Huevo Revuelto (2 pzas.),1,1,2.00
2026-03-16,EXTRA,Queso,1,1,1.00
2026-03-16,PETICION,Doradita,1,1,2.00
2026-03-16,PETICION,Escurrida,2,2,2.00
2026-03-16,PETICION,Poca Lechuga,2,2,3.00
2026-03-16,PETICION,Sin Aguacate,1,1,1.00
2026-03-16,PETICION,Sin Crema,3,3,3.00
2026-03-16,PETICION,Sin Frijoles,2,2,2.00
2026-03-16,PETICION,Sin Lechuga,2,2,2.00
2026-03-16,PETICION,Sin Tomate,3,3,3.00
2026-03-16,PETICION,Sin Verduras,2,2,2.00
2026-03-16,VARIANTE,Coca Cola,2,2,7.00
2026-03-16,VARIANTE,Coca Cola Sin Azúcar,2,2,3.00
2026-03-16,VARIANTE,Crema,1,1,1.00
2026-03-16,VARIANTE,Delaware,1,1,1.00
2026-03-16,VARIANTE,Escuis Manzana,1,1,1.00
2026-03-16,VARIANTE,Fresca,1,1,1.00
2026-03-16,VARIANTE,Lechera,2,2,2.00
2026-03-16,VARIANTE,Lechero,1,1,1.00
2026-03-16,VARIANTE,Mantequilla,1,1,6.00
2026-03-16,VARIANTE,Migada Delgada,1,1,1.00
2026-03-16,VARIANTE,Normal,2,2,43.00
2026-03-16,VARIANTE,Pan Grande Pieza,1,1,5.00
2026-03-16,VARIANTE,Poca leche,1,1,2.00
2026-03-17,EXTRA,Bistec (1 pza.),2,2,2.00
2026-03-17,EXTRA,Frijoles,1,1,2.00
2026-03-17,EXTRA,Huevo Estrellado Medio (2 pzas.),3,3,3.00
2026-03-17,EXTRA,Huevo Estrellado Tierno (2 pzas.),1,1,1.00
2026-03-17,EXTRA,Huevo Revuelto (2 pzas.),2,2,2.00
2026-03-17,EXTRA,Queso,5,3,4.00
2026-03-17,EXTRA,Relleno de Guisados,1,1,1.00
2026-03-17,PETICION,En dos platos,1,1,1.00
2026-03-17,PETICION,Escurrida,2,2,7.00
2026-03-17,PETICION,Frijoles Aparte,1,1,1.00
2026-03-17,PETICION,Poca Lechuga,4,4,5.00
2026-03-17,PETICION,Sin Aguacate,1,1,1.00
2026-03-17,PETICION,Sin Crema,4,4,5.00
2026-03-17,PETICION,Sin Lechuga,1,1,1.00
2026-03-17,PETICION,Sin Queso,1,1,1.00
2026-03-17,PETICION,Sin Tomate,4,4,4.00
2026-03-17,PETICION,Sin Verduras,2,2,2.00
2026-03-17,PETICION,Verdura Aparte,1,1,1.00
2026-03-17,VARIANTE,Coca Cola,2,2,6.00
2026-03-17,VARIANTE,Coca Cola Sin Azúcar,1,1,6.00
2026-03-17,VARIANTE,Coca Light,1,1,1.00
2026-03-17,VARIANTE,Crema,1,1,1.00
2026-03-17,VARIANTE,Escuis Manzana,1,1,2.00
2026-03-17,VARIANTE,Leche Aparte,1,1,1.00
2026-03-17,VARIANTE,Lechera,1,1,1.00
2026-03-17,VARIANTE,Lechero,1,1,2.00
2026-03-17,VARIANTE,Mantequilla,1,1,8.00
2026-03-17,VARIANTE,Naturales,1,1,1.00
2026-03-17,VARIANTE,Normal,2,2,36.00
2026-03-17,VARIANTE,Pan Grande Pieza,1,1,3.00
2026-03-18,EXTRA,Bistec (1 pza.),4,4,6.00
2026-03-18,EXTRA,Huevo Estrellado Cocido (2 pzas.),1,1,1.00
2026-03-18,EXTRA,Huevo Revuelto (2 pzas.),2,2,2.00
2026-03-18,EXTRA,Queso,1,1,1.00
2026-03-18,EXTRA,Relleno de Guisados,1,1,1.00
2026-03-18,PETICION,Sin Crema,1,1,1.00
2026-03-18,PETICION,Sin Frijoles,1,1,1.00
2026-03-18,PETICION,Sin Tomate,2,2,2.00
2026-03-18,VARIANTE,Coca Cola,2,2,7.00
2026-03-18,VARIANTE,Escuis Fresa,1,1,1.00
2026-03-18,VARIANTE,Leche Aparte,1,1,2.00
2026-03-18,VARIANTE,Lechero,1,1,1.00
2026-03-18,VARIANTE,Mantequilla,1,1,5.00
2026-03-18,VARIANTE,Normal,2,2,22.00
2026-03-18,VARIANTE,Pan Grande Pieza,1,1,1.00
2026-03-18,VARIANTE,Poca leche,1,1,1.00
2026-03-19,EXTRA,Bistec (1 pza.),1,1,1.00
2026-03-19,EXTRA,Chorizo,1,1,1.00
2026-03-19,EXTRA,Queso,2,1,1.00
2026-03-19,EXTRA,Relleno de Guisados,3,3,4.00
2026-03-19,PETICION,Doradita,1,1,1.00
2026-03-19,PETICION,En dos platos,1,1,1.00
2026-03-19,PETICION,Poca Lechuga,2,2,3.00
2026-03-19,PETICION,Poco Frijol,1,1,1.00
2026-03-19,PETICION,Sin Aguacate,2,2,2.00
2026-03-19,PETICION,Sin Crema,7,7,8.00
2026-03-19,PETICION,Sin Frijoles,1,1,1.00
2026-03-19,PETICION,Sin Lechuga,5,5,5.00
2026-03-19,PETICION,Sin Tomate,3,3,3.00
2026-03-19,PETICION,Sin Verduras,1,1,1.00
2026-03-19,VARIANTE,Coca Cola,2,2,6.00
2026-03-19,VARIANTE,Coca Cola Sin Azúcar,1,1,6.00
2026-03-19,VARIANTE,Cocido,1,1,1.00
2026-03-19,VARIANTE,Escuis Fresa,1,1,1.00
2026-03-19,VARIANTE,Leche Aparte,2,2,3.00
2026-03-19,VARIANTE,Lechero,1,1,1.00
2026-03-19,VARIANTE,Mantequilla,1,1,2.00
2026-03-19,VARIANTE,Naturales,1,1,1.00
2026-03-19,VARIANTE,Normal,2,2,57.00
2026-03-19,VARIANTE,Pan Grande Pieza,1,1,2.00
2026-03-19,VARIANTE,Poca leche,1,1,1.00
2026-03-20,EXTRA,Bistec (1 pza.),2,2,2.00
2026-03-20,EXTRA,Huevo Revuelto (2 pzas.),4,4,4.00
2026-03-20,EXTRA,Huevo Revuelto (p/relleno),1,1,1.00
2026-03-20,EXTRA,Queso Extra Pieza,9,2,2.00
2026-03-20,PETICION,En dos platos,2,2,2.00
2026-03-20,PETICION,Sin Aguacate,1,1,1.00
2026-03-20,PETICION,Sin Crema,3,3,3.00
2026-03-20,PETICION,Sin Queso,1,1,1.00
2026-03-20,PETICION,Sin Tomate,2,2,2.00
2026-03-20,VARIANTE,Coca Cola,2,2,5.00
2026-03-20,VARIANTE,Coca Cola Sin Azúcar,1,1,5.00
2026-03-20,VARIANTE,Coca Light,1,1,3.00
2026-03-20,VARIANTE,Escuis Manzana,1,1,1.00
2026-03-20,VARIANTE,Lechero,1,1,1.00
2026-03-20,VARIANTE,Mantequilla,2,2,4.00
2026-03-20,VARIANTE,Medio,1,1,1.00
2026-03-20,VARIANTE,Mermelada de Fresa,1,1,1.00
2026-03-20,VARIANTE,Normal,2,2,27.00
2026-03-20,VARIANTE,Pan Grande Pieza,1,1,5.00
2026-03-21,EXTRA,Bistec (1 pza.),2,2,2.00
2026-03-21,EXTRA,Chorizo Extra Pieza,1,1,1.00
2026-03-21,EXTRA,Frijoles,4,4,4.00
2026-03-21,EXTRA,Huevo Estrellado Cocido (2 pzas.),1,1,2.00
2026-03-21,EXTRA,Huevo Estrellado Medio (2 pzas.),2,2,2.00
2026-03-21,EXTRA,Huevo Estrellado Tierno (2 pzas.),2,2,2.00
2026-03-21,EXTRA,Huevo Revuelto (2 pzas.),2,2,4.00
2026-03-21,EXTRA,Huevo Revuelto (p/relleno),2,2,2.00
2026-03-21,EXTRA,Queso,3,2,2.00
2026-03-21,EXTRA,Relleno de Guisados,4,4,4.00
2026-03-21,PETICION,Doradita,1,1,2.00
2026-03-21,PETICION,En dos platos,1,1,1.00
2026-03-21,PETICION,Escurrida,1,1,2.00
2026-03-21,PETICION,Poca Lechuga,3,3,3.00
2026-03-21,PETICION,Sin Aguacate,6,6,6.00
2026-03-21,PETICION,Sin Crema,9,9,9.00
2026-03-21,PETICION,Sin Frijoles,2,2,2.00
2026-03-21,PETICION,Sin Lechuga,1,1,1.00
2026-03-21,PETICION,Sin Tomate,8,8,8.00
2026-03-21,PETICION,Sin Verduras,2,2,2.00
2026-03-21,VARIANTE,Coca Cola,2,2,12.00
2026-03-21,VARIANTE,Coca Cola Sin Azúcar,1,1,4.00
2026-03-21,VARIANTE,Coca Light,1,1,3.00
2026-03-21,VARIANTE,Crema,2,2,2.00
2026-03-21,VARIANTE,Escuis Manzana,1,1,1.00
2026-03-21,VARIANTE,Fanta,1,1,1.00
2026-03-21,VARIANTE,Leche Aparte,1,1,4.00
2026-03-21,VARIANTE,Lechero,1,1,1.00
2026-03-21,VARIANTE,Mantequilla,1,1,5.00
2026-03-21,VARIANTE,Migada Delgada,2,1,2.00
2026-03-21,VARIANTE,Natural,1,1,1.00
2026-03-21,VARIANTE,Normal,2,2,64.00
2026-03-21,VARIANTE,Pan Grande Pieza,1,1,4.00
2026-03-21,VARIANTE,Poca leche,1,1,2.00
2026-03-21,VARIANTE,Sprite,1,1,1.00
2026-03-21,VARIANTE,Valle Frut,1,1,1.00
2026-03-22,EXTRA,Bistec (1 pza.),4,4,5.00
2026-03-22,EXTRA,Frijoles,2,2,6.00
2026-03-22,EXTRA,Huevo Estrellado Cocido (2 pzas.),2,2,2.00
2026-03-22,EXTRA,Huevo Estrellado Medio (2 pzas.),2,2,2.00
2026-03-22,EXTRA,Huevo Estrellado Tierno (2 pzas.),2,2,2.00
2026-03-22,EXTRA,Huevo Revuelto (2 pzas.),2,2,2.00
2026-03-22,EXTRA,Huevo Revuelto (p/relleno),3,3,3.00
2026-03-22,EXTRA,Queso,2,2,2.00
2026-03-22,EXTRA,Queso Extra Pieza,5,4,4.00
2026-03-22,EXTRA,Relleno de Guisados,2,2,2.00
2026-03-22,PETICION,En dos platos,2,2,2.00
2026-03-22,PETICION,Escurrida,5,5,10.00
2026-03-22,PETICION,Poca Lechuga,6,6,6.00
2026-03-22,PETICION,Sin Aguacate,3,3,3.00
2026-03-22,PETICION,Sin Crema,10,10,10.00
2026-03-22,PETICION,Sin Frijoles,2,2,2.00
2026-03-22,PETICION,Sin Lechuga,2,2,2.00
2026-03-22,PETICION,Sin Queso,1,1,1.00
2026-03-22,PETICION,Sin Tomate,4,4,4.00
2026-03-22,VARIANTE,Coca Cola,2,2,10.00
2026-03-22,VARIANTE,Coca Cola Sin Azúcar,1,1,6.00
2026-03-22,VARIANTE,Coca Light,1,1,2.00
2026-03-22,VARIANTE,Crema,2,2,2.00
2026-03-22,VARIANTE,Leche Aparte,2,2,2.00
2026-03-22,VARIANTE,Lechera,3,3,3.00
2026-03-22,VARIANTE,Mantequilla,1,1,4.00
2026-03-22,VARIANTE,Normal,2,2,47.00
2026-03-22,VARIANTE,Pan Grande Pieza,1,1,7.00
2026-03-22,VARIANTE,Poca leche,2,2,2.00
2026-03-22,VARIANTE,Valle Frut,1,1,1.00
2026-03-23,EXTRA,Bistec (1 pza.),4,4,4.00
2026-03-23,EXTRA,Frijoles,7,7,13.00
2026-03-23,EXTRA,Huevo Estrellado Cocido (2 pzas.),2,2,2.00
2026-03-23,EXTRA,Huevo Revuelto (2 pzas.),1,1,1.00
2026-03-23,EXTRA,Huevo Revuelto (p/relleno),1,1,1.00
2026-03-23,EXTRA,Queso,2,1,1.00
2026-03-23,EXTRA,Queso Extra Pieza,4,1,1.00
2026-03-23,EXTRA,Relleno de Guisados,1,1,1.00
2026-03-23,PETICION,Doradita,1,1,1.00
2026-03-23,PETICION,Frijoles Aparte,1,1,1.00
2026-03-23,PETICION,Poca Lechuga,1,1,1.00
2026-03-23,PETICION,Sin Aguacate,1,1,1.00
2026-03-23,PETICION,Sin Crema,5,5,5.00
2026-03-23,PETICION,Sin Frijoles,1,1,1.00
2026-03-23,PETICION,Sin Lechuga,3,3,3.00
2026-03-23,PETICION,Sin Tomate,2,2,2.00
2026-03-23,VARIANTE,Coca Cola,2,2,7.00
2026-03-23,VARIANTE,Coca Light,1,1,1.00
2026-03-23,VARIANTE,Delaware,1,1,1.00
2026-03-23,VARIANTE,Mantequilla,1,1,2.00
2026-03-23,VARIANTE,Normal,2,2,24.00
2026-03-23,VARIANTE,Pan Grande Pieza,1,1,1.00
2026-03-23,VARIANTE,Poca leche,1,1,1.00
2026-03-24,EXTRA,Bistec (1 pza.),5,5,5.00
2026-03-24,EXTRA,Doble Guiso,4,4,7.00
2026-03-24,EXTRA,Huevo Estrellado Ciego (2 pzas.),2,2,2.00
2026-03-24,EXTRA,Huevo Estrellado Cocido (2 pzas.),1,1,1.00
2026-03-24,EXTRA,Huevo Estrellado Medio (2 pzas.),4,4,7.00
2026-03-24,EXTRA,Huevo Estrellado Tierno (2 pzas.),1,1,1.00
2026-03-24,EXTRA,Huevo Revuelto (2 pzas.),1,1,1.00
2026-03-24,EXTRA,Huevo Revuelto (p/relleno),1,1,1.00
2026-03-24,EXTRA,Queso,4,1,1.00
2026-03-24,EXTRA,Relleno de Guisados,2,2,2.00
2026-03-24,PETICION,Poca Lechuga,1,1,1.00
2026-03-24,PETICION,Poco Frijol,1,1,1.00
2026-03-24,PETICION,Sin Aguacate,2,2,2.00
2026-03-24,PETICION,Sin Crema,7,7,7.00
2026-03-24,PETICION,Sin Verduras,1,1,1.00
2026-03-24,PETICION,Verdura Aparte,1,1,1.00
2026-03-24,VARIANTE,Coca Cola,2,2,8.00
2026-03-24,VARIANTE,Coca Cola Sin Azúcar,1,1,3.00
2026-03-24,VARIANTE,Cocido,1,1,1.00
2026-03-24,VARIANTE,Crema,1,1,1.00
2026-03-24,VARIANTE,Leche Aparte,2,2,5.00
2026-03-24,VARIANTE,Lechero,1,1,1.00
2026-03-24,VARIANTE,Mantequilla,1,1,3.00
2026-03-24,VARIANTE,Normal,2,2,45.00
2026-03-24,VARIANTE,Pan Grande Pieza,1,1,4.00
2026-03-24,VARIANTE,Tierno,1,1,2.00
2026-03-25,EXTRA,Bistec (1 pza.),4,4,4.00
2026-03-25,EXTRA,Huevo Revuelto (2 pzas.),1,1,1.00
2026-03-25,EXTRA,Queso,3,2,2.00
2026-03-25,EXTRA,Queso Extra Pieza,1,1,1.00
2026-03-25,EXTRA,Relleno de Guisados,2,2,2.00
2026-03-25,PETICION,Escurrida,1,1,1.00
2026-03-25,PETICION,Sin Crema,3,3,3.00
2026-03-25,PETICION,Sin Frijoles,1,1,1.00
2026-03-25,PETICION,Sin Lechuga,3,3,3.00
2026-03-25,PETICION,Sin Tomate,2,2,2.00
2026-03-25,VARIANTE,Coca Cola,2,2,3.00
2026-03-25,VARIANTE,Coca Cola Sin Azúcar,1,1,1.00
2026-03-25,VARIANTE,Coca Light,1,1,2.00
2026-03-25,VARIANTE,Escuis Piña,1,1,1.00
2026-03-25,VARIANTE,Leche Aparte,1,1,4.00
2026-03-25,VARIANTE,Lechero,1,1,1.00
2026-03-25,VARIANTE,Mantequilla,1,1,5.00
2026-03-25,VARIANTE,Medio,1,1,1.00
2026-03-25,VARIANTE,Normal,2,2,26.00
2026-03-25,VARIANTE,Pan Grande Pieza,1,1,1.00
2026-03-26,EXTRA,Bistec (1 pza.),5,5,5.00
2026-03-26,EXTRA,Chorizo,4,4,4.00
2026-03-26,EXTRA,Chorizo Extra Pieza,1,1,1.00
2026-03-26,EXTRA,Frijoles,1,1,1.00
2026-03-26,EXTRA,Huevo Estrellado Cocido (2 pzas.),2,2,2.00
2026-03-26,EXTRA,Huevo Estrellado Medio (2 pzas.),2,2,2.00
2026-03-26,EXTRA,Huevo Estrellado Tierno (2 pzas.),1,1,1.00
2026-03-26,EXTRA,Huevo Revuelto (2 pzas.),1,1,1.00
2026-03-26,EXTRA,Queso,1,1,2.00
2026-03-26,EXTRA,Relleno de Guisados,4,4,4.00
2026-03-26,PETICION,Sin Aguacate,2,2,2.00
2026-03-26,PETICION,Sin Crema,4,4,4.00
2026-03-26,PETICION,Sin Lechuga,1,1,1.00
2026-03-26,PETICION,Sin Tomate,2,2,2.00
2026-03-26,VARIANTE,Coca Cola,1,1,3.00
2026-03-26,VARIANTE,Coca Cola Sin Azúcar,1,1,8.00
2026-03-26,VARIANTE,Escuis Piña,1,1,1.00
2026-03-26,VARIANTE,Leche Aparte,2,2,4.00
2026-03-26,VARIANTE,Mantequilla,1,1,5.00
2026-03-26,VARIANTE,Normal,2,2,45.00
2026-03-26,VARIANTE,Pan Grande Pieza,1,1,2.00
2026-03-27,EXTRA,Bistec (1 pza.),3,3,3.00
2026-03-27,EXTRA,Frijoles,5,5,10.00
2026-03-27,EXTRA,Huevo Estrellado Medio (2 pzas.),2,2,2.00
2026-03-27,EXTRA,Huevo Estrellado Tierno (2 pzas.),1,1,1.00
2026-03-27,EXTRA,Huevo Revuelto (2 pzas.),4,4,4.00
2026-03-27,EXTRA,Huevo Revuelto (p/relleno),1,1,1.00
2026-03-27,EXTRA,Queso,3,2,2.00
2026-03-27,EXTRA,Relleno de Guisados,3,3,3.00
2026-03-27,PETICION,Escurrida,1,1,1.00
2026-03-27,PETICION,Frijoles Aparte,1,1,1.00
2026-03-27,PETICION,Poca Lechuga,1,1,1.00
2026-03-27,PETICION,Sin Aguacate,3,3,3.00
2026-03-27,PETICION,Sin Crema,8,8,8.00
2026-03-27,PETICION,Sin Lechuga,3,3,3.00
2026-03-27,PETICION,Sin Tomate,3,3,3.00
2026-03-27,PETICION,Sin Verduras,1,1,1.00
2026-03-27,VARIANTE,Ciego,1,1,1.00
2026-03-27,VARIANTE,Coca Cola,2,2,12.00
2026-03-27,VARIANTE,Coca Cola Sin Azúcar,2,2,2.00
2026-03-27,VARIANTE,Coca Light,1,1,5.00
2026-03-27,VARIANTE,Crema,2,2,4.00
2026-03-27,VARIANTE,Delaware,1,1,1.00
2026-03-27,VARIANTE,Fanta,1,1,1.00
2026-03-27,VARIANTE,Leche Aparte,2,2,3.00
2026-03-27,VARIANTE,Lechera,1,1,3.00
2026-03-27,VARIANTE,Lechero,1,1,1.00
2026-03-27,VARIANTE,Mantequilla,1,1,4.00
2026-03-27,VARIANTE,Normal,2,2,40.00
2026-03-27,VARIANTE,Pan Grande Pieza,1,1,4.00
2026-03-27,VARIANTE,Poca leche,1,1,3.00
2026-03-27,VARIANTE,Sprite,1,1,1.00
2026-03-28,EXTRA,Bistec (1 pza.),5,5,6.00
2026-03-28,EXTRA,Frijoles,5,5,5.00
2026-03-28,EXTRA,Huevo Estrellado Cocido (2 pzas.),5,5,5.00
2026-03-28,EXTRA,Huevo Estrellado Medio (2 pzas.),4,4,4.00
2026-03-28,EXTRA,Huevo Revuelto (2 pzas.),2,2,2.00
2026-03-28,EXTRA,Huevo Revuelto (p/relleno),2,2,2.00
2026-03-28,EXTRA,Queso,2,2,6.00
2026-03-28,EXTRA,Queso Extra Pieza,4,2,2.00
2026-03-28,EXTRA,Relleno de Guisados,3,3,3.00
2026-03-28,PETICION,Doradita,1,1,2.00
2026-03-28,PETICION,Escurrida,2,2,3.00
2026-03-28,PETICION,Poca Lechuga,2,2,2.00
2026-03-28,PETICION,Sin Aguacate,3,3,3.00
2026-03-28,PETICION,Sin Crema,9,9,9.00
2026-03-28,PETICION,Sin Frijoles,2,2,2.00
2026-03-28,PETICION,Sin Lechuga,1,1,1.00
2026-03-28,PETICION,Sin Tomate,6,6,6.00
2026-03-28,PETICION,Verdura Aparte,1,1,2.00
2026-03-28,VARIANTE,Coca Cola,2,2,13.00
2026-03-28,VARIANTE,Coca Cola Sin Azúcar,1,1,8.00
2026-03-28,VARIANTE,Cocido,1,1,1.00
2026-03-28,VARIANTE,Crema,2,2,2.00
2026-03-28,VARIANTE,Leche Aparte,1,1,1.00
2026-03-28,VARIANTE,Lechera,1,1,1.00
2026-03-28,VARIANTE,Lechero,1,1,3.00
2026-03-28,VARIANTE,Mantequilla,1,1,2.00
2026-03-28,VARIANTE,Normal,2,2,51.00
2026-03-28,VARIANTE,Pan Grande Pieza,1,1,9.00
2026-03-29,EXTRA,Bistec (1 pza.),9,9,13.00
2026-03-29,EXTRA,Frijoles,2,2,2.00
2026-03-29,EXTRA,Huevo Estrellado Cocido (2 pzas.),2,2,2.00
2026-03-29,EXTRA,Huevo Estrellado Medio (2 pzas.),3,3,3.00
2026-03-29,EXTRA,Huevo Estrellado Tierno (2 pzas.),1,1,1.00
2026-03-29,EXTRA,Huevo Revuelto (2 pzas.),2,2,2.00
2026-03-29,EXTRA,Huevo Revuelto (p/relleno),2,2,2.00
2026-03-29,EXTRA,Relleno de Guisados,2,2,2.00
2026-03-29,PETICION,Doradita,3,3,4.00
2026-03-29,PETICION,Escurrida,5,5,9.00
2026-03-29,PETICION,Poca Lechuga,1,1,1.00
2026-03-29,PETICION,Sin Aguacate,1,1,1.00
2026-03-29,PETICION,Sin Crema,8,8,8.00
2026-03-29,PETICION,Sin Frijoles,1,1,1.00
2026-03-29,PETICION,Sin Lechuga,5,5,5.00
2026-03-29,PETICION,Sin Queso,1,1,1.00
2026-03-29,PETICION,Sin Tomate,4,4,4.00
2026-03-29,PETICION,Sin Verduras,4,4,4.00
2026-03-29,PETICION,Verdura Aparte,1,1,1.00
2026-03-29,VARIANTE,Coca Cola,2,2,7.00
2026-03-29,VARIANTE,Coca Cola Sin Azúcar,1,1,1.00
2026-03-29,VARIANTE,Coca Light,1,1,2.00
2026-03-29,VARIANTE,Delaware,1,1,1.00
2026-03-29,VARIANTE,Leche Aparte,2,2,10.00
2026-03-29,VARIANTE,Lechera,1,1,2.00
2026-03-29,VARIANTE,Mantequilla,2,2,9.00
2026-03-29,VARIANTE,Mermelada de Fresa,1,1,2.00
2026-03-29,VARIANTE,Natural,1,1,1.00
2026-03-29,VARIANTE,Naturales,3,3,3.00
2026-03-29,VARIANTE,Normal,2,2,55.00
2026-03-29,VARIANTE,Pan Grande Pieza,1,1,4.00
2026-03-29,VARIANTE,Poca leche,1,1,1.00
2026-03-29,VARIANTE,Valle Frut,1,1,1.00
2026-03-30,EXTRA,Bistec (1 pza.),3,3,3.00
2026-03-30,EXTRA,Frijoles,1,1,1.00
2026-03-30,EXTRA,Huevo Estrellado Cocido (2 pzas.),3,3,3.00
2026-03-30,EXTRA,Huevo Estrellado Tierno (2 pzas.),1,1,1.00
2026-03-30,EXTRA,Huevo Revuelto (2 pzas.),3,3,3.00
2026-03-30,EXTRA,Huevo Revuelto (p/relleno),1,1,1.00
2026-03-30,EXTRA,Queso,1,1,1.00
2026-03-30,EXTRA,Relleno de Guisados,4,4,4.00
2026-03-30,PETICION,Doradita,3,3,3.00
2026-03-30,PETICION,En dos platos,1,1,1.00
2026-03-30,PETICION,Sin Crema,5,5,5.00
2026-03-30,PETICION,Sin Lechuga,2,2,2.00
2026-03-30,PETICION,Sin Tomate,1,1,1.00
2026-03-30,VARIANTE,Bocol delgado,3,3,3.00
2026-03-30,VARIANTE,Coca Cola,1,1,5.00
2026-03-30,VARIANTE,Coca Cola Sin Azúcar,1,1,8.00
2026-03-30,VARIANTE,Escuis Fresa,1,1,1.00
2026-03-30,VARIANTE,Escuis Piña,1,1,1.00
2026-03-30,VARIANTE,Leche Aparte,1,1,1.00
2026-03-30,VARIANTE,Lechero,1,1,1.00
2026-03-30,VARIANTE,Mantequilla,1,1,2.00
2026-03-30,VARIANTE,Normal,2,2,26.00
2026-03-30,VARIANTE,Poca leche,1,1,1.00
2026-03-31,EXTRA,Bistec (1 pza.),6,6,6.00
2026-03-31,EXTRA,Frijoles,4,2,6.00
2026-03-31,EXTRA,Huevo Estrellado Medio (2 pzas.),2,2,2.00
2026-03-31,EXTRA,Huevo Estrellado Tierno (2 pzas.),1,1,1.00
2026-03-31,EXTRA,Huevo Revuelto (p/relleno),1,1,1.00
2026-03-31,EXTRA,Queso,4,3,3.00
2026-03-31,EXTRA,Relleno de Guisados,1,1,1.00
2026-03-31,PETICION,Sin Aguacate,3,3,3.00
2026-03-31,PETICION,Sin Crema,4,4,4.00
2026-03-31,PETICION,Sin Frijoles,2,2,3.00
2026-03-31,PETICION,Sin Lechuga,2,2,2.00
2026-03-31,PETICION,Sin Tomate,2,2,2.00
2026-03-31,PETICION,Sin Verduras,2,2,2.00
2026-03-31,VARIANTE,Coca Cola,1,1,5.00
2026-03-31,VARIANTE,Coca Cola Sin Azúcar,1,1,3.00
2026-03-31,VARIANTE,Coca Light,1,1,1.00
2026-03-31,VARIANTE,Crema,1,1,2.00
2026-03-31,VARIANTE,Delaware,1,1,1.00
2026-03-31,VARIANTE,Escuis Fresa,1,1,2.00
2026-03-31,VARIANTE,Escuis Hierro,1,1,1.00
2026-03-31,VARIANTE,Escuis Manzana,1,1,1.00
2026-03-31,VARIANTE,Lechera,1,1,1.00
2026-03-31,VARIANTE,Mantequilla,1,1,2.00
2026-03-31,VARIANTE,Medio,1,1,1.00
2026-03-31,VARIANTE,Normal,2,2,37.00
2026-03-31,VARIANTE,Pan Grande Pieza,1,1,6.00
2026-03-31,VARIANTE,Poca leche,2,2,3.00
2026-04-01,EXTRA,Bistec (1 pza.),4,4,6.00
2026-04-01,EXTRA,Huevo Estrellado Medio (2 pzas.),3,3,3.00
2026-04-01,EXTRA,Huevo Revuelto (2 pzas.),2,2,2.00
2026-04-01,EXTRA,Huevo Revuelto (p/relleno),1,1,1.00
2026-04-01,EXTRA,Queso,3,1,1.00
2026-04-01,EXTRA,Relleno de Guisados,2,2,2.00
2026-04-01,PETICION,En dos platos,1,1,1.00
2026-04-01,PETICION,Poca Lechuga,1,1,1.00
2026-04-01,PETICION,Sin Aguacate,2,2,2.00
2026-04-01,PETICION,Sin Crema,6,6,6.00
2026-04-01,PETICION,Sin Frijoles,1,1,1.00
2026-04-01,PETICION,Sin Lechuga,1,1,1.00
2026-04-01,PETICION,Sin Tomate,2,2,2.00
2026-04-01,PETICION,Sin Verduras,3,3,3.00
2026-04-01,PETICION,Verdura Aparte,1,1,1.00
2026-04-01,VARIANTE,Coca Cola,2,2,3.00
2026-04-01,VARIANTE,Coca Cola Sin Azúcar,2,2,11.00
2026-04-01,VARIANTE,Escuis Fresa,1,1,1.00
2026-04-01,VARIANTE,Escuis Piña,1,1,1.00
2026-04-01,VARIANTE,Leche Aparte,1,1,9.00
2026-04-01,VARIANTE,Mantequilla,1,1,5.00
2026-04-01,VARIANTE,Normal,2,2,35.00
2026-04-01,VARIANTE,Pan Grande Pieza,1,1,3.00
2026-04-01,VARIANTE,Poca leche,1,1,1.00
2026-04-02,EXTRA,Bistec (1 pza.),5,5,7.00
2026-04-02,EXTRA,Chorizo Extra Pieza,3,2,3.00
2026-04-02,EXTRA,Frijoles,1,1,2.00
2026-04-02,EXTRA,Huevo Estrellado Cocido (2 pzas.),3,3,3.00
2026-04-02,EXTRA,Huevo Estrellado Medio (2 pzas.),2,2,2.00
2026-04-02,EXTRA,Huevo Estrellado Tierno (2 pzas.),1,1,1.00
2026-04-02,EXTRA,Huevo Revuelto (2 pzas.),1,1,1.00
2026-04-02,EXTRA,Relleno de Guisados,5,5,5.00
2026-04-02,PETICION,Doradita,4,4,6.00
2026-04-02,PETICION,En dos platos,1,1,1.00
2026-04-02,PETICION,Poca Lechuga,1,1,1.00
2026-04-02,PETICION,Sin Aguacate,1,1,1.00
2026-04-02,PETICION,Sin Crema,7,7,8.00
2026-04-02,PETICION,Sin Lechuga,4,4,4.00
2026-04-02,PETICION,Sin Queso,1,1,1.00
2026-04-02,PETICION,Sin Tomate,3,3,3.00
2026-04-02,VARIANTE,Coca Cola,2,2,8.00
2026-04-02,VARIANTE,Coca Cola Sin Azúcar,2,2,10.00
2026-04-02,VARIANTE,Crema,1,1,1.00
2026-04-02,VARIANTE,Leche Aparte,1,1,1.00
2026-04-02,VARIANTE,Lechera,1,1,1.00
2026-04-02,VARIANTE,Lechero,1,1,1.00
2026-04-02,VARIANTE,Mantequilla,1,1,3.00
2026-04-02,VARIANTE,Natural,1,1,1.00
2026-04-02,VARIANTE,Normal,2,2,38.00
2026-04-02,VARIANTE,Pan Grande Pieza,1,1,1.00
2026-04-02,VARIANTE,Valle Frut,1,1,1.00
2026-04-03,EXTRA,Bistec (1 pza.),9,9,9.00
2026-04-03,EXTRA,Frijoles,1,1,1.00
2026-04-03,EXTRA,Huevo Estrellado Ciego (2 pzas.),1,1,1.00
2026-04-03,EXTRA,Huevo Estrellado Medio (2 pzas.),3,3,4.00
2026-04-03,EXTRA,Huevo Estrellado Tierno (2 pzas.),2,2,2.00
2026-04-03,EXTRA,Huevo Revuelto (2 pzas.),6,6,7.00
2026-04-03,EXTRA,Huevo Revuelto (p/relleno),1,1,1.00
2026-04-03,EXTRA,Queso,1,1,3.00
2026-04-03,EXTRA,Relleno de Guisados,2,2,2.00
2026-04-03,PETICION,En dos platos,2,2,2.00
2026-04-03,PETICION,Escurrida,2,2,7.00
2026-04-03,PETICION,Poca Lechuga,1,1,1.00
2026-04-03,PETICION,Sin Aguacate,5,5,6.00
2026-04-03,PETICION,Sin Crema,15,15,16.00
2026-04-03,PETICION,Sin Frijoles,1,1,1.00
2026-04-03,PETICION,Sin Lechuga,1,1,1.00
2026-04-03,PETICION,Sin Queso,1,1,1.00
2026-04-03,PETICION,Sin Verduras,3,3,3.00
2026-04-03,VARIANTE,Coca Cola,2,2,16.00
2026-04-03,VARIANTE,Coca Cola Sin Azúcar,2,2,10.00
2026-04-03,VARIANTE,Crema,1,1,1.00
2026-04-03,VARIANTE,Delaware,1,1,2.00
2026-04-03,VARIANTE,Diluido con Agua,1,1,3.00
2026-04-03,VARIANTE,Escuis Fresa,1,1,3.00
2026-04-03,VARIANTE,Escuis Hierro,1,1,3.00
2026-04-03,VARIANTE,Escuis Manzana,1,1,1.00
2026-04-03,VARIANTE,Leche Aparte,1,1,2.00
2026-04-03,VARIANTE,Lechera,1,1,1.00
2026-04-03,VARIANTE,Lechero,1,1,1.00
2026-04-03,VARIANTE,Mantequilla,1,1,11.00
2026-04-03,VARIANTE,Naturales,1,1,1.00
2026-04-03,VARIANTE,Normal,2,2,54.00
2026-04-03,VARIANTE,Pan Grande Pieza,1,1,5.00
2026-04-03,VARIANTE,Poca leche,1,1,1.00
2026-04-03,VARIANTE,Valle Frut,1,1,1.00
2026-04-04,EXTRA,Bistec (1 pza.),6,6,6.00
2026-04-04,EXTRA,Huevo Estrellado Cocido (2 pzas.),2,2,2.00
2026-04-04,EXTRA,Huevo Estrellado Medio (2 pzas.),1,1,1.00
2026-04-04,EXTRA,Huevo Estrellado Tierno (2 pzas.),1,1,1.00
2026-04-04,EXTRA,Huevo Revuelto (2 pzas.),3,3,4.00
2026-04-04,EXTRA,Huevo Revuelto (p/relleno),2,2,2.00
2026-04-04,EXTRA,Queso,4,4,5.00
2026-04-04,EXTRA,Relleno de Guisados,2,2,3.00
2026-04-04,PETICION,En dos platos,1,1,1.00
2026-04-04,PETICION,Poca Lechuga,1,1,1.00
2026-04-04,PETICION,Poco Frijol,1,1,1.00
2026-04-04,PETICION,Sin Aguacate,5,5,5.00
2026-04-04,PETICION,Sin Crema,11,11,11.00
2026-04-04,PETICION,Sin Frijoles,2,2,2.00
2026-04-04,PETICION,Sin Lechuga,1,1,1.00
2026-04-04,PETICION,Sin Queso,2,2,2.00
2026-04-04,PETICION,Sin Tomate,2,2,2.00
2026-04-04,VARIANTE,Coca Cola,2,2,28.00
2026-04-04,VARIANTE,Coca Cola Sin Azúcar,2,2,7.00
2026-04-04,VARIANTE,Coca Light,1,1,2.00
2026-04-04,VARIANTE,Crema,2,2,3.00
2026-04-04,VARIANTE,Delaware,1,1,1.00
2026-04-04,VARIANTE,Escuis Hierro,1,1,1.00
2026-04-04,VARIANTE,Escuis Manzana,1,1,5.00
2026-04-04,VARIANTE,Fresca,1,1,1.00
2026-04-04,VARIANTE,Leche Aparte,1,1,1.00
2026-04-04,VARIANTE,Lechera,1,1,1.00
2026-04-04,VARIANTE,Lechero,1,1,1.00
2026-04-04,VARIANTE,Mantequilla,1,1,4.00
2026-04-04,VARIANTE,Normal,2,2,52.00
2026-04-04,VARIANTE,Pan Grande Pieza,1,1,13.00
2026-04-04,VARIANTE,Poca leche,1,1,1.00
2026-04-04,VARIANTE,Tierno,1,1,1.00
2026-04-04,VARIANTE,Valle Frut,1,1,1.00
2026-04-05,EXTRA,Bistec (1 pza.),9,9,10.00
2026-04-05,EXTRA,Doble Guiso,2,2,2.00
2026-04-05,EXTRA,Huevo Estrellado Cocido (2 pzas.),1,1,1.00
2026-04-05,EXTRA,Huevo Estrellado Medio (2 pzas.),3,3,3.00
2026-04-05,EXTRA,Huevo Estrellado Tierno (2 pzas.),1,1,1.00
2026-04-05,EXTRA,Huevo Revuelto (2 pzas.),3,3,4.00
2026-04-05,EXTRA,Huevo Revuelto (p/relleno),5,5,6.00
2026-04-05,EXTRA,Queso,1,1,2.00
2026-04-05,EXTRA,Relleno de Guisados,5,5,6.00
2026-04-05,PETICION,Escurrida,1,1,3.00
2026-04-05,PETICION,Poca Lechuga,1,1,1.00
2026-04-05,PETICION,Poco Frijol,1,1,1.00
2026-04-05,PETICION,Sin Aguacate,1,1,1.00
2026-04-05,PETICION,Sin Crema,8,8,9.00
2026-04-05,PETICION,Sin Lechuga,2,2,2.00
2026-04-05,PETICION,Sin Tomate,3,3,3.00
2026-04-05,PETICION,Sin Verduras,4,4,5.00
2026-04-05,VARIANTE,Coca Cola,2,2,13.00
2026-04-05,VARIANTE,Coca Cola Sin Azúcar,2,2,8.00
2026-04-05,VARIANTE,Coca Light,1,1,2.00
2026-04-05,VARIANTE,Crema,1,1,1.00
2026-04-05,VARIANTE,Delaware,1,1,1.00
2026-04-05,VARIANTE,Escuis Fresa,1,1,1.00
2026-04-05,VARIANTE,Escuis Hierro,1,1,1.00
2026-04-05,VARIANTE,Leche Aparte,1,1,7.00
2026-04-05,VARIANTE,Lechero,1,1,2.00
2026-04-05,VARIANTE,Mantequilla,1,1,12.00
2026-04-05,VARIANTE,Naturales,1,1,1.00
2026-04-05,VARIANTE,Normal,2,2,71.00
2026-04-05,VARIANTE,Pan Grande Pieza,1,1,5.00
2026-04-05,VARIANTE,Poca leche,1,1,1.00
2026-04-05,VARIANTE,Valle Frut,1,1,2.00
2026-04-06,EXTRA,Bistec (1 pza.),3,3,4.00
2026-04-06,EXTRA,Chorizo Extra Pieza,1,1,1.00
2026-04-06,EXTRA,Frijoles,3,3,5.00
2026-04-06,EXTRA,Huevo Estrellado Ciego (2 pzas.),1,1,1.00
2026-04-06,EXTRA,Huevo Estrellado Medio (2 pzas.),3,3,3.00
2026-04-06,EXTRA,Huevo Estrellado Tierno (2 pzas.),1,1,1.00
2026-04-06,EXTRA,Huevo Revuelto (2 pzas.),7,7,7.00
2026-04-06,EXTRA,Queso,5,3,3.00
2026-04-06,EXTRA,Relleno de Guisados,4,3,3.00
2026-04-06,PETICION,Escurrida,1,1,1.00
2026-04-06,PETICION,Sin Crema,20,8,8.00
2026-04-06,PETICION,Sin Queso,1,1,1.00
2026-04-06,PETICION,Sin Tomate,2,2,2.00
2026-04-06,VARIANTE,Coca Cola,2,2,11.00
2026-04-06,VARIANTE,Coca Cola Sin Azúcar,2,2,8.00
2026-04-06,VARIANTE,Coca Light,1,1,2.00
2026-04-06,VARIANTE,Escuis Piña,1,1,1.00
2026-04-06,VARIANTE,Leche Aparte,1,1,3.00
2026-04-06,VARIANTE,Lechero,1,1,1.00
2026-04-06,VARIANTE,Mantequilla,1,1,4.00
2026-04-06,VARIANTE,Natural,1,1,1.00
2026-04-06,VARIANTE,Normal,2,2,63.00
2026-04-06,VARIANTE,Pan Grande Pieza,1,1,6.00
2026-04-06,VARIANTE,Poca leche,1,1,1.00
2026-04-07,EXTRA,Bistec (1 pza.),4,4,4.00
2026-04-07,EXTRA,Frijoles,1,1,4.00
2026-04-07,EXTRA,Huevo Estrellado Cocido (2 pzas.),1,1,1.00
2026-04-07,EXTRA,Huevo Estrellado Medio (2 pzas.),3,3,3.00
2026-04-07,EXTRA,Huevo Estrellado Tierno (2 pzas.),1,1,1.00
2026-04-07,EXTRA,Huevo Revuelto (2 pzas.),3,3,3.00
2026-04-07,EXTRA,Huevo Revuelto (p/relleno),1,1,1.00
2026-04-07,EXTRA,Queso,2,2,2.00
2026-04-07,EXTRA,Relleno de Guisados,2,2,2.00
2026-04-07,PETICION,En dos platos,2,2,2.00
2026-04-07,PETICION,Poca Lechuga,2,2,2.00
2026-04-07,PETICION,Sin Crema,3,3,3.00
2026-04-07,PETICION,Sin Frijoles,1,1,2.00
2026-04-07,PETICION,Sin Lechuga,1,1,1.00
2026-04-07,VARIANTE,Coca Cola,2,2,15.00
2026-04-07,VARIANTE,Coca Cola Sin Azúcar,2,2,7.00
2026-04-07,VARIANTE,Coca Light,1,1,3.00
2026-04-07,VARIANTE,Crema,1,1,1.00
2026-04-07,VARIANTE,Leche Aparte,1,1,2.00
2026-04-07,VARIANTE,Lechera,1,1,1.00
2026-04-07,VARIANTE,Mantequilla,1,1,5.00
2026-04-07,VARIANTE,Medio,1,1,1.00
2026-04-07,VARIANTE,Normal,2,2,51.00
2026-04-07,VARIANTE,Pan Grande Pieza,1,1,7.00
2026-04-07,VARIANTE,Poca leche,1,1,2.00
2026-04-07,VARIANTE,Valle Frut,1,1,1.00
2026-04-08,EXTRA,Bistec (1 pza.),4,4,6.00
2026-04-08,EXTRA,Huevo Estrellado Cocido (2 pzas.),1,1,1.00
2026-04-08,EXTRA,Huevo Estrellado Medio (2 pzas.),2,2,2.00
2026-04-08,EXTRA,Huevo Revuelto (p/relleno),1,1,1.00
2026-04-08,EXTRA,Queso,5,5,5.00
2026-04-08,EXTRA,Relleno de Guisados,1,1,1.00
2026-04-08,PETICION,Doradita,2,2,4.00
2026-04-08,PETICION,Escurrida,1,1,1.00
2026-04-08,PETICION,Poca Lechuga,1,1,1.00
2026-04-08,PETICION,Sin Aguacate,1,1,1.00
2026-04-08,PETICION,Sin Crema,3,3,3.00
2026-04-08,PETICION,Sin Verduras,1,1,1.00
2026-04-08,VARIANTE,Coca Cola,2,2,8.00
2026-04-08,VARIANTE,Coca Cola Sin Azúcar,2,2,3.00
2026-04-08,VARIANTE,Coca Light,1,1,4.00
2026-04-08,VARIANTE,Escuis Manzana,1,1,2.00
2026-04-08,VARIANTE,Leche Aparte,2,2,2.00
2026-04-08,VARIANTE,Lechero,1,1,1.00
2026-04-08,VARIANTE,Mantequilla,1,1,6.00
2026-04-08,VARIANTE,Normal,2,2,31.00
2026-04-08,VARIANTE,Pan Grande Pieza,1,1,4.00
2026-04-08,VARIANTE,Poca leche,1,1,1.00
2026-04-08,VARIANTE,Valle Frut,1,1,1.00
2026-04-09,EXTRA,Bistec (1 pza.),4,4,4.00
2026-04-09,EXTRA,Chorizo,1,1,1.00
2026-04-09,EXTRA,Chorizo Extra Pieza,1,1,1.00
2026-04-09,EXTRA,Huevo Estrellado Cocido (2 pzas.),1,1,1.00
2026-04-09,EXTRA,Huevo Estrellado Medio (2 pzas.),2,2,2.00
2026-04-09,EXTRA,Huevo Estrellado Tierno (2 pzas.),1,1,1.00
2026-04-09,EXTRA,Huevo Revuelto (2 pzas.),2,2,2.00
2026-04-09,EXTRA,Huevo Revuelto (p/relleno),2,2,3.00
2026-04-09,EXTRA,Queso Extra Pieza,2,1,1.00
2026-04-09,EXTRA,Relleno de Guisados,1,1,1.00
2026-04-09,PETICION,Escurrida,1,1,1.00
2026-04-09,PETICION,Sin Aguacate,1,1,1.00
2026-04-09,PETICION,Sin Crema,8,8,9.00
2026-04-09,PETICION,Sin Lechuga,2,2,2.00
2026-04-09,PETICION,Sin Queso,1,1,1.00
2026-04-09,PETICION,Sin Verduras,1,1,1.00
2026-04-09,VARIANTE,Coca Cola,2,2,15.00
2026-04-09,VARIANTE,Coca Cola Sin Azúcar,2,2,6.00
2026-04-09,VARIANTE,Coca Light,1,1,1.00
2026-04-09,VARIANTE,Escuis Piña,1,1,2.00
2026-04-09,VARIANTE,Fanta,1,1,2.00
2026-04-09,VARIANTE,Leche Aparte,1,1,3.00
2026-04-09,VARIANTE,Lechero,1,1,1.00
2026-04-09,VARIANTE,Mantequilla,1,1,11.00
2026-04-09,VARIANTE,Natural,1,1,1.00
2026-04-09,VARIANTE,Normal,2,2,42.00
2026-04-09,VARIANTE,Pan Grande Pieza,1,1,3.00
2026-04-09,VARIANTE,Poca leche,1,1,4.00
2026-04-10,EXTRA,Bistec (1 pza.),1,1,1.00
2026-04-10,EXTRA,Frijoles,2,2,3.00
2026-04-10,EXTRA,Huevo Estrellado Medio (2 pzas.),2,2,3.00
2026-04-10,EXTRA,Huevo Revuelto (2 pzas.),1,1,1.00
2026-04-10,EXTRA,Huevo Revuelto (p/relleno),1,1,1.00
2026-04-10,EXTRA,Queso,2,2,2.00
2026-04-10,EXTRA,Queso Extra Pieza,5,2,2.00
2026-04-10,EXTRA,Relleno de Guisados,2,2,2.00
2026-04-10,PETICION,Doradita,1,1,1.00
2026-04-10,PETICION,En dos platos,1,1,1.00
2026-04-10,PETICION,Sin Aguacate,2,2,2.00
2026-04-10,PETICION,Sin Crema,6,6,6.00
2026-04-10,PETICION,Sin Frijoles,1,1,1.00
2026-04-10,PETICION,Sin Lechuga,3,3,3.00
2026-04-10,PETICION,Sin Tomate,2,2,2.00
2026-04-10,VARIANTE,Coca Cola,2,2,8.00
2026-04-10,VARIANTE,Coca Cola Sin Azúcar,1,1,2.00
2026-04-10,VARIANTE,Crema,1,1,1.00
2026-04-10,VARIANTE,Delaware,1,1,1.00
2026-04-10,VARIANTE,Escuis Manzana,1,1,1.00
2026-04-10,VARIANTE,Lechera,1,1,1.00
2026-04-10,VARIANTE,Lechero,1,1,2.00
2026-04-10,VARIANTE,Mantequilla,1,1,1.00
2026-04-10,VARIANTE,Normal,2,2,28.00
2026-04-10,VARIANTE,Pan Grande Pieza,1,1,2.00
2026-04-10,VARIANTE,Poca leche,1,1,1.00
2026-04-10,VARIANTE,Valle Frut,1,1,1.00
2026-04-11,EXTRA,Bistec (1 pza.),7,7,8.00
2026-04-11,EXTRA,Frijoles,1,1,1.00
2026-04-11,EXTRA,Huevo Estrellado Cocido (2 pzas.),3,3,3.00
2026-04-11,EXTRA,Huevo Estrellado Medio (2 pzas.),3,3,3.00
2026-04-11,EXTRA,Huevo Estrellado Tierno (2 pzas.),1,1,1.00
2026-04-11,EXTRA,Huevo Revuelto (p/relleno),1,1,1.00
2026-04-11,EXTRA,Queso,5,4,4.00
2026-04-11,EXTRA,Relleno de Guisados,2,2,2.00
2026-04-11,PETICION,Doradita,2,2,4.00
2026-04-11,PETICION,En dos platos,1,1,1.00
2026-04-11,PETICION,Escurrida,1,1,3.00
2026-04-11,PETICION,Poca Lechuga,3,3,3.00
2026-04-11,PETICION,Sin Aguacate,2,2,2.00
2026-04-11,PETICION,Sin Crema,7,7,7.00
2026-04-11,PETICION,Sin Frijoles,1,1,1.00
2026-04-11,PETICION,Sin Lechuga,2,2,2.00
2026-04-11,PETICION,Sin Tomate,4,4,4.00
2026-04-11,PETICION,Sin Verduras,1,1,1.00
2026-04-11,VARIANTE,Coca Cola,2,2,13.00
2026-04-11,VARIANTE,Coca Cola Sin Azúcar,1,1,5.00
2026-04-11,VARIANTE,Coca Light,1,1,1.00
2026-04-11,VARIANTE,Escuis Fresa,1,1,1.00
2026-04-11,VARIANTE,Escuis Manzana,1,1,1.00
2026-04-11,VARIANTE,Fanta,1,1,1.00
2026-04-11,VARIANTE,Leche Aparte,2,2,6.00
2026-04-11,VARIANTE,Lechero,1,1,3.00
2026-04-11,VARIANTE,Mantequilla,1,1,4.00
2026-04-11,VARIANTE,Natural,1,1,1.00
2026-04-11,VARIANTE,Normal,2,2,50.00
2026-04-11,VARIANTE,Pan Grande Pieza,1,1,11.00
2026-04-11,VARIANTE,Poca leche,1,1,4.00
2026-04-11,VARIANTE,Sprite,1,1,1.00
2026-04-11,VARIANTE,Valle Frut,1,1,1.00
2026-04-12,EXTRA,Bistec (1 pza.),3,3,7.00
2026-04-12,EXTRA,Frijoles,1,1,1.00
2026-04-12,EXTRA,Huevo Estrellado Medio (2 pzas.),4,4,5.00
2026-04-12,EXTRA,Huevo Estrellado Tierno (2 pzas.),1,1,1.00
2026-04-12,EXTRA,Huevo Revuelto (2 pzas.),1,1,2.00
2026-04-12,EXTRA,Huevo Revuelto (p/relleno),6,6,8.00
2026-04-12,EXTRA,Queso,3,2,2.00
2026-04-12,EXTRA,Queso Extra Pieza,2,1,1.00
2026-04-12,EXTRA,Relleno de Guisados,3,3,4.00
2026-04-12,PETICION,Doradita,1,1,1.00
2026-04-12,PETICION,En dos platos,1,1,1.00
2026-04-12,PETICION,Escurrida,3,3,3.00
2026-04-12,PETICION,Poca Lechuga,2,2,2.00
2026-04-12,PETICION,Sin Crema,8,8,11.00
2026-04-12,PETICION,Sin Frijoles,3,3,3.00
2026-04-12,PETICION,Sin Lechuga,4,4,4.00
2026-04-12,PETICION,Sin Queso,1,1,1.00
2026-04-12,PETICION,Sin Tomate,2,2,2.00
2026-04-12,PETICION,Sin Verduras,1,1,1.00
2026-04-12,PETICION,Verdura Aparte,1,1,1.00
2026-04-12,VARIANTE,Coca Cola,2,2,9.00
2026-04-12,VARIANTE,Coca Cola Sin Azúcar,1,1,4.00
2026-04-12,VARIANTE,Coca Light,1,1,3.00
2026-04-12,VARIANTE,Crema,1,1,1.00
2026-04-12,VARIANTE,Escuis Manzana,1,1,2.00
2026-04-12,VARIANTE,Leche Aparte,1,1,3.00
2026-04-12,VARIANTE,Lechera,1,1,1.00
2026-04-12,VARIANTE,Lechero,1,1,4.00
2026-04-12,VARIANTE,Mantequilla,1,1,4.00
2026-04-12,VARIANTE,Migada Delgada,2,2,2.00
2026-04-12,VARIANTE,Normal,2,2,45.00
2026-04-12,VARIANTE,Pan Grande Pieza,1,1,4.00
2026-04-13,EXTRA,Bistec (1 pza.),3,3,3.00
2026-04-13,EXTRA,Frijoles,3,3,3.00
2026-04-13,EXTRA,Huevo Estrellado Cocido (2 pzas.),3,3,3.00
2026-04-13,EXTRA,Huevo Estrellado Medio (2 pzas.),1,1,1.00
2026-04-13,EXTRA,Huevo Estrellado Tierno (2 pzas.),1,1,1.00
2026-04-13,EXTRA,Huevo Revuelto (2 pzas.),1,1,1.00
2026-04-13,EXTRA,Huevo Revuelto (p/relleno),3,3,4.00
2026-04-13,EXTRA,Queso,2,2,2.00
2026-04-13,EXTRA,Relleno de Guisados,2,2,2.00
2026-04-13,PETICION,Poca Lechuga,1,1,1.00
2026-04-13,PETICION,Poco Guiso,1,1,1.00
2026-04-13,PETICION,Sin Aguacate,1,1,1.00
2026-04-13,PETICION,Sin Crema,6,6,6.00
2026-04-13,PETICION,Sin Frijoles,2,2,3.00
2026-04-13,PETICION,Sin Lechuga,1,1,1.00
2026-04-13,PETICION,Sin Queso,1,1,1.00
2026-04-13,PETICION,Sin Tomate,2,2,2.00
2026-04-13,VARIANTE,Coca Cola,2,2,6.00
2026-04-13,VARIANTE,Coca Cola Sin Azúcar,1,1,5.00
2026-04-13,VARIANTE,Coca Light,1,1,4.00
2026-04-13,VARIANTE,Cocido,1,1,1.00
2026-04-13,VARIANTE,Crema,1,1,1.00
2026-04-13,VARIANTE,Lechera,1,1,1.00
2026-04-13,VARIANTE,Mantequilla,1,1,5.00
2026-04-13,VARIANTE,Normal,2,2,32.00
2026-04-13,VARIANTE,Pan Grande Pieza,1,1,2.00
2026-04-13,VARIANTE,Poca leche,1,1,1.00
2026-04-13,VARIANTE,Valle Frut,1,1,1.00
2026-04-14,EXTRA,Bistec (1 pza.),4,4,4.00
2026-04-14,EXTRA,Frijoles,1,1,2.00
2026-04-14,EXTRA,Huevo Estrellado Medio (2 pzas.),2,2,2.00
2026-04-14,EXTRA,Huevo Estrellado Tierno (2 pzas.),1,1,1.00
2026-04-14,EXTRA,Huevo Revuelto (2 pzas.),2,2,2.00
2026-04-14,EXTRA,Huevo Revuelto (p/relleno),1,1,1.00
2026-04-14,EXTRA,Queso Extra Pieza,1,1,1.00
2026-04-14,EXTRA,Relleno de Guisados,2,2,2.00
2026-04-14,PETICION,En dos platos,1,1,1.00
2026-04-14,PETICION,Escurrida,1,1,1.00
2026-04-14,PETICION,Sin Crema,3,3,3.00
2026-04-14,PETICION,Sin Frijoles,1,1,1.00
2026-04-14,PETICION,Sin Lechuga,1,1,1.00
2026-04-14,PETICION,Sin Tomate,1,1,1.00
2026-04-14,VARIANTE,Coca Cola,1,1,4.00
2026-04-14,VARIANTE,Coca Cola Sin Azúcar,1,1,3.00
2026-04-14,VARIANTE,Coca Light,1,1,4.00
2026-04-14,VARIANTE,Delaware,1,1,1.00
2026-04-14,VARIANTE,Escuis Piña,1,1,1.00
2026-04-14,VARIANTE,Mantequilla,1,1,4.00
2026-04-14,VARIANTE,Natural,1,1,1.00
2026-04-14,VARIANTE,Normal,2,2,35.00
2026-04-14,VARIANTE,Pan Grande Pieza,1,1,1.00
2026-04-14,VARIANTE,Poca leche,1,1,1.00
2026-04-14,VARIANTE,Tierno,1,1,1.00
2026-04-15,EXTRA,Bistec (1 pza.),2,2,2.00
2026-04-15,EXTRA,Frijoles,1,1,1.00
2026-04-15,EXTRA,Huevo Estrellado Cocido (2 pzas.),1,1,1.00
2026-04-15,EXTRA,Huevo Estrellado Medio (2 pzas.),2,2,2.00
2026-04-15,EXTRA,Huevo Estrellado Tierno (2 pzas.),2,2,2.00
2026-04-15,EXTRA,Huevo Revuelto (2 pzas.),1,1,1.00
2026-04-15,EXTRA,Huevo Revuelto (p/relleno),1,1,1.00
2026-04-15,EXTRA,Relleno de Guisados,3,3,3.00
2026-04-15,PETICION,Escurrida,2,2,9.00
2026-04-15,PETICION,Frijoles Aparte,1,1,1.00
2026-04-15,PETICION,Sin Crema,6,6,6.00
2026-04-15,PETICION,Sin Lechuga,1,1,1.00
2026-04-15,PETICION,Sin Queso,1,1,1.00
2026-04-15,PETICION,Sin Tomate,2,2,2.00
2026-04-15,VARIANTE,Coca Cola,2,2,5.00
2026-04-15,VARIANTE,Leche Aparte,1,1,6.00
2026-04-15,VARIANTE,Lechera,1,1,1.00
2026-04-15,VARIANTE,Lechero,1,1,2.00
2026-04-15,VARIANTE,Mantequilla,1,1,3.00
2026-04-15,VARIANTE,Normal,2,2,27.00
2026-04-15,VARIANTE,Pan Grande Pieza,1,1,6.00
2026-04-15,VARIANTE,Poca leche,1,1,2.00
2026-04-16,EXTRA,Bistec (1 pza.),5,5,5.00
2026-04-16,EXTRA,Chorizo,1,1,1.00
2026-04-16,EXTRA,Frijoles,2,2,2.00
2026-04-16,EXTRA,Huevo Estrellado Cocido (2 pzas.),1,1,1.00
2026-04-16,EXTRA,Huevo Estrellado Medio (2 pzas.),1,1,1.00
2026-04-16,EXTRA,Huevo Estrellado Tierno (2 pzas.),1,1,1.00
2026-04-16,EXTRA,Huevo Revuelto (2 pzas.),2,2,2.00
2026-04-16,EXTRA,Huevo Revuelto (p/relleno),2,2,2.00
2026-04-16,EXTRA,Queso,1,1,1.00
2026-04-16,EXTRA,Relleno de Guisados,2,2,2.00
2026-04-16,PETICION,Poca Lechuga,2,2,2.00
2026-04-16,PETICION,Sin Crema,5,5,5.00
2026-04-16,PETICION,Sin Frijoles,2,2,2.00
2026-04-16,PETICION,Sin Lechuga,2,2,2.00
2026-04-16,PETICION,Sin Tomate,1,1,1.00
2026-04-16,VARIANTE,Coca Cola,2,2,10.00
2026-04-16,VARIANTE,Coca Cola Sin Azúcar,2,2,7.00
2026-04-16,VARIANTE,Leche Aparte,2,2,9.00
2026-04-16,VARIANTE,Mantequilla,1,1,3.00
2026-04-16,VARIANTE,Migada Delgada,1,1,1.00
2026-04-16,VARIANTE,Natural,1,1,2.00
2026-04-16,VARIANTE,Normal,2,2,42.00
2026-04-16,VARIANTE,Pan Grande Pieza,1,1,5.00
2026-04-16,VARIANTE,Poca leche,1,1,1.00
2026-04-16,VARIANTE,Sprite,1,1,1.00
2026-04-17,EXTRA,Bistec (1 pza.),8,8,8.00
2026-04-17,EXTRA,Doble Guiso,3,3,5.00
2026-04-17,EXTRA,Huevo Estrellado Ciego (2 pzas.),1,1,1.00
2026-04-17,EXTRA,Huevo Estrellado Cocido (2 pzas.),4,4,4.00
2026-04-17,EXTRA,Huevo Revuelto (2 pzas.),3,3,3.00
2026-04-17,EXTRA,Huevo Revuelto (p/relleno),4,4,5.00
2026-04-17,EXTRA,Queso,10,6,8.00
2026-04-17,EXTRA,Relleno de Guisados,4,4,4.00
2026-04-17,PETICION,Sin Aguacate,1,1,1.00
2026-04-17,PETICION,Sin Crema,4,4,4.00
2026-04-17,PETICION,Sin Lechuga,6,6,6.00
2026-04-17,PETICION,Sin Queso,1,1,1.00
2026-04-17,VARIANTE,Coca Cola,2,2,8.00
2026-04-17,VARIANTE,Coca Cola Sin Azúcar,1,1,2.00
2026-04-17,VARIANTE,Coca Light,1,1,5.00
2026-04-17,VARIANTE,Crema,2,2,2.00
2026-04-17,VARIANTE,Delaware,1,1,1.00
2026-04-17,VARIANTE,Escuis Hierro,1,1,1.00
2026-04-17,VARIANTE,Lechera,1,1,1.00
2026-04-17,VARIANTE,Lechero,1,1,1.00
2026-04-17,VARIANTE,Mantequilla,1,1,2.00
2026-04-17,VARIANTE,Natural,1,1,1.00
2026-04-17,VARIANTE,Normal,2,2,37.00
2026-04-17,VARIANTE,Pan Grande Pieza,1,1,4.00
2026-04-18,EXTRA,Bistec (1 pza.),7,7,7.00
2026-04-18,EXTRA,Frijoles,6,6,6.00
2026-04-18,EXTRA,Huevo Estrellado Medio (2 pzas.),1,1,1.00
2026-04-18,EXTRA,Huevo Estrellado Tierno (2 pzas.),1,1,1.00
2026-04-18,EXTRA,Huevo Revuelto (2 pzas.),3,3,3.00
2026-04-18,EXTRA,Huevo Revuelto (p/relleno),1,1,1.00
2026-04-18,EXTRA,Queso,5,4,4.00
2026-04-18,EXTRA,Queso Extra Pieza,2,1,1.00
2026-04-18,EXTRA,Relleno de Guisados,2,2,2.00
2026-04-18,PETICION,Escurrida,2,2,2.00
2026-04-18,PETICION,Poca Lechuga,3,3,3.00
2026-04-18,PETICION,Sin Aguacate,2,2,2.00
2026-04-18,PETICION,Sin Crema,9,9,9.00
2026-04-18,PETICION,Sin Frijoles,1,1,1.00
2026-04-18,PETICION,Sin Lechuga,8,8,8.00
2026-04-18,PETICION,Sin Tomate,8,8,8.00
2026-04-18,PETICION,Sin Verduras,1,1,1.00
2026-04-18,VARIANTE,Coca Cola,2,2,15.00
2026-04-18,VARIANTE,Coca Cola Sin Azúcar,2,2,7.00
2026-04-18,VARIANTE,Coca Light,1,1,3.00
2026-04-18,VARIANTE,Crema,3,3,3.00
2026-04-18,VARIANTE,Escuis Hierro,1,1,1.00
2026-04-18,VARIANTE,Escuis Manzana,1,1,1.00
2026-04-18,VARIANTE,Lechera,2,2,2.00
2026-04-18,VARIANTE,Mantequilla,1,1,6.00
2026-04-18,VARIANTE,Normal,2,2,76.00
2026-04-18,VARIANTE,Pan Grande Pieza,1,1,7.00
2026-04-18,VARIANTE,Valle Frut,1,1,1.00
2026-04-19,EXTRA,Bistec (1 pza.),6,6,7.00
2026-04-19,EXTRA,Huevo Estrellado Cocido (2 pzas.),2,2,2.00
2026-04-19,EXTRA,Huevo Estrellado Medio (2 pzas.),3,3,3.00
2026-04-19,EXTRA,Huevo Estrellado Tierno (2 pzas.),1,1,1.00
2026-04-19,EXTRA,Huevo Revuelto (2 pzas.),3,3,3.00
2026-04-19,EXTRA,Huevo Revuelto (p/relleno),2,2,2.00
2026-04-19,EXTRA,Queso,4,3,3.00
2026-04-19,EXTRA,Queso Extra Pieza,2,1,1.00
2026-04-19,EXTRA,Relleno de Guisados,2,2,2.00
2026-04-19,PETICION,Doradita,1,1,3.00
2026-04-19,PETICION,En dos platos,2,2,2.00
2026-04-19,PETICION,Escurrida,4,4,16.00
2026-04-19,PETICION,Sin Aguacate,2,2,2.00
2026-04-19,PETICION,Sin Crema,11,11,11.00
2026-04-19,PETICION,Sin Lechuga,4,4,4.00
2026-04-19,PETICION,Sin Tomate,4,4,4.00
2026-04-19,VARIANTE,Coca Cola,2,2,11.00
2026-04-19,VARIANTE,Coca Cola Sin Azúcar,1,1,6.00
2026-04-19,VARIANTE,Coca Light,1,1,3.00
2026-04-19,VARIANTE,Crema,2,2,2.00
2026-04-19,VARIANTE,Escuis Piña,1,1,1.00
2026-04-19,VARIANTE,Leche Aparte,1,1,1.00
2026-04-19,VARIANTE,Lechera,1,1,1.00
2026-04-19,VARIANTE,Lechero,1,1,1.00
2026-04-19,VARIANTE,Mantequilla,1,1,4.00
2026-04-19,VARIANTE,Natural,1,1,1.00
2026-04-19,VARIANTE,Normal,2,2,79.00
2026-04-19,VARIANTE,Pan Grande Pieza,1,1,7.00
2026-04-19,VARIANTE,Poca leche,1,1,3.00
2026-04-20,EXTRA,Bistec (1 pza.),2,2,2.00
2026-04-20,EXTRA,Huevo Estrellado Cocido (2 pzas.),1,1,1.00
2026-04-20,EXTRA,Huevo Revuelto (2 pzas.),3,3,3.00
2026-04-20,EXTRA,Queso,2,1,1.00
2026-04-20,EXTRA,Queso Extra Pieza,2,1,1.00
2026-04-20,EXTRA,Relleno de Guisados,1,1,1.00
2026-04-20,PETICION,Sin Crema,4,4,6.00
2026-04-20,VARIANTE,Coca Cola,2,2,10.00
2026-04-20,VARIANTE,Coca Cola Sin Azúcar,1,1,8.00
2026-04-20,VARIANTE,Coca Light,1,1,2.00
2026-04-20,VARIANTE,Delaware,1,1,1.00
2026-04-20,VARIANTE,Escuis Manzana,1,1,1.00
2026-04-20,VARIANTE,Fanta,1,1,1.00
2026-04-20,VARIANTE,Leche Aparte,1,1,2.00
2026-04-20,VARIANTE,Lechero,1,1,1.00
2026-04-20,VARIANTE,Mantequilla,1,1,4.00
2026-04-20,VARIANTE,Normal,2,2,40.00
2026-04-20,VARIANTE,Poca leche,1,1,1.00
2026-04-20,VARIANTE,Sprite,1,1,2.00
2026-04-21,EXTRA,Bistec (1 pza.),4,4,6.00
2026-04-21,EXTRA,Frijoles,1,1,1.00
2026-04-21,EXTRA,Huevo Estrellado Tierno (2 pzas.),1,1,1.00
2026-04-21,EXTRA,Huevo Revuelto (2 pzas.),1,1,1.00
2026-04-21,PETICION,Doradita,1,1,5.00
2026-04-21,PETICION,Escurrida,1,1,1.00
2026-04-21,PETICION,Sin Aguacate,1,1,1.00
2026-04-21,PETICION,Sin Crema,5,5,5.00
2026-04-21,PETICION,Sin Lechuga,2,2,2.00
2026-04-21,PETICION,Sin Tomate,1,1,1.00
2026-04-21,VARIANTE,Coca Cola,2,2,6.00
2026-04-21,VARIANTE,Crema,1,1,1.00
2026-04-21,VARIANTE,Delaware,1,1,1.00
2026-04-21,VARIANTE,Lechera,1,1,1.00
2026-04-21,VARIANTE,Mantequilla,2,2,3.00
2026-04-21,VARIANTE,Mermelada de Fresa,1,1,2.00
2026-04-21,VARIANTE,Naturales,1,1,1.00
2026-04-21,VARIANTE,Normal,2,2,39.00
2026-04-21,VARIANTE,Pan Grande Pieza,1,1,1.00
2026-04-21,VARIANTE,Poca leche,1,1,2.00
2026-04-21,VARIANTE,Sprite,1,1,1.00
2026-04-22,EXTRA,Bistec (1 pza.),7,7,8.00
2026-04-22,EXTRA,Huevo Estrellado Cocido (2 pzas.),1,1,1.00
2026-04-22,EXTRA,Huevo Estrellado Medio (2 pzas.),2,2,3.00
2026-04-22,EXTRA,Huevo Estrellado Tierno (2 pzas.),2,2,2.00
2026-04-22,EXTRA,Huevo Revuelto (2 pzas.),2,2,2.00
2026-04-22,EXTRA,Queso,5,3,3.00
2026-04-22,EXTRA,Relleno de Guisados,2,2,2.00
2026-04-22,PETICION,Doradita,2,2,3.00
2026-04-22,PETICION,Sin Crema,3,3,3.00
2026-04-22,PETICION,Sin Frijoles,1,1,1.00
2026-04-22,PETICION,Sin Lechuga,1,1,1.00
2026-04-22,PETICION,Sin Tomate,3,3,3.00
2026-04-22,VARIANTE,Coca Cola,2,2,10.00
2026-04-22,VARIANTE,Coca Cola Sin Azúcar,1,1,2.00
2026-04-22,VARIANTE,Coca Light,1,1,1.00
2026-04-22,VARIANTE,Escuis Fresa,1,1,1.00
2026-04-22,VARIANTE,Leche Aparte,1,1,1.00
2026-04-22,VARIANTE,Lechero,1,1,2.00
2026-04-22,VARIANTE,Mantequilla,1,1,1.00
2026-04-22,VARIANTE,Medio,1,1,1.00
2026-04-22,VARIANTE,Natural,1,1,1.00
2026-04-22,VARIANTE,Normal,2,2,32.00
2026-04-22,VARIANTE,Pan Grande Pieza,1,1,2.00
2026-04-22,VARIANTE,Tierno,1,1,1.00
2026-04-23,EXTRA,Bistec (1 pza.),1,1,1.00
2026-04-23,EXTRA,Chorizo Extra Pieza,1,1,1.00
2026-04-23,EXTRA,Huevo Estrellado Ciego (2 pzas.),1,1,1.00
2026-04-23,EXTRA,Huevo Estrellado Cocido (2 pzas.),2,2,2.00
2026-04-23,EXTRA,Huevo Estrellado Medio (2 pzas.),1,1,1.00
2026-04-23,EXTRA,Huevo Estrellado Tierno (2 pzas.),1,1,1.00
2026-04-23,EXTRA,Huevo Revuelto (2 pzas.),2,2,2.00
2026-04-23,EXTRA,Queso,1,1,1.00
2026-04-23,EXTRA,Queso Extra Pieza,2,1,1.00
2026-04-23,EXTRA,Relleno de Guisados,1,1,1.00
2026-04-23,PETICION,Poco Frijol,1,1,1.00
2026-04-23,PETICION,Sin Crema,4,4,5.00
2026-04-23,PETICION,Sin Lechuga,1,1,1.00
2026-04-23,PETICION,Sin Tomate,2,2,2.00
2026-04-23,PETICION,Sin Verduras,1,1,1.00
2026-04-23,VARIANTE,Coca Cola,2,2,12.00
2026-04-23,VARIANTE,Coca Cola Sin Azúcar,1,1,7.00
2026-04-23,VARIANTE,Coca Light,1,1,4.00
2026-04-23,VARIANTE,Delaware,1,1,1.00
2026-04-23,VARIANTE,Leche Aparte,1,1,2.00
2026-04-23,VARIANTE,Lechero,1,1,2.00
2026-04-23,VARIANTE,Mantequilla,1,1,3.00
2026-04-23,VARIANTE,Normal,2,2,33.00
2026-04-23,VARIANTE,Pan Grande Pieza,1,1,1.00
2026-04-23,VARIANTE,Poca leche,1,1,3.00
2026-04-23,VARIANTE,Valle Frut,1,1,1.00
2026-04-24,EXTRA,Bistec (1 pza.),1,1,1.00
2026-04-24,EXTRA,Frijoles,2,2,2.00
2026-04-24,EXTRA,Huevo Estrellado Ciego (2 pzas.),1,1,1.00
2026-04-24,EXTRA,Huevo Estrellado Cocido (2 pzas.),2,2,2.00
2026-04-24,EXTRA,Huevo Estrellado Medio (2 pzas.),3,3,3.00
2026-04-24,EXTRA,Huevo Estrellado Tierno (2 pzas.),2,2,2.00
2026-04-24,EXTRA,Huevo Revuelto (p/relleno),2,2,2.00
2026-04-24,EXTRA,Queso,4,3,3.00
2026-04-24,EXTRA,Relleno de Guisados,3,3,3.00
2026-04-24,PETICION,Doradita,1,1,1.00
2026-04-24,PETICION,En dos platos,1,1,1.00
2026-04-24,PETICION,Escurrida,1,1,1.00
2026-04-24,PETICION,Sin Aguacate,1,1,1.00
2026-04-24,PETICION,Sin Crema,2,2,2.00
2026-04-24,PETICION,Sin Lechuga,4,4,4.00
2026-04-24,PETICION,Sin Tomate,2,2,2.00
2026-04-24,VARIANTE,Coca Cola,2,2,14.00
2026-04-24,VARIANTE,Coca Cola Sin Azúcar,2,2,6.00
2026-04-24,VARIANTE,Coca Light,1,1,1.00
2026-04-24,VARIANTE,Crema,1,1,2.00
2026-04-24,VARIANTE,Delaware,1,1,1.00
2026-04-24,VARIANTE,Lechera,2,2,4.00
2026-04-24,VARIANTE,Mantequilla,1,1,3.00
2026-04-24,VARIANTE,Normal,2,2,33.00
2026-04-24,VARIANTE,Pan Grande Pieza,1,1,3.00
2026-04-25,EXTRA,Bistec (1 pza.),10,10,11.00
2026-04-25,EXTRA,Doble Guiso,3,3,3.00
2026-04-25,EXTRA,Frijoles,3,3,3.00
2026-04-25,EXTRA,Huevo Estrellado Cocido (2 pzas.),1,1,1.00
2026-04-25,EXTRA,Huevo Estrellado Medio (2 pzas.),4,4,4.00
2026-04-25,EXTRA,Huevo Estrellado Tierno (2 pzas.),1,1,1.00
2026-04-25,EXTRA,Huevo Revuelto (2 pzas.),6,6,6.00
2026-04-25,EXTRA,Queso,9,5,5.00
2026-04-25,EXTRA,Queso Extra Pieza,2,1,1.00
2026-04-25,EXTRA,Relleno de Guisados,2,2,2.00
2026-04-25,PETICION,Doradita,2,2,2.00
2026-04-25,PETICION,En dos platos,1,1,1.00
2026-04-25,PETICION,Poca Lechuga,2,2,2.00
2026-04-25,PETICION,Poco Frijol,1,1,1.00
2026-04-25,PETICION,Sin Aguacate,1,1,1.00
2026-04-25,PETICION,Sin Crema,11,11,11.00
2026-04-25,PETICION,Sin Frijoles,1,1,1.00
2026-04-25,PETICION,Sin Lechuga,2,2,2.00
2026-04-25,PETICION,Sin Tomate,2,2,2.00
2026-04-25,VARIANTE,Coca Cola,2,2,9.00
2026-04-25,VARIANTE,Coca Cola Sin Azúcar,2,2,5.00
2026-04-25,VARIANTE,Coca Light,1,1,2.00
2026-04-25,VARIANTE,Crema,1,1,2.00
2026-04-25,VARIANTE,Delaware,1,1,1.00
2026-04-25,VARIANTE,Escuis Fresa,1,1,1.00
2026-04-25,VARIANTE,Escuis Manzana,1,1,1.00
2026-04-25,VARIANTE,Leche Aparte,1,1,3.00
2026-04-25,VARIANTE,Lechera,1,1,2.00
2026-04-25,VARIANTE,Lechero,1,1,1.00
2026-04-25,VARIANTE,Mantequilla,1,1,5.00
2026-04-25,VARIANTE,Migada Delgada,1,1,1.00
2026-04-25,VARIANTE,Naturales,1,1,1.00
2026-04-25,VARIANTE,Normal,2,2,58.00
2026-04-25,VARIANTE,Pan Grande Pieza,1,1,9.00
2026-04-25,VARIANTE,Poca leche,2,2,3.00
2026-04-25,VARIANTE,Valle Frut,1,1,1.00
2026-04-26,EXTRA,Bistec (1 pza.),4,4,4.00
2026-04-26,EXTRA,Frijoles,1,1,4.00
2026-04-26,EXTRA,Huevo Estrellado Ciego (2 pzas.),1,1,1.00
2026-04-26,EXTRA,Huevo Estrellado Cocido (2 pzas.),1,1,1.00
2026-04-26,EXTRA,Huevo Estrellado Tierno (2 pzas.),1,1,1.00
2026-04-26,EXTRA,Huevo Revuelto (2 pzas.),9,9,9.00
2026-04-26,EXTRA,Huevo Revuelto (p/relleno),3,3,3.00
2026-04-26,EXTRA,Queso,5,3,3.00
2026-04-26,EXTRA,Relleno de Guisados,7,7,7.00
2026-04-26,PETICION,Doradita,2,2,4.00
2026-04-26,PETICION,En dos platos,1,1,1.00
2026-04-26,PETICION,Escurrida,2,2,4.00
2026-04-26,PETICION,Poca Lechuga,2,2,2.00
2026-04-26,PETICION,Sin Aguacate,3,3,3.00
2026-04-26,PETICION,Sin Crema,6,6,6.00
2026-04-26,PETICION,Sin Frijoles,1,1,1.00
2026-04-26,PETICION,Sin Lechuga,3,3,3.00
2026-04-26,PETICION,Sin Queso,1,1,1.00
2026-04-26,PETICION,Sin Tomate,5,5,5.00
2026-04-26,PETICION,Sin Verduras,4,4,4.00
2026-04-26,PETICION,Verdura Aparte,1,1,1.00
2026-04-26,VARIANTE,Coca Cola,1,1,12.00
2026-04-26,VARIANTE,Coca Cola Sin Azúcar,1,1,4.00
2026-04-26,VARIANTE,Coca Light,1,1,4.00
2026-04-26,VARIANTE,Crema,1,1,3.00
2026-04-26,VARIANTE,Delaware,1,1,1.00
2026-04-26,VARIANTE,Escuis Manzana,1,1,3.00
2026-04-26,VARIANTE,Escuis Piña,1,1,2.00
2026-04-26,VARIANTE,Leche Aparte,1,1,1.00
2026-04-26,VARIANTE,Lechera,1,1,3.00
2026-04-26,VARIANTE,Lechero,1,1,5.00
2026-04-26,VARIANTE,Mantequilla,1,1,3.00
2026-04-26,VARIANTE,Migada Delgada,1,1,1.00
2026-04-26,VARIANTE,Natural,1,1,1.00
2026-04-26,VARIANTE,Normal,2,2,57.00
2026-04-26,VARIANTE,Pan Grande Pieza,1,1,5.00
2026-04-26,VARIANTE,Poca leche,1,1,1.00
2026-04-27,EXTRA,Bistec (1 pza.),5,5,5.00
2026-04-27,EXTRA,Frijoles,2,2,3.00
2026-04-27,EXTRA,Huevo Estrellado Ciego (2 pzas.),1,1,1.00
2026-04-27,EXTRA,Huevo Estrellado Medio (2 pzas.),1,1,1.00
2026-04-27,EXTRA,Huevo Estrellado Tierno (2 pzas.),1,1,1.00
2026-04-27,EXTRA,Huevo Revuelto (2 pzas.),2,2,2.00
2026-04-27,EXTRA,Queso,1,1,1.00
2026-04-27,EXTRA,Relleno de Guisados,1,1,1.00
2026-04-27,PETICION,Doradita,2,2,2.00
2026-04-27,PETICION,Escurrida,1,1,1.00
2026-04-27,PETICION,Poca Lechuga,2,2,2.00
2026-04-27,PETICION,Sin Crema,3,3,3.00
2026-04-27,PETICION,Sin Lechuga,1,1,1.00
2026-04-27,VARIANTE,Coca Cola,2,2,7.00
2026-04-27,VARIANTE,Coca Cola Sin Azúcar,1,1,6.00
2026-04-27,VARIANTE,Coca Light,1,1,1.00
2026-04-27,VARIANTE,Mantequilla,2,2,6.00
2026-04-27,VARIANTE,Mermelada de Fresa,1,1,1.00
2026-04-27,VARIANTE,Migada Delgada,1,1,1.00
2026-04-27,VARIANTE,Normal,2,2,32.00
2026-04-27,VARIANTE,Poca leche,1,1,3.00
2026-04-28,EXTRA,Bistec (1 pza.),6,6,7.00
2026-04-28,EXTRA,Huevo Estrellado Ciego (2 pzas.),1,1,1.00
2026-04-28,EXTRA,Huevo Estrellado Cocido (2 pzas.),1,1,1.00
2026-04-28,EXTRA,Huevo Revuelto (2 pzas.),2,2,2.00
2026-04-28,EXTRA,Huevo Revuelto (p/relleno),3,3,3.00
2026-04-28,EXTRA,Queso,2,2,3.00
2026-04-28,EXTRA,Queso Extra Pieza,1,1,1.00
2026-04-28,EXTRA,Relleno de Guisados,1,1,1.00
2026-04-28,PETICION,Doradita,3,3,4.00
2026-04-28,PETICION,Escurrida,1,1,1.00
2026-04-28,PETICION,Poca Lechuga,3,3,3.00
2026-04-28,PETICION,Sin Crema,2,2,2.00
2026-04-28,PETICION,Sin Frijoles,1,1,1.00
2026-04-28,PETICION,Sin Lechuga,2,2,2.00
2026-04-28,PETICION,Sin Queso,1,1,1.00
2026-04-28,PETICION,Sin Tomate,3,3,3.00
2026-04-28,PETICION,Sin Verduras,1,1,1.00
2026-04-28,PETICION,Verdura Aparte,1,1,1.00
2026-04-28,VARIANTE,Coca Cola,2,2,6.00
2026-04-28,VARIANTE,Coca Light,1,1,1.00
2026-04-28,VARIANTE,Crema,1,1,1.00
2026-04-28,VARIANTE,Fresca,1,1,2.00
2026-04-28,VARIANTE,Leche Aparte,1,1,2.00
2026-04-28,VARIANTE,Mantequilla,1,1,8.00
2026-04-28,VARIANTE,Normal,2,2,34.00
2026-04-28,VARIANTE,Poca leche,1,1,1.00
2026-04-28,VARIANTE,Tierno,1,1,1.00
2026-04-29,EXTRA,Bistec (1 pza.),3,3,3.00
2026-04-29,EXTRA,Huevo Estrellado Cocido (2 pzas.),3,3,3.00
2026-04-29,EXTRA,Huevo Estrellado Medio (2 pzas.),2,2,2.00
2026-04-29,EXTRA,Huevo Revuelto (2 pzas.),1,1,1.00
2026-04-29,EXTRA,Huevo Revuelto (p/relleno),2,2,2.00
2026-04-29,EXTRA,Relleno de Guisados,2,2,2.00
2026-04-29,PETICION,Doradita,1,1,7.00
2026-04-29,PETICION,En dos platos,1,1,1.00
2026-04-29,PETICION,Escurrida,2,2,6.00
2026-04-29,PETICION,Poca Lechuga,1,1,1.00
2026-04-29,PETICION,Sin Aguacate,1,1,1.00
2026-04-29,PETICION,Sin Crema,3,3,3.00
2026-04-29,PETICION,Sin Frijoles,2,2,2.00
2026-04-29,PETICION,Sin Lechuga,5,5,5.00
2026-04-29,PETICION,Sin Queso,1,1,1.00
2026-04-29,PETICION,Sin Tomate,2,2,2.00
2026-04-29,VARIANTE,Ciego,1,1,2.00
2026-04-29,VARIANTE,Coca Cola,2,2,5.00
2026-04-29,VARIANTE,Coca Cola Sin Azúcar,2,2,7.00
2026-04-29,VARIANTE,Coca Light,1,1,2.00
2026-04-29,VARIANTE,Escuis Hierro,1,1,1.00
2026-04-29,VARIANTE,Fresca,1,1,1.00
2026-04-29,VARIANTE,Lechero,1,1,1.00
2026-04-29,VARIANTE,Mantequilla,1,1,2.00
2026-04-29,VARIANTE,Normal,2,2,31.00
2026-04-29,VARIANTE,Pan Grande Pieza,1,1,3.00
2026-04-30,EXTRA,Bistec (1 pza.),8,8,9.00
2026-04-30,EXTRA,Doble Guiso,1,1,1.00
2026-04-30,EXTRA,Huevo Estrellado Cocido (2 pzas.),3,3,3.00
2026-04-30,EXTRA,Huevo Estrellado Medio (2 pzas.),4,4,5.00
2026-04-30,EXTRA,Huevo Estrellado Tierno (2 pzas.),1,1,1.00
2026-04-30,EXTRA,Huevo Revuelto (2 pzas.),5,5,5.00
2026-04-30,EXTRA,Queso,3,2,2.00
2026-04-30,EXTRA,Relleno de Guisados,2,2,2.00
2026-04-30,PETICION,Doradita,1,1,1.00
2026-04-30,PETICION,En dos platos,1,1,1.00
2026-04-30,PETICION,Escurrida,3,2,3.00
2026-04-30,PETICION,Poca Lechuga,5,5,5.00
2026-04-30,PETICION,Sin Aguacate,6,6,6.00
2026-04-30,PETICION,Sin Crema,13,13,13.00
2026-04-30,PETICION,Sin Frijoles,1,1,1.00
2026-04-30,PETICION,Sin Lechuga,5,5,5.00
2026-04-30,PETICION,Sin Queso,1,1,1.00
2026-04-30,PETICION,Sin Tomate,5,5,5.00
2026-04-30,PETICION,Sin Verduras,2,2,2.00
2026-04-30,VARIANTE,Coca Cola,2,2,7.00
2026-04-30,VARIANTE,Coca Cola Sin Azúcar,1,1,5.00
2026-04-30,VARIANTE,Coca Light,1,1,2.00
2026-04-30,VARIANTE,Delaware,1,1,2.00
2026-04-30,VARIANTE,Escuis Manzana,1,1,2.00
2026-04-30,VARIANTE,Leche Aparte,1,1,1.00
2026-04-30,VARIANTE,Mantequilla,1,1,7.00
2026-04-30,VARIANTE,Normal,2,2,48.00
2026-04-30,VARIANTE,Pan Grande Pieza,1,1,5.00
2026-05-01,EXTRA,Bistec (1 pza.),6,6,7.00
2026-05-01,EXTRA,Frijoles,1,1,4.00
2026-05-01,EXTRA,Huevo Estrellado Ciego (2 pzas.),2,2,2.00
2026-05-01,EXTRA,Huevo Estrellado Cocido (2 pzas.),2,2,2.00
2026-05-01,EXTRA,Huevo Estrellado Medio (2 pzas.),3,3,4.00
2026-05-01,EXTRA,Huevo Estrellado Tierno (2 pzas.),2,2,2.00
2026-05-01,EXTRA,Huevo Revuelto (2 pzas.),1,1,2.00
2026-05-01,EXTRA,Huevo Revuelto (p/relleno),2,2,2.00
2026-05-01,EXTRA,Queso,2,1,2.00
2026-05-01,EXTRA,Queso Extra Pieza,6,3,3.00
2026-05-01,EXTRA,Relleno de Guisados,4,4,4.00
2026-05-01,PETICION,Doradita,6,6,9.00
2026-05-01,PETICION,En dos platos,1,1,1.00
2026-05-01,PETICION,Escurrida,3,3,5.00
2026-05-01,PETICION,Poca Lechuga,1,1,1.00
2026-05-01,PETICION,Sin Aguacate,7,7,7.00
2026-05-01,PETICION,Sin Crema,13,13,13.00
2026-05-01,PETICION,Sin Lechuga,2,2,2.00
2026-05-01,PETICION,Sin Tomate,3,3,3.00
2026-05-01,PETICION,Sin Verduras,8,8,8.00
2026-05-01,VARIANTE,Coca Cola,2,2,10.00
2026-05-01,VARIANTE,Coca Cola Sin Azúcar,1,1,7.00
2026-05-01,VARIANTE,Coca Light,1,1,4.00
2026-05-01,VARIANTE,Crema,2,2,2.00
2026-05-01,VARIANTE,Delaware,1,1,3.00
2026-05-01,VARIANTE,Escuis Fresa,1,1,1.00
2026-05-01,VARIANTE,Escuis Piña,1,1,1.00
2026-05-01,VARIANTE,Leche Aparte,1,1,5.00
2026-05-01,VARIANTE,Lechera,1,1,1.00
2026-05-01,VARIANTE,Lechero,1,1,2.00
2026-05-01,VARIANTE,Mantequilla,1,1,9.00
2026-05-01,VARIANTE,Normal,2,2,55.00
2026-05-01,VARIANTE,Pan Grande Pieza,1,1,12.00
2026-05-01,VARIANTE,Sprite,1,1,1.00
2026-05-02,EXTRA,Bistec (1 pza.),6,6,7.00
2026-05-02,EXTRA,Frijoles,5,5,7.00
2026-05-02,EXTRA,Huevo Estrellado Ciego (2 pzas.),1,1,1.00
2026-05-02,EXTRA,Huevo Estrellado Cocido (2 pzas.),4,4,4.00
2026-05-02,EXTRA,Huevo Estrellado Medio (2 pzas.),2,2,2.00
2026-05-02,EXTRA,Huevo Estrellado Tierno (2 pzas.),3,3,3.00
2026-05-02,EXTRA,Huevo Revuelto (2 pzas.),6,6,6.00
2026-05-02,EXTRA,Huevo Revuelto (p/relleno),1,1,1.00
2026-05-02,EXTRA,Queso,1,1,1.00
2026-05-02,EXTRA,Queso Extra Pieza,2,1,1.00
2026-05-02,EXTRA,Relleno de Guisados,6,6,6.00
2026-05-02,PETICION,Doradita,3,3,5.00
2026-05-02,PETICION,Poca Lechuga,1,1,1.00
2026-05-02,PETICION,Poco Frijol,1,1,1.00
2026-05-02,PETICION,Sin Aguacate,2,2,3.00
2026-05-02,PETICION,Sin Crema,8,8,10.00
2026-05-02,PETICION,Sin Frijoles,2,2,2.00
2026-05-02,PETICION,Sin Lechuga,4,4,4.00
2026-05-02,PETICION,Sin Tomate,3,3,3.00
2026-05-02,PETICION,Sin Verduras,1,1,1.00
2026-05-02,VARIANTE,Coca Cola,2,2,12.00
2026-05-02,VARIANTE,Coca Cola Sin Azúcar,2,2,4.00
2026-05-02,VARIANTE,Crema,1,1,1.00
2026-05-02,VARIANTE,Delaware,1,1,3.00
2026-05-02,VARIANTE,Escuis Hierro,1,1,1.00
2026-05-02,VARIANTE,Escuis Piña,1,1,1.00
2026-05-02,VARIANTE,Mantequilla,1,1,9.00
2026-05-02,VARIANTE,Natural,1,1,1.00
2026-05-02,VARIANTE,Normal,2,2,70.00
2026-05-02,VARIANTE,Pan Grande Pieza,1,1,5.00
2026-05-03,EXTRA,Bistec (1 pza.),5,5,8.00
2026-05-03,EXTRA,Frijoles,3,3,5.00
2026-05-03,EXTRA,Huevo Estrellado Ciego (2 pzas.),1,1,1.00
2026-05-03,EXTRA,Huevo Estrellado Cocido (2 pzas.),1,1,1.00
2026-05-03,EXTRA,Huevo Estrellado Medio (2 pzas.),1,1,1.00
2026-05-03,EXTRA,Huevo Revuelto (2 pzas.),3,3,3.00
2026-05-03,EXTRA,Huevo Revuelto (p/relleno),2,2,2.00
2026-05-03,EXTRA,Pieza Tortilla de Harina,2,1,1.00
2026-05-03,EXTRA,Pieza Tortilla de Maíz,4,1,1.00
2026-05-03,EXTRA,Queso,5,4,4.00
2026-05-03,EXTRA,Queso Extra Pieza,2,1,1.00
2026-05-03,EXTRA,Relleno de Guisados,5,5,5.00
2026-05-03,PETICION,En dos platos,2,2,2.00
2026-05-03,PETICION,Escurrida,1,1,1.00
2026-05-03,PETICION,Frijoles Aparte,1,1,1.00
2026-05-03,PETICION,Sin Crema,8,8,8.00
2026-05-03,PETICION,Sin Frijoles,1,1,1.00
2026-05-03,PETICION,Sin Lechuga,2,2,2.00
2026-05-03,PETICION,Sin Queso,2,2,2.00
2026-05-03,PETICION,Sin Tomate,6,6,6.00
2026-05-03,PETICION,Verdura Aparte,1,1,1.00
2026-05-03,VARIANTE,Coca Cola,2,2,4.00
2026-05-03,VARIANTE,Coca Cola Sin Azúcar,1,1,7.00
2026-05-03,VARIANTE,Crema,2,2,2.00
2026-05-03,VARIANTE,Delaware,1,1,1.00
2026-05-03,VARIANTE,Escuis Hierro,1,1,1.00
2026-05-03,VARIANTE,Fanta,1,1,1.00
2026-05-03,VARIANTE,Leche Aparte,1,1,1.00
2026-05-03,VARIANTE,Lechera,1,1,1.00
2026-05-03,VARIANTE,Lechero,1,1,4.00
2026-05-03,VARIANTE,Mantequilla,1,1,4.00
2026-05-03,VARIANTE,Migada Delgada,1,1,1.00
2026-05-03,VARIANTE,Normal,2,2,77.00
2026-05-03,VARIANTE,Pan Grande Pieza,1,1,6.00
2026-05-03,VARIANTE,Poca leche,1,1,1.00
2026-05-03,VARIANTE,Tierno,1,1,1.00
2026-05-03,VARIANTE,Valle Frut,1,1,1.00
2026-05-04,EXTRA,Bistec (1 pza.),2,2,2.00
2026-05-04,EXTRA,Frijoles,3,3,3.00
2026-05-04,EXTRA,Huevo Estrellado Cocido (2 pzas.),2,2,2.00
2026-05-04,EXTRA,Huevo Revuelto (p/relleno),2,2,2.00
2026-05-04,EXTRA,Pieza Tortilla de Maíz,4,1,1.00
2026-05-04,EXTRA,Queso,2,2,6.00
2026-05-04,EXTRA,Queso Extra Pieza,2,1,1.00
2026-05-04,EXTRA,Relleno de Guisados,1,1,1.00
2026-05-04,PETICION,En dos platos,2,2,2.00
2026-05-04,PETICION,Escurrida,1,1,1.00
2026-05-04,PETICION,Frijoles Aparte,1,1,1.00
2026-05-04,PETICION,Poca Lechuga,2,2,2.00
2026-05-04,PETICION,Sin Aguacate,2,2,2.00
2026-05-04,PETICION,Sin Crema,8,8,8.00
2026-05-04,PETICION,Sin Frijoles,1,1,1.00
2026-05-04,PETICION,Sin Lechuga,2,2,2.00
2026-05-04,PETICION,Sin Queso,1,1,1.00
2026-05-04,PETICION,Sin Tomate,1,1,1.00
2026-05-04,PETICION,Sin Verduras,2,2,2.00
2026-05-04,PETICION,Verdura Aparte,2,2,2.00
2026-05-04,VARIANTE,Coca Cola,2,2,8.00
2026-05-04,VARIANTE,Coca Cola Sin Azúcar,2,2,4.00
2026-05-04,VARIANTE,Cocido,1,1,1.00
2026-05-04,VARIANTE,Delaware,1,1,1.00
2026-05-04,VARIANTE,Escuis Hierro,1,1,2.00
2026-05-04,VARIANTE,Leche Aparte,2,2,4.00
2026-05-04,VARIANTE,Lechera,1,1,1.00
2026-05-04,VARIANTE,Lechero,1,1,4.00
2026-05-04,VARIANTE,Mantequilla,1,1,3.00
2026-05-04,VARIANTE,Natural,1,1,1.00
2026-05-04,VARIANTE,Normal,2,2,53.00
2026-05-04,VARIANTE,Pan Grande Pieza,1,1,2.00
2026-05-04,VARIANTE,Poca leche,1,1,1.00
2026-05-05,EXTRA,Bistec (1 pza.),4,4,4.00
2026-05-05,EXTRA,Huevo Estrellado Cocido (2 pzas.),1,1,2.00
2026-05-05,EXTRA,Huevo Estrellado Medio (2 pzas.),1,1,1.00
2026-05-05,EXTRA,Huevo Estrellado Tierno (2 pzas.),1,1,1.00
2026-05-05,EXTRA,Huevo Revuelto (2 pzas.),2,2,2.00
2026-05-05,EXTRA,Huevo Revuelto (p/relleno),1,1,1.00
2026-05-05,EXTRA,Pieza Tortilla de Maíz,6,2,3.00
2026-05-05,EXTRA,Queso,3,2,2.00
2026-05-05,EXTRA,Relleno de Guisados,1,1,1.00
2026-05-05,PETICION,Escurrida,1,1,4.00
2026-05-05,PETICION,Poca Lechuga,2,2,2.00
2026-05-05,PETICION,Sin Crema,2,2,2.00
2026-05-05,PETICION,Sin Queso,1,1,1.00
2026-05-05,PETICION,Sin Verduras,2,2,2.00
2026-05-05,VARIANTE,Coca Cola,2,2,6.00
2026-05-05,VARIANTE,Coca Cola Sin Azúcar,1,1,3.00
2026-05-05,VARIANTE,Coca Light,1,1,1.00
2026-05-05,VARIANTE,Escuis Fresa,1,1,1.00
2026-05-05,VARIANTE,Leche Aparte,1,1,1.00
2026-05-05,VARIANTE,Mantequilla,1,1,6.00
2026-05-05,VARIANTE,Normal,2,2,42.00
2026-05-05,VARIANTE,Poca leche,1,1,1.00
2026-05-06,EXTRA,Bistec (1 pza.),3,3,4.00
2026-05-06,EXTRA,Doble Guiso,3,3,6.00
2026-05-06,EXTRA,Frijoles,1,1,2.00
2026-05-06,EXTRA,Huevo Estrellado Cocido (2 pzas.),1,1,1.00
2026-05-06,EXTRA,Huevo Estrellado Medio (2 pzas.),4,4,4.00
2026-05-06,EXTRA,Huevo Estrellado Tierno (2 pzas.),1,1,1.00
2026-05-06,EXTRA,Huevo Revuelto (2 pzas.),2,2,2.00
2026-05-06,EXTRA,Pieza Tortilla de Maíz,4,1,1.00
2026-05-06,EXTRA,Queso,2,2,2.00
2026-05-06,EXTRA,Relleno de Guisados,2,2,2.00
2026-05-06,PETICION,En dos platos,1,1,1.00
2026-05-06,PETICION,Escurrida,2,2,7.00
2026-05-06,PETICION,Poca Lechuga,1,1,1.00
2026-05-06,PETICION,Sin Crema,2,2,2.00
2026-05-06,PETICION,Sin Frijoles,2,2,2.00
2026-05-06,PETICION,Sin Lechuga,1,1,1.00
2026-05-06,PETICION,Sin Tomate,1,1,1.00
2026-05-06,VARIANTE,Coca Cola,2,2,6.00
2026-05-06,VARIANTE,Coca Cola Sin Azúcar,1,1,3.00
2026-05-06,VARIANTE,Coca Light,1,1,1.00
2026-05-06,VARIANTE,Crema,1,1,1.00
2026-05-06,VARIANTE,Escuis Manzana,1,1,1.00
2026-05-06,VARIANTE,Leche Aparte,1,1,5.00
2026-05-06,VARIANTE,Mantequilla,1,1,1.00
2026-05-06,VARIANTE,Natural,1,1,1.00
2026-05-06,VARIANTE,Normal,2,2,45.00
2026-05-06,VARIANTE,Pan Grande Pieza,1,1,4.00
2026-05-06,VARIANTE,Valle Frut,1,1,1.00
2026-05-07,EXTRA,Bistec (1 pza.),4,4,5.00
2026-05-07,EXTRA,Chorizo Extra Pieza,3,1,1.00
2026-05-07,EXTRA,Frijoles,2,2,2.00
2026-05-07,EXTRA,Huevo Estrellado Ciego (2 pzas.),1,1,1.00
2026-05-07,EXTRA,Huevo Estrellado Cocido (2 pzas.),2,2,2.00
2026-05-07,EXTRA,Huevo Estrellado Tierno (2 pzas.),2,2,2.00
2026-05-07,EXTRA,Huevo Revuelto (p/relleno),3,3,3.00
2026-05-07,EXTRA,Relleno de Guisados,3,3,3.00
2026-05-07,PETICION,Poca Lechuga,1,1,1.00
2026-05-07,PETICION,Sin Crema,3,3,3.00
2026-05-07,PETICION,Sin Lechuga,3,3,3.00
2026-05-07,PETICION,Sin Tomate,1,1,1.00
2026-05-07,VARIANTE,Coca Cola,2,2,8.00
2026-05-07,VARIANTE,Coca Cola Sin Azúcar,1,1,2.00
2026-05-07,VARIANTE,Escuis Fresa,1,1,1.00
2026-05-07,VARIANTE,Escuis Hierro,1,1,1.00
2026-05-07,VARIANTE,Leche Aparte,1,1,1.00
2026-05-07,VARIANTE,Lechero,1,1,3.00
2026-05-07,VARIANTE,Migada Delgada,1,1,1.00
2026-05-07,VARIANTE,Normal,2,2,23.00
2026-05-07,VARIANTE,Pan Grande Pieza,1,1,1.00
2026-05-07,VARIANTE,Sprite,1,1,1.00
2026-05-08,EXTRA,Bistec (1 pza.),2,2,2.00
2026-05-08,EXTRA,Huevo Estrellado Cocido (2 pzas.),2,2,2.00
2026-05-08,EXTRA,Huevo Estrellado Medio (2 pzas.),2,2,2.00
2026-05-08,EXTRA,Huevo Estrellado Tierno (2 pzas.),2,2,4.00
2026-05-08,EXTRA,Huevo Revuelto (2 pzas.),2,2,2.00
2026-05-08,EXTRA,Huevo Revuelto (p/relleno),1,1,1.00
2026-05-08,EXTRA,Pieza Tortilla de Maíz,4,2,2.00
2026-05-08,EXTRA,Queso,3,3,3.00
2026-05-08,EXTRA,Relleno de Guisados,2,2,2.00
2026-05-08,PETICION,En dos platos,1,1,1.00
2026-05-08,PETICION,Escurrida,1,1,1.00
2026-05-08,PETICION,Poca Lechuga,3,3,3.00
2026-05-08,PETICION,Sin Aguacate,2,2,2.00
2026-05-08,PETICION,Sin Crema,2,2,2.00
2026-05-08,PETICION,Sin Frijoles,1,1,1.00
2026-05-08,PETICION,Sin Tomate,3,3,3.00
2026-05-08,VARIANTE,Coca Cola,2,2,4.00
2026-05-08,VARIANTE,Coca Cola Sin Azúcar,2,2,2.00
2026-05-08,VARIANTE,Coca Light,1,1,3.00
2026-05-08,VARIANTE,Escuis Manzana,1,1,1.00
2026-05-08,VARIANTE,Leche Aparte,1,1,2.00
2026-05-08,VARIANTE,Lechera,1,1,1.00
2026-05-08,VARIANTE,Lechero,1,1,3.00
2026-05-08,VARIANTE,Mantequilla,1,1,1.00
2026-05-08,VARIANTE,Normal,2,2,48.00
2026-05-08,VARIANTE,Pan Grande Pieza,1,1,6.00
2026-05-08,VARIANTE,Poca leche,1,1,2.00
2026-05-09,EXTRA,Bistec (1 pza.),4,4,4.00
2026-05-09,EXTRA,Doble Guiso,1,1,2.00
2026-05-09,EXTRA,Frijoles,4,4,6.00
2026-05-09,EXTRA,Huevo Estrellado Cocido (2 pzas.),1,1,2.00
2026-05-09,EXTRA,Huevo Estrellado Medio (2 pzas.),2,2,2.00
2026-05-09,EXTRA,Huevo Estrellado Tierno (2 pzas.),1,1,1.00
2026-05-09,EXTRA,Huevo Revuelto (2 pzas.),3,3,4.00
2026-05-09,EXTRA,Huevo Revuelto (p/relleno),2,2,2.00
2026-05-09,EXTRA,Queso,2,1,1.00
2026-05-09,EXTRA,Relleno de Guisados,7,7,7.00
2026-05-09,PETICION,Doradita,1,1,1.00
2026-05-09,PETICION,Escurrida,3,3,5.00
2026-05-09,PETICION,Poca Lechuga,4,4,4.00
2026-05-09,PETICION,Sin Aguacate,2,2,2.00
2026-05-09,PETICION,Sin Crema,7,7,7.00
2026-05-09,PETICION,Sin Frijoles,3,3,3.00
2026-05-09,PETICION,Sin Lechuga,3,3,3.00
2026-05-09,PETICION,Sin Queso,1,1,1.00
2026-05-09,PETICION,Sin Tomate,3,3,3.00
2026-05-09,PETICION,Sin Verduras,5,5,5.00
2026-05-09,PETICION,Verdura Aparte,1,1,1.00
2026-05-09,VARIANTE,Coca Cola,2,2,14.00
2026-05-09,VARIANTE,Coca Cola Sin Azúcar,2,2,10.00
2026-05-09,VARIANTE,Coca Light,1,1,1.00
2026-05-09,VARIANTE,Leche Aparte,1,1,2.00
2026-05-09,VARIANTE,Lechera,2,2,2.00
2026-05-09,VARIANTE,Lechero,1,1,2.00
2026-05-09,VARIANTE,Mantequilla,1,1,6.00
2026-05-09,VARIANTE,Normal,2,2,47.00
2026-05-09,VARIANTE,Pan Grande Pieza,1,1,9.00
2026-05-09,VARIANTE,Valle Frut,1,1,2.00
2026-05-10,EXTRA,Bistec (1 pza.),7,7,7.00
2026-05-10,EXTRA,Huevo Estrellado Ciego (2 pzas.),1,1,1.00
2026-05-10,EXTRA,Huevo Estrellado Cocido (2 pzas.),4,4,4.00
2026-05-10,EXTRA,Huevo Estrellado Medio (2 pzas.),3,3,3.00
2026-05-10,EXTRA,Huevo Estrellado Tierno (2 pzas.),1,1,1.00
2026-05-10,EXTRA,Huevo Revuelto (2 pzas.),3,3,3.00
2026-05-10,EXTRA,Huevo Revuelto (p/relleno),1,1,1.00
2026-05-10,EXTRA,Queso,5,3,3.00
2026-05-10,EXTRA,Relleno de Guisados,4,4,4.00
2026-05-10,PETICION,Doradita,3,3,6.00
2026-05-10,PETICION,Escurrida,8,8,16.00
2026-05-10,PETICION,Poca Lechuga,3,3,3.00
2026-05-10,PETICION,Sin Aguacate,3,3,3.00
2026-05-10,PETICION,Sin Crema,11,11,11.00
2026-05-10,PETICION,Sin Frijoles,1,1,1.00
2026-05-10,PETICION,Sin Lechuga,5,5,5.00
2026-05-10,PETICION,Sin Queso,1,1,1.00
2026-05-10,PETICION,Sin Tomate,2,2,2.00
2026-05-10,PETICION,Sin Verduras,1,1,1.00
2026-05-10,VARIANTE,Bocol delgado,1,1,1.00
2026-05-10,VARIANTE,Coca Cola,2,2,23.00
2026-05-10,VARIANTE,Coca Cola Sin Azúcar,2,2,8.00
2026-05-10,VARIANTE,Coca Light,1,1,1.00
2026-05-10,VARIANTE,Escuis Hierro,1,1,2.00
2026-05-10,VARIANTE,Escuis Piña,1,1,1.00
2026-05-10,VARIANTE,Lechero,1,1,1.00
2026-05-10,VARIANTE,Mantequilla,1,1,3.00
2026-05-10,VARIANTE,Migada Delgada,1,1,1.00
2026-05-10,VARIANTE,Natural,1,1,1.00
2026-05-10,VARIANTE,Normal,2,2,71.00
2026-05-10,VARIANTE,Pan Grande Pieza,1,1,12.00
2026-05-10,VARIANTE,Poca leche,1,1,2.00
2026-05-10,VARIANTE,Valle Frut,1,1,1.00
2026-05-11,EXTRA,Bistec (1 pza.),1,1,1.00
2026-05-11,EXTRA,Huevo Estrellado Tierno (2 pzas.),1,1,1.00
2026-05-11,EXTRA,Pieza Tortilla de Maíz,4,1,1.00
2026-05-11,EXTRA,Queso,1,1,1.00
2026-05-11,PETICION,Sin Aguacate,1,1,1.00
2026-05-11,PETICION,Sin Crema,2,2,2.00
2026-05-11,VARIANTE,Coca Cola,2,2,5.00
2026-05-11,VARIANTE,Coca Cola Sin Azúcar,1,1,3.00
2026-05-11,VARIANTE,Escuis Fresa,1,1,1.00
2026-05-11,VARIANTE,Mantequilla,1,1,2.00
2026-05-11,VARIANTE,Normal,2,2,21.00
2026-05-11,VARIANTE,Pan Grande Pieza,1,1,3.00
2026-05-11,VARIANTE,Poca leche,1,1,1.00
2026-05-11,VARIANTE,Tierno,1,1,1.00
2026-05-12,EXTRA,Pieza Tortilla de Maíz,4,1,1.00
2026-05-12,EXTRA,Queso,2,1,1.00
2026-05-12,EXTRA,Relleno de Guisados,2,2,2.00
2026-05-12,PETICION,Poca Lechuga,1,1,1.00
2026-05-12,PETICION,Sin Crema,1,1,1.00
2026-05-12,VARIANTE,Coca Cola,2,2,5.00
2026-05-12,VARIANTE,Coca Cola Sin Azúcar,1,1,1.00
2026-05-12,VARIANTE,Coca Light,1,1,1.00
2026-05-12,VARIANTE,Delaware,1,1,1.00
2026-05-12,VARIANTE,Escuis Fresa,1,1,1.00
2026-05-12,VARIANTE,Mantequilla,1,1,2.00
2026-05-12,VARIANTE,Normal,2,2,26.00
2026-05-12,VARIANTE,Tierno,1,1,1.00
2026-05-13,EXTRA,Bistec (1 pza.),2,2,3.00
2026-05-13,EXTRA,Huevo Estrellado Cocido (2 pzas.),1,1,3.00
2026-05-13,EXTRA,Huevo Estrellado Medio (2 pzas.),2,2,2.00
2026-05-13,EXTRA,Huevo Estrellado Tierno (2 pzas.),2,2,2.00
2026-05-13,EXTRA,Huevo Revuelto (2 pzas.),3,3,4.00
2026-05-13,EXTRA,Pieza Tortilla de Maíz,4,1,1.00
2026-05-13,EXTRA,Queso Extra Pieza,2,1,1.00
2026-05-13,EXTRA,Relleno de Guisados,1,1,1.00
2026-05-13,PETICION,Doradita,2,2,2.00
2026-05-13,PETICION,En dos platos,2,2,3.00
2026-05-13,PETICION,Escurrida,1,1,2.00
2026-05-13,PETICION,Sin Aguacate,1,1,1.00
2026-05-13,PETICION,Sin Crema,4,4,4.00
2026-05-13,PETICION,Sin Frijoles,1,1,1.00
2026-05-13,PETICION,Sin Lechuga,4,4,4.00
2026-05-13,PETICION,Sin Tomate,1,1,1.00
2026-05-13,PETICION,Sin Verduras,1,1,1.00
2026-05-13,VARIANTE,Coca Cola,2,2,9.00
2026-05-13,VARIANTE,Coca Cola Sin Azúcar,1,1,4.00
2026-05-13,VARIANTE,Coca Light,1,1,2.00
2026-05-13,VARIANTE,Crema,1,1,2.00
2026-05-13,VARIANTE,Leche Aparte,1,1,1.00
2026-05-13,VARIANTE,Lechera,1,1,2.00
2026-05-13,VARIANTE,Lechero,1,1,2.00
2026-05-13,VARIANTE,Mantequilla,1,1,2.00
2026-05-13,VARIANTE,Medio,1,1,1.00
2026-05-13,VARIANTE,Normal,2,2,25.00
2026-05-13,VARIANTE,Pan Grande Pieza,1,1,2.00
2026-05-13,VARIANTE,Poca leche,1,1,7.00
2026-05-13,VARIANTE,Valle Frut,1,1,1.00
2026-05-14,EXTRA,Bistec (1 pza.),4,4,5.00
2026-05-14,EXTRA,Frijoles,3,3,5.00
2026-05-14,EXTRA,Huevo Estrellado Medio (2 pzas.),2,2,2.00
2026-05-14,EXTRA,Huevo Revuelto (2 pzas.),1,1,1.00
2026-05-14,EXTRA,Queso,4,3,3.00
2026-05-14,EXTRA,Queso Extra Pieza,2,1,1.00
2026-05-14,EXTRA,Relleno de Guisados,1,1,1.00
2026-05-14,PETICION,Sin Crema,3,3,3.00
2026-05-14,PETICION,Sin Lechuga,1,1,1.00
2026-05-14,PETICION,Sin Verduras,1,1,1.00
2026-05-14,VARIANTE,Coca Cola,2,2,13.00
2026-05-14,VARIANTE,Coca Cola Sin Azúcar,2,2,9.00
2026-05-14,VARIANTE,Delaware,1,1,1.00
2026-05-14,VARIANTE,Escuis Fresa,1,1,2.00
2026-05-14,VARIANTE,Escuis Hierro,1,1,1.00
2026-05-14,VARIANTE,Escuis Piña,1,1,1.00
2026-05-14,VARIANTE,Fresca,1,1,1.00
2026-05-14,VARIANTE,Lechero,1,1,1.00
2026-05-14,VARIANTE,Mantequilla,1,1,3.00
2026-05-14,VARIANTE,Normal,2,2,25.00
2026-05-14,VARIANTE,Pan Grande Pieza,1,1,2.00
2026-05-14,VARIANTE,Valle Frut,1,1,1.00
2026-05-15,EXTRA,Bistec (1 pza.),7,7,9.00
2026-05-15,EXTRA,Doble Guiso,1,1,1.00
2026-05-15,EXTRA,Huevo Estrellado Ciego (2 pzas.),1,1,1.00
2026-05-15,EXTRA,Huevo Estrellado Cocido (2 pzas.),3,3,3.00
2026-05-15,EXTRA,Huevo Estrellado Medio (2 pzas.),2,2,2.00
2026-05-15,EXTRA,Huevo Revuelto (2 pzas.),1,1,2.00
2026-05-15,EXTRA,Huevo Revuelto (p/relleno),1,1,1.00
2026-05-15,EXTRA,Pieza Tortilla de Maíz,4,1,2.00
2026-05-15,EXTRA,Queso,4,4,4.00
2026-05-15,PETICION,Doradita,2,2,2.00
2026-05-15,PETICION,Escurrida,2,2,2.00
2026-05-15,PETICION,Sin Aguacate,2,2,2.00
2026-05-15,PETICION,Sin Crema,7,7,7.00
2026-05-15,PETICION,Sin Frijoles,1,1,1.00
2026-05-15,PETICION,Sin Lechuga,1,1,1.00
2026-05-15,PETICION,Sin Tomate,1,1,1.00
2026-05-15,PETICION,Sin Verduras,1,1,1.00
2026-05-15,VARIANTE,Coca Cola,2,2,11.00
2026-05-15,VARIANTE,Coca Cola Sin Azúcar,1,1,6.00
2026-05-15,VARIANTE,Crema,1,1,1.00
2026-05-15,VARIANTE,Delaware,1,1,1.00
2026-05-15,VARIANTE,Escuis Fresa,1,1,1.00
2026-05-15,VARIANTE,Escuis Piña,1,1,1.00
2026-05-15,VARIANTE,Leche Aparte,1,1,2.00
2026-05-15,VARIANTE,Lechera,1,1,1.00
2026-05-15,VARIANTE,Mantequilla,1,1,1.00
2026-05-15,VARIANTE,Naturales,1,1,1.00
2026-05-15,VARIANTE,Normal,2,2,33.00
2026-05-15,VARIANTE,Pan Grande Pieza,1,1,8.00
2026-05-15,VARIANTE,Poca leche,1,1,2.00
2026-05-15,VARIANTE,Sprite,1,1,1.00
2026-05-15,VARIANTE,Valle Frut,1,1,1.00
2026-05-16,EXTRA,Bistec (1 pza.),1,1,1.00
2026-05-16,EXTRA,Frijoles,2,2,6.00
2026-05-16,EXTRA,Huevo Estrellado Cocido (2 pzas.),1,1,1.00
2026-05-16,EXTRA,Huevo Estrellado Tierno (2 pzas.),4,4,4.00
2026-05-16,EXTRA,Huevo Revuelto (2 pzas.),4,4,4.00
2026-05-16,EXTRA,Pieza Tortilla de Maíz,4,1,1.00
2026-05-16,EXTRA,Queso,2,2,3.00
2026-05-16,EXTRA,Relleno de Guisados,2,2,2.00
2026-05-16,PETICION,En dos platos,2,2,2.00
2026-05-16,PETICION,Escurrida,1,1,2.00
2026-05-16,PETICION,Poca Lechuga,2,2,2.00
2026-05-16,PETICION,Sin Aguacate,1,1,1.00
2026-05-16,PETICION,Sin Crema,3,3,3.00
2026-05-16,PETICION,Sin Frijoles,2,2,2.00
2026-05-16,PETICION,Sin Lechuga,4,4,4.00
2026-05-16,PETICION,Sin Queso,2,2,2.00
2026-05-16,PETICION,Sin Tomate,5,5,5.00
2026-05-16,PETICION,Verdura Aparte,1,1,1.00
2026-05-16,VARIANTE,Coca Cola,2,2,12.00
2026-05-16,VARIANTE,Coca Cola Sin Azúcar,2,2,8.00
2026-05-16,VARIANTE,Crema,1,1,1.00
2026-05-16,VARIANTE,Escuis Hierro,1,1,2.00
2026-05-16,VARIANTE,Leche Aparte,1,1,3.00
2026-05-16,VARIANTE,Lechero,1,1,5.00
2026-05-16,VARIANTE,Mantequilla,2,2,6.00
2026-05-16,VARIANTE,Mermelada de Fresa,1,1,2.00
2026-05-16,VARIANTE,Normal,2,2,37.00
2026-05-16,VARIANTE,Pan Grande Pieza,1,1,5.00
2026-05-17,EXTRA,Bistec (1 pza.),3,3,5.00
2026-05-17,EXTRA,Doble Guiso,1,1,2.00
2026-05-17,EXTRA,Frijoles,3,3,6.00
2026-05-17,EXTRA,Huevo Estrellado Cocido (2 pzas.),5,5,5.00
2026-05-17,EXTRA,Huevo Estrellado Medio (2 pzas.),1,1,1.00
2026-05-17,EXTRA,Huevo Revuelto (2 pzas.),5,5,5.00
2026-05-17,EXTRA,Huevo Revuelto (p/relleno),2,2,2.00
2026-05-17,EXTRA,Queso,10,5,5.00
2026-05-17,EXTRA,Queso Extra Pieza,2,1,1.00
2026-05-17,EXTRA,Relleno de Guisados,4,4,4.00
2026-05-17,PETICION,Doradita,2,2,2.00
2026-05-17,PETICION,Escurrida,3,3,4.00
2026-05-17,PETICION,Poca Lechuga,1,1,1.00
2026-05-17,PETICION,Sin Aguacate,3,3,3.00
2026-05-17,PETICION,Sin Crema,10,10,10.00
2026-05-17,PETICION,Sin Frijoles,1,1,1.00
2026-05-17,PETICION,Sin Lechuga,3,3,3.00
2026-05-17,PETICION,Sin Queso,2,2,2.00
2026-05-17,PETICION,Sin Tomate,3,3,3.00
2026-05-17,PETICION,Sin Verduras,2,2,2.00
2026-05-17,PETICION,Verdura Aparte,1,1,1.00
2026-05-17,VARIANTE,Coca Cola,2,2,17.00
2026-05-17,VARIANTE,Coca Cola Sin Azúcar,2,2,3.00
2026-05-17,VARIANTE,Coca Light,1,1,3.00
2026-05-17,VARIANTE,Crema,1,1,1.00
2026-05-17,VARIANTE,Delaware,1,1,1.00
2026-05-17,VARIANTE,Escuis Fresa,1,1,2.00
2026-05-17,VARIANTE,Fanta,1,1,1.00
2026-05-17,VARIANTE,Leche Aparte,1,1,4.00
2026-05-17,VARIANTE,Lechera,1,1,2.00
2026-05-17,VARIANTE,Lechero,1,1,4.00
2026-05-17,VARIANTE,Mantequilla,1,1,10.00
2026-05-17,VARIANTE,Natural,1,1,1.00
2026-05-17,VARIANTE,Normal,2,2,54.00
2026-05-17,VARIANTE,Pan Grande Pieza,1,1,10.00
2026-05-17,VARIANTE,Poca leche,1,1,2.00
2026-05-17,VARIANTE,Sprite,1,1,1.00
2026-05-17,VARIANTE,Valle Frut,1,1,1.00
2026-05-18,EXTRA,Bistec (1 pza.),3,3,3.00
2026-05-18,EXTRA,Frijoles,3,3,3.00
2026-05-18,EXTRA,Huevo Estrellado Cocido (2 pzas.),1,1,1.00
2026-05-18,EXTRA,Huevo Estrellado Medio (2 pzas.),1,1,1.00
2026-05-18,EXTRA,Huevo Estrellado Tierno (2 pzas.),1,1,1.00
2026-05-18,EXTRA,Huevo Revuelto (2 pzas.),3,3,4.00
2026-05-18,EXTRA,Huevo Revuelto (p/relleno),3,3,3.00
2026-05-18,EXTRA,Queso,7,3,3.00
2026-05-18,EXTRA,Relleno de Guisados,1,1,1.00
2026-05-18,PETICION,Doradita,1,1,1.00
2026-05-18,PETICION,En dos platos,1,1,1.00
2026-05-18,PETICION,Sin Crema,5,5,5.00
2026-05-18,PETICION,Sin Lechuga,1,1,1.00
2026-05-18,PETICION,Sin Verduras,1,1,1.00
2026-05-18,VARIANTE,Coca Cola,2,2,8.00
2026-05-18,VARIANTE,Coca Cola Sin Azúcar,2,2,7.00
2026-05-18,VARIANTE,Coca Light,1,1,1.00
2026-05-18,VARIANTE,Diluido con Agua,1,1,1.00
2026-05-18,VARIANTE,Escuis Piña,1,1,1.00
2026-05-18,VARIANTE,Mantequilla,1,1,4.00
2026-05-18,VARIANTE,Normal,2,2,32.00
2026-05-18,VARIANTE,Pan Grande Pieza,1,1,4.00
2026-05-18,VARIANTE,Poca leche,1,1,2.00
2026-05-19,EXTRA,Bistec (1 pza.),2,2,2.00
2026-05-19,EXTRA,Huevo Estrellado Cocido (2 pzas.),2,2,2.00
2026-05-19,EXTRA,Huevo Revuelto (2 pzas.),1,1,1.00
2026-05-19,EXTRA,Huevo Revuelto (p/relleno),1,1,1.00
2026-05-19,EXTRA,Pieza Tortilla de Maíz,4,1,1.00
2026-05-19,EXTRA,Relleno de Guisados,3,3,3.00
2026-05-19,PETICION,Escurrida,1,1,4.00
2026-05-19,PETICION,Frijoles Aparte,3,3,3.00
2026-05-19,PETICION,Poca Lechuga,2,2,2.00
2026-05-19,PETICION,Sin Crema,5,5,5.00
2026-05-19,PETICION,Sin Frijoles,1,1,1.00
2026-05-19,PETICION,Sin Lechuga,2,2,2.00
2026-05-19,PETICION,Sin Tomate,1,1,1.00
2026-05-19,PETICION,Sin Verduras,1,1,1.00
2026-05-19,PETICION,Verdura Aparte,2,2,2.00
2026-05-19,VARIANTE,Coca Cola,1,1,2.00
2026-05-19,VARIANTE,Coca Cola Sin Azúcar,1,1,3.00
2026-05-19,VARIANTE,Coca Light,1,1,7.00
2026-05-19,VARIANTE,Escuis Hierro,1,1,1.00
2026-05-19,VARIANTE,Lechero,1,1,1.00
2026-05-19,VARIANTE,Mantequilla,2,2,5.00
2026-05-19,VARIANTE,Mermelada de Fresa,1,1,1.00
2026-05-19,VARIANTE,Normal,2,2,28.00
2026-05-19,VARIANTE,Pan Grande Pieza,1,1,3.00
2026-05-20,EXTRA,Bistec (1 pza.),3,3,3.00
2026-05-20,EXTRA,Doble Guiso,2,2,4.00
2026-05-20,EXTRA,Huevo Estrellado Tierno (2 pzas.),2,2,2.00
2026-05-20,EXTRA,Huevo Revuelto (2 pzas.),1,1,2.00
2026-05-20,EXTRA,Huevo Revuelto (p/relleno),1,1,1.00
2026-05-20,EXTRA,Queso,3,3,3.00
2026-05-20,EXTRA,Relleno de Guisados,4,4,4.00
2026-05-20,PETICION,Sin Aguacate,2,2,2.00
2026-05-20,PETICION,Sin Crema,6,6,6.00
2026-05-20,PETICION,Sin Frijoles,2,2,2.00
2026-05-20,PETICION,Sin Tomate,1,1,1.00
2026-05-20,VARIANTE,Coca Cola,2,2,4.00
2026-05-20,VARIANTE,Coca Cola Sin Azúcar,1,1,4.00
2026-05-20,VARIANTE,Coca Light,1,1,2.00
2026-05-20,VARIANTE,Leche Aparte,1,1,1.00
2026-05-20,VARIANTE,Lechero,1,1,1.00
2026-05-20,VARIANTE,Mantequilla,1,1,3.00
2026-05-20,VARIANTE,Natural,1,1,1.00
2026-05-20,VARIANTE,Normal,2,2,34.00
2026-05-20,VARIANTE,Pan Grande Pieza,1,1,5.00
2026-05-20,VARIANTE,Poca leche,1,1,1.00
2026-05-21,EXTRA,Bistec (1 pza.),5,5,5.00
2026-05-21,EXTRA,Huevo Estrellado Ciego (2 pzas.),2,2,3.00
2026-05-21,EXTRA,Huevo Estrellado Cocido (2 pzas.),1,1,1.00
2026-05-21,EXTRA,Huevo Estrellado Medio (2 pzas.),1,1,1.00
2026-05-21,EXTRA,Huevo Revuelto (2 pzas.),2,2,2.00
2026-05-21,EXTRA,Huevo Revuelto (p/relleno),2,2,2.00
2026-05-21,EXTRA,Pieza Tortilla de Maíz,6,2,2.00
2026-05-21,EXTRA,Queso,2,1,1.00
2026-05-21,EXTRA,Relleno de Guisados,1,1,1.00
2026-05-21,PETICION,Doradita,1,1,1.00
2026-05-21,PETICION,En dos platos,1,1,1.00
2026-05-21,PETICION,Frijoles Aparte,1,1,1.00
2026-05-21,PETICION,Poca Lechuga,1,1,1.00
2026-05-21,PETICION,Sin Crema,5,5,6.00
2026-05-21,PETICION,Sin Frijoles,3,3,3.00
2026-05-21,PETICION,Sin Lechuga,1,1,1.00
2026-05-21,PETICION,Sin Tomate,1,1,1.00
2026-05-21,PETICION,Sin Verduras,2,2,2.00
2026-05-21,PETICION,Verdura Aparte,1,1,1.00
2026-05-21,VARIANTE,Coca Cola,2,2,6.00
2026-05-21,VARIANTE,Coca Cola Sin Azúcar,2,2,10.00
2026-05-21,VARIANTE,Coca Light,1,1,2.00
2026-05-21,VARIANTE,Cocido,1,1,1.00
2026-05-21,VARIANTE,Crema,1,1,2.00
2026-05-21,VARIANTE,Lechero,1,1,2.00
2026-05-21,VARIANTE,Mantequilla,1,1,6.00
2026-05-21,VARIANTE,Medio,1,1,1.00
2026-05-21,VARIANTE,Normal,2,2,49.00
2026-05-21,VARIANTE,Pan Grande Pieza,1,1,1.00
2026-05-21,VARIANTE,Valle Frut,1,1,2.00
2026-05-22,EXTRA,Bistec (1 pza.),5,5,6.00
2026-05-22,EXTRA,Frijoles,1,1,1.00
2026-05-22,EXTRA,Huevo Estrellado Cocido (2 pzas.),1,1,1.00
2026-05-22,EXTRA,Huevo Estrellado Medio (2 pzas.),2,2,3.00
2026-05-22,EXTRA,Huevo Estrellado Tierno (2 pzas.),2,2,2.00
2026-05-22,EXTRA,Huevo Revuelto (2 pzas.),3,3,4.00
2026-05-22,EXTRA,Huevo Revuelto (p/relleno),1,1,1.00
2026-05-22,EXTRA,Pieza Tortilla de Maíz,4,1,1.00
2026-05-22,EXTRA,Queso,3,1,1.00
2026-05-22,EXTRA,Relleno de Guisados,1,1,1.00
2026-05-22,PETICION,Doradita,1,1,6.00
2026-05-22,PETICION,En dos platos,1,1,1.00
2026-05-22,PETICION,Escurrida,5,3,10.00
2026-05-22,PETICION,Sin Crema,5,5,6.00
2026-05-22,PETICION,Sin Frijoles,2,2,2.00
2026-05-22,PETICION,Sin Lechuga,1,1,1.00
2026-05-22,PETICION,Sin Verduras,1,1,1.00
2026-05-22,VARIANTE,Coca Cola,2,2,11.00
2026-05-22,VARIANTE,Coca Cola Sin Azúcar,2,2,5.00
2026-05-22,VARIANTE,Coca Light,1,1,6.00
2026-05-22,VARIANTE,Delaware,1,1,1.00
2026-05-22,VARIANTE,Escuis Manzana,1,1,2.00
2026-05-22,VARIANTE,Escuis Piña,1,1,1.00
2026-05-22,VARIANTE,Leche Aparte,1,1,1.00
2026-05-22,VARIANTE,Lechera,1,1,1.00
2026-05-22,VARIANTE,Mantequilla,1,1,2.00
2026-05-22,VARIANTE,Normal,2,2,46.00
2026-05-22,VARIANTE,Pan Grande Pieza,1,1,1.00
2026-05-22,VARIANTE,Poca leche,1,1,2.00
2026-05-23,EXTRA,Bistec (1 pza.),4,4,4.00
2026-05-23,EXTRA,Doble Guiso,1,1,1.00
2026-05-23,EXTRA,Huevo Estrellado Ciego (2 pzas.),1,1,1.00
2026-05-23,EXTRA,Huevo Estrellado Cocido (2 pzas.),4,4,4.00
2026-05-23,EXTRA,Huevo Estrellado Tierno (2 pzas.),1,1,1.00
2026-05-23,EXTRA,Huevo Revuelto (2 pzas.),2,2,2.00
2026-05-23,EXTRA,Huevo Revuelto (p/relleno),1,1,1.00
2026-05-23,EXTRA,Queso,2,1,1.00
2026-05-23,EXTRA,Relleno de Guisados,5,4,4.00
2026-05-23,PETICION,Doradita,1,1,1.00
2026-05-23,PETICION,En dos platos,1,1,1.00
2026-05-23,PETICION,Escurrida,9,7,22.00
2026-05-23,PETICION,Poca Lechuga,1,1,1.00
2026-05-23,PETICION,Sin Aguacate,5,5,6.00
2026-05-23,PETICION,Sin Crema,7,7,8.00
2026-05-23,PETICION,Sin Frijoles,2,2,3.00
2026-05-23,PETICION,Sin Lechuga,1,1,1.00
2026-05-23,PETICION,Sin Queso,2,2,2.00
2026-05-23,PETICION,Sin Tomate,1,1,1.00
2026-05-23,VARIANTE,Coca Cola,2,2,10.00
2026-05-23,VARIANTE,Coca Cola Sin Azúcar,2,2,4.00
2026-05-23,VARIANTE,Coca Light,1,1,2.00
2026-05-23,VARIANTE,Escuis Manzana,1,1,3.00
2026-05-23,VARIANTE,Leche Aparte,1,1,1.00
2026-05-23,VARIANTE,Lechero,1,1,1.00
2026-05-23,VARIANTE,Mantequilla,1,1,9.00
2026-05-23,VARIANTE,Normal,2,2,56.00
2026-05-23,VARIANTE,Pan Grande Pieza,1,1,6.00
2026-05-23,VARIANTE,Valle Frut,1,1,2.00
2026-05-24,EXTRA,Bistec (1 pza.),9,9,9.00
2026-05-24,EXTRA,Frijoles,1,1,2.00
2026-05-24,EXTRA,Huevo Estrellado Ciego (2 pzas.),1,1,1.00
2026-05-24,EXTRA,Huevo Estrellado Cocido (2 pzas.),2,2,3.00
2026-05-24,EXTRA,Huevo Estrellado Medio (2 pzas.),2,2,2.00
2026-05-24,EXTRA,Huevo Estrellado Tierno (2 pzas.),2,2,2.00
2026-05-24,EXTRA,Huevo Revuelto (2 pzas.),8,8,10.00
2026-05-24,EXTRA,Huevo Revuelto (p/relleno),1,1,1.00
2026-05-24,EXTRA,Queso,6,4,4.00
2026-05-24,EXTRA,Relleno de Guisados,5,5,6.00
2026-05-24,PETICION,Doradita,2,2,2.00
2026-05-24,PETICION,En dos platos,1,1,1.00
2026-05-24,PETICION,Escurrida,2,2,2.00
2026-05-24,PETICION,Frijoles Aparte,1,1,1.00
2026-05-24,PETICION,Poca Lechuga,2,2,2.00
2026-05-24,PETICION,Sin Aguacate,7,7,7.00
2026-05-24,PETICION,Sin Crema,14,14,15.00
2026-05-24,PETICION,Sin Frijoles,1,1,1.00
2026-05-24,PETICION,Sin Lechuga,3,3,3.00
2026-05-24,PETICION,Sin Queso,1,1,1.00
2026-05-24,PETICION,Sin Tomate,4,4,4.00
2026-05-24,PETICION,Sin Verduras,2,2,2.00
2026-05-24,PETICION,Verdura Aparte,1,1,1.00
2026-05-24,VARIANTE,Coca Cola,2,2,17.00
2026-05-24,VARIANTE,Coca Cola Sin Azúcar,1,1,4.00
2026-05-24,VARIANTE,Coca Light,1,1,1.00
2026-05-24,VARIANTE,Crema,2,2,2.00
2026-05-24,VARIANTE,Diluido con Agua,1,1,1.00
2026-05-24,VARIANTE,Escuis Fresa,1,1,2.00
2026-05-24,VARIANTE,Fanta,1,1,1.00
2026-05-24,VARIANTE,Fresca,1,1,1.00
2026-05-24,VARIANTE,Lechera,3,3,5.00
2026-05-24,VARIANTE,Mantequilla,1,1,13.00
2026-05-24,VARIANTE,Mermelada de Fresa,1,1,1.00
2026-05-24,VARIANTE,Migada Delgada,2,1,2.00
2026-05-24,VARIANTE,Natural,1,1,1.00
2026-05-24,VARIANTE,Normal,2,2,61.00
2026-05-24,VARIANTE,Pan Grande Pieza,1,1,8.00
2026-05-24,VARIANTE,Sprite,1,1,2.00
2026-05-25,EXTRA,Bistec (1 pza.),5,5,5.00
2026-05-25,EXTRA,Doble Guiso,1,1,1.00
2026-05-25,EXTRA,Huevo Estrellado Cocido (2 pzas.),4,4,4.00
2026-05-25,EXTRA,Pieza Tortilla de Maíz,4,1,2.00
2026-05-25,EXTRA,Queso Extra Pieza,1,1,1.00
2026-05-25,EXTRA,Relleno de Guisados,6,6,6.00
2026-05-25,PETICION,En dos platos,1,1,1.00
2026-05-25,PETICION,Escurrida,1,1,7.00
2026-05-25,PETICION,Frijoles Aparte,1,1,1.00
2026-05-25,PETICION,Poca Lechuga,1,1,1.00
2026-05-25,PETICION,Sin Aguacate,1,1,1.00
2026-05-25,PETICION,Sin Crema,6,6,6.00
2026-05-25,PETICION,Sin Frijoles,2,2,2.00
2026-05-25,PETICION,Sin Tomate,1,1,1.00
2026-05-25,PETICION,Sin Verduras,3,3,3.00
2026-05-25,VARIANTE,Ciego,1,1,1.00
2026-05-25,VARIANTE,Coca Cola,2,2,8.00
2026-05-25,VARIANTE,Coca Cola Sin Azúcar,1,1,8.00
2026-05-25,VARIANTE,Coca Light,1,1,1.00
2026-05-25,VARIANTE,Crema,1,1,1.00
2026-05-25,VARIANTE,Escuis Manzana,1,1,1.00
2026-05-25,VARIANTE,Escuis Piña,1,1,2.00
2026-05-25,VARIANTE,Lechera,1,1,1.00
2026-05-25,VARIANTE,Lechero,1,1,2.00
2026-05-25,VARIANTE,Mantequilla,1,1,6.00
2026-05-25,VARIANTE,Naturales,1,1,1.00
2026-05-25,VARIANTE,Normal,2,2,51.00
2026-05-25,VARIANTE,Pan Grande Pieza,1,1,1.00
2026-05-25,VARIANTE,Poca leche,1,1,2.00
2026-05-26,EXTRA,Bistec (1 pza.),4,4,4.00
2026-05-26,EXTRA,Frijoles,1,1,3.00
2026-05-26,EXTRA,Huevo Estrellado Cocido (2 pzas.),1,1,1.00
2026-05-26,EXTRA,Huevo Estrellado Medio (2 pzas.),1,1,2.00
2026-05-26,EXTRA,Huevo Estrellado Tierno (2 pzas.),1,1,1.00
2026-05-26,EXTRA,Huevo Revuelto (p/relleno),1,1,1.00
2026-05-26,EXTRA,Queso Extra Pieza,2,1,1.00
2026-05-26,PETICION,En dos platos,1,1,1.00
2026-05-26,PETICION,Sin Crema,2,2,3.00
2026-05-26,PETICION,Sin Queso,1,1,1.00
2026-05-26,PETICION,Sin Tomate,1,1,1.00
2026-05-26,PETICION,Verdura Aparte,1,1,1.00
2026-05-26,VARIANTE,Coca Cola,2,2,8.00
2026-05-26,VARIANTE,Coca Cola Sin Azúcar,2,2,9.00
2026-05-26,VARIANTE,Delaware,1,1,1.00
2026-05-26,VARIANTE,Escuis Hierro,1,1,1.00
2026-05-26,VARIANTE,Escuis Manzana,1,1,2.00
2026-05-26,VARIANTE,Leche Aparte,1,1,1.00
2026-05-26,VARIANTE,Lechero,1,1,3.00
2026-05-26,VARIANTE,Mantequilla,1,1,2.00
2026-05-26,VARIANTE,Normal,2,2,26.00
2026-05-26,VARIANTE,Pan Grande Pieza,1,1,3.00
2026-05-26,VARIANTE,Poca leche,1,1,1.00
2026-05-27,EXTRA,Bistec (1 pza.),4,4,5.00
2026-05-27,EXTRA,Frijoles,2,2,3.00
2026-05-27,EXTRA,Huevo Estrellado Ciego (2 pzas.),1,1,1.00
2026-05-27,EXTRA,Huevo Estrellado Cocido (2 pzas.),1,1,1.00
2026-05-27,EXTRA,Huevo Estrellado Medio (2 pzas.),1,1,1.00
2026-05-27,EXTRA,Huevo Estrellado Tierno (2 pzas.),1,1,1.00
2026-05-27,EXTRA,Huevo Revuelto (2 pzas.),2,2,2.00
2026-05-27,EXTRA,Pieza Tortilla de Maíz,4,1,1.00
2026-05-27,EXTRA,Queso,6,3,3.00
2026-05-27,EXTRA,Queso Extra Pieza,2,1,1.00
2026-05-27,EXTRA,Relleno de Guisados,4,4,4.00
2026-05-27,PETICION,Doradita,1,1,1.00
2026-05-27,PETICION,Escurrida,1,1,1.00
2026-05-27,PETICION,Sin Crema,7,7,7.00
2026-05-27,PETICION,Sin Frijoles,1,1,1.00
2026-05-27,PETICION,Sin Lechuga,3,3,3.00
2026-05-27,PETICION,Sin Queso,2,2,2.00
2026-05-27,PETICION,Sin Tomate,2,2,2.00
2026-05-27,PETICION,Verdura Aparte,2,2,2.00
2026-05-27,VARIANTE,Coca Cola,1,1,3.00
2026-05-27,VARIANTE,Coca Cola Sin Azúcar,2,2,6.00
2026-05-27,VARIANTE,Fanta,1,1,1.00
2026-05-27,VARIANTE,Lechero,1,1,1.00
2026-05-27,VARIANTE,Mantequilla,1,1,4.00
2026-05-27,VARIANTE,Normal,2,2,30.00
2026-05-27,VARIANTE,Pan Grande Pieza,1,1,2.00
2026-05-27,VARIANTE,Poca leche,1,1,3.00
2026-05-28,EXTRA,Bistec (1 pza.),3,3,3.00
2026-05-28,EXTRA,Frijoles,2,2,4.00
2026-05-28,EXTRA,Huevo Estrellado Medio (2 pzas.),2,2,2.00
2026-05-28,EXTRA,Huevo Estrellado Tierno (2 pzas.),1,1,1.00
2026-05-28,EXTRA,Huevo Revuelto (2 pzas.),2,2,2.00
2026-05-28,EXTRA,Huevo Revuelto (p/relleno),1,1,2.00
2026-05-28,EXTRA,Pieza Tortilla de Harina,3,1,1.00
2026-05-28,EXTRA,Pieza Tortilla de Maíz,10,3,4.00
2026-05-28,EXTRA,Queso,3,2,2.00
2026-05-28,EXTRA,Queso Extra Pieza,7,4,4.00
2026-05-28,EXTRA,Relleno de Guisados,1,1,1.00
2026-05-28,PETICION,Doradita,2,2,4.00
2026-05-28,PETICION,Poca Lechuga,1,1,2.00
2026-05-28,PETICION,Sin Aguacate,1,1,1.00
2026-05-28,PETICION,Sin Crema,1,1,1.00
2026-05-28,PETICION,Sin Lechuga,1,1,1.00
2026-05-28,PETICION,Sin Tomate,3,3,3.00
2026-05-28,VARIANTE,Coca Cola,2,2,6.00
2026-05-28,VARIANTE,Coca Cola Sin Azúcar,2,2,4.00
2026-05-28,VARIANTE,Mantequilla,1,1,3.00
2026-05-28,VARIANTE,Normal,2,2,40.00
2026-05-28,VARIANTE,Valle Frut,1,1,3.00
2026-05-29,EXTRA,Bistec (1 pza.),2,2,3.00
2026-05-29,EXTRA,Huevo Estrellado Medio (2 pzas.),2,2,2.00
2026-05-29,EXTRA,Huevo Estrellado Tierno (2 pzas.),1,1,1.00
2026-05-29,EXTRA,Huevo Revuelto (2 pzas.),3,3,3.00
2026-05-29,EXTRA,Queso,4,3,3.00
2026-05-29,EXTRA,Relleno de Guisados,1,1,1.00
2026-05-29,PETICION,Poca Lechuga,3,3,3.00
2026-05-29,PETICION,Sin Aguacate,1,1,1.00
2026-05-29,PETICION,Sin Crema,6,6,6.00
2026-05-29,PETICION,Sin Frijoles,2,2,2.00
2026-05-29,PETICION,Sin Lechuga,2,2,2.00
2026-05-29,PETICION,Sin Queso,1,1,1.00
2026-05-29,PETICION,Sin Tomate,5,5,5.00
2026-05-29,VARIANTE,Coca Cola,2,2,22.00
2026-05-29,VARIANTE,Coca Cola Sin Azúcar,2,2,4.00
2026-05-29,VARIANTE,Coca Light,1,1,1.00
2026-05-29,VARIANTE,Escuis Fresa,1,1,1.00
2026-05-29,VARIANTE,Escuis Manzana,1,1,3.00
2026-05-29,VARIANTE,Escuis Piña,1,1,1.00
2026-05-29,VARIANTE,Leche Aparte,1,1,1.00
2026-05-29,VARIANTE,Lechero,1,1,1.00
2026-05-29,VARIANTE,Mantequilla,1,1,4.00
2026-05-29,VARIANTE,Normal,2,2,53.00
2026-05-29,VARIANTE,Pan Grande Pieza,1,1,1.00
2026-05-29,VARIANTE,Poca leche,1,1,1.00
2026-05-30,EXTRA,Bistec (1 pza.),8,8,8.00
2026-05-30,EXTRA,Frijoles,3,3,3.00
2026-05-30,EXTRA,Huevo Estrellado Cocido (2 pzas.),2,2,2.00
2026-05-30,EXTRA,Huevo Estrellado Tierno (2 pzas.),1,1,1.00
2026-05-30,EXTRA,Huevo Revuelto (2 pzas.),2,2,2.00
2026-05-30,EXTRA,Pieza Tortilla de Maíz,4,1,2.00
2026-05-30,EXTRA,Queso,2,1,1.00
2026-05-30,EXTRA,Relleno de Guisados,4,4,4.00
2026-05-30,PETICION,Poca Lechuga,2,2,2.00
2026-05-30,PETICION,Poco Frijol,1,1,1.00
2026-05-30,PETICION,Sin Aguacate,4,4,4.00
2026-05-30,PETICION,Sin Crema,10,10,10.00
2026-05-30,PETICION,Sin Frijoles,5,5,5.00
2026-05-30,PETICION,Sin Lechuga,2,2,2.00
2026-05-30,PETICION,Sin Queso,1,1,1.00
2026-05-30,PETICION,Sin Tomate,2,2,2.00
2026-05-30,PETICION,Sin Verduras,4,4,4.00
2026-05-30,VARIANTE,Coca Cola,2,2,19.00
2026-05-30,VARIANTE,Coca Cola Sin Azúcar,2,2,9.00
2026-05-30,VARIANTE,Delaware,1,1,2.00
2026-05-30,VARIANTE,Escuis Manzana,1,1,1.00
2026-05-30,VARIANTE,Escuis Piña,1,1,1.00
2026-05-30,VARIANTE,Lechera,1,1,1.00
2026-05-30,VARIANTE,Lechero,1,1,1.00
2026-05-30,VARIANTE,Mantequilla,3,2,4.00
2026-05-30,VARIANTE,Naturales,2,2,2.00
2026-05-30,VARIANTE,Normal,2,2,40.00
2026-05-30,VARIANTE,Pan Grande Pieza,1,1,10.00
2026-05-30,VARIANTE,Poca leche,1,1,2.00
2026-05-30,VARIANTE,Valle Frut,1,1,1.00
2026-05-31,EXTRA,Bistec (1 pza.),9,9,9.00
2026-05-31,EXTRA,Doble Guiso,1,1,1.00
2026-05-31,EXTRA,Frijoles,3,3,9.00
2026-05-31,EXTRA,Huevo Estrellado Cocido (2 pzas.),4,4,4.00
2026-05-31,EXTRA,Huevo Estrellado Medio (2 pzas.),2,2,2.00
2026-05-31,EXTRA,Huevo Estrellado Tierno (2 pzas.),2,2,2.00
2026-05-31,EXTRA,Huevo Revuelto (2 pzas.),7,7,7.00
2026-05-31,EXTRA,Huevo Revuelto (p/relleno),2,2,2.00
2026-05-31,EXTRA,Pieza Tortilla de Maíz,4,1,1.00
2026-05-31,EXTRA,Queso,6,4,4.00
2026-05-31,EXTRA,Relleno de Guisados,4,4,4.00
2026-05-31,PETICION,Doradita,2,2,2.00
2026-05-31,PETICION,En dos platos,1,1,1.00
2026-05-31,PETICION,Escurrida,3,3,3.00
2026-05-31,PETICION,Poca Lechuga,1,1,1.00
2026-05-31,PETICION,Sin Aguacate,7,7,7.00
2026-05-31,PETICION,Sin Crema,11,11,14.00
2026-05-31,PETICION,Sin Frijoles,1,1,1.00
2026-05-31,PETICION,Sin Lechuga,5,5,6.00
2026-05-31,PETICION,Sin Queso,2,2,2.00
2026-05-31,PETICION,Sin Tomate,5,5,5.00
2026-05-31,PETICION,Sin Verduras,1,1,1.00
2026-05-31,VARIANTE,Coca Cola,2,2,19.00
2026-05-31,VARIANTE,Coca Cola Sin Azúcar,2,2,7.00
2026-05-31,VARIANTE,Coca Light,1,1,4.00
2026-05-31,VARIANTE,Crema,2,2,2.00
2026-05-31,VARIANTE,Delaware,1,1,2.00
2026-05-31,VARIANTE,Escuis Hierro,1,1,1.00
2026-05-31,VARIANTE,Leche Aparte,1,1,1.00
2026-05-31,VARIANTE,Lechero,1,1,3.00
2026-05-31,VARIANTE,Mantequilla,3,2,8.00
2026-05-31,VARIANTE,Natural,1,1,1.00
2026-05-31,VARIANTE,Normal,2,2,66.00
2026-05-31,VARIANTE,Pan Grande Pieza,1,1,10.00
2026-05-31,VARIANTE,Poca leche,1,1,1.00
2026-06-01,EXTRA,Bistec (1 pza.),10,10,11.00
2026-06-01,EXTRA,Frijoles,3,3,3.00
2026-06-01,EXTRA,Huevo Estrellado Medio (2 pzas.),3,3,4.00
2026-06-01,EXTRA,Huevo Estrellado Tierno (2 pzas.),2,2,3.00
2026-06-01,EXTRA,Huevo Revuelto (2 pzas.),3,3,3.00
2026-06-01,EXTRA,Huevo Revuelto (p/relleno),2,2,3.00
2026-06-01,EXTRA,Pieza Tortilla de Maíz,4,1,2.00
2026-06-01,EXTRA,Relleno de Guisados,2,2,2.00
2026-06-01,PETICION,Escurrida,2,2,3.00
2026-06-01,PETICION,Poca Lechuga,1,1,1.00
2026-06-01,PETICION,Sin Crema,2,2,2.00
2026-06-01,PETICION,Sin Frijoles,1,1,1.00
2026-06-01,PETICION,Sin Lechuga,1,1,1.00
2026-06-01,PETICION,Sin Tomate,1,1,1.00
2026-06-01,PETICION,Verdura Aparte,1,1,1.00
2026-06-01,VARIANTE,Coca Cola,2,2,11.00
2026-06-01,VARIANTE,Coca Cola Sin Azúcar,2,2,6.00
2026-06-01,VARIANTE,Escuis Piña,1,1,1.00
2026-06-01,VARIANTE,Lechera,1,1,1.00
2026-06-01,VARIANTE,Mantequilla,1,1,1.00
2026-06-01,VARIANTE,Normal,2,2,39.00
2026-06-01,VARIANTE,Pan Grande Pieza,1,1,1.00
2026-06-01,VARIANTE,Poca leche,1,1,2.00
2026-06-02,EXTRA,Bistec (1 pza.),6,6,6.00
2026-06-02,EXTRA,Frijoles,1,1,2.00
2026-06-02,EXTRA,Huevo Estrellado Ciego (2 pzas.),2,2,2.00
2026-06-02,EXTRA,Huevo Estrellado Cocido (2 pzas.),1,1,1.00
2026-06-02,EXTRA,Huevo Estrellado Medio (2 pzas.),2,2,2.00
2026-06-02,EXTRA,Huevo Revuelto (2 pzas.),1,1,1.00
2026-06-02,EXTRA,Huevo Revuelto (p/relleno),3,3,3.00
2026-06-02,EXTRA,Pieza Tortilla de Maíz,4,1,1.00
2026-06-02,EXTRA,Relleno de Guisados,5,5,5.00
2026-06-02,PETICION,Poca Lechuga,1,1,1.00
2026-06-02,PETICION,Sin Crema,7,7,7.00
2026-06-02,PETICION,Sin Frijoles,3,3,3.00
2026-06-02,PETICION,Sin Lechuga,1,1,1.00
2026-06-02,PETICION,Sin Queso,2,2,2.00
2026-06-02,PETICION,Sin Tomate,3,3,3.00
2026-06-02,PETICION,Sin Verduras,2,2,2.00
2026-06-02,VARIANTE,Coca Cola,1,1,5.00
2026-06-02,VARIANTE,Coca Cola Sin Azúcar,2,2,11.00
2026-06-02,VARIANTE,Coca Light,1,1,1.00
2026-06-02,VARIANTE,Crema,1,1,1.00
2026-06-02,VARIANTE,Leche Aparte,2,2,3.00
2026-06-02,VARIANTE,Lechera,1,1,1.00
2026-06-02,VARIANTE,Lechero,1,1,1.00
2026-06-02,VARIANTE,Mantequilla,1,1,3.00
2026-06-02,VARIANTE,Normal,2,2,44.00
2026-06-02,VARIANTE,Pan Grande Pieza,1,1,6.00
2026-06-02,VARIANTE,Poca leche,1,1,2.00
2026-06-02,VARIANTE,Sprite,1,1,1.00
2026-06-03,EXTRA,Bistec (1 pza.),2,2,3.00
2026-06-03,EXTRA,Frijoles,2,2,2.00
2026-06-03,EXTRA,Huevo Estrellado Cocido (2 pzas.),3,3,3.00
2026-06-03,EXTRA,Huevo Estrellado Medio (2 pzas.),3,3,3.00
2026-06-03,EXTRA,Huevo Estrellado Tierno (2 pzas.),1,1,1.00
2026-06-03,EXTRA,Huevo Revuelto (2 pzas.),2,2,2.00
2026-06-03,EXTRA,Queso,3,2,2.00
2026-06-03,EXTRA,Relleno de Guisados,1,1,1.00
2026-06-03,PETICION,Doradita,5,5,9.00
2026-06-03,PETICION,Frijoles Aparte,1,1,1.00
2026-06-03,PETICION,Sin Aguacate,1,1,1.00
2026-06-03,PETICION,Sin Crema,5,5,7.00
2026-06-03,PETICION,Sin Frijoles,1,1,1.00
2026-06-03,PETICION,Sin Lechuga,5,5,5.00
2026-06-03,PETICION,Sin Queso,2,1,1.00
2026-06-03,PETICION,Sin Tomate,3,3,3.00
2026-06-03,PETICION,Sin Verduras,2,2,2.00
2026-06-03,VARIANTE,Coca Cola,1,1,2.00
2026-06-03,VARIANTE,Coca Cola Sin Azúcar,1,1,2.00
2026-06-03,VARIANTE,Escuis Piña,1,1,1.00
2026-06-03,VARIANTE,Leche Aparte,1,1,2.00
2026-06-03,VARIANTE,Lechero,1,1,1.00
2026-06-03,VARIANTE,Mantequilla,1,1,2.00
2026-06-03,VARIANTE,Normal,2,2,34.00
2026-06-03,VARIANTE,Pan Grande Pieza,1,1,4.00
2026-06-03,VARIANTE,Poca leche,1,1,1.00
2026-06-04,EXTRA,Bistec (1 pza.),4,4,5.00
2026-06-04,EXTRA,Chorizo,1,1,1.00
2026-06-04,EXTRA,Frijoles,2,2,2.00
2026-06-04,EXTRA,Huevo Estrellado Cocido (2 pzas.),1,1,1.00
2026-06-04,EXTRA,Huevo Estrellado Medio (2 pzas.),1,1,1.00
2026-06-04,EXTRA,Huevo Estrellado Tierno (2 pzas.),2,2,2.00
2026-06-04,EXTRA,Pieza Tortilla de Maíz,8,2,2.00
2026-06-04,EXTRA,Queso,2,2,2.00
2026-06-04,PETICION,Doradita,2,2,2.00
2026-06-04,PETICION,Escurrida,2,2,5.00
2026-06-04,PETICION,Poca Lechuga,2,2,2.00
2026-06-04,PETICION,Sin Crema,6,6,6.00
2026-06-04,PETICION,Sin Frijoles,2,2,2.00
2026-06-04,PETICION,Sin Lechuga,1,1,1.00
2026-06-04,PETICION,Sin Queso,2,2,2.00
2026-06-04,PETICION,Sin Tomate,1,1,1.00
2026-06-04,VARIANTE,Coca Cola,2,2,10.00
2026-06-04,VARIANTE,Coca Cola Sin Azúcar,2,2,8.00
2026-06-04,VARIANTE,Crema,2,2,2.00
2026-06-04,VARIANTE,Escuis Hierro,1,1,1.00
2026-06-04,VARIANTE,Fresca,1,1,1.00
2026-06-04,VARIANTE,Lechera,2,2,2.00
2026-06-04,VARIANTE,Lechero,1,1,2.00
2026-06-04,VARIANTE,Mantequilla,1,1,4.00
2026-06-04,VARIANTE,Normal,2,2,46.00
2026-06-04,VARIANTE,Poca leche,1,1,2.00
2026-06-04,VARIANTE,Tierno,1,1,1.00
2026-06-05,EXTRA,Bistec (1 pza.),2,2,2.00
2026-06-05,EXTRA,Huevo Estrellado Cocido (2 pzas.),1,1,1.00
2026-06-05,EXTRA,Huevo Estrellado Medio (2 pzas.),1,1,1.00
2026-06-05,EXTRA,Huevo Estrellado Tierno (2 pzas.),2,2,2.00
2026-06-05,EXTRA,Huevo Revuelto (2 pzas.),3,3,3.00
2026-06-05,EXTRA,Huevo Revuelto (p/relleno),1,1,1.00
2026-06-05,EXTRA,Queso,3,2,2.00
2026-06-05,EXTRA,Relleno de Guisados,1,1,1.00
2026-06-05,PETICION,Doradita,5,5,6.00
2026-06-05,PETICION,En dos platos,2,2,2.00
2026-06-05,PETICION,Escurrida,3,3,8.00
2026-06-05,PETICION,Poca Lechuga,1,1,1.00
2026-06-05,PETICION,Poco Frijol,1,1,1.00
2026-06-05,PETICION,Sin Aguacate,1,1,1.00
2026-06-05,PETICION,Sin Crema,6,6,6.00
2026-06-05,PETICION,Sin Lechuga,1,1,1.00
2026-06-05,PETICION,Sin Tomate,2,2,2.00
2026-06-05,PETICION,Sin Verduras,2,2,2.00
2026-06-05,VARIANTE,Coca Cola,2,2,7.00
2026-06-05,VARIANTE,Coca Cola Sin Azúcar,1,1,2.00
2026-06-05,VARIANTE,Coca Light,1,1,1.00
2026-06-05,VARIANTE,Escuis Piña,1,1,1.00
2026-06-05,VARIANTE,Mantequilla,1,1,5.00
2026-06-05,VARIANTE,Normal,2,2,31.00
2026-06-05,VARIANTE,Pan Grande Pieza,1,1,4.00
2026-06-06,EXTRA,Bistec (1 pza.),7,7,8.00
2026-06-06,EXTRA,Frijoles,4,4,5.00
2026-06-06,EXTRA,Huevo Estrellado Cocido (2 pzas.),2,2,2.00
2026-06-06,EXTRA,Huevo Estrellado Medio (2 pzas.),1,1,2.00
2026-06-06,EXTRA,Huevo Revuelto (2 pzas.),2,2,2.00
2026-06-06,EXTRA,Huevo Revuelto (p/relleno),2,2,2.00
2026-06-06,EXTRA,Queso,2,2,3.00
2026-06-06,EXTRA,Relleno de Guisados,7,7,7.00
2026-06-06,PETICION,Escurrida,2,2,3.00
2026-06-06,PETICION,Poco Frijol,2,2,2.00
2026-06-06,PETICION,Sin Aguacate,3,3,3.00
2026-06-06,PETICION,Sin Crema,8,8,8.00
2026-06-06,PETICION,Sin Lechuga,2,2,2.00
2026-06-06,PETICION,Sin Tomate,6,6,6.00
2026-06-06,PETICION,Sin Verduras,3,3,3.00
2026-06-06,VARIANTE,Coca Cola,2,2,10.00
2026-06-06,VARIANTE,Coca Cola Sin Azúcar,1,1,5.00
2026-06-06,VARIANTE,Crema,1,1,2.00
2026-06-06,VARIANTE,Delaware,1,1,1.00
2026-06-06,VARIANTE,Escuis Fresa,1,1,1.00
2026-06-06,VARIANTE,Escuis Hierro,1,1,1.00
2026-06-06,VARIANTE,Escuis Manzana,1,1,1.00
2026-06-06,VARIANTE,Lechera,2,2,3.00
2026-06-06,VARIANTE,Lechero,1,1,3.00
2026-06-06,VARIANTE,Mantequilla,1,1,8.00
2026-06-06,VARIANTE,Normal,2,2,31.00
2026-06-06,VARIANTE,Poca leche,1,1,1.00
2026-06-06,VARIANTE,Valle Frut,1,1,1.00
2026-06-07,EXTRA,Bistec (1 pza.),8,8,11.00
2026-06-07,EXTRA,Doble Guiso,1,1,2.00
2026-06-07,EXTRA,Huevo Estrellado Medio (2 pzas.),2,2,2.00
2026-06-07,EXTRA,Huevo Revuelto (2 pzas.),4,4,5.00
2026-06-07,EXTRA,Huevo Revuelto (p/relleno),3,3,3.00
2026-06-07,EXTRA,Pieza Tortilla de Maíz,4,1,1.00
2026-06-07,EXTRA,Queso Extra Pieza,4,1,1.00
2026-06-07,EXTRA,Relleno de Guisados,3,3,3.00
2026-06-07,PETICION,En dos platos,2,2,2.00
2026-06-07,PETICION,Escurrida,8,8,26.00
2026-06-07,PETICION,Poca Lechuga,4,4,4.00
2026-06-07,PETICION,Poco Frijol,1,1,1.00
2026-06-07,PETICION,Sin Aguacate,1,1,1.00
2026-06-07,PETICION,Sin Crema,8,8,8.00
2026-06-07,PETICION,Sin Lechuga,3,3,3.00
2026-06-07,PETICION,Sin Tomate,4,4,4.00
2026-06-07,PETICION,Sin Verduras,2,2,2.00
2026-06-07,VARIANTE,Coca Cola,2,2,14.00
2026-06-07,VARIANTE,Coca Cola Sin Azúcar,2,2,6.00
2026-06-07,VARIANTE,Coca Light,1,1,3.00
2026-06-07,VARIANTE,Cocido,1,1,1.00
2026-06-07,VARIANTE,Crema,1,1,2.00
2026-06-07,VARIANTE,Delaware,1,1,3.00
2026-06-07,VARIANTE,Escuis Hierro,1,1,2.00
2026-06-07,VARIANTE,Escuis Manzana,1,1,1.00
2026-06-07,VARIANTE,Fresca,1,1,1.00
2026-06-07,VARIANTE,Leche Aparte,1,1,1.00
2026-06-07,VARIANTE,Lechera,1,1,2.00
2026-06-07,VARIANTE,Lechero,1,1,1.00
2026-06-07,VARIANTE,Mantequilla,1,1,7.00
2026-06-07,VARIANTE,Migada Delgada,1,1,1.00
2026-06-07,VARIANTE,Naturales,2,2,2.00
2026-06-07,VARIANTE,Normal,2,2,45.00
2026-06-07,VARIANTE,Poca leche,1,1,2.00
2026-06-07,VARIANTE,Sprite,1,1,1.00
2026-06-07,VARIANTE,Valle Frut,1,1,3.00
2026-06-08,EXTRA,Bistec (1 pza.),3,3,3.00
2026-06-08,EXTRA,Frijoles,4,4,4.00
2026-06-08,EXTRA,Huevo Estrellado Ciego (2 pzas.),1,1,1.00
2026-06-08,EXTRA,Huevo Estrellado Cocido (2 pzas.),1,1,1.00
2026-06-08,EXTRA,Huevo Estrellado Medio (2 pzas.),2,2,2.00
2026-06-08,EXTRA,Huevo Estrellado Tierno (2 pzas.),1,1,1.00
2026-06-08,EXTRA,Huevo Revuelto (2 pzas.),2,2,2.00
2026-06-08,EXTRA,Queso,2,2,2.00
2026-06-08,PETICION,Doradita,1,1,1.00
2026-06-08,PETICION,En dos platos,1,1,1.00
2026-06-08,PETICION,Escurrida,2,2,6.00
2026-06-08,PETICION,Frijoles Aparte,1,1,1.00
2026-06-08,PETICION,Sin Aguacate,2,2,2.00
2026-06-08,PETICION,Sin Crema,5,5,5.00
2026-06-08,PETICION,Sin Lechuga,1,1,1.00
2026-06-08,PETICION,Sin Queso,2,2,2.00
2026-06-08,PETICION,Sin Tomate,1,1,1.00
2026-06-08,PETICION,Sin Verduras,1,1,1.00
2026-06-08,VARIANTE,Coca Cola,1,1,5.00
2026-06-08,VARIANTE,Coca Cola Sin Azúcar,2,2,4.00
2026-06-08,VARIANTE,Coca Light,1,1,1.00
2026-06-08,VARIANTE,Crema,1,1,1.00
2026-06-08,VARIANTE,Diluido con Agua,1,1,4.00
2026-06-08,VARIANTE,Escuis Fresa,1,1,1.00
2026-06-08,VARIANTE,Leche Aparte,1,1,2.00
2026-06-08,VARIANTE,Lechera,1,1,1.00
2026-06-08,VARIANTE,Mantequilla,1,1,1.00
2026-06-08,VARIANTE,Migada Delgada,1,1,1.00
2026-06-08,VARIANTE,Normal,2,2,47.00
2026-06-08,VARIANTE,Poca leche,1,1,1.00
2026-06-09,EXTRA,Bistec (1 pza.),2,2,2.00
2026-06-09,EXTRA,Doble Guiso,3,3,3.00
2026-06-09,EXTRA,Huevo Estrellado Cocido (2 pzas.),4,4,4.00
2026-06-09,EXTRA,Huevo Estrellado Tierno (2 pzas.),1,1,1.00
2026-06-09,EXTRA,Huevo Revuelto (2 pzas.),2,2,2.00
2026-06-09,EXTRA,Huevo Revuelto (p/relleno),1,1,1.00
2026-06-09,EXTRA,Pieza Tortilla de Maíz,8,2,2.00
2026-06-09,EXTRA,Queso,7,5,5.00
2026-06-09,EXTRA,Relleno de Guisados,1,1,1.00
2026-06-09,PETICION,En dos platos,1,1,1.00
2026-06-09,PETICION,Escurrida,1,1,4.00
2026-06-09,PETICION,Sin Crema,4,4,5.00
2026-06-09,PETICION,Sin Frijoles,1,1,1.00
2026-06-09,PETICION,Sin Lechuga,1,1,1.00
2026-06-09,PETICION,Sin Tomate,1,1,1.00
2026-06-09,PETICION,Sin Verduras,1,1,1.00
2026-06-09,VARIANTE,Coca Cola,2,2,2.00
2026-06-09,VARIANTE,Coca Cola Sin Azúcar,2,2,6.00
2026-06-09,VARIANTE,Coca Light,1,1,3.00
2026-06-09,VARIANTE,Crema,1,1,1.00
2026-06-09,VARIANTE,Escuis Manzana,1,1,1.00
2026-06-09,VARIANTE,Escuis Piña,1,1,1.00
2026-06-09,VARIANTE,Fresca,1,1,1.00
2026-06-09,VARIANTE,Lechera,1,1,1.00
2026-06-09,VARIANTE,Lechero,1,1,1.00
2026-06-09,VARIANTE,Normal,2,2,34.00
2026-06-09,VARIANTE,Valle Frut,1,1,1.00
2026-06-10,EXTRA,Frijoles,1,1,1.00
2026-06-10,EXTRA,Huevo Estrellado Medio (2 pzas.),2,2,3.00
2026-06-10,EXTRA,Huevo Revuelto (2 pzas.),4,4,4.00
2026-06-10,EXTRA,Queso,2,2,2.00
2026-06-10,EXTRA,Relleno de Guisados,2,2,2.00
2026-06-10,PETICION,Escurrida,1,1,1.00
2026-06-10,PETICION,Frijoles Aparte,1,1,1.00
2026-06-10,PETICION,Poca Lechuga,2,2,2.00
2026-06-10,PETICION,Poco Frijol,1,1,1.00
2026-06-10,PETICION,Sin Aguacate,1,1,1.00
2026-06-10,PETICION,Sin Crema,11,11,11.00
2026-06-10,PETICION,Sin Lechuga,3,3,3.00
2026-06-10,PETICION,Sin Queso,1,1,1.00
2026-06-10,PETICION,Sin Tomate,2,2,2.00
2026-06-10,PETICION,Sin Verduras,1,1,1.00
2026-06-10,VARIANTE,Coca Cola,2,2,3.00
2026-06-10,VARIANTE,Coca Cola Sin Azúcar,2,2,5.00
2026-06-10,VARIANTE,Coca Light,1,1,1.00
2026-06-10,VARIANTE,Cocido,1,1,1.00
2026-06-10,VARIANTE,Lechero,1,1,1.00
2026-06-10,VARIANTE,Mantequilla,1,1,3.00
2026-06-10,VARIANTE,Normal,2,2,38.00
2026-06-10,VARIANTE,Poca leche,1,1,1.00
2026-06-11,EXTRA,Bistec (1 pza.),1,1,1.00
2026-06-11,EXTRA,Huevo Revuelto (2 pzas.),5,5,5.00
2026-06-11,EXTRA,Queso,2,1,1.00
2026-06-11,EXTRA,Relleno de Guisados,6,6,6.00
2026-06-11,PETICION,Doradita,3,3,4.00
2026-06-11,PETICION,En dos platos,1,1,1.00
2026-06-11,PETICION,Poca Lechuga,3,3,4.00
2026-06-11,PETICION,Sin Aguacate,3,3,3.00
2026-06-11,PETICION,Sin Crema,8,8,8.00
2026-06-11,PETICION,Sin Frijoles,1,1,1.00
2026-06-11,VARIANTE,Coca Cola,2,2,5.00
2026-06-11,VARIANTE,Coca Cola Sin Azúcar,1,1,2.00
2026-06-11,VARIANTE,Coca Light,1,1,1.00
2026-06-11,VARIANTE,Escuis Hierro,1,1,1.00
2026-06-11,VARIANTE,Escuis Piña,1,1,1.00
2026-06-11,VARIANTE,Leche Aparte,1,1,1.00
2026-06-11,VARIANTE,Mantequilla,1,1,2.00
2026-06-11,VARIANTE,Normal,2,2,23.00
2026-06-11,VARIANTE,Poca leche,1,1,1.00
2026-06-11,VARIANTE,Sprite,1,1,1.00
2026-06-12,EXTRA,Bistec (1 pza.),2,2,2.00
2026-06-12,EXTRA,Doble Guiso,1,1,1.00
2026-06-12,EXTRA,Huevo Estrellado Cocido (2 pzas.),1,1,1.00
2026-06-12,EXTRA,Huevo Estrellado Medio (2 pzas.),1,1,1.00
2026-06-12,EXTRA,Huevo Revuelto (2 pzas.),2,2,2.00
2026-06-12,EXTRA,Pieza Tortilla de Maíz,7,1,1.00
2026-06-12,PETICION,En dos platos,1,1,1.00
2026-06-12,PETICION,Escurrida,3,3,6.00
2026-06-12,PETICION,Poca Lechuga,2,2,2.00
2026-06-12,PETICION,Sin Aguacate,1,1,1.00
2026-06-12,PETICION,Sin Crema,6,6,6.00
2026-06-12,PETICION,Sin Lechuga,1,1,1.00
2026-06-12,PETICION,Sin Tomate,7,7,7.00
2026-06-12,PETICION,Verdura Aparte,1,1,1.00
2026-06-12,VARIANTE,Coca Cola,2,2,8.00
2026-06-12,VARIANTE,Coca Cola Sin Azúcar,2,2,8.00
2026-06-12,VARIANTE,Coca Light,1,1,2.00
2026-06-12,VARIANTE,Mantequilla,1,1,2.00
2026-06-12,VARIANTE,Natural,1,1,1.00
2026-06-12,VARIANTE,Normal,2,2,31.00
2026-06-13,EXTRA,Bistec (1 pza.),5,5,7.00
2026-06-13,EXTRA,Huevo Estrellado Cocido (2 pzas.),1,1,1.00
2026-06-13,EXTRA,Huevo Estrellado Medio (2 pzas.),4,4,4.00
2026-06-13,EXTRA,Huevo Estrellado Tierno (2 pzas.),1,1,1.00
2026-06-13,EXTRA,Huevo Revuelto (2 pzas.),2,2,2.00
2026-06-13,EXTRA,Huevo Revuelto (p/relleno),1,1,1.00
2026-06-13,EXTRA,Queso,8,4,4.00
2026-06-13,EXTRA,Queso Extra Pieza,2,1,1.00
2026-06-13,EXTRA,Relleno de Guisados,6,6,6.00
2026-06-13,PETICION,En dos platos,1,1,1.00
2026-06-13,PETICION,Escurrida,2,2,6.00
2026-06-13,PETICION,Frijoles Aparte,1,1,1.00
2026-06-13,PETICION,Poca Lechuga,1,1,1.00
2026-06-13,PETICION,Sin Aguacate,3,3,3.00
2026-06-13,PETICION,Sin Crema,7,7,7.00
2026-06-13,PETICION,Sin Frijoles,2,2,2.00
2026-06-13,PETICION,Sin Lechuga,1,1,1.00
2026-06-13,PETICION,Sin Queso,1,1,1.00
2026-06-13,PETICION,Sin Tomate,5,5,5.00
2026-06-13,PETICION,Sin Verduras,1,1,1.00
2026-06-13,VARIANTE,Coca Cola,2,2,12.00
2026-06-13,VARIANTE,Coca Cola Sin Azúcar,2,2,5.00
2026-06-13,VARIANTE,Coca Light,1,1,4.00
2026-06-13,VARIANTE,Crema,1,1,1.00
2026-06-13,VARIANTE,Escuis Fresa,1,1,4.00
2026-06-13,VARIANTE,Leche Aparte,1,1,2.00
2026-06-13,VARIANTE,Lechera,1,1,1.00
2026-06-13,VARIANTE,Mantequilla,1,1,4.00
2026-06-13,VARIANTE,Migada Delgada,3,2,3.00
2026-06-13,VARIANTE,Normal,2,2,49.00
2026-06-13,VARIANTE,Poca leche,1,1,1.00
2026-06-14,EXTRA,Bistec (1 pza.),6,6,6.00
2026-06-14,EXTRA,Frijoles,1,1,4.00
2026-06-14,EXTRA,Huevo Estrellado Medio (2 pzas.),2,2,2.00
2026-06-14,EXTRA,Huevo Revuelto (2 pzas.),2,2,2.00
2026-06-14,EXTRA,Huevo Revuelto (p/relleno),4,4,4.00
2026-06-14,EXTRA,Pieza Tortilla de Maíz,4,1,1.00
2026-06-14,EXTRA,Queso,5,4,4.00
2026-06-14,EXTRA,Relleno de Guisados,4,4,4.00
2026-06-14,PETICION,Doradita,3,3,5.00
2026-06-14,PETICION,Escurrida,5,5,8.00
2026-06-14,PETICION,Poca Lechuga,2,2,2.00
2026-06-14,PETICION,Sin Aguacate,3,3,3.00
2026-06-14,PETICION,Sin Crema,9,9,9.00
2026-06-14,PETICION,Sin Frijoles,1,1,1.00
2026-06-14,PETICION,Sin Lechuga,4,4,4.00
2026-06-14,PETICION,Sin Tomate,5,5,5.00
2026-06-14,PETICION,Sin Verduras,1,1,2.00
2026-06-14,PETICION,Verdura Aparte,1,1,1.00
2026-06-14,VARIANTE,Coca Cola,2,2,11.00
2026-06-14,VARIANTE,Coca Cola Sin Azúcar,1,1,4.00
2026-06-14,VARIANTE,Coca Light,1,1,1.00
2026-06-14,VARIANTE,Crema,3,3,4.00
2026-06-14,VARIANTE,Escuis Manzana,1,1,1.00
2026-06-14,VARIANTE,Lechera,2,2,3.00
2026-06-14,VARIANTE,Lechero,1,1,1.00
2026-06-14,VARIANTE,Mantequilla,1,1,7.00
2026-06-14,VARIANTE,Migada Delgada,1,1,1.00
2026-06-14,VARIANTE,Normal,2,2,58.00
2026-06-14,VARIANTE,Valle Frut,1,1,1.00
2026-06-15,EXTRA,Bistec (1 pza.),3,3,3.00
2026-06-15,EXTRA,Frijoles,5,5,9.00
2026-06-15,EXTRA,Huevo Estrellado Cocido (2 pzas.),1,1,1.00
2026-06-15,EXTRA,Huevo Revuelto (2 pzas.),1,1,1.00
2026-06-15,EXTRA,Huevo Revuelto (p/relleno),1,1,1.00
2026-06-15,EXTRA,Queso,2,2,2.00
2026-06-15,EXTRA,Relleno de Guisados,2,2,2.00
2026-06-15,PETICION,Escurrida,2,2,2.00
2026-06-15,PETICION,Sin Aguacate,1,1,1.00
2026-06-15,PETICION,Sin Crema,7,7,7.00
2026-06-15,PETICION,Sin Frijoles,2,2,3.00
2026-06-15,PETICION,Sin Lechuga,1,1,1.00
2026-06-15,PETICION,Sin Queso,1,1,1.00
2026-06-15,PETICION,Sin Tomate,1,1,1.00
2026-06-15,VARIANTE,Coca Cola,1,1,7.00
2026-06-15,VARIANTE,Coca Cola Sin Azúcar,2,2,3.00
2026-06-15,VARIANTE,Coca Light,1,1,1.00
2026-06-15,VARIANTE,Escuis Fresa,1,1,1.00
2026-06-15,VARIANTE,Leche Aparte,1,1,3.00
2026-06-15,VARIANTE,Mantequilla,1,1,1.00
2026-06-15,VARIANTE,Normal,2,2,61.00
2026-06-15,VARIANTE,Poca leche,1,1,2.00
2026-06-15,VARIANTE,Valle Frut,1,1,1.00
2026-06-16,EXTRA,Bistec (1 pza.),5,5,5.00
2026-06-16,EXTRA,Huevo Estrellado Cocido (2 pzas.),1,1,1.00
2026-06-16,EXTRA,Huevo Estrellado Tierno (2 pzas.),1,1,1.00
2026-06-16,EXTRA,Huevo Revuelto (2 pzas.),3,3,3.00
2026-06-16,EXTRA,Huevo Revuelto (p/relleno),1,1,1.00
2026-06-16,EXTRA,Queso,6,3,3.00
2026-06-16,EXTRA,Relleno de Guisados,3,3,5.00
2026-06-16,PETICION,En dos platos,1,1,1.00
2026-06-16,PETICION,Escurrida,1,1,1.00
2026-06-16,PETICION,Poca Lechuga,1,1,1.00
2026-06-16,PETICION,Poco Frijol,1,1,1.00
2026-06-16,PETICION,Sin Aguacate,1,1,1.00
2026-06-16,PETICION,Sin Crema,5,5,7.00
2026-06-16,PETICION,Sin Frijoles,2,2,2.00
2026-06-16,PETICION,Sin Queso,2,2,4.00
2026-06-16,PETICION,Sin Tomate,1,1,1.00
2026-06-16,PETICION,Sin Verduras,1,1,2.00
2026-06-16,VARIANTE,Coca Cola,2,2,12.00
2026-06-16,VARIANTE,Coca Cola Sin Azúcar,1,1,5.00
2026-06-16,VARIANTE,Coca Light,1,1,1.00
2026-06-16,VARIANTE,Lechera,1,1,1.00
2026-06-16,VARIANTE,Lechero,1,1,3.00
2026-06-16,VARIANTE,Mantequilla,1,1,10.00
2026-06-16,VARIANTE,Natural,1,1,1.00
2026-06-16,VARIANTE,Normal,2,2,44.00
2026-06-16,VARIANTE,Poca leche,1,1,1.00
2026-06-17,EXTRA,Bistec (1 pza.),5,5,5.00
2026-06-17,EXTRA,Frijoles,1,1,1.00
2026-06-17,EXTRA,Huevo Estrellado Tierno (2 pzas.),1,1,1.00
2026-06-17,EXTRA,Huevo Revuelto (2 pzas.),1,1,1.00
2026-06-17,EXTRA,Huevo Revuelto (p/relleno),2,2,2.00
2026-06-17,EXTRA,Pieza Tortilla de Harina,1,1,1.00
2026-06-17,EXTRA,Pieza Tortilla de Maíz,7,2,2.00
2026-06-17,EXTRA,Queso,1,1,1.00
2026-06-17,EXTRA,Relleno de Guisados,1,1,1.00
2026-06-17,PETICION,Sin Aguacate,2,2,2.00
2026-06-17,PETICION,Sin Crema,3,3,3.00
2026-06-17,PETICION,Sin Frijoles,1,1,1.00
2026-06-17,PETICION,Sin Lechuga,2,2,2.00
2026-06-17,PETICION,Sin Tomate,1,1,1.00
2026-06-17,VARIANTE,Coca Cola,2,2,7.00
2026-06-17,VARIANTE,Coca Cola Sin Azúcar,2,2,5.00
2026-06-17,VARIANTE,Coca Light,1,1,4.00
2026-06-17,VARIANTE,Crema,1,1,2.00
2026-06-17,VARIANTE,Leche Aparte,1,1,1.00
2026-06-17,VARIANTE,Lechera,1,1,2.00
2026-06-17,VARIANTE,Lechero,1,1,1.00
2026-06-17,VARIANTE,Mantequilla,1,1,3.00
2026-06-17,VARIANTE,Medio,1,1,1.00
2026-06-17,VARIANTE,Normal,2,2,39.00
2026-06-17,VARIANTE,Poca leche,1,1,1.00
2026-06-18,EXTRA,Bistec (1 pza.),6,6,7.00
2026-06-18,EXTRA,Frijoles,1,1,1.00
2026-06-18,EXTRA,Huevo Estrellado Cocido (2 pzas.),2,2,2.00
2026-06-18,EXTRA,Huevo Estrellado Medio (2 pzas.),2,2,3.00
2026-06-18,EXTRA,Huevo Estrellado Tierno (2 pzas.),2,2,2.00
2026-06-18,EXTRA,Huevo Revuelto (2 pzas.),1,1,1.00
2026-06-18,EXTRA,Huevo Revuelto (p/relleno),3,3,4.00
2026-06-18,EXTRA,Pieza Tortilla de Maíz,4,1,1.00
2026-06-18,EXTRA,Queso,3,2,2.00
2026-06-18,EXTRA,Relleno de Guisados,1,1,1.00
2026-06-18,PETICION,Doradita,3,3,3.00
2026-06-18,PETICION,En dos platos,1,1,1.00
2026-06-18,PETICION,Escurrida,1,1,1.00
2026-06-18,PETICION,Frijoles Aparte,1,1,1.00
2026-06-18,PETICION,Poca Lechuga,2,2,2.00
2026-06-18,PETICION,Sin Crema,11,11,13.00
2026-06-18,PETICION,Sin Frijoles,1,1,1.00
2026-06-18,PETICION,Sin Lechuga,2,2,2.00
2026-06-18,PETICION,Sin Queso,1,1,1.00
2026-06-18,PETICION,Sin Tomate,3,3,3.00
2026-06-18,VARIANTE,Coca Cola,2,2,3.00
2026-06-18,VARIANTE,Coca Cola Sin Azúcar,1,1,8.00
2026-06-18,VARIANTE,Coca Light,1,1,1.00
2026-06-18,VARIANTE,Crema,1,1,1.00
2026-06-18,VARIANTE,Diluido con Agua,1,1,1.00
2026-06-18,VARIANTE,Escuis Fresa,1,1,2.00
2026-06-18,VARIANTE,Escuis Manzana,1,1,1.00
2026-06-18,VARIANTE,Leche Aparte,1,1,1.00
2026-06-18,VARIANTE,Lechera,1,1,1.00
2026-06-18,VARIANTE,Lechero,1,1,3.00
2026-06-18,VARIANTE,Mantequilla,1,1,3.00
2026-06-18,VARIANTE,Medio,1,1,1.00
2026-06-18,VARIANTE,Mermelada de Fresa,1,1,1.00
2026-06-18,VARIANTE,Normal,2,2,44.00
2026-06-18,VARIANTE,Sprite,1,1,1.00
2026-06-18,VARIANTE,Valle Frut,1,1,1.00
2026-06-19,EXTRA,Bistec (1 pza.),5,5,5.00
2026-06-19,EXTRA,Frijoles,1,1,1.00
2026-06-19,EXTRA,Huevo Estrellado Cocido (2 pzas.),1,1,1.00
2026-06-19,EXTRA,Huevo Estrellado Medio (2 pzas.),2,2,2.00
2026-06-19,EXTRA,Huevo Estrellado Tierno (2 pzas.),2,2,2.00
2026-06-19,EXTRA,Huevo Revuelto (2 pzas.),1,1,1.00
2026-06-19,EXTRA,Huevo Revuelto (p/relleno),2,2,2.00
2026-06-19,EXTRA,Queso,2,2,2.00
2026-06-19,EXTRA,Queso Extra Pieza,2,1,1.00
2026-06-19,EXTRA,Relleno de Guisados,6,6,6.00
2026-06-19,PETICION,Poca Lechuga,1,1,1.00
2026-06-19,PETICION,Sin Aguacate,1,1,1.00
2026-06-19,PETICION,Sin Crema,6,6,6.00
2026-06-19,PETICION,Sin Frijoles,1,1,1.00
2026-06-19,PETICION,Sin Lechuga,2,2,2.00
2026-06-19,PETICION,Sin Queso,1,1,1.00
2026-06-19,PETICION,Sin Verduras,2,2,2.00
2026-06-19,PETICION,Verdura Aparte,1,1,1.00
2026-06-19,VARIANTE,Coca Cola,2,2,11.00
2026-06-19,VARIANTE,Coca Cola Sin Azúcar,1,1,3.00
2026-06-19,VARIANTE,Coca Light,1,1,2.00
2026-06-19,VARIANTE,Delaware,1,1,1.00
2026-06-19,VARIANTE,Mantequilla,1,1,7.00
2026-06-19,VARIANTE,Normal,2,2,47.00
2026-06-20,EXTRA,Bistec (1 pza.),7,7,7.00
2026-06-20,EXTRA,Frijoles,3,3,5.00
2026-06-20,EXTRA,Huevo Estrellado Cocido (2 pzas.),1,1,1.00
2026-06-20,EXTRA,Huevo Estrellado Medio (2 pzas.),1,1,1.00
2026-06-20,EXTRA,Huevo Estrellado Tierno (2 pzas.),1,1,1.00
2026-06-20,EXTRA,Huevo Revuelto (2 pzas.),6,6,6.00
2026-06-20,EXTRA,Pieza Tortilla de Maíz,4,1,1.00
2026-06-20,EXTRA,Queso,3,2,2.00
2026-06-20,EXTRA,Relleno de Guisados,2,2,2.00
2026-06-20,PETICION,Doradita,1,1,1.00
2026-06-20,PETICION,Escurrida,1,1,4.00
2026-06-20,PETICION,Poca Lechuga,1,1,1.00
2026-06-20,PETICION,Sin Aguacate,1,1,1.00
2026-06-20,PETICION,Sin Crema,6,6,6.00
2026-06-20,PETICION,Sin Frijoles,1,1,1.00
2026-06-20,PETICION,Sin Lechuga,2,2,2.00
2026-06-20,PETICION,Sin Tomate,2,2,2.00
2026-06-20,PETICION,Sin Verduras,2,2,2.00
2026-06-20,VARIANTE,Coca Cola,2,2,10.00
2026-06-20,VARIANTE,Coca Cola Sin Azúcar,1,1,4.00
2026-06-20,VARIANTE,Coca Light,1,1,2.00
2026-06-20,VARIANTE,Crema,1,1,1.00
2026-06-20,VARIANTE,Lechera,2,2,2.00
2026-06-20,VARIANTE,Lechero,1,1,3.00
2026-06-20,VARIANTE,Mantequilla,1,1,12.00
2026-06-20,VARIANTE,Natural,1,1,1.00
2026-06-20,VARIANTE,Normal,2,2,45.00
2026-06-20,VARIANTE,Poca leche,1,1,1.00
2026-06-20,VARIANTE,Valle Frut,1,1,1.00
2026-06-21,EXTRA,Bistec (1 pza.),8,8,17.00
2026-06-21,EXTRA,Huevo Estrellado Cocido (2 pzas.),2,2,2.00
2026-06-21,EXTRA,Huevo Estrellado Medio (2 pzas.),4,4,4.00
2026-06-21,EXTRA,Huevo Estrellado Tierno (2 pzas.),1,1,1.00
2026-06-21,EXTRA,Huevo Revuelto (2 pzas.),4,4,4.00
2026-06-21,EXTRA,Huevo Revuelto (p/relleno),4,4,4.00
2026-06-21,EXTRA,Queso,5,4,4.00
2026-06-21,EXTRA,Queso Extra Pieza,4,2,2.00
2026-06-21,EXTRA,Relleno de Guisados,6,6,6.00
2026-06-21,PETICION,Escurrida,7,7,9.00
2026-06-21,PETICION,Frijoles Aparte,1,1,1.00
2026-06-21,PETICION,Poca Lechuga,4,4,4.00
2026-06-21,PETICION,Sin Aguacate,5,5,5.00
2026-06-21,PETICION,Sin Crema,16,16,17.00
2026-06-21,PETICION,Sin Frijoles,3,3,3.00
2026-06-21,PETICION,Sin Lechuga,1,1,1.00
2026-06-21,PETICION,Sin Queso,1,1,1.00
2026-06-21,PETICION,Sin Tomate,5,5,5.00
2026-06-21,PETICION,Sin Verduras,6,6,7.00
2026-06-21,PETICION,Verdura Aparte,2,2,2.00
2026-06-21,VARIANTE,Bocol delgado,1,1,1.00
2026-06-21,VARIANTE,Coca Cola,2,2,8.00
2026-06-21,VARIANTE,Coca Cola Sin Azúcar,2,2,11.00
2026-06-21,VARIANTE,Coca Light,1,1,6.00
2026-06-21,VARIANTE,Crema,2,2,2.00
2026-06-21,VARIANTE,Delaware,1,1,1.00
2026-06-21,VARIANTE,Escuis Manzana,1,1,2.00
2026-06-21,VARIANTE,Fresca,1,1,1.00
2026-06-21,VARIANTE,Lechera,2,2,2.00
2026-06-21,VARIANTE,Lechero,1,1,1.00
2026-06-21,VARIANTE,Mantequilla,1,1,12.00
2026-06-21,VARIANTE,Naturales,1,1,1.00
2026-06-21,VARIANTE,Normal,2,2,65.00
2026-06-21,VARIANTE,Poca leche,1,1,1.00
2026-06-21,VARIANTE,Valle Frut,1,1,1.00
2026-06-22,EXTRA,Bistec (1 pza.),2,2,3.00
2026-06-22,EXTRA,Frijoles,5,5,6.00
2026-06-22,EXTRA,Huevo Estrellado Cocido (2 pzas.),5,5,5.00
2026-06-22,EXTRA,Huevo Estrellado Medio (2 pzas.),4,4,4.00
2026-06-22,EXTRA,Huevo Estrellado Tierno (2 pzas.),2,2,2.00
2026-06-22,EXTRA,Huevo Revuelto (2 pzas.),1,1,1.00
2026-06-22,EXTRA,Huevo Revuelto (p/relleno),1,1,1.00
2026-06-22,EXTRA,Queso,2,1,1.00
2026-06-22,EXTRA,Relleno de Guisados,2,2,2.00
2026-06-22,PETICION,Escurrida,3,3,7.00
2026-06-22,PETICION,Poca Lechuga,1,1,1.00
2026-06-22,PETICION,Poco Frijol,1,1,1.00
2026-06-22,PETICION,Sin Crema,9,9,9.00
2026-06-22,PETICION,Sin Queso,2,2,2.00
2026-06-22,PETICION,Sin Tomate,1,1,1.00
2026-06-22,VARIANTE,Coca Cola,2,2,19.00
2026-06-22,VARIANTE,Coca Cola Sin Azúcar,2,2,10.00
2026-06-22,VARIANTE,Coca Light,1,1,2.00
2026-06-22,VARIANTE,Delaware,1,1,1.00
2026-06-22,VARIANTE,Lechero,1,1,2.00
2026-06-22,VARIANTE,Mantequilla,1,1,3.00
2026-06-22,VARIANTE,Normal,2,2,47.00
2026-06-22,VARIANTE,Poca leche,1,1,3.00
2026-06-23,EXTRA,Bistec (1 pza.),3,3,3.00
2026-06-23,EXTRA,Frijoles,6,6,11.00
2026-06-23,EXTRA,Huevo Estrellado Cocido (2 pzas.),1,1,1.00
2026-06-23,EXTRA,Huevo Estrellado Medio (2 pzas.),1,1,1.00
2026-06-23,EXTRA,Huevo Estrellado Tierno (2 pzas.),1,1,1.00
2026-06-23,EXTRA,Huevo Revuelto (2 pzas.),2,2,3.00
2026-06-23,PETICION,Doradita,4,4,7.00
2026-06-23,PETICION,Frijoles Aparte,1,1,1.00
2026-06-23,PETICION,Sin Aguacate,1,1,1.00
2026-06-23,PETICION,Sin Crema,1,1,1.00
2026-06-23,PETICION,Sin Lechuga,1,1,1.00
2026-06-23,PETICION,Sin Tomate,1,1,1.00
2026-06-23,PETICION,Sin Verduras,2,2,2.00
2026-06-23,VARIANTE,Bocol delgado,2,2,2.00
2026-06-23,VARIANTE,Coca Cola,2,2,2.00
2026-06-23,VARIANTE,Coca Cola Sin Azúcar,1,1,8.00
2026-06-23,VARIANTE,Coca Light,1,1,1.00
2026-06-23,VARIANTE,Crema,1,1,1.00
2026-06-23,VARIANTE,Delaware,1,1,1.00
2026-06-23,VARIANTE,Escuis Hierro,1,1,1.00
2026-06-23,VARIANTE,Escuis Manzana,1,1,2.00
2026-06-23,VARIANTE,Lechera,1,1,1.00
2026-06-23,VARIANTE,Lechero,1,1,1.00
2026-06-23,VARIANTE,Mantequilla,1,1,4.00
2026-06-23,VARIANTE,Medio,1,1,1.00
2026-06-23,VARIANTE,Natural,1,1,1.00
2026-06-23,VARIANTE,Normal,2,2,38.00
2026-06-23,VARIANTE,Poca leche,1,1,1.00
2026-06-24,EXTRA,Bistec (1 pza.),4,4,5.00
2026-06-24,EXTRA,Frijoles,3,3,4.00
2026-06-24,EXTRA,Huevo Estrellado Ciego (2 pzas.),1,1,1.00
2026-06-24,EXTRA,Huevo Estrellado Cocido (2 pzas.),1,1,1.00
2026-06-24,EXTRA,Huevo Estrellado Medio (2 pzas.),1,1,1.00
2026-06-24,EXTRA,Huevo Estrellado Tierno (2 pzas.),4,4,4.00
2026-06-24,EXTRA,Huevo Revuelto (p/relleno),1,1,1.00
2026-06-24,EXTRA,Pieza Tortilla de Maíz,3,1,1.00
2026-06-24,EXTRA,Queso,7,4,4.00
2026-06-24,EXTRA,Relleno de Guisados,4,4,4.00
2026-06-24,PETICION,Doradita,3,3,3.00
2026-06-24,PETICION,En dos platos,1,1,1.00
2026-06-24,PETICION,Escurrida,2,2,2.00
2026-06-24,PETICION,Poca Lechuga,2,2,2.00
2026-06-24,PETICION,Poco Frijol,1,1,1.00
2026-06-24,PETICION,Sin Aguacate,2,2,2.00
2026-06-24,PETICION,Sin Crema,4,4,4.00
2026-06-24,PETICION,Sin Lechuga,2,2,2.00
2026-06-24,PETICION,Sin Queso,1,1,1.00
2026-06-24,PETICION,Sin Tomate,2,2,2.00
2026-06-24,PETICION,Sin Verduras,2,2,2.00
2026-06-24,VARIANTE,Coca Cola,2,2,11.00
2026-06-24,VARIANTE,Coca Cola Sin Azúcar,2,2,6.00
2026-06-24,VARIANTE,Coca Light,1,1,2.00
2026-06-24,VARIANTE,Crema,2,2,3.00
2026-06-24,VARIANTE,Fresca,1,1,1.00
2026-06-24,VARIANTE,Leche Aparte,1,1,2.00
2026-06-24,VARIANTE,Lechera,1,1,1.00
2026-06-24,VARIANTE,Lechero,1,1,3.00
2026-06-24,VARIANTE,Mantequilla,2,2,8.00
2026-06-24,VARIANTE,Mermelada de Fresa,1,1,2.00
2026-06-24,VARIANTE,Migada Delgada,1,1,1.00
2026-06-24,VARIANTE,Naturales,1,1,1.00
2026-06-24,VARIANTE,Normal,2,2,27.00
2026-06-24,VARIANTE,Poca leche,1,1,2.00
2026-06-25,EXTRA,Bistec (1 pza.),4,4,5.00
2026-06-25,EXTRA,Huevo Estrellado Cocido (2 pzas.),1,1,1.00
2026-06-25,EXTRA,Huevo Estrellado Medio (2 pzas.),3,3,3.00
2026-06-25,EXTRA,Huevo Estrellado Tierno (2 pzas.),2,2,2.00
2026-06-25,EXTRA,Huevo Revuelto (2 pzas.),4,4,4.00
2026-06-25,EXTRA,Huevo Revuelto (p/relleno),1,1,1.00
2026-06-25,EXTRA,Pieza Tortilla de Maíz,4,1,1.00
2026-06-25,EXTRA,Queso,2,2,2.00
2026-06-25,EXTRA,Relleno de Guisados,1,1,1.00
2026-06-25,PETICION,En dos platos,1,1,1.00
2026-06-25,PETICION,Frijoles Aparte,1,1,1.00
2026-06-25,PETICION,Poco Frijol,1,1,1.00
2026-06-25,PETICION,Sin Crema,2,2,2.00
2026-06-25,PETICION,Sin Lechuga,2,2,2.00
2026-06-25,PETICION,Sin Queso,1,1,1.00
2026-06-25,PETICION,Sin Verduras,2,2,2.00
2026-06-25,VARIANTE,Coca Cola,2,2,12.00
2026-06-25,VARIANTE,Coca Cola Sin Azúcar,2,2,3.00
2026-06-25,VARIANTE,Escuis Fresa,1,1,1.00
2026-06-25,VARIANTE,Escuis Hierro,1,1,1.00
2026-06-25,VARIANTE,Escuis Manzana,1,1,1.00
2026-06-25,VARIANTE,Fresca,1,1,1.00
2026-06-25,VARIANTE,Leche Aparte,1,1,2.00
2026-06-25,VARIANTE,Mantequilla,2,2,6.00
2026-06-25,VARIANTE,Mermelada de Fresa,1,1,1.00
2026-06-25,VARIANTE,Normal,2,2,42.00
2026-06-25,VARIANTE,Poca leche,1,1,1.00
2026-06-26,EXTRA,Bistec (1 pza.),4,4,5.00
2026-06-26,EXTRA,Huevo Estrellado Cocido (2 pzas.),1,1,2.00
2026-06-26,EXTRA,Huevo Estrellado Medio (2 pzas.),3,3,4.00
2026-06-26,EXTRA,Huevo Estrellado Tierno (2 pzas.),1,1,1.00
2026-06-26,EXTRA,Huevo Revuelto (2 pzas.),3,3,5.00
2026-06-26,EXTRA,Queso,2,2,2.00
2026-06-26,EXTRA,Relleno de Guisados,4,4,4.00
2026-06-26,PETICION,Frijoles Aparte,1,1,1.00
2026-06-26,PETICION,Poca Lechuga,1,1,1.00
2026-06-26,PETICION,Sin Aguacate,3,3,3.00
2026-06-26,PETICION,Sin Crema,6,6,6.00
2026-06-26,PETICION,Sin Lechuga,6,6,6.00
2026-06-26,PETICION,Sin Queso,1,1,1.00
2026-06-26,PETICION,Sin Tomate,5,5,5.00
2026-06-26,PETICION,Sin Verduras,1,1,1.00
2026-06-26,PETICION,Verdura Aparte,1,1,1.00
2026-06-26,VARIANTE,Coca Cola,2,2,6.00
2026-06-26,VARIANTE,Coca Cola Sin Azúcar,2,2,8.00
2026-06-26,VARIANTE,Coca Light,1,1,2.00
2026-06-26,VARIANTE,Crema,2,2,3.00
2026-06-26,VARIANTE,Delaware,1,1,3.00
2026-06-26,VARIANTE,Escuis Hierro,1,1,1.00
2026-06-26,VARIANTE,Escuis Piña,1,1,2.00
2026-06-26,VARIANTE,Fresca,1,1,1.00
2026-06-26,VARIANTE,Leche Aparte,1,1,2.00
2026-06-26,VARIANTE,Lechero,1,1,2.00
2026-06-26,VARIANTE,Mantequilla,1,1,6.00
2026-06-26,VARIANTE,Normal,2,2,44.00
2026-06-26,VARIANTE,Poca leche,1,1,1.00
2026-06-27,EXTRA,Bistec (1 pza.),13,13,13.00
2026-06-27,EXTRA,Doble Guiso,2,2,5.00
2026-06-27,EXTRA,Frijoles,6,4,4.00
2026-06-27,EXTRA,Huevo Estrellado Cocido (2 pzas.),1,1,1.00
2026-06-27,EXTRA,Huevo Estrellado Tierno (2 pzas.),3,3,3.00
2026-06-27,EXTRA,Huevo Revuelto (2 pzas.),3,3,4.00
2026-06-27,EXTRA,Huevo Revuelto (p/relleno),2,2,2.00
2026-06-27,EXTRA,Pieza Tortilla de Maíz,2,1,1.00
2026-06-27,EXTRA,Relleno de Guisados,9,9,9.00
2026-06-27,PETICION,En dos platos,1,1,1.00
2026-06-27,PETICION,Escurrida,4,4,10.00
2026-06-27,PETICION,Poca Lechuga,3,3,3.00
2026-06-27,PETICION,Sin Aguacate,4,4,4.00
2026-06-27,PETICION,Sin Crema,8,8,8.00
2026-06-27,PETICION,Sin Frijoles,1,1,2.00
2026-06-27,PETICION,Sin Lechuga,4,4,4.00
2026-06-27,PETICION,Sin Queso,2,2,2.00
2026-06-27,PETICION,Sin Tomate,5,5,5.00
2026-06-27,PETICION,Sin Verduras,2,2,2.00
2026-06-27,VARIANTE,Coca Cola,2,2,16.00
2026-06-27,VARIANTE,Coca Cola Sin Azúcar,1,1,7.00
2026-06-27,VARIANTE,Coca Light,1,1,2.00
2026-06-27,VARIANTE,Crema,1,1,3.00
2026-06-27,VARIANTE,Delaware,1,1,3.00
2026-06-27,VARIANTE,Escuis Fresa,1,1,1.00
2026-06-27,VARIANTE,Escuis Piña,1,1,1.00
2026-06-27,VARIANTE,Leche Aparte,1,1,8.00
2026-06-27,VARIANTE,Lechera,2,2,4.00
2026-06-27,VARIANTE,Lechero,1,1,1.00
2026-06-27,VARIANTE,Mantequilla,1,1,5.00
2026-06-27,VARIANTE,Normal,2,2,54.00
2026-06-27,VARIANTE,Sprite,1,1,1.00
2026-06-28,EXTRA,Bistec (1 pza.),6,6,6.00
2026-06-28,EXTRA,Frijoles,2,2,2.00
2026-06-28,EXTRA,Huevo Estrellado Tierno (2 pzas.),1,1,1.00
2026-06-28,EXTRA,Huevo Revuelto (2 pzas.),5,5,6.00
2026-06-28,EXTRA,Huevo Revuelto (p/relleno),4,4,5.00
2026-06-28,EXTRA,Pieza Tortilla de Maíz,8,2,2.00
2026-06-28,EXTRA,Queso,3,2,2.00
2026-06-28,EXTRA,Relleno de Guisados,4,4,5.00
2026-06-28,PETICION,Poca Lechuga,2,2,2.00
2026-06-28,PETICION,Poco Frijol,2,2,2.00
2026-06-28,PETICION,Sin Aguacate,3,3,3.00
2026-06-28,PETICION,Sin Crema,12,12,13.00
2026-06-28,PETICION,Sin Frijoles,1,1,1.00
2026-06-28,PETICION,Sin Lechuga,7,7,7.00
2026-06-28,PETICION,Sin Tomate,5,5,5.00
2026-06-28,PETICION,Sin Verduras,1,1,1.00
2026-06-28,PETICION,Verdura Aparte,2,2,2.00
2026-06-28,VARIANTE,Coca Cola,2,2,9.00
2026-06-28,VARIANTE,Coca Cola Sin Azúcar,2,2,8.00
2026-06-28,VARIANTE,Coca Light,1,1,2.00
2026-06-28,VARIANTE,Crema,3,3,4.00
2026-06-28,VARIANTE,Escuis Piña,1,1,1.00
2026-06-28,VARIANTE,Lechera,2,2,2.00
2026-06-28,VARIANTE,Lechero,1,1,7.00
2026-06-28,VARIANTE,Mantequilla,1,1,10.00
2026-06-28,VARIANTE,Migada Delgada,1,1,1.00
2026-06-28,VARIANTE,Naturales,1,1,1.00
2026-06-28,VARIANTE,Normal,2,2,69.00
2026-06-28,VARIANTE,Valle Frut,1,1,1.00
2026-06-29,EXTRA,Bistec (1 pza.),5,5,5.00
2026-06-29,EXTRA,Frijoles,4,4,5.00
2026-06-29,EXTRA,Huevo Estrellado Ciego (2 pzas.),1,1,1.00
2026-06-29,EXTRA,Huevo Estrellado Cocido (2 pzas.),2,2,2.00
2026-06-29,EXTRA,Pieza Tortilla de Maíz,3,1,1.00
2026-06-29,PETICION,En dos platos,1,1,1.00
2026-06-29,PETICION,Poca Lechuga,1,1,1.00
2026-06-29,PETICION,Sin Aguacate,1,1,1.00
2026-06-29,PETICION,Sin Crema,3,3,5.00
2026-06-29,PETICION,Sin Frijoles,1,1,1.00
2026-06-29,PETICION,Sin Tomate,3,3,3.00
2026-06-29,VARIANTE,Coca Cola,2,2,7.00
2026-06-29,VARIANTE,Coca Cola Sin Azúcar,1,1,5.00
2026-06-29,VARIANTE,Coca Light,1,1,2.00
2026-06-29,VARIANTE,Delaware,1,1,1.00
2026-06-29,VARIANTE,Fanta,1,1,1.00
2026-06-29,VARIANTE,Leche Aparte,1,1,2.00
2026-06-29,VARIANTE,Lechero,1,1,1.00
2026-06-29,VARIANTE,Mantequilla,1,1,7.00
2026-06-29,VARIANTE,Normal,2,2,38.00
2026-06-29,VARIANTE,Poca leche,1,1,1.00
2026-06-29,VARIANTE,Valle Frut,1,1,1.00
2026-06-30,EXTRA,Bistec (1 pza.),3,3,6.00
2026-06-30,EXTRA,Doble Guiso,2,2,3.00
2026-06-30,EXTRA,Frijoles,1,1,1.00
2026-06-30,EXTRA,Huevo Estrellado Cocido (2 pzas.),1,1,1.00
2026-06-30,EXTRA,Huevo Estrellado Medio (2 pzas.),1,1,1.00
2026-06-30,EXTRA,Huevo Estrellado Tierno (2 pzas.),1,1,1.00
2026-06-30,EXTRA,Huevo Revuelto (2 pzas.),4,4,4.00
2026-06-30,EXTRA,Huevo Revuelto (p/relleno),1,1,1.00
2026-06-30,EXTRA,Pieza Tortilla de Maíz,13,3,3.00
2026-06-30,EXTRA,Queso,4,3,3.00
2026-06-30,EXTRA,Relleno de Guisados,2,2,2.00
2026-06-30,PETICION,En dos platos,2,2,2.00
2026-06-30,PETICION,Escurrida,2,2,5.00
2026-06-30,PETICION,Sin Aguacate,1,1,1.00
2026-06-30,PETICION,Sin Crema,6,6,6.00
2026-06-30,PETICION,Sin Frijoles,1,1,1.00
2026-06-30,PETICION,Sin Tomate,1,1,1.00
2026-06-30,PETICION,Sin Verduras,2,2,2.00
2026-06-30,VARIANTE,Coca Cola,2,2,20.00
2026-06-30,VARIANTE,Coca Cola Sin Azúcar,2,2,11.00
2026-06-30,VARIANTE,Coca Light,1,1,2.00
2026-06-30,VARIANTE,Crema,1,1,1.00
2026-06-30,VARIANTE,Escuis Manzana,1,1,2.00
2026-06-30,VARIANTE,Fresca,1,1,1.00
2026-06-30,VARIANTE,Lechero,1,1,1.00
2026-06-30,VARIANTE,Mantequilla,1,1,8.00
2026-06-30,VARIANTE,Normal,2,2,59.00
2026-06-30,VARIANTE,Poca leche,1,1,1.00
2026-06-30,VARIANTE,Tierno,1,1,1.00
2026-07-01,EXTRA,Bistec (1 pza.),1,1,1.00
2026-07-01,EXTRA,Huevo Estrellado Ciego (2 pzas.),1,1,1.00
2026-07-01,EXTRA,Huevo Estrellado Cocido (2 pzas.),2,2,2.00
2026-07-01,EXTRA,Huevo Estrellado Tierno (2 pzas.),2,2,2.00
2026-07-01,EXTRA,Huevo Revuelto (2 pzas.),1,1,1.00
2026-07-01,EXTRA,Huevo Revuelto (p/relleno),3,3,4.00
2026-07-01,EXTRA,Pieza Tortilla de Maíz,4,1,1.00
2026-07-01,EXTRA,Queso,1,1,1.00
2026-07-01,EXTRA,Relleno de Guisados,4,4,4.00
2026-07-01,PETICION,Doradita,2,2,2.00
2026-07-01,PETICION,Escurrida,2,2,2.00
2026-07-01,PETICION,Frijoles Aparte,1,1,1.00
2026-07-01,PETICION,Poca Lechuga,1,1,1.00
2026-07-01,PETICION,Sin Aguacate,3,3,3.00
2026-07-01,PETICION,Sin Crema,6,6,6.00
2026-07-01,PETICION,Sin Lechuga,4,4,6.00
2026-07-01,PETICION,Sin Queso,4,4,4.00
2026-07-01,PETICION,Sin Tomate,2,2,2.00
2026-07-01,PETICION,Sin Verduras,1,1,1.00
2026-07-01,VARIANTE,Coca Cola,2,2,10.00
2026-07-01,VARIANTE,Coca Cola Sin Azúcar,1,1,5.00
2026-07-01,VARIANTE,Crema,1,1,1.00
2026-07-01,VARIANTE,Diluido con Agua,1,1,1.00
2026-07-01,VARIANTE,Escuis Fresa,1,1,1.00
2026-07-01,VARIANTE,Leche Aparte,1,1,1.00
2026-07-01,VARIANTE,Lechera,1,1,1.00
2026-07-01,VARIANTE,Lechero,1,1,2.00
2026-07-01,VARIANTE,Mantequilla,1,1,1.00
2026-07-01,VARIANTE,Migada Delgada,1,1,1.00
2026-07-01,VARIANTE,Normal,2,2,30.00
2026-07-01,VARIANTE,Poca leche,1,1,1.00
2026-07-01,VARIANTE,Sprite,1,1,1.00
2026-07-02,EXTRA,Bistec (1 pza.),4,4,4.00
2026-07-02,EXTRA,Frijoles,2,2,2.00
2026-07-02,EXTRA,Huevo Estrellado Cocido (2 pzas.),3,3,3.00
2026-07-02,EXTRA,Huevo Estrellado Medio (2 pzas.),2,2,3.00
2026-07-02,EXTRA,Huevo Estrellado Tierno (2 pzas.),2,2,2.00
2026-07-02,EXTRA,Huevo Revuelto (2 pzas.),3,3,3.00
2026-07-02,EXTRA,Huevo Revuelto (p/relleno),2,2,2.00
2026-07-02,EXTRA,Pieza Tortilla de Maíz,7,3,3.00
2026-07-02,EXTRA,Queso,3,2,2.00
2026-07-02,EXTRA,Relleno de Guisados,5,5,5.00
2026-07-02,PETICION,Sin Aguacate,2,2,2.00
2026-07-02,PETICION,Sin Crema,9,9,10.00
2026-07-02,PETICION,Sin Lechuga,1,1,2.00
2026-07-02,PETICION,Sin Tomate,2,2,2.00
2026-07-02,PETICION,Sin Verduras,1,1,2.00
2026-07-02,VARIANTE,Coca Cola,2,2,11.00
2026-07-02,VARIANTE,Coca Cola Sin Azúcar,2,2,13.00
2026-07-02,VARIANTE,Coca Light,1,1,2.00
2026-07-02,VARIANTE,Crema,1,1,1.00
2026-07-02,VARIANTE,Fanta,1,1,1.00
2026-07-02,VARIANTE,Leche Aparte,2,2,4.00
2026-07-02,VARIANTE,Lechera,1,1,1.00
2026-07-02,VARIANTE,Mantequilla,1,1,7.00
2026-07-02,VARIANTE,Naturales,1,1,1.00
2026-07-02,VARIANTE,Normal,2,2,42.00
2026-07-02,VARIANTE,Valle Frut,1,1,1.00
2026-07-03,EXTRA,Bistec (1 pza.),5,5,6.00
2026-07-03,EXTRA,Doble Guiso,1,1,1.00
2026-07-03,EXTRA,Huevo Estrellado Cocido (2 pzas.),1,1,1.00
2026-07-03,EXTRA,Huevo Estrellado Tierno (2 pzas.),3,3,3.00
2026-07-03,EXTRA,Huevo Revuelto (2 pzas.),3,3,3.00
2026-07-03,EXTRA,Huevo Revuelto (p/relleno),1,1,1.00
2026-07-03,EXTRA,Queso,2,1,1.00
2026-07-03,EXTRA,Relleno de Guisados,4,4,4.00
2026-07-03,PETICION,Doradita,2,2,5.00
2026-07-03,PETICION,Escurrida,1,1,1.00
2026-07-03,PETICION,Poca Lechuga,1,1,1.00
2026-07-03,PETICION,Sin Aguacate,1,1,1.00
2026-07-03,PETICION,Sin Crema,9,9,11.00
2026-07-03,PETICION,Sin Frijoles,1,1,1.00
2026-07-03,PETICION,Sin Tomate,4,4,4.00
2026-07-03,PETICION,Sin Verduras,1,1,1.00
2026-07-03,VARIANTE,Bocol delgado,2,2,3.00
2026-07-03,VARIANTE,Coca Cola,2,2,9.00
2026-07-03,VARIANTE,Coca Cola Sin Azúcar,2,2,8.00
2026-07-03,VARIANTE,Coca Light,1,1,3.00
2026-07-03,VARIANTE,Escuis Manzana,1,1,2.00
2026-07-03,VARIANTE,Escuis Piña,1,1,1.00
2026-07-03,VARIANTE,Lechero,1,1,1.00
2026-07-03,VARIANTE,Normal,2,2,28.00
2026-07-03,VARIANTE,Poca leche,1,1,1.00
2026-07-03,VARIANTE,Sprite,1,1,1.00
2026-07-04,EXTRA,Bistec (1 pza.),3,3,4.00
2026-07-04,EXTRA,Doble Guiso,4,4,4.00
2026-07-04,EXTRA,Frijoles,1,1,4.00
2026-07-04,EXTRA,Huevo Estrellado Ciego (2 pzas.),1,1,1.00
2026-07-04,EXTRA,Huevo Estrellado Cocido (2 pzas.),3,3,3.00
2026-07-04,EXTRA,Huevo Estrellado Medio (2 pzas.),4,4,5.00
2026-07-04,EXTRA,Huevo Revuelto (p/relleno),1,1,1.00
2026-07-04,EXTRA,Pieza Tortilla de Maíz,8,2,2.00
2026-07-04,EXTRA,Queso,1,1,1.00
2026-07-04,PETICION,Doradita,2,2,2.00
2026-07-04,PETICION,En dos platos,2,2,2.00
2026-07-04,PETICION,Escurrida,3,3,3.00
2026-07-04,PETICION,Poca Lechuga,1,1,1.00
2026-07-04,PETICION,Sin Crema,7,7,7.00
2026-07-04,PETICION,Sin Frijoles,2,2,2.00
2026-07-04,PETICION,Sin Queso,3,3,3.00
2026-07-04,PETICION,Sin Tomate,2,2,2.00
2026-07-04,PETICION,Sin Verduras,3,3,3.00
2026-07-04,PETICION,Verdura Aparte,1,1,1.00
2026-07-04,VARIANTE,Coca Cola,2,2,13.00
2026-07-04,VARIANTE,Coca Cola Sin Azúcar,2,2,8.00
2026-07-04,VARIANTE,Escuis Hierro,1,1,1.00
2026-07-04,VARIANTE,Escuis Manzana,1,1,1.00
2026-07-04,VARIANTE,Leche Aparte,1,1,2.00
2026-07-04,VARIANTE,Mantequilla,1,1,3.00
2026-07-04,VARIANTE,Normal,2,2,62.00
2026-07-04,VARIANTE,Poca leche,1,1,1.00
2026-07-04,VARIANTE,Valle Frut,1,1,1.00
2026-07-05,EXTRA,Bistec (1 pza.),6,6,6.00
2026-07-05,EXTRA,Frijoles,1,1,1.00
2026-07-05,EXTRA,Huevo Estrellado Cocido (2 pzas.),4,4,4.00
2026-07-05,EXTRA,Huevo Estrellado Medio (2 pzas.),2,2,2.00
2026-07-05,EXTRA,Huevo Estrellado Tierno (2 pzas.),1,1,1.00
2026-07-05,EXTRA,Huevo Revuelto (2 pzas.),6,6,7.00
2026-07-05,EXTRA,Huevo Revuelto (p/relleno),3,3,3.00
2026-07-05,EXTRA,Pieza Tortilla de Maíz,2,1,1.00
2026-07-05,EXTRA,Queso,3,1,1.00
2026-07-05,EXTRA,Queso Extra Pieza,1,1,1.00
2026-07-05,EXTRA,Relleno de Guisados,3,3,3.00
2026-07-05,PETICION,Doradita,4,2,4.00
2026-07-05,PETICION,En dos platos,2,2,2.00
2026-07-05,PETICION,Escurrida,2,2,6.00
2026-07-05,PETICION,Frijoles Aparte,2,2,2.00
2026-07-05,PETICION,Poca Lechuga,1,1,1.00
2026-07-05,PETICION,Poco Frijol,1,1,1.00
2026-07-05,PETICION,Sin Aguacate,2,2,2.00
2026-07-05,PETICION,Sin Crema,5,5,5.00
2026-07-05,PETICION,Sin Frijoles,3,3,3.00
2026-07-05,PETICION,Sin Lechuga,2,2,2.00
2026-07-05,PETICION,Sin Tomate,5,5,5.00
2026-07-05,PETICION,Sin Verduras,3,3,3.00
2026-07-05,PETICION,Verdura Aparte,2,2,2.00
2026-07-05,VARIANTE,Coca Cola,2,2,10.00
2026-07-05,VARIANTE,Coca Cola Sin Azúcar,2,2,7.00
2026-07-05,VARIANTE,Coca Light,1,1,2.00
2026-07-05,VARIANTE,Escuis Hierro,1,1,1.00
2026-07-05,VARIANTE,Leche Aparte,1,1,3.00
2026-07-05,VARIANTE,Lechero,1,1,5.00
2026-07-05,VARIANTE,Mantequilla,1,1,14.00
2026-07-05,VARIANTE,Migada Delgada,1,1,1.00
2026-07-05,VARIANTE,Naturales,1,1,1.00
2026-07-05,VARIANTE,Normal,2,2,64.00
2026-07-05,VARIANTE,Valle Frut,1,1,2.00
2026-07-06,EXTRA,Bistec (1 pza.),3,3,3.00
2026-07-06,EXTRA,Frijoles,2,2,3.00
2026-07-06,EXTRA,Huevo Estrellado Ciego (2 pzas.),1,1,1.00
2026-07-06,EXTRA,Huevo Estrellado Cocido (2 pzas.),2,2,2.00
2026-07-06,EXTRA,Huevo Estrellado Medio (2 pzas.),1,1,1.00
2026-07-06,EXTRA,Huevo Estrellado Tierno (2 pzas.),2,2,2.00
2026-07-06,EXTRA,Huevo Revuelto (2 pzas.),2,2,2.00
2026-07-06,EXTRA,Huevo Revuelto (p/relleno),2,2,2.00
2026-07-06,EXTRA,Pieza Tortilla de Maíz,12,3,4.00
2026-07-06,EXTRA,Queso,2,1,1.00
2026-07-06,EXTRA,Relleno de Guisados,5,5,6.00
2026-07-06,PETICION,Doradita,2,2,4.00
2026-07-06,PETICION,Poca Lechuga,1,1,1.00
2026-07-06,PETICION,Sin Aguacate,1,1,1.00
2026-07-06,PETICION,Sin Crema,6,6,6.00
2026-07-06,PETICION,Sin Frijoles,1,1,1.00
2026-07-06,PETICION,Sin Lechuga,4,4,4.00
2026-07-06,PETICION,Sin Tomate,3,3,3.00
2026-07-06,PETICION,Sin Verduras,1,1,2.00
2026-07-06,PETICION,Verdura Aparte,1,1,1.00
2026-07-06,VARIANTE,Coca Cola,2,2,13.00
2026-07-06,VARIANTE,Coca Cola Sin Azúcar,2,2,6.00
2026-07-06,VARIANTE,Coca Light,1,1,2.00
2026-07-06,VARIANTE,Lechero,1,1,1.00
2026-07-06,VARIANTE,Mantequilla,1,1,3.00
2026-07-06,VARIANTE,Normal,2,2,44.00
2026-07-06,VARIANTE,Poca leche,1,1,2.00
2026-07-06,VARIANTE,Tierno,1,1,1.00
2026-07-07,EXTRA,Bistec (1 pza.),3,3,5.00
2026-07-07,EXTRA,Frijoles,1,1,1.00
2026-07-07,EXTRA,Huevo Estrellado Cocido (2 pzas.),2,2,2.00
2026-07-07,EXTRA,Huevo Estrellado Medio (2 pzas.),5,5,5.00
2026-07-07,EXTRA,Huevo Estrellado Tierno (2 pzas.),1,1,1.00
2026-07-07,EXTRA,Huevo Revuelto (2 pzas.),1,1,1.00
2026-07-07,EXTRA,Huevo Revuelto (p/relleno),3,3,3.00
2026-07-07,EXTRA,Pieza Tortilla de Maíz,5,2,2.00
2026-07-07,EXTRA,Queso,1,1,1.00
2026-07-07,EXTRA,Relleno de Guisados,1,1,1.00
2026-07-07,PETICION,Doradita,4,4,11.00
2026-07-07,PETICION,En dos platos,1,1,1.00
2026-07-07,PETICION,Escurrida,1,1,1.00
2026-07-07,PETICION,Frijoles Aparte,2,2,2.00
2026-07-07,PETICION,Sin Aguacate,3,3,3.00
2026-07-07,PETICION,Sin Crema,6,6,6.00
2026-07-07,PETICION,Sin Frijoles,1,1,1.00
2026-07-07,PETICION,Sin Lechuga,1,1,1.00
2026-07-07,PETICION,Sin Tomate,3,3,3.00
2026-07-07,PETICION,Verdura Aparte,2,2,2.00
2026-07-07,VARIANTE,Coca Cola,2,2,10.00
2026-07-07,VARIANTE,Coca Cola Sin Azúcar,1,1,6.00
2026-07-07,VARIANTE,Coca Light,1,1,1.00
2026-07-07,VARIANTE,Crema,1,1,1.00
2026-07-07,VARIANTE,Diluido con Agua,1,1,1.00
2026-07-07,VARIANTE,Escuis Fresa,1,1,1.00
2026-07-07,VARIANTE,Fanta,1,1,1.00
2026-07-07,VARIANTE,Leche Aparte,1,1,3.00
2026-07-07,VARIANTE,Mantequilla,2,2,6.00
2026-07-07,VARIANTE,Mermelada de Fresa,1,1,2.00
2026-07-07,VARIANTE,Normal,2,2,54.00
2026-07-07,VARIANTE,Poca leche,1,1,1.00
2026-07-07,VARIANTE,Valle Frut,1,1,1.00
2026-07-08,EXTRA,Doble Guiso,1,1,1.00
2026-07-08,EXTRA,Huevo Estrellado Medio (2 pzas.),1,1,1.00
2026-07-08,EXTRA,Huevo Estrellado Tierno (2 pzas.),1,1,1.00
2026-07-08,EXTRA,Huevo Revuelto (2 pzas.),1,1,1.00
2026-07-08,EXTRA,Pieza Tortilla de Maíz,4,1,1.00
2026-07-08,EXTRA,Queso,3,3,3.00
2026-07-08,PETICION,En dos platos,2,2,2.00
2026-07-08,PETICION,Escurrida,4,4,6.00
2026-07-08,PETICION,Poco Frijol,1,1,1.00
2026-07-08,PETICION,Sin Aguacate,4,4,5.00
2026-07-08,PETICION,Sin Crema,6,6,7.00
2026-07-08,PETICION,Sin Tomate,3,3,4.00
2026-07-08,PETICION,Sin Verduras,4,4,4.00
2026-07-08,PETICION,Verdura Aparte,1,1,1.00
2026-07-08,VARIANTE,Coca Cola,2,2,9.00
2026-07-08,VARIANTE,Coca Cola Sin Azúcar,2,2,4.00
2026-07-08,VARIANTE,Coca Light,1,1,1.00
2026-07-08,VARIANTE,Escuis Fresa,1,1,1.00
2026-07-08,VARIANTE,Escuis Manzana,1,1,1.00
2026-07-08,VARIANTE,Fanta,1,1,1.00
2026-07-08,VARIANTE,Lechero,1,1,2.00
2026-07-08,VARIANTE,Mantequilla,1,1,2.00
2026-07-08,VARIANTE,Migada Delgada,1,1,1.00
2026-07-08,VARIANTE,Naturales,1,1,1.00
2026-07-08,VARIANTE,Normal,2,2,21.00
2026-07-08,VARIANTE,Poca leche,1,1,1.00
2026-07-08,VARIANTE,Sprite,1,1,1.00
2026-07-09,EXTRA,Bistec (1 pza.),7,7,7.00
2026-07-09,EXTRA,Frijoles,1,1,2.00
2026-07-09,EXTRA,Huevo Estrellado Cocido (2 pzas.),2,2,2.00
2026-07-09,EXTRA,Huevo Estrellado Medio (2 pzas.),2,2,2.00
2026-07-09,EXTRA,Huevo Estrellado Tierno (2 pzas.),3,3,4.00
2026-07-09,EXTRA,Huevo Revuelto (2 pzas.),1,1,1.00
2026-07-09,EXTRA,Huevo Revuelto (p/relleno),1,1,1.00
2026-07-09,EXTRA,Queso,1,1,1.00
2026-07-09,EXTRA,Relleno de Guisados,1,1,1.00
2026-07-09,PETICION,Doradita,1,1,1.00
2026-07-09,PETICION,En dos platos,1,1,1.00
2026-07-09,PETICION,Sin Aguacate,1,1,1.00
2026-07-09,PETICION,Sin Crema,7,7,8.00
2026-07-09,PETICION,Sin Tomate,1,1,1.00
2026-07-09,PETICION,Sin Verduras,1,1,1.00
2026-07-09,PETICION,Verdura Aparte,2,2,2.00
2026-07-09,VARIANTE,Coca Cola,2,2,6.00
2026-07-09,VARIANTE,Coca Cola Sin Azúcar,2,2,5.00
2026-07-09,VARIANTE,Crema,1,1,1.00
2026-07-09,VARIANTE,Delaware,1,1,1.00
2026-07-09,VARIANTE,Escuis Fresa,1,1,1.00
2026-07-09,VARIANTE,Lechera,1,1,1.00
2026-07-09,VARIANTE,Lechero,1,1,2.00
2026-07-09,VARIANTE,Mantequilla,1,1,1.00
2026-07-09,VARIANTE,Normal,2,2,28.00
2026-07-10,EXTRA,Bistec (1 pza.),6,6,6.00
2026-07-10,EXTRA,Chorizo,2,2,2.00
2026-07-10,EXTRA,Frijoles,2,2,3.00
2026-07-10,EXTRA,Huevo Estrellado Ciego (2 pzas.),2,2,2.00
2026-07-10,EXTRA,Huevo Estrellado Cocido (2 pzas.),2,2,2.00
2026-07-10,EXTRA,Huevo Estrellado Medio (2 pzas.),4,4,4.00
2026-07-10,EXTRA,Huevo Estrellado Tierno (2 pzas.),3,3,3.00
2026-07-10,EXTRA,Huevo Revuelto (2 pzas.),3,3,3.00
2026-07-10,EXTRA,Huevo Revuelto (p/relleno),1,1,1.00
2026-07-10,EXTRA,Queso,2,2,2.00
2026-07-10,EXTRA,Relleno de Guisados,4,4,5.00
2026-07-10,PETICION,Doradita,3,3,3.00
2026-07-10,PETICION,En dos platos,2,2,2.00
2026-07-10,PETICION,Poca Lechuga,3,3,3.00
2026-07-10,PETICION,Sin Aguacate,5,5,5.00
2026-07-10,PETICION,Sin Crema,11,11,12.00
2026-07-10,PETICION,Sin Frijoles,1,1,1.00
2026-07-10,PETICION,Sin Lechuga,4,4,4.00
2026-07-10,PETICION,Sin Tomate,4,4,4.00
2026-07-10,PETICION,Sin Verduras,3,3,3.00
2026-07-10,VARIANTE,Bocol delgado,2,2,2.00
2026-07-10,VARIANTE,Coca Cola,2,2,7.00
2026-07-10,VARIANTE,Coca Cola Sin Azúcar,2,2,10.00
2026-07-10,VARIANTE,Coca Light,1,1,2.00
2026-07-10,VARIANTE,Crema,1,1,1.00
2026-07-10,VARIANTE,Lechera,1,1,1.00
2026-07-10,VARIANTE,Mantequilla,1,1,9.00
2026-07-10,VARIANTE,Migada Delgada,1,1,1.00
2026-07-10,VARIANTE,Normal,2,2,45.00
2026-07-10,VARIANTE,Poca leche,1,1,2.00
2026-07-11,EXTRA,Bistec (1 pza.),4,4,5.00
2026-07-11,EXTRA,Frijoles,4,4,4.00
2026-07-11,EXTRA,Huevo Estrellado Tierno (2 pzas.),2,2,2.00
2026-07-11,EXTRA,Huevo Revuelto (2 pzas.),2,2,4.00
2026-07-11,EXTRA,Huevo Revuelto (p/relleno),2,2,2.00
2026-07-11,EXTRA,Pieza Tortilla de Harina,1,1,1.00
2026-07-11,EXTRA,Pieza Tortilla de Maíz,1,1,1.00
2026-07-11,EXTRA,Queso,3,2,2.00
2026-07-11,EXTRA,Queso Extra Pieza,2,1,1.00
2026-07-11,EXTRA,Relleno de Guisados,2,2,2.00
2026-07-11,PETICION,Doradita,4,4,4.00
2026-07-11,PETICION,En dos platos,1,1,1.00
2026-07-11,PETICION,Poca Lechuga,3,3,3.00
2026-07-11,PETICION,Sin Aguacate,2,2,2.00
2026-07-11,PETICION,Sin Crema,4,4,4.00
2026-07-11,PETICION,Sin Lechuga,2,2,2.00
2026-07-11,PETICION,Sin Tomate,1,1,1.00
2026-07-11,PETICION,Sin Verduras,2,2,2.00
2026-07-11,VARIANTE,Coca Cola,2,2,7.00
2026-07-11,VARIANTE,Coca Cola Sin Azúcar,2,2,8.00
2026-07-11,VARIANTE,Coca Light,1,1,4.00
2026-07-11,VARIANTE,Crema,1,1,1.00
2026-07-11,VARIANTE,Escuis Hierro,1,1,1.00
2026-07-11,VARIANTE,Lechera,1,1,1.00
2026-07-11,VARIANTE,Lechero,1,1,1.00
2026-07-11,VARIANTE,Mantequilla,1,1,2.00
2026-07-11,VARIANTE,Normal,2,2,36.00
2026-07-11,VARIANTE,Poca leche,2,2,2.00
2026-07-12,EXTRA,Bistec (1 pza.),10,10,10.00
2026-07-12,EXTRA,Chorizo Extra Pieza,1,1,1.00
2026-07-12,EXTRA,Huevo Estrellado Cocido (2 pzas.),2,2,2.00
2026-07-12,EXTRA,Huevo Estrellado Medio (2 pzas.),2,2,2.00
2026-07-12,EXTRA,Huevo Estrellado Tierno (2 pzas.),2,2,3.00
2026-07-12,EXTRA,Huevo Revuelto (2 pzas.),4,4,4.00
2026-07-12,EXTRA,Huevo Revuelto (p/relleno),2,2,2.00
2026-07-12,EXTRA,Queso,3,2,2.00
2026-07-12,EXTRA,Queso Extra Pieza,4,1,1.00
2026-07-12,EXTRA,Relleno de Guisados,7,7,8.00
2026-07-12,PETICION,Doradita,6,6,7.00
2026-07-12,PETICION,Escurrida,6,6,7.00
2026-07-12,PETICION,Frijoles Aparte,1,1,1.00
2026-07-12,PETICION,Poca Lechuga,1,1,1.00
2026-07-12,PETICION,Sin Aguacate,3,3,3.00
2026-07-12,PETICION,Sin Crema,7,7,7.00
2026-07-12,PETICION,Sin Frijoles,1,1,1.00
2026-07-12,PETICION,Sin Lechuga,2,2,2.00
2026-07-12,PETICION,Sin Queso,1,1,1.00
2026-07-12,PETICION,Sin Tomate,3,3,3.00
2026-07-12,PETICION,Sin Verduras,3,3,3.00
2026-07-12,VARIANTE,Coca Cola,2,2,4.00
2026-07-12,VARIANTE,Coca Cola Sin Azúcar,1,1,8.00
2026-07-12,VARIANTE,Coca Light,1,1,1.00
2026-07-12,VARIANTE,Crema,1,1,1.00
2026-07-12,VARIANTE,Delaware,1,1,2.00
2026-07-12,VARIANTE,Leche Aparte,1,1,1.00
2026-07-12,VARIANTE,Lechera,1,1,1.00
2026-07-12,VARIANTE,Lechero,1,1,2.00
2026-07-12,VARIANTE,Mantequilla,1,1,7.00
2026-07-12,VARIANTE,Naturales,1,1,1.00
2026-07-12,VARIANTE,Normal,2,2,73.00
2026-07-12,VARIANTE,Poca leche,1,1,1.00
2026-07-12,VARIANTE,Valle Frut,1,1,5.00
2026-07-13,EXTRA,Bistec (1 pza.),2,2,2.00
2026-07-13,EXTRA,Frijoles,2,2,2.00
2026-07-13,EXTRA,Huevo Estrellado Cocido (2 pzas.),1,1,1.00
2026-07-13,EXTRA,Huevo Revuelto (2 pzas.),1,1,1.00
2026-07-13,EXTRA,Pieza Tortilla de Maíz,8,2,2.00
2026-07-13,EXTRA,Queso,1,1,1.00
2026-07-13,EXTRA,Relleno de Guisados,2,2,2.00
2026-07-13,PETICION,Doradita,2,2,4.00
2026-07-13,PETICION,Frijoles Aparte,1,1,1.00
2026-07-13,PETICION,Sin Aguacate,1,1,1.00
2026-07-13,PETICION,Sin Crema,5,5,6.00
2026-07-13,PETICION,Sin Lechuga,4,4,4.00
2026-07-13,PETICION,Sin Tomate,2,2,2.00
2026-07-13,PETICION,Sin Verduras,1,1,1.00
2026-07-13,PETICION,Verdura Aparte,1,1,1.00
2026-07-13,VARIANTE,Coca Cola,2,2,8.00
2026-07-13,VARIANTE,Coca Cola Sin Azúcar,2,2,10.00
2026-07-13,VARIANTE,Leche Aparte,1,1,1.00
2026-07-13,VARIANTE,Mantequilla,1,1,3.00
2026-07-13,VARIANTE,Natural,1,1,1.00
2026-07-13,VARIANTE,Normal,2,2,34.00
2026-07-13,VARIANTE,Poca leche,1,1,1.00
2026-07-14,EXTRA,Bistec (1 pza.),3,3,4.00
2026-07-14,EXTRA,Frijoles,2,2,2.00
2026-07-14,EXTRA,Huevo Estrellado Medio (2 pzas.),1,1,1.00
2026-07-14,EXTRA,Huevo Estrellado Tierno (2 pzas.),1,1,2.00
2026-07-14,EXTRA,Huevo Revuelto (2 pzas.),1,1,1.00
2026-07-14,EXTRA,Queso,6,5,5.00
2026-07-14,EXTRA,Relleno de Guisados,1,1,1.00
2026-07-14,PETICION,Doradita,4,4,5.00
2026-07-14,PETICION,En dos platos,2,2,2.00
2026-07-14,PETICION,Poca Lechuga,1,1,1.00
2026-07-14,PETICION,Sin Aguacate,2,2,3.00
2026-07-14,PETICION,Sin Crema,6,6,6.00
2026-07-14,PETICION,Sin Frijoles,1,1,1.00
2026-07-14,PETICION,Sin Lechuga,1,1,1.00
2026-07-14,PETICION,Sin Queso,1,1,1.00
2026-07-14,PETICION,Sin Tomate,2,2,2.00
2026-07-14,PETICION,Sin Verduras,2,2,2.00
2026-07-14,VARIANTE,Coca Cola,2,2,5.00
2026-07-14,VARIANTE,Coca Cola Sin Azúcar,1,1,1.00
2026-07-14,VARIANTE,Coca Light,1,1,1.00
2026-07-14,VARIANTE,Crema,1,1,1.00
2026-07-14,VARIANTE,Escuis Manzana,1,1,1.00
2026-07-14,VARIANTE,Leche Aparte,1,1,1.00
2026-07-14,VARIANTE,Lechero,1,1,1.00
2026-07-14,VARIANTE,Mantequilla,1,1,6.00
2026-07-14,VARIANTE,Naturales,1,1,1.00
2026-07-14,VARIANTE,Normal,2,2,36.00
2026-07-14,VARIANTE,Poca leche,1,1,2.00
2026-07-15,EXTRA,Bistec (1 pza.),3,3,3.00
2026-07-15,EXTRA,Chorizo Extra Pieza,1,1,1.00
2026-07-15,EXTRA,Huevo Estrellado Medio (2 pzas.),2,2,2.00
2026-07-15,EXTRA,Huevo Estrellado Tierno (2 pzas.),2,2,2.00
2026-07-15,EXTRA,Huevo Revuelto (2 pzas.),2,2,2.00
2026-07-15,EXTRA,Huevo Revuelto (p/relleno),1,1,1.00
2026-07-15,EXTRA,Queso Extra Pieza,1,1,1.00
2026-07-15,EXTRA,Relleno de Guisados,3,3,3.00
2026-07-15,PETICION,Doradita,6,6,11.00
2026-07-15,PETICION,En dos platos,1,1,1.00
2026-07-15,PETICION,Escurrida,1,1,4.00
2026-07-15,PETICION,Frijoles Aparte,2,2,2.00
2026-07-15,PETICION,Poca Lechuga,1,1,1.00
2026-07-15,PETICION,Sin Aguacate,1,1,1.00
2026-07-15,PETICION,Sin Crema,8,8,8.00
2026-07-15,PETICION,Sin Frijoles,2,2,2.00
2026-07-15,PETICION,Sin Lechuga,3,3,3.00
2026-07-15,PETICION,Sin Queso,1,1,1.00
2026-07-15,PETICION,Sin Tomate,5,5,5.00
2026-07-15,PETICION,Sin Verduras,1,1,1.00
2026-07-15,PETICION,Verdura Aparte,1,1,1.00
2026-07-15,VARIANTE,Coca Cola,2,2,7.00
2026-07-15,VARIANTE,Coca Cola Sin Azúcar,1,1,3.00
2026-07-15,VARIANTE,Coca Light,1,1,3.00
2026-07-15,VARIANTE,Crema,2,2,2.00
2026-07-15,VARIANTE,Delaware,1,1,2.00
2026-07-15,VARIANTE,Mantequilla,2,2,7.00
2026-07-15,VARIANTE,Mermelada de Fresa,1,1,1.00
2026-07-15,VARIANTE,Migada Delgada,1,1,1.00
2026-07-15,VARIANTE,Normal,2,2,37.00
2026-07-15,VARIANTE,Poca leche,1,1,1.00
2026-07-16,EXTRA,Bistec (1 pza.),4,4,4.00
2026-07-16,EXTRA,Frijoles,1,1,1.00
2026-07-16,EXTRA,Huevo Estrellado Medio (2 pzas.),2,2,2.00
2026-07-16,EXTRA,Huevo Revuelto (2 pzas.),1,1,1.00
2026-07-16,EXTRA,Pieza Tortilla de Maíz,2,1,1.00
2026-07-16,EXTRA,Queso,1,1,1.00
2026-07-16,PETICION,Doradita,7,7,16.00
2026-07-16,PETICION,Sin Crema,4,4,4.00
2026-07-16,PETICION,Sin Frijoles,1,1,1.00
2026-07-16,PETICION,Sin Lechuga,1,1,1.00
2026-07-16,PETICION,Sin Queso,1,1,1.00
2026-07-16,PETICION,Sin Tomate,2,2,2.00
2026-07-16,PETICION,Sin Verduras,1,1,2.00
2026-07-16,VARIANTE,Coca Cola,2,2,9.00
2026-07-16,VARIANTE,Coca Cola Sin Azúcar,2,2,10.00
2026-07-16,VARIANTE,Coca Light,1,1,3.00
2026-07-16,VARIANTE,Crema,1,1,2.00
2026-07-16,VARIANTE,Escuis Fresa,1,1,2.00
2026-07-16,VARIANTE,Escuis Manzana,1,1,1.00
2026-07-16,VARIANTE,Lechera,1,1,2.00
2026-07-16,VARIANTE,Mantequilla,1,1,3.00
2026-07-16,VARIANTE,Medio,1,1,1.00
2026-07-16,VARIANTE,Normal,2,2,43.00
2026-07-17,EXTRA,Bistec (1 pza.),8,8,11.00
2026-07-17,EXTRA,Doble Guiso,5,5,5.00
2026-07-17,EXTRA,Frijoles,1,1,1.00
2026-07-17,EXTRA,Huevo Estrellado Medio (2 pzas.),2,2,2.00
2026-07-17,EXTRA,Huevo Estrellado Tierno (2 pzas.),3,3,3.00
2026-07-17,EXTRA,Huevo Revuelto (2 pzas.),1,1,1.00
2026-07-17,EXTRA,Huevo Revuelto (p/relleno),3,3,3.00
2026-07-17,EXTRA,Queso,5,4,5.00
2026-07-17,EXTRA,Relleno de Guisados,2,2,2.00
2026-07-17,PETICION,Doradita,1,1,3.00
2026-07-17,PETICION,Escurrida,1,1,1.00
2026-07-17,PETICION,Poca Lechuga,1,1,1.00
2026-07-17,PETICION,Sin Aguacate,1,1,1.00
2026-07-17,PETICION,Sin Crema,6,6,6.00
2026-07-17,PETICION,Sin Frijoles,3,3,3.00
2026-07-17,PETICION,Sin Lechuga,3,3,3.00
2026-07-17,PETICION,Sin Tomate,6,6,6.00
2026-07-17,PETICION,Sin Verduras,3,3,3.00
2026-07-17,VARIANTE,Coca Cola,2,2,4.00
2026-07-17,VARIANTE,Coca Cola Sin Azúcar,2,2,8.00
2026-07-17,VARIANTE,Crema,1,1,4.00
2026-07-17,VARIANTE,Escuis Hierro,1,1,1.00
2026-07-17,VARIANTE,Leche Aparte,1,1,1.00
2026-07-17,VARIANTE,Lechera,1,1,4.00
2026-07-17,VARIANTE,Mantequilla,1,1,2.00
2026-07-17,VARIANTE,Migada Delgada,2,1,2.00
2026-07-17,VARIANTE,Naturales,1,1,1.00
2026-07-17,VARIANTE,Normal,2,2,43.00
2026-07-17,VARIANTE,Poca leche,1,1,3.00
2026-07-17,VARIANTE,Valle Frut,1,1,1.00
2026-07-18,EXTRA,Bistec (1 pza.),9,9,13.00
2026-07-18,EXTRA,Frijoles,3,3,8.00
2026-07-18,EXTRA,Huevo Estrellado Cocido (2 pzas.),4,4,4.00
2026-07-18,EXTRA,Huevo Estrellado Medio (2 pzas.),3,3,6.00
2026-07-18,EXTRA,Huevo Estrellado Tierno (2 pzas.),3,3,3.00
2026-07-18,EXTRA,Huevo Revuelto (2 pzas.),4,4,5.00
2026-07-18,EXTRA,Huevo Revuelto (p/relleno),1,1,1.00
2026-07-18,EXTRA,Pieza Tortilla de Maíz,4,1,1.00
2026-07-18,EXTRA,Relleno de Guisados,9,9,9.00
2026-07-18,PETICION,Escurrida,3,3,4.00
2026-07-18,PETICION,Poco Frijol,3,3,3.00
2026-07-18,PETICION,Poco Guiso,1,1,1.00
2026-07-18,PETICION,Sin Aguacate,3,3,3.00
2026-07-18,PETICION,Sin Crema,8,8,9.00
2026-07-18,PETICION,Sin Frijoles,2,2,2.00
2026-07-18,PETICION,Sin Lechuga,4,4,4.00
2026-07-18,PETICION,Sin Queso,1,1,1.00
2026-07-18,PETICION,Sin Tomate,1,1,1.00
2026-07-18,PETICION,Sin Verduras,4,4,5.00
2026-07-18,PETICION,Verdura Aparte,2,2,2.00
2026-07-18,VARIANTE,Coca Cola,2,2,8.00
2026-07-18,VARIANTE,Coca Cola Sin Azúcar,2,2,12.00
2026-07-18,VARIANTE,Coca Light,1,1,2.00
2026-07-18,VARIANTE,Escuis Manzana,1,1,1.00
2026-07-18,VARIANTE,Escuis Piña,1,1,1.00
2026-07-18,VARIANTE,Fanta,1,1,1.00
2026-07-18,VARIANTE,Fresca,1,1,2.00
2026-07-18,VARIANTE,Leche Aparte,1,1,5.00
2026-07-18,VARIANTE,Mantequilla,1,1,4.00
2026-07-18,VARIANTE,Migada Delgada,3,3,3.00
2026-07-18,VARIANTE,Naturales,2,2,2.00
2026-07-18,VARIANTE,Normal,2,2,57.00
2026-07-18,VARIANTE,Poca leche,1,1,3.00
2026-07-18,VARIANTE,Valle Frut,1,1,1.00
2026-07-19,EXTRA,Bistec (1 pza.),6,6,6.00
2026-07-19,EXTRA,Frijoles,4,4,4.00
2026-07-19,EXTRA,Huevo Estrellado Cocido (2 pzas.),2,2,2.00
2026-07-19,EXTRA,Huevo Estrellado Medio (2 pzas.),1,1,1.00
2026-07-19,EXTRA,Huevo Estrellado Tierno (2 pzas.),2,2,2.00
2026-07-19,EXTRA,Huevo Revuelto (2 pzas.),3,3,3.00
2026-07-19,EXTRA,Huevo Revuelto (p/relleno),1,1,1.00
2026-07-19,EXTRA,Pieza Tortilla de Maíz,8,2,2.00
2026-07-19,EXTRA,Queso,3,2,2.00
2026-07-19,EXTRA,Relleno de Guisados,5,5,5.00
2026-07-19,PETICION,Doradita,3,3,6.00
2026-07-19,PETICION,En dos platos,1,1,1.00
2026-07-19,PETICION,Escurrida,2,2,4.00
2026-07-19,PETICION,Poca Lechuga,2,2,2.00
2026-07-19,PETICION,Sin Aguacate,4,4,4.00
2026-07-19,PETICION,Sin Crema,10,10,12.00
2026-07-19,PETICION,Sin Frijoles,1,1,1.00
2026-07-19,PETICION,Sin Lechuga,1,1,1.00
2026-07-19,PETICION,Sin Tomate,2,2,2.00
2026-07-19,PETICION,Sin Verduras,8,8,8.00
2026-07-19,PETICION,Verdura Aparte,1,1,1.00
2026-07-19,VARIANTE,Coca Cola,2,2,11.00
2026-07-19,VARIANTE,Coca Cola Sin Azúcar,2,2,8.00
2026-07-19,VARIANTE,Coca Light,1,1,6.00
2026-07-19,VARIANTE,Crema,1,1,2.00
2026-07-19,VARIANTE,Delaware,1,1,2.00
2026-07-19,VARIANTE,Fresca,1,1,1.00
2026-07-19,VARIANTE,Lechera,1,1,1.00
2026-07-19,VARIANTE,Lechero,1,1,2.00
2026-07-19,VARIANTE,Mantequilla,1,1,13.00
2026-07-19,VARIANTE,Normal,2,2,43.00
2026-07-19,VARIANTE,Poca leche,1,1,4.00
2026-07-19,VARIANTE,Sprite,1,1,2.00
2026-07-20,EXTRA,Bistec (1 pza.),4,4,5.00
2026-07-20,EXTRA,Frijoles,4,4,9.00
2026-07-20,EXTRA,Huevo Estrellado Medio (2 pzas.),1,1,1.00
2026-07-20,EXTRA,Huevo Revuelto (p/relleno),4,4,5.00
2026-07-20,EXTRA,Pieza Tortilla de Maíz,4,1,1.00
2026-07-20,EXTRA,Queso,4,3,3.00
2026-07-20,PETICION,Doradita,1,1,2.00
2026-07-20,PETICION,Escurrida,1,1,2.00
2026-07-20,PETICION,Sin Aguacate,3,3,3.00
2026-07-20,PETICION,Sin Crema,4,4,4.00
2026-07-20,PETICION,Sin Frijoles,1,1,1.00
2026-07-20,PETICION,Sin Lechuga,2,2,2.00
2026-07-20,PETICION,Sin Tomate,2,2,4.00
2026-07-20,PETICION,Sin Verduras,1,1,1.00
2026-07-20,VARIANTE,Coca Cola,2,2,6.00
2026-07-20,VARIANTE,Coca Cola Sin Azúcar,1,1,2.00
2026-07-20,VARIANTE,Coca Light,1,1,1.00
2026-07-20,VARIANTE,Crema,1,1,1.00
2026-07-20,VARIANTE,Lechero,1,1,1.00
2026-07-20,VARIANTE,Mantequilla,1,1,3.00
2026-07-20,VARIANTE,Naturales,1,1,1.00
2026-07-20,VARIANTE,Normal,2,2,26.00
2026-07-20,VARIANTE,Poca leche,1,1,2.00
2026-07-20,VARIANTE,Valle Frut,1,1,1.00
2026-07-21,EXTRA,Bistec (1 pza.),3,3,3.00
2026-07-21,EXTRA,Huevo Estrellado Cocido (2 pzas.),1,1,1.00
2026-07-21,EXTRA,Huevo Estrellado Medio (2 pzas.),2,2,2.00
2026-07-21,EXTRA,Huevo Estrellado Tierno (2 pzas.),1,1,1.00
2026-07-21,EXTRA,Huevo Revuelto (p/relleno),1,1,1.00
2026-07-21,EXTRA,Queso,7,7,8.00
2026-07-21,EXTRA,Relleno de Guisados,1,1,1.00
2026-07-21,PETICION,En dos platos,1,1,1.00
2026-07-21,PETICION,Frijoles Aparte,3,3,4.00
2026-07-21,PETICION,Poca Lechuga,2,2,2.00
2026-07-21,PETICION,Poco Frijol,1,1,1.00
2026-07-21,PETICION,Sin Aguacate,2,2,2.00
2026-07-21,PETICION,Sin Crema,10,10,10.00
2026-07-21,PETICION,Sin Lechuga,5,5,5.00
2026-07-21,PETICION,Sin Queso,3,3,3.00
2026-07-21,PETICION,Sin Tomate,4,4,4.00
2026-07-21,PETICION,Sin Verduras,5,5,6.00
2026-07-21,PETICION,Verdura Aparte,2,2,2.00
2026-07-21,VARIANTE,Coca Cola,1,1,9.00
2026-07-21,VARIANTE,Coca Cola Sin Azúcar,1,1,3.00
2026-07-21,VARIANTE,Coca Light,1,1,1.00
2026-07-21,VARIANTE,Crema,2,2,2.00
2026-07-21,VARIANTE,Delaware,1,1,1.00
2026-07-21,VARIANTE,Escuis Hierro,1,1,1.00
2026-07-21,VARIANTE,Escuis Manzana,1,1,1.00
2026-07-21,VARIANTE,Fanta,1,1,2.00
2026-07-21,VARIANTE,Lechera,2,2,2.00
2026-07-21,VARIANTE,Lechero,1,1,1.00
2026-07-21,VARIANTE,Mantequilla,1,1,1.00
2026-07-21,VARIANTE,Normal,2,2,48.00
2026-07-21,VARIANTE,Poca leche,1,1,3.00
2026-07-22,EXTRA,Bistec (1 pza.),2,2,2.00
2026-07-22,EXTRA,Doble Guiso,1,1,1.00
2026-07-22,EXTRA,Frijoles,3,3,3.00
2026-07-22,EXTRA,Huevo Estrellado Cocido (2 pzas.),1,1,1.00
2026-07-22,EXTRA,Huevo Estrellado Medio (2 pzas.),2,2,2.00
2026-07-22,EXTRA,Huevo Revuelto (2 pzas.),1,1,1.00
2026-07-22,EXTRA,Huevo Revuelto (p/relleno),3,3,3.00
2026-07-22,EXTRA,Pieza Tortilla de Maíz,4,1,1.00
2026-07-22,EXTRA,Queso,1,1,1.00
2026-07-22,PETICION,Doradita,7,7,7.00
2026-07-22,PETICION,En dos platos,1,1,1.00
2026-07-22,PETICION,Escurrida,1,1,1.00
2026-07-22,PETICION,Poca Lechuga,1,1,1.00
2026-07-22,PETICION,Poco Frijol,1,1,1.00
2026-07-22,PETICION,Sin Aguacate,2,2,2.00
2026-07-22,PETICION,Sin Crema,5,5,5.00
2026-07-22,PETICION,Sin Lechuga,3,3,3.00
2026-07-22,PETICION,Sin Tomate,6,6,6.00
2026-07-22,VARIANTE,Coca Cola,2,2,8.00
2026-07-22,VARIANTE,Coca Cola Sin Azúcar,1,1,3.00
2026-07-22,VARIANTE,Escuis Piña,1,1,1.00
2026-07-22,VARIANTE,Lechera,1,1,1.00
2026-07-22,VARIANTE,Mantequilla,1,1,1.00
2026-07-22,VARIANTE,Naturales,1,1,1.00
2026-07-22,VARIANTE,Normal,2,2,45.00
2026-07-22,VARIANTE,Poca leche,1,1,1.00
2026-07-22,VARIANTE,Sprite,1,1,2.00
2026-07-22,VARIANTE,Tierno,1,1,1.00
2026-07-22,VARIANTE,Valle Frut,1,1,1.00
2026-07-23,EXTRA,Bistec (1 pza.),5,5,8.00
2026-07-23,EXTRA,Doble Guiso,5,5,7.00
2026-07-23,EXTRA,Huevo Estrellado Cocido (2 pzas.),2,2,3.00
2026-07-23,EXTRA,Huevo Estrellado Medio (2 pzas.),2,2,2.00
2026-07-23,EXTRA,Huevo Revuelto (2 pzas.),1,1,1.00
2026-07-23,EXTRA,Huevo Revuelto (p/relleno),5,5,6.00
2026-07-23,EXTRA,Pieza Tortilla de Maíz,7,2,2.00
2026-07-23,EXTRA,Queso,1,1,2.00
2026-07-23,PETICION,Doradita,1,1,1.00
2026-07-23,PETICION,Escurrida,3,3,3.00
2026-07-23,PETICION,Sin Aguacate,1,1,1.00
2026-07-23,PETICION,Sin Crema,5,5,6.00
2026-07-23,PETICION,Sin Lechuga,2,2,3.00
2026-07-23,PETICION,Sin Tomate,1,1,1.00
2026-07-23,PETICION,Sin Verduras,1,1,1.00
2026-07-23,VARIANTE,Bocol delgado,1,1,1.00
2026-07-23,VARIANTE,Coca Cola,1,1,7.00
2026-07-23,VARIANTE,Coca Cola Sin Azúcar,2,2,7.00
2026-07-23,VARIANTE,Coca Light,1,1,1.00
2026-07-23,VARIANTE,Cocido,1,1,1.00
2026-07-23,VARIANTE,Escuis Fresa,1,1,1.00
2026-07-23,VARIANTE,Leche Aparte,1,1,2.00
2026-07-23,VARIANTE,Lechero,1,1,1.00
2026-07-23,VARIANTE,Mantequilla,1,1,4.00
2026-07-23,VARIANTE,Normal,2,2,44.00
2026-07-23,VARIANTE,Tierno,1,1,2.00
2026-07-24,EXTRA,Bistec (1 pza.),7,7,7.00
2026-07-24,EXTRA,Huevo Estrellado Ciego (2 pzas.),1,1,1.00
2026-07-24,EXTRA,Huevo Estrellado Cocido (2 pzas.),5,5,5.00
2026-07-24,EXTRA,Huevo Estrellado Medio (2 pzas.),2,2,2.00
2026-07-24,EXTRA,Huevo Estrellado Tierno (2 pzas.),2,2,2.00
2026-07-24,EXTRA,Huevo Revuelto (2 pzas.),2,2,3.00
2026-07-24,EXTRA,Queso,2,2,6.00
2026-07-24,EXTRA,Relleno de Guisados,2,2,2.00
2026-07-24,PETICION,Doradita,6,6,15.00
2026-07-24,PETICION,En dos platos,1,1,1.00
2026-07-24,PETICION,Escurrida,2,2,4.00
2026-07-24,PETICION,Sin Aguacate,4,4,4.00
2026-07-24,PETICION,Sin Crema,10,10,12.00
2026-07-24,PETICION,Sin Frijoles,3,3,3.00
2026-07-24,PETICION,Sin Lechuga,1,1,1.00
2026-07-24,PETICION,Sin Queso,1,1,1.00
2026-07-24,PETICION,Sin Tomate,2,2,2.00
2026-07-24,PETICION,Sin Verduras,2,2,2.00
2026-07-24,PETICION,Verdura Aparte,1,1,1.00
2026-07-24,VARIANTE,Coca Cola,2,2,10.00
2026-07-24,VARIANTE,Coca Cola Sin Azúcar,2,2,6.00
2026-07-24,VARIANTE,Coca Light,1,1,1.00
2026-07-24,VARIANTE,Crema,1,1,1.00
2026-07-24,VARIANTE,Lechera,1,1,1.00
2026-07-24,VARIANTE,Lechero,1,1,1.00
2026-07-24,VARIANTE,Mantequilla,1,1,7.00
2026-07-24,VARIANTE,Naturales,2,2,2.00
2026-07-24,VARIANTE,Normal,2,2,33.00
2026-07-24,VARIANTE,Poca leche,1,1,6.00
2026-07-25,EXTRA,Bistec (1 pza.),6,6,8.00
2026-07-25,EXTRA,Huevo Estrellado Ciego (2 pzas.),1,1,1.00
2026-07-25,EXTRA,Huevo Estrellado Cocido (2 pzas.),2,2,2.00
2026-07-25,EXTRA,Huevo Estrellado Tierno (2 pzas.),1,1,1.00
2026-07-25,EXTRA,Huevo Revuelto (2 pzas.),3,3,3.00
2026-07-25,EXTRA,Huevo Revuelto (p/relleno),3,3,3.00
2026-07-25,EXTRA,Pieza Tortilla de Maíz,4,1,1.00
2026-07-25,EXTRA,Queso,11,10,11.00
2026-07-25,EXTRA,Relleno de Guisados,6,6,6.00
2026-07-25,PETICION,Doradita,4,4,5.00
2026-07-25,PETICION,En dos platos,1,1,1.00
2026-07-25,PETICION,Escurrida,4,4,6.00
2026-07-25,PETICION,Sin Crema,6,6,6.00
2026-07-25,PETICION,Sin Frijoles,3,3,3.00
2026-07-25,PETICION,Sin Lechuga,11,11,12.00
2026-07-25,PETICION,Sin Tomate,4,4,5.00
2026-07-25,PETICION,Sin Verduras,1,1,1.00
2026-07-25,PETICION,Verdura Aparte,1,1,1.00
2026-07-25,VARIANTE,Bocol delgado,4,4,5.00
2026-07-25,VARIANTE,Coca Cola,2,2,12.00
2026-07-25,VARIANTE,Coca Cola Sin Azúcar,2,2,8.00
2026-07-25,VARIANTE,Coca Light,1,1,5.00
2026-07-25,VARIANTE,Escuis Hierro,1,1,2.00
2026-07-25,VARIANTE,Mantequilla,1,1,12.00
2026-07-25,VARIANTE,Medio,1,1,1.00
2026-07-25,VARIANTE,Normal,2,2,61.00
2026-07-25,VARIANTE,Poca leche,1,1,2.00
2026-07-26,EXTRA,Bistec (1 pza.),9,9,10.00
2026-07-26,EXTRA,Frijoles,1,1,3.00
2026-07-26,EXTRA,Huevo Estrellado Ciego (2 pzas.),1,1,1.00
2026-07-26,EXTRA,Huevo Estrellado Cocido (2 pzas.),2,2,2.00
2026-07-26,EXTRA,Huevo Estrellado Medio (2 pzas.),1,1,1.00
2026-07-26,EXTRA,Huevo Estrellado Tierno (2 pzas.),1,1,1.00
2026-07-26,EXTRA,Huevo Revuelto (2 pzas.),9,9,12.00
2026-07-26,EXTRA,Huevo Revuelto (p/relleno),5,5,5.00
2026-07-26,EXTRA,Pieza Tortilla de Harina,4,1,1.00
2026-07-26,EXTRA,Pieza Tortilla de Maíz,4,1,1.00
2026-07-26,EXTRA,Queso,1,1,1.00
2026-07-26,EXTRA,Queso Extra Pieza,1,1,1.00
2026-07-26,PETICION,Doradita,5,5,7.00
2026-07-26,PETICION,Escurrida,1,1,1.00
2026-07-26,PETICION,Frijoles Aparte,2,2,2.00
2026-07-26,PETICION,Poca Lechuga,4,4,4.00
2026-07-26,PETICION,Sin Aguacate,3,3,3.00
2026-07-26,PETICION,Sin Crema,7,7,8.00
2026-07-26,PETICION,Sin Frijoles,1,1,1.00
2026-07-26,PETICION,Sin Lechuga,7,7,8.00
2026-07-26,PETICION,Sin Queso,1,1,1.00
2026-07-26,PETICION,Sin Tomate,7,7,8.00
2026-07-26,PETICION,Sin Verduras,2,2,2.00
2026-07-26,VARIANTE,Bocol delgado,1,1,2.00
2026-07-26,VARIANTE,Coca Cola,1,1,13.00
2026-07-26,VARIANTE,Coca Cola Sin Azúcar,2,2,10.00
2026-07-26,VARIANTE,Coca Light,1,1,5.00
2026-07-26,VARIANTE,Lechera,1,1,2.00
2026-07-26,VARIANTE,Lechero,1,1,2.00
2026-07-26,VARIANTE,Mantequilla,1,1,6.00
2026-07-26,VARIANTE,Normal,2,2,55.00
2026-07-26,VARIANTE,Poca leche,1,1,2.00
2026-07-26,VARIANTE,Valle Frut,1,1,1.00
2026-07-27,EXTRA,Bistec (1 pza.),1,1,1.00
2026-07-27,EXTRA,Frijoles,1,1,1.00
2026-07-27,EXTRA,Huevo Estrellado Medio (2 pzas.),2,2,2.00
2026-07-27,EXTRA,Huevo Estrellado Tierno (2 pzas.),2,2,2.00
2026-07-27,EXTRA,Huevo Revuelto (2 pzas.),1,1,1.00
2026-07-27,EXTRA,Huevo Revuelto (p/relleno),1,1,1.00
2026-07-27,EXTRA,Pieza Tortilla de Maíz,2,1,1.00
2026-07-27,EXTRA,Queso,2,2,2.00
2026-07-27,PETICION,Doradita,1,1,2.00
2026-07-27,PETICION,En dos platos,1,1,1.00
2026-07-27,PETICION,Sin Aguacate,1,1,1.00
2026-07-27,PETICION,Sin Crema,2,2,2.00
2026-07-27,PETICION,Sin Lechuga,3,3,3.00
2026-07-27,PETICION,Sin Tomate,1,1,1.00
2026-07-27,VARIANTE,Coca Cola,2,2,7.00
2026-07-27,VARIANTE,Coca Cola Sin Azúcar,1,1,1.00
2026-07-27,VARIANTE,Coca Light,1,1,1.00
2026-07-27,VARIANTE,Escuis Fresa,1,1,2.00
2026-07-27,VARIANTE,Fanta,1,1,1.00
2026-07-27,VARIANTE,Lechero,1,1,2.00
2026-07-27,VARIANTE,Mantequilla,1,1,6.00
2026-07-27,VARIANTE,Normal,2,2,28.00
2026-07-27,VARIANTE,Poca leche,1,1,2.00
2026-07-27,VARIANTE,Valle Frut,1,1,1.00
2026-07-28,EXTRA,Bistec (1 pza.),3,3,6.00
2026-07-28,EXTRA,Huevo Estrellado Cocido (2 pzas.),2,2,2.00
2026-07-28,EXTRA,Huevo Estrellado Medio (2 pzas.),3,3,4.00
2026-07-28,EXTRA,Huevo Estrellado Tierno (2 pzas.),1,1,1.00
2026-07-28,EXTRA,Relleno de Guisados,1,1,1.00
2026-07-28,PETICION,Doradita,2,2,2.00
2026-07-28,PETICION,Poca Lechuga,2,2,2.00
2026-07-28,PETICION,Sin Aguacate,1,1,1.00
2026-07-28,PETICION,Sin Crema,4,4,5.00
2026-07-28,PETICION,Sin Tomate,3,3,3.00
2026-07-28,PETICION,Verdura Aparte,1,1,1.00
2026-07-28,VARIANTE,Coca Cola,2,2,5.00
2026-07-28,VARIANTE,Coca Cola Sin Azúcar,2,2,6.00
2026-07-28,VARIANTE,Escuis Fresa,1,1,1.00
2026-07-28,VARIANTE,Lechero,1,1,1.00
2026-07-28,VARIANTE,Mantequilla,1,1,6.00
2026-07-28,VARIANTE,Natural,1,1,1.00
2026-07-28,VARIANTE,Normal,2,2,57.00
2026-07-28,VARIANTE,Poca leche,1,1,3.00
2026-07-28,VARIANTE,Valle Frut,1,1,1.00
2026-07-29,EXTRA,Bistec (1 pza.),8,8,9.00
2026-07-29,EXTRA,Huevo Estrellado Cocido (2 pzas.),1,1,2.00
2026-07-29,EXTRA,Huevo Estrellado Tierno (2 pzas.),1,1,1.00
2026-07-29,EXTRA,Huevo Revuelto (2 pzas.),1,1,1.00
2026-07-29,EXTRA,Huevo Revuelto (p/relleno),2,2,2.00
2026-07-29,EXTRA,Pieza Tortilla de Maíz,4,1,1.00
2026-07-29,EXTRA,Queso,9,5,7.00
2026-07-29,EXTRA,Relleno de Guisados,2,2,2.00
2026-07-29,PETICION,Sin Aguacate,5,5,5.00
2026-07-29,PETICION,Sin Crema,6,6,7.00
2026-07-29,PETICION,Sin Lechuga,1,1,1.00
2026-07-29,PETICION,Sin Tomate,3,3,3.00
2026-07-29,PETICION,Sin Verduras,1,1,1.00
2026-07-29,VARIANTE,Coca Cola,2,2,12.00
2026-07-29,VARIANTE,Coca Cola Sin Azúcar,2,2,4.00
2026-07-29,VARIANTE,Coca Light,1,1,4.00
2026-07-29,VARIANTE,Crema,2,2,3.00
2026-07-29,VARIANTE,Delaware,1,1,1.00
2026-07-29,VARIANTE,Diluido con Agua,1,1,1.00
2026-07-29,VARIANTE,Escuis Hierro,1,1,2.00
2026-07-29,VARIANTE,Escuis Manzana,1,1,1.00
2026-07-29,VARIANTE,Escuis Piña,1,1,3.00
2026-07-29,VARIANTE,Lechera,1,1,1.00
2026-07-29,VARIANTE,Lechero,1,1,1.00
2026-07-29,VARIANTE,Mantequilla,1,1,5.00
2026-07-29,VARIANTE,Normal,2,2,35.00
2026-07-29,VARIANTE,Sprite,1,1,2.00
2026-07-29,VARIANTE,Valle Frut,1,1,1.00
2026-07-30,EXTRA,Bistec (1 pza.),7,7,8.00
2026-07-30,EXTRA,Huevo Estrellado Ciego (2 pzas.),1,1,1.00
2026-07-30,EXTRA,Huevo Estrellado Cocido (2 pzas.),2,2,2.00
2026-07-30,EXTRA,Huevo Estrellado Medio (2 pzas.),1,1,1.00
2026-07-30,EXTRA,Huevo Estrellado Tierno (2 pzas.),1,1,1.00
2026-07-30,EXTRA,Huevo Revuelto (2 pzas.),1,1,1.00
2026-07-30,EXTRA,Queso,4,3,4.00
2026-07-30,PETICION,Doradita,3,3,4.00
2026-07-30,PETICION,En dos platos,1,1,1.00
2026-07-30,PETICION,Escurrida,3,3,4.00
2026-07-30,PETICION,Sin Aguacate,1,1,1.00
2026-07-30,PETICION,Sin Crema,5,5,5.00
2026-07-30,PETICION,Sin Frijoles,1,1,1.00
2026-07-30,PETICION,Sin Lechuga,9,9,9.00
2026-07-30,PETICION,Sin Tomate,3,3,3.00
2026-07-30,PETICION,Sin Verduras,2,2,2.00
2026-07-30,VARIANTE,Coca Cola,2,2,8.00
2026-07-30,VARIANTE,Coca Cola Sin Azúcar,2,2,7.00
2026-07-30,VARIANTE,Crema,1,1,1.00
2026-07-30,VARIANTE,Escuis Hierro,1,1,1.00
2026-07-30,VARIANTE,Fresca,1,1,1.00
2026-07-30,VARIANTE,Lechera,1,1,1.00
2026-07-30,VARIANTE,Mantequilla,1,1,2.00
2026-07-30,VARIANTE,Normal,2,2,44.00
2026-07-30,VARIANTE,Poca leche,1,1,4.00
2026-07-31,EXTRA,Bistec (1 pza.),3,3,4.00
2026-07-31,EXTRA,Doble Guiso,1,1,1.00
2026-07-31,EXTRA,Frijoles,1,1,2.00
2026-07-31,EXTRA,Huevo Estrellado Cocido (2 pzas.),1,1,1.00
2026-07-31,EXTRA,Huevo Estrellado Medio (2 pzas.),2,2,2.00
2026-07-31,EXTRA,Huevo Estrellado Tierno (2 pzas.),3,3,3.00
2026-07-31,EXTRA,Huevo Revuelto (2 pzas.),5,5,6.00
2026-07-31,EXTRA,Huevo Revuelto (p/relleno),1,1,1.00
2026-07-31,EXTRA,Pieza Tortilla de Maíz,4,1,1.00
2026-07-31,EXTRA,Queso,1,1,2.00
2026-07-31,EXTRA,Relleno de Guisados,6,6,6.00
2026-07-31,PETICION,Doradita,1,1,4.00
2026-07-31,PETICION,En dos platos,1,1,1.00
2026-07-31,PETICION,Poca Lechuga,1,1,1.00
2026-07-31,PETICION,Sin Aguacate,1,1,1.00
2026-07-31,PETICION,Sin Crema,4,4,5.00
2026-07-31,PETICION,Sin Tomate,3,3,3.00
2026-07-31,PETICION,Verdura Aparte,1,1,1.00
2026-07-31,VARIANTE,Coca Cola,2,2,8.00
2026-07-31,VARIANTE,Coca Cola Sin Azúcar,2,2,4.00
2026-07-31,VARIANTE,Crema,1,1,2.00
2026-07-31,VARIANTE,Escuis Hierro,1,1,1.00
2026-07-31,VARIANTE,Fresca,1,1,2.00
2026-07-31,VARIANTE,Lechera,1,1,2.00
2026-07-31,VARIANTE,Lechero,1,1,1.00
2026-07-31,VARIANTE,Mantequilla,1,1,3.00
2026-07-31,VARIANTE,Medio,1,1,1.00
2026-07-31,VARIANTE,Normal,2,2,39.00
2026-07-31,VARIANTE,Poca leche,1,1,4.00
2026-07-31,VARIANTE,Sprite,1,1,1.00
2026-08-01,EXTRA,Bistec (1 pza.),7,7,8.00
2026-08-01,EXTRA,Doble Guiso,1,1,1.00
2026-08-01,EXTRA,Frijoles,2,2,2.00
2026-08-01,EXTRA,Huevo Estrellado Cocido (2 pzas.),1,1,1.00
2026-08-01,EXTRA,Huevo Estrellado Medio (2 pzas.),4,4,4.00
2026-08-01,EXTRA,Huevo Estrellado Tierno (2 pzas.),5,5,6.00
2026-08-01,EXTRA,Huevo Revuelto (2 pzas.),7,7,7.00
2026-08-01,EXTRA,Pieza Tortilla de Maíz,6,2,2.00
2026-08-01,EXTRA,Queso,2,2,2.00
2026-08-01,EXTRA,Queso Extra Pieza,6,2,2.00
2026-08-01,EXTRA,Relleno de Guisados,2,2,2.00
2026-08-01,PETICION,Doradita,3,3,4.00
2026-08-01,PETICION,En dos platos,2,2,2.00
2026-08-01,PETICION,Escurrida,8,7,10.00
2026-08-01,PETICION,Frijoles Aparte,2,2,3.00
2026-08-01,PETICION,Poca Lechuga,3,3,3.00
2026-08-01,PETICION,Sin Crema,7,7,7.00
2026-08-01,PETICION,Sin Lechuga,7,7,8.00
2026-08-01,PETICION,Sin Tomate,1,1,1.00
2026-08-01,PETICION,Sin Verduras,2,2,2.00
2026-08-01,PETICION,Verdura Aparte,3,3,4.00
2026-08-01,VARIANTE,Bocol delgado,4,4,7.00
2026-08-01,VARIANTE,Coca Cola,2,2,7.00
2026-08-01,VARIANTE,Coca Cola Sin Azúcar,1,1,8.00
2026-08-01,VARIANTE,Coca Light,1,1,1.00
2026-08-01,VARIANTE,Crema,1,1,2.00
2026-08-01,VARIANTE,Escuis Manzana,1,1,1.00
2026-08-01,VARIANTE,Escuis Piña,1,1,1.00
2026-08-01,VARIANTE,Lechera,1,1,2.00
2026-08-01,VARIANTE,Lechero,1,1,1.00
2026-08-01,VARIANTE,Mantequilla,1,1,3.00
2026-08-01,VARIANTE,Naturales,1,1,1.00
2026-08-01,VARIANTE,Normal,2,2,67.00
2026-08-01,VARIANTE,Poca leche,1,1,2.00
2026-08-01,VARIANTE,Valle Frut,1,1,1.00
2026-08-02,EXTRA,Bistec (1 pza.),5,5,7.00
2026-08-02,EXTRA,Frijoles,1,1,1.00
2026-08-02,EXTRA,Huevo Estrellado Cocido (2 pzas.),3,3,3.00
2026-08-02,EXTRA,Huevo Estrellado Medio (2 pzas.),2,2,3.00
2026-08-02,EXTRA,Huevo Revuelto (2 pzas.),5,5,7.00
2026-08-02,EXTRA,Huevo Revuelto (p/relleno),3,3,4.00
2026-08-02,EXTRA,Pieza Tortilla de Maíz,4,1,1.00
2026-08-02,EXTRA,Queso,2,2,2.00
2026-08-02,EXTRA,Queso Extra Pieza,1,1,1.00
2026-08-02,EXTRA,Relleno de Guisados,6,6,6.00
2026-08-02,PETICION,Doradita,2,2,5.00
2026-08-02,PETICION,Escurrida,1,1,2.00
2026-08-02,PETICION,Poca Lechuga,2,2,2.00
2026-08-02,PETICION,Poco Frijol,1,1,1.00
2026-08-02,PETICION,Sin Aguacate,1,1,1.00
2026-08-02,PETICION,Sin Crema,11,11,12.00
2026-08-02,PETICION,Sin Frijoles,1,1,1.00
2026-08-02,PETICION,Sin Queso,1,1,1.00
2026-08-02,PETICION,Sin Tomate,3,3,3.00
2026-08-02,PETICION,Sin Verduras,1,1,1.00
2026-08-02,VARIANTE,Coca Cola,2,2,5.00
2026-08-02,VARIANTE,Coca Cola Sin Azúcar,2,2,5.00
2026-08-02,VARIANTE,Coca Light,1,1,6.00
2026-08-02,VARIANTE,Delaware,1,1,1.00
2026-08-02,VARIANTE,Diluido con Agua,1,1,1.00
2026-08-02,VARIANTE,Escuis Hierro,1,1,1.00
2026-08-02,VARIANTE,Fanta,1,1,1.00
2026-08-02,VARIANTE,Leche Aparte,1,1,1.00
2026-08-02,VARIANTE,Lechero,1,1,1.00
2026-08-02,VARIANTE,Mantequilla,1,1,6.00
2026-08-02,VARIANTE,Naturales,1,1,1.00
2026-08-02,VARIANTE,Normal,2,2,62.00
2026-08-02,VARIANTE,Poca leche,1,1,1.00
2026-08-02,VARIANTE,Valle Frut,1,1,3.00
2026-08-03,EXTRA,Bistec (1 pza.),7,7,11.00
2026-08-03,EXTRA,Doble Guiso,1,1,1.00
2026-08-03,EXTRA,Huevo Estrellado Tierno (2 pzas.),1,1,1.00
2026-08-03,EXTRA,Huevo Revuelto (p/relleno),2,2,2.00
2026-08-03,EXTRA,Queso,8,8,9.00
2026-08-03,PETICION,Doradita,10,9,16.00
2026-08-03,PETICION,Escurrida,4,4,7.00
2026-08-03,PETICION,Sin Aguacate,2,2,2.00
2026-08-03,PETICION,Sin Crema,9,9,11.00
2026-08-03,PETICION,Sin Frijoles,2,2,2.00
2026-08-03,PETICION,Sin Lechuga,2,2,2.00
2026-08-03,PETICION,Sin Queso,3,3,3.00
2026-08-03,PETICION,Sin Tomate,2,2,2.00
2026-08-03,PETICION,Sin Verduras,2,2,2.00
2026-08-03,VARIANTE,Bocol delgado,3,3,3.00
2026-08-03,VARIANTE,Coca Cola,2,2,9.00
2026-08-03,VARIANTE,Coca Cola Sin Azúcar,2,2,6.00
2026-08-03,VARIANTE,Cocido,1,1,1.00
2026-08-03,VARIANTE,Leche Aparte,1,1,1.00
2026-08-03,VARIANTE,Mantequilla,3,2,5.00
2026-08-03,VARIANTE,Naturales,2,2,2.00
2026-08-03,VARIANTE,Normal,2,2,35.00
2026-08-03,VARIANTE,Sprite,1,1,1.00
2026-08-04,EXTRA,Bistec (1 pza.),3,3,3.00
2026-08-04,EXTRA,Doble Guiso,1,1,4.00
2026-08-04,EXTRA,Huevo Estrellado Cocido (2 pzas.),3,3,3.00
2026-08-04,EXTRA,Huevo Revuelto (2 pzas.),1,1,1.00
2026-08-04,EXTRA,Huevo Revuelto (p/relleno),2,2,2.00
2026-08-04,EXTRA,Pieza Tortilla de Maíz,8,2,2.00
2026-08-04,EXTRA,Queso,1,1,1.00
2026-08-04,PETICION,Doradita,4,4,5.00
2026-08-04,PETICION,En dos platos,1,1,1.00
2026-08-04,PETICION,Escurrida,4,4,6.00
2026-08-04,PETICION,Frijoles Aparte,1,1,1.00
2026-08-04,PETICION,Poco Frijol,1,1,2.00
2026-08-04,PETICION,Sin Aguacate,2,2,2.00
2026-08-04,PETICION,Sin Crema,4,4,4.00
2026-08-04,PETICION,Sin Frijoles,1,1,1.00
2026-08-04,PETICION,Sin Lechuga,2,2,2.00
2026-08-04,PETICION,Sin Tomate,1,1,1.00
2026-08-04,VARIANTE,Coca Cola,1,1,3.00
2026-08-04,VARIANTE,Coca Cola Sin Azúcar,2,2,6.00
2026-08-04,VARIANTE,Coca Light,1,1,2.00
2026-08-04,VARIANTE,Crema,1,1,1.00
2026-08-04,VARIANTE,Delaware,1,1,2.00
2026-08-04,VARIANTE,Escuis Manzana,1,1,1.00
2026-08-04,VARIANTE,Escuis Piña,1,1,1.00
2026-08-04,VARIANTE,Fanta,1,1,1.00
2026-08-04,VARIANTE,Fresca,1,1,2.00
2026-08-04,VARIANTE,Leche Aparte,1,1,2.00
2026-08-04,VARIANTE,Lechera,1,1,1.00
2026-08-04,VARIANTE,Mantequilla,1,1,6.00
2026-08-04,VARIANTE,Migada Delgada,1,1,2.00
2026-08-04,VARIANTE,Normal,2,2,33.00
2026-08-04,VARIANTE,Valle Frut,1,1,1.00
2026-08-05,EXTRA,Bistec (1 pza.),4,4,6.00
2026-08-05,EXTRA,Frijoles,2,2,3.00
2026-08-05,EXTRA,Huevo Estrellado Cocido (2 pzas.),2,2,3.00
2026-08-05,EXTRA,Huevo Estrellado Medio (2 pzas.),1,1,1.00
2026-08-05,EXTRA,Huevo Estrellado Tierno (2 pzas.),4,4,4.00
2026-08-05,EXTRA,Huevo Revuelto (2 pzas.),3,3,3.00
2026-08-05,EXTRA,Pieza Tortilla de Maíz,9,3,3.00
2026-08-05,EXTRA,Queso,1,1,1.00
2026-08-05,PETICION,En dos platos,1,1,1.00
2026-08-05,PETICION,Sin Aguacate,2,2,2.00
2026-08-05,PETICION,Sin Crema,2,2,2.00
2026-08-05,PETICION,Sin Lechuga,3,3,3.00
2026-08-05,PETICION,Sin Tomate,1,1,1.00
2026-08-05,PETICION,Verdura Aparte,1,1,1.00
2026-08-05,VARIANTE,Coca Cola,2,2,5.00
2026-08-05,VARIANTE,Coca Cola Sin Azúcar,2,2,9.00
2026-08-05,VARIANTE,Coca Light,1,1,1.00
2026-08-05,VARIANTE,Crema,1,1,1.00
2026-08-05,VARIANTE,Escuis Fresa,1,1,1.00
2026-08-05,VARIANTE,Escuis Piña,1,1,1.00
2026-08-05,VARIANTE,Lechero,1,1,1.00
2026-08-05,VARIANTE,Mantequilla,1,1,3.00
2026-08-05,VARIANTE,Normal,2,2,34.00
2026-08-05,VARIANTE,Poca leche,1,1,1.00
2026-08-05,VARIANTE,Tierno,1,1,1.00
2026-08-06,EXTRA,Bistec (1 pza.),2,2,2.00
2026-08-06,EXTRA,Chorizo Extra Pieza,1,1,1.00
2026-08-06,EXTRA,Huevo Estrellado Tierno (2 pzas.),1,1,1.00
2026-08-06,EXTRA,Huevo Revuelto (2 pzas.),2,2,2.00
2026-08-06,EXTRA,Queso,2,2,2.00
2026-08-06,PETICION,Doradita,2,2,2.00
2026-08-06,PETICION,Escurrida,1,1,2.00
2026-08-06,PETICION,Poca Lechuga,1,1,1.00
2026-08-06,PETICION,Sin Crema,4,4,4.00
2026-08-06,PETICION,Sin Frijoles,1,1,1.00
2026-08-06,PETICION,Sin Lechuga,5,5,5.00
2026-08-06,PETICION,Sin Verduras,3,3,4.00
2026-08-06,VARIANTE,Coca Cola,2,2,9.00
2026-08-06,VARIANTE,Coca Cola Sin Azúcar,2,2,6.00
2026-08-06,VARIANTE,Coca Light,1,1,3.00
2026-08-06,VARIANTE,Delaware,1,1,2.00
2026-08-06,VARIANTE,Escuis Hierro,1,1,1.00
2026-08-06,VARIANTE,Lechera,1,1,1.00
2026-08-06,VARIANTE,Mantequilla,1,1,2.00
2026-08-06,VARIANTE,Normal,2,2,19.00
2026-08-06,VARIANTE,Poca leche,1,1,1.00
2026-08-06,VARIANTE,Valle Frut,1,1,2.00
2026-08-07,EXTRA,Bistec (1 pza.),5,5,5.00
2026-08-07,EXTRA,Doble Guiso,3,3,3.00
2026-08-07,EXTRA,Frijoles,5,5,6.00
2026-08-07,EXTRA,Huevo Estrellado Cocido (2 pzas.),1,1,1.00
2026-08-07,EXTRA,Huevo Estrellado Medio (2 pzas.),1,1,1.00
2026-08-07,EXTRA,Huevo Revuelto (2 pzas.),4,4,4.00
2026-08-07,EXTRA,Huevo Revuelto (p/relleno),1,1,1.00
2026-08-07,EXTRA,Queso,1,1,1.00
2026-08-07,EXTRA,Relleno de Guisados,4,4,4.00
2026-08-07,PETICION,Doradita,1,1,1.00
2026-08-07,PETICION,Frijoles Aparte,1,1,1.00
2026-08-07,PETICION,Sin Aguacate,1,1,1.00
2026-08-07,PETICION,Sin Crema,7,7,7.00
2026-08-07,PETICION,Sin Lechuga,4,4,4.00
2026-08-07,PETICION,Sin Tomate,4,4,4.00
2026-08-07,PETICION,Sin Verduras,2,2,2.00
2026-08-07,PETICION,Verdura Aparte,1,1,1.00
2026-08-07,VARIANTE,Coca Cola,2,2,12.00
2026-08-07,VARIANTE,Coca Cola Sin Azúcar,1,1,2.00
2026-08-07,VARIANTE,Coca Light,1,1,4.00
2026-08-07,VARIANTE,Delaware,1,1,1.00
2026-08-07,VARIANTE,Escuis Manzana,1,1,1.00
2026-08-07,VARIANTE,Fresca,1,1,1.00
2026-08-07,VARIANTE,Mantequilla,1,1,5.00
2026-08-07,VARIANTE,Normal,2,2,44.00
2026-08-07,VARIANTE,Sprite,1,1,1.00
2026-08-07,VARIANTE,Valle Frut,1,1,1.00
2026-08-08,EXTRA,Bistec (1 pza.),7,7,13.00
2026-08-08,EXTRA,Frijoles,2,2,2.00
2026-08-08,EXTRA,Huevo Estrellado Medio (2 pzas.),3,3,3.00
2026-08-08,EXTRA,Huevo Estrellado Tierno (2 pzas.),3,3,3.00
2026-08-08,EXTRA,Huevo Revuelto (2 pzas.),5,5,5.00
2026-08-08,EXTRA,Huevo Revuelto (p/relleno),1,1,1.00
2026-08-08,EXTRA,Pieza Tortilla de Maíz,4,2,2.00
2026-08-08,EXTRA,Queso,2,2,2.00
2026-08-08,EXTRA,Relleno de Guisados,4,4,4.00
2026-08-08,PETICION,Escurrida,5,5,12.00
2026-08-08,PETICION,Poco Frijol,2,2,2.00
2026-08-08,PETICION,Sin Aguacate,1,1,1.00
2026-08-08,PETICION,Sin Crema,7,7,7.00
2026-08-08,PETICION,Sin Frijoles,1,1,1.00
2026-08-08,PETICION,Sin Lechuga,3,3,3.00
2026-08-08,PETICION,Sin Queso,1,1,1.00
2026-08-08,PETICION,Sin Tomate,4,4,4.00
2026-08-08,PETICION,Sin Verduras,1,1,1.00
2026-08-08,VARIANTE,Coca Cola,2,2,15.00
2026-08-08,VARIANTE,Coca Cola Sin Azúcar,2,2,8.00
2026-08-08,VARIANTE,Cocido,1,1,1.00
2026-08-08,VARIANTE,Delaware,1,1,1.00
2026-08-08,VARIANTE,Escuis Manzana,1,1,1.00
2026-08-08,VARIANTE,Fanta,1,1,1.00
2026-08-08,VARIANTE,Lechera,1,1,1.00
2026-08-08,VARIANTE,Mantequilla,1,1,2.00
2026-08-08,VARIANTE,Normal,2,2,46.00
2026-08-08,VARIANTE,Poca leche,1,1,1.00
2026-08-08,VARIANTE,Tierno,1,1,1.00
2026-08-09,EXTRA,Bistec (1 pza.),12,12,15.00
2026-08-09,EXTRA,Frijoles,7,7,8.00
2026-08-09,EXTRA,Huevo Estrellado Ciego (2 pzas.),1,1,1.00
2026-08-09,EXTRA,Huevo Estrellado Cocido (2 pzas.),3,3,3.00
2026-08-09,EXTRA,Huevo Estrellado Medio (2 pzas.),2,2,3.00
2026-08-09,EXTRA,Huevo Estrellado Tierno (2 pzas.),2,2,2.00
2026-08-09,EXTRA,Huevo Revuelto (2 pzas.),5,5,5.00
2026-08-09,EXTRA,Huevo Revuelto (p/relleno),5,5,7.00
2026-08-09,EXTRA,Pieza Tortilla de Maíz,3,1,1.00
2026-08-09,EXTRA,Queso,4,4,4.00
2026-08-09,EXTRA,Queso Extra Pieza,4,1,1.00
2026-08-09,EXTRA,Relleno de Guisados,3,3,3.00
2026-08-09,PETICION,Doradita,1,1,1.00
2026-08-09,PETICION,En dos platos,2,2,2.00
2026-08-09,PETICION,Escurrida,4,3,13.00
2026-08-09,PETICION,Poca Lechuga,1,1,1.00
2026-08-09,PETICION,Sin Aguacate,2,2,2.00
2026-08-09,PETICION,Sin Crema,12,12,12.00
2026-08-09,PETICION,Sin Frijoles,3,3,3.00
2026-08-09,PETICION,Sin Lechuga,2,2,2.00
2026-08-09,PETICION,Sin Queso,2,2,2.00
2026-08-09,PETICION,Sin Tomate,4,4,4.00
2026-08-09,PETICION,Sin Verduras,2,2,2.00
2026-08-09,PETICION,Verdura Aparte,1,1,2.00
2026-08-09,VARIANTE,Coca Cola,2,2,16.00
2026-08-09,VARIANTE,Coca Cola Sin Azúcar,1,1,5.00
2026-08-09,VARIANTE,Coca Light,1,1,4.00
2026-08-09,VARIANTE,Crema,1,1,1.00
2026-08-09,VARIANTE,Diluido con Agua,1,1,1.00
2026-08-09,VARIANTE,Escuis Hierro,1,1,1.00
2026-08-09,VARIANTE,Escuis Manzana,1,1,2.00
2026-08-09,VARIANTE,Fresca,1,1,1.00
2026-08-09,VARIANTE,Lechero,1,1,5.00
2026-08-09,VARIANTE,Mantequilla,1,1,8.00
2026-08-09,VARIANTE,Migada Delgada,1,1,1.00
2026-08-09,VARIANTE,Natural,1,1,1.00
2026-08-09,VARIANTE,Normal,2,2,64.00
2026-08-09,VARIANTE,Poca leche,1,1,1.00
2026-08-10,EXTRA,Bistec (1 pza.),4,4,7.00
2026-08-10,EXTRA,Frijoles,4,4,4.00
2026-08-10,EXTRA,Huevo Estrellado Cocido (2 pzas.),2,2,3.00
2026-08-10,EXTRA,Huevo Estrellado Medio (2 pzas.),3,3,3.00
2026-08-10,EXTRA,Huevo Estrellado Tierno (2 pzas.),2,2,2.00
2026-08-10,EXTRA,Huevo Revuelto (2 pzas.),6,6,6.00
2026-08-10,EXTRA,Pieza Tortilla de Maíz,2,1,1.00
2026-08-10,EXTRA,Queso,2,2,3.00
2026-08-10,EXTRA,Relleno de Guisados,1,1,1.00
2026-08-10,PETICION,Doradita,2,2,6.00
2026-08-10,PETICION,En dos platos,2,2,2.00
2026-08-10,PETICION,Escurrida,2,2,9.00
2026-08-10,PETICION,Frijoles Aparte,1,1,2.00
2026-08-10,PETICION,Sin Crema,8,8,9.00
2026-08-10,PETICION,Sin Frijoles,2,2,2.00
2026-08-10,PETICION,Sin Lechuga,2,2,2.00
2026-08-10,PETICION,Sin Tomate,2,2,3.00
2026-08-10,PETICION,Sin Verduras,1,1,1.00
2026-08-10,PETICION,Verdura Aparte,1,1,2.00
2026-08-10,VARIANTE,Coca Cola,2,2,11.00
2026-08-10,VARIANTE,Coca Cola Sin Azúcar,1,1,13.00
2026-08-10,VARIANTE,Coca Light,1,1,4.00
2026-08-10,VARIANTE,Crema,1,1,2.00
2026-08-10,VARIANTE,Diluido con Agua,1,1,1.00
2026-08-10,VARIANTE,Escuis Fresa,1,1,1.00
2026-08-10,VARIANTE,Escuis Piña,1,1,1.00
2026-08-10,VARIANTE,Lechera,1,1,1.00
2026-08-10,VARIANTE,Mantequilla,1,1,3.00
2026-08-10,VARIANTE,Natural,1,1,1.00
2026-08-10,VARIANTE,Normal,2,2,46.00
2026-08-10,VARIANTE,Poca leche,1,1,2.00
2026-08-10,VARIANTE,Valle Frut,1,1,2.00
2026-08-11,EXTRA,Bistec (1 pza.),2,2,2.00
2026-08-11,EXTRA,Huevo Estrellado Cocido (2 pzas.),2,2,2.00
2026-08-11,EXTRA,Huevo Estrellado Medio (2 pzas.),1,1,1.00
2026-08-11,EXTRA,Huevo Estrellado Tierno (2 pzas.),1,1,1.00
2026-08-11,EXTRA,Huevo Revuelto (2 pzas.),2,2,2.00
2026-08-11,EXTRA,Huevo Revuelto (p/relleno),1,1,1.00
2026-08-11,EXTRA,Queso,2,2,2.00
2026-08-11,EXTRA,Relleno de Guisados,1,1,1.00
2026-08-11,PETICION,En dos platos,1,1,1.00
2026-08-11,PETICION,Escurrida,1,1,1.00
2026-08-11,PETICION,Sin Aguacate,2,2,2.00
2026-08-11,PETICION,Sin Crema,5,5,5.00
2026-08-11,PETICION,Sin Frijoles,2,2,2.00
2026-08-11,PETICION,Sin Lechuga,2,2,2.00
2026-08-11,PETICION,Sin Queso,2,2,2.00
2026-08-11,PETICION,Sin Tomate,1,1,1.00
2026-08-11,PETICION,Verdura Aparte,1,1,1.00
2026-08-11,VARIANTE,Coca Cola,1,1,4.00
2026-08-11,VARIANTE,Coca Cola Sin Azúcar,2,2,2.00
2026-08-11,VARIANTE,Fanta,1,1,1.00
2026-08-11,VARIANTE,Leche Aparte,1,1,1.00
2026-08-11,VARIANTE,Mantequilla,1,1,1.00
2026-08-11,VARIANTE,Naturales,1,1,1.00
2026-08-11,VARIANTE,Normal,2,2,37.00
2026-08-11,VARIANTE,Poca leche,1,1,1.00
2026-08-11,VARIANTE,Valle Frut,1,1,4.00
2026-08-12,EXTRA,Bistec (1 pza.),10,10,15.00
2026-08-12,EXTRA,Huevo Estrellado Medio (2 pzas.),3,3,4.00
2026-08-12,EXTRA,Huevo Estrellado Tierno (2 pzas.),3,3,3.00
2026-08-12,EXTRA,Huevo Revuelto (2 pzas.),3,3,3.00
2026-08-12,EXTRA,Huevo Revuelto (p/relleno),1,1,1.00
2026-08-12,EXTRA,Pieza Tortilla de Maíz,4,1,1.00
2026-08-12,EXTRA,Queso,3,3,3.00
2026-08-12,EXTRA,Relleno de Guisados,3,3,3.00
2026-08-12,PETICION,Doradita,1,1,5.00
2026-08-12,PETICION,En dos platos,2,2,2.00
2026-08-12,PETICION,Frijoles Aparte,1,1,1.00
2026-08-12,PETICION,Sin Aguacate,2,2,2.00
2026-08-12,PETICION,Sin Crema,2,2,2.00
2026-08-12,PETICION,Sin Frijoles,1,1,1.00
2026-08-12,PETICION,Sin Lechuga,2,2,2.00
2026-08-12,PETICION,Sin Tomate,2,2,2.00
2026-08-12,VARIANTE,Coca Cola,2,2,29.00
2026-08-12,VARIANTE,Coca Cola Sin Azúcar,1,1,1.00
2026-08-12,VARIANTE,Coca Light,1,1,4.00
2026-08-12,VARIANTE,Mantequilla,1,1,1.00
2026-08-12,VARIANTE,Normal,2,2,32.00
2026-08-12,VARIANTE,Poca leche,1,1,1.00
2026-08-12,VARIANTE,Valle Frut,1,1,1.00
2026-08-13,EXTRA,Bistec (1 pza.),3,3,3.00
2026-08-13,EXTRA,Frijoles,4,4,4.00
2026-08-13,EXTRA,Huevo Estrellado Cocido (2 pzas.),2,2,2.00
2026-08-13,EXTRA,Huevo Estrellado Medio (2 pzas.),2,2,2.00
2026-08-13,EXTRA,Huevo Estrellado Tierno (2 pzas.),2,2,2.00
2026-08-13,EXTRA,Queso,2,1,1.00
2026-08-13,EXTRA,Relleno de Guisados,1,1,1.00
2026-08-13,PETICION,Doradita,8,8,12.00
2026-08-13,PETICION,Escurrida,5,5,9.00
2026-08-13,PETICION,Frijoles Aparte,1,1,1.00
2026-08-13,PETICION,Sin Aguacate,1,1,1.00
2026-08-13,PETICION,Sin Crema,9,9,9.00
2026-08-13,PETICION,Sin Frijoles,1,1,1.00
2026-08-13,PETICION,Sin Lechuga,2,2,2.00
2026-08-13,PETICION,Sin Tomate,1,1,1.00
2026-08-13,PETICION,Verdura Aparte,2,2,2.00
2026-08-13,VARIANTE,Bocol delgado,1,1,4.00
2026-08-13,VARIANTE,Coca Cola,2,2,8.00
2026-08-13,VARIANTE,Coca Cola Sin Azúcar,1,1,3.00
2026-08-13,VARIANTE,Coca Light,1,1,3.00
2026-08-13,VARIANTE,Crema,1,1,1.00
2026-08-13,VARIANTE,Escuis Piña,1,1,2.00
2026-08-13,VARIANTE,Fresca,1,1,2.00
2026-08-13,VARIANTE,Leche Aparte,1,1,2.00
2026-08-13,VARIANTE,Lechera,1,1,1.00
2026-08-13,VARIANTE,Mantequilla,1,1,3.00
2026-08-13,VARIANTE,Normal,2,2,31.00
2026-08-13,VARIANTE,Poca leche,1,1,1.00
2026-08-13,VARIANTE,Valle Frut,1,1,1.00
2026-08-14,EXTRA,Bistec (1 pza.),1,1,1.00
2026-08-14,EXTRA,Frijoles,1,1,3.00
2026-08-14,EXTRA,Huevo Estrellado Cocido (2 pzas.),2,2,2.00
2026-08-14,EXTRA,Huevo Estrellado Medio (2 pzas.),1,1,1.00
2026-08-14,EXTRA,Huevo Estrellado Tierno (2 pzas.),1,1,2.00
2026-08-14,EXTRA,Queso,1,1,1.00
2026-08-14,PETICION,Escurrida,1,1,2.00
2026-08-14,PETICION,Sin Aguacate,2,2,2.00
2026-08-14,PETICION,Sin Crema,6,6,6.00
2026-08-14,PETICION,Sin Frijoles,1,1,1.00
2026-08-14,PETICION,Sin Lechuga,1,1,1.00
2026-08-14,PETICION,Sin Tomate,3,3,3.00
2026-08-14,VARIANTE,Coca Cola,1,1,9.00
2026-08-14,VARIANTE,Coca Cola Sin Azúcar,2,2,3.00
2026-08-14,VARIANTE,Coca Light,1,1,1.00
2026-08-14,VARIANTE,Escuis Fresa,1,1,1.00
2026-08-14,VARIANTE,Escuis Hierro,1,1,1.00
2026-08-14,VARIANTE,Fresca,1,1,1.00
2026-08-14,VARIANTE,Lechero,1,1,1.00
2026-08-14,VARIANTE,Mantequilla,1,1,2.00
2026-08-14,VARIANTE,Natural,1,1,1.00
2026-08-14,VARIANTE,Normal,2,2,34.00
2026-08-14,VARIANTE,Sprite,1,1,1.00
2026-08-14,VARIANTE,Valle Frut,1,1,2.00
2026-08-15,EXTRA,Bistec (1 pza.),4,4,7.00
2026-08-15,EXTRA,Frijoles,1,1,1.00
2026-08-15,EXTRA,Huevo Estrellado Ciego (2 pzas.),2,2,2.00
2026-08-15,EXTRA,Huevo Estrellado Cocido (2 pzas.),1,1,2.00
2026-08-15,EXTRA,Huevo Estrellado Medio (2 pzas.),3,3,4.00
2026-08-15,EXTRA,Huevo Estrellado Tierno (2 pzas.),4,4,4.00
2026-08-15,EXTRA,Huevo Revuelto (2 pzas.),5,5,6.00
2026-08-15,EXTRA,Queso,6,5,5.00
2026-08-15,EXTRA,Queso Extra Pieza,2,1,1.00
2026-08-15,EXTRA,Relleno de Guisados,3,3,3.00
2026-08-15,PETICION,Doradita,11,11,14.00
2026-08-15,PETICION,Escurrida,12,12,19.00
2026-08-15,PETICION,Frijoles Aparte,1,1,1.00
2026-08-15,PETICION,Sin Aguacate,3,3,3.00
2026-08-15,PETICION,Sin Crema,7,7,7.00
2026-08-15,PETICION,Sin Lechuga,8,8,9.00
2026-08-15,PETICION,Sin Tomate,11,11,12.00
2026-08-15,PETICION,Sin Verduras,1,1,1.00
2026-08-15,PETICION,Verdura Aparte,2,2,2.00
2026-08-15,VARIANTE,Coca Cola,2,2,9.00
2026-08-15,VARIANTE,Coca Cola Sin Azúcar,2,2,11.00
2026-08-15,VARIANTE,Coca Light,1,1,2.00
2026-08-15,VARIANTE,Crema,2,2,3.00
2026-08-15,VARIANTE,Delaware,1,1,2.00
2026-08-15,VARIANTE,Fresca,1,1,1.00
2026-08-15,VARIANTE,Lechera,1,1,1.00
2026-08-15,VARIANTE,Lechero,1,1,2.00
2026-08-15,VARIANTE,Mantequilla,1,1,5.00
2026-08-15,VARIANTE,Normal,2,2,52.00
2026-08-15,VARIANTE,Poca leche,1,1,1.00
2026-08-15,VARIANTE,Valle Frut,1,1,2.00
2026-08-16,EXTRA,Bistec (1 pza.),8,8,9.00
2026-08-16,EXTRA,Frijoles,2,2,2.00
2026-08-16,EXTRA,Huevo Estrellado Ciego (2 pzas.),1,1,1.00
2026-08-16,EXTRA,Huevo Estrellado Cocido (2 pzas.),3,3,3.00
2026-08-16,EXTRA,Huevo Estrellado Medio (2 pzas.),2,2,2.00
2026-08-16,EXTRA,Huevo Estrellado Tierno (2 pzas.),6,6,7.00
2026-08-16,EXTRA,Huevo Revuelto (2 pzas.),6,6,6.00
2026-08-16,EXTRA,Huevo Revuelto (p/relleno),4,4,4.00
2026-08-16,EXTRA,Queso,4,2,2.00
2026-08-16,EXTRA,Queso Extra Pieza,6,2,2.00
2026-08-16,EXTRA,Relleno de Guisados,9,9,9.00
2026-08-16,PETICION,Doradita,3,3,4.00
2026-08-16,PETICION,En dos platos,1,1,1.00
2026-08-16,PETICION,Frijoles Aparte,1,1,1.00
2026-08-16,PETICION,Poca Lechuga,2,2,2.00
2026-08-16,PETICION,Poco Frijol,1,1,1.00
2026-08-16,PETICION,Sin Aguacate,1,1,1.00
2026-08-16,PETICION,Sin Crema,10,10,10.00
2026-08-16,PETICION,Sin Frijoles,2,2,2.00
2026-08-16,PETICION,Sin Lechuga,3,3,3.00
2026-08-16,PETICION,Sin Tomate,6,6,6.00
2026-08-16,PETICION,Sin Verduras,1,1,1.00
2026-08-16,PETICION,Verdura Aparte,1,1,1.00
2026-08-16,VARIANTE,Bocol delgado,2,2,2.00
2026-08-16,VARIANTE,Coca Cola,2,2,12.00
2026-08-16,VARIANTE,Coca Cola Sin Azúcar,2,2,11.00
2026-08-16,VARIANTE,Coca Light,1,1,1.00
2026-08-16,VARIANTE,Crema,1,1,1.00
2026-08-16,VARIANTE,Delaware,1,1,2.00
2026-08-16,VARIANTE,Escuis Hierro,1,1,1.00
2026-08-16,VARIANTE,Escuis Manzana,1,1,1.00
2026-08-16,VARIANTE,Fresca,1,1,1.00
2026-08-16,VARIANTE,Leche Aparte,1,1,6.00
2026-08-16,VARIANTE,Mantequilla,1,1,9.00
2026-08-16,VARIANTE,Medio,1,1,1.00
2026-08-16,VARIANTE,Migada Delgada,1,1,1.00
2026-08-16,VARIANTE,Normal,2,2,79.00
2026-08-16,VARIANTE,Sprite,1,1,1.00
2026-08-16,VARIANTE,Valle Frut,1,1,1.00
2026-08-17,EXTRA,Bistec (1 pza.),1,1,1.00
2026-08-17,EXTRA,Frijoles,4,4,6.00
2026-08-17,EXTRA,Huevo Estrellado Cocido (2 pzas.),2,2,2.00
2026-08-17,EXTRA,Huevo Revuelto (2 pzas.),1,1,1.00
2026-08-17,EXTRA,Huevo Revuelto (p/relleno),2,2,2.00
2026-08-17,EXTRA,Pieza Tortilla de Maíz,2,1,1.00
2026-08-17,EXTRA,Queso,3,1,1.00
2026-08-17,EXTRA,Queso Extra Pieza,8,3,3.00
2026-08-17,EXTRA,Relleno de Guisados,2,2,2.00
2026-08-17,PETICION,Poca Lechuga,1,1,1.00
2026-08-17,PETICION,Sin Aguacate,4,4,4.00
2026-08-17,PETICION,Sin Crema,7,7,7.00
2026-08-17,PETICION,Sin Frijoles,2,2,2.00
2026-08-17,PETICION,Sin Lechuga,3,3,3.00
2026-08-17,PETICION,Sin Tomate,6,6,7.00
2026-08-17,PETICION,Sin Verduras,1,1,1.00
2026-08-17,VARIANTE,Coca Cola,1,1,2.00
2026-08-17,VARIANTE,Coca Cola Sin Azúcar,2,2,7.00
2026-08-17,VARIANTE,Escuis Fresa,1,1,1.00
2026-08-17,VARIANTE,Escuis Manzana,1,1,2.00
2026-08-17,VARIANTE,Normal,2,2,40.00
2026-08-17,VARIANTE,Poca leche,1,1,1.00
2026-08-17,VARIANTE,Valle Frut,1,1,1.00
2026-08-18,EXTRA,Bistec (1 pza.),2,2,2.00
2026-08-18,EXTRA,Frijoles,2,2,6.00
2026-08-18,EXTRA,Huevo Estrellado Cocido (2 pzas.),1,1,1.00
2026-08-18,EXTRA,Huevo Estrellado Medio (2 pzas.),1,1,1.00
2026-08-18,EXTRA,Huevo Estrellado Tierno (2 pzas.),2,2,4.00
2026-08-18,EXTRA,Huevo Revuelto (2 pzas.),1,1,1.00
2026-08-18,EXTRA,Queso Extra Pieza,1,1,1.00
2026-08-18,EXTRA,Relleno de Guisados,3,3,3.00
2026-08-18,PETICION,Doradita,8,8,14.00
2026-08-18,PETICION,Escurrida,6,6,11.00
2026-08-18,PETICION,Poca Lechuga,1,1,1.00
2026-08-18,PETICION,Sin Crema,3,3,4.00
2026-08-18,PETICION,Sin Frijoles,2,2,2.00
2026-08-18,PETICION,Sin Lechuga,3,3,3.00
2026-08-18,PETICION,Sin Tomate,2,2,2.00
2026-08-18,VARIANTE,Bocol delgado,1,1,1.00
2026-08-18,VARIANTE,Coca Cola,2,2,10.00
2026-08-18,VARIANTE,Coca Cola Sin Azúcar,1,1,5.00
2026-08-18,VARIANTE,Escuis Fresa,1,1,1.00
2026-08-18,VARIANTE,Escuis Manzana,1,1,2.00
2026-08-18,VARIANTE,Mantequilla,1,1,4.00
2026-08-18,VARIANTE,Migada Delgada,3,3,3.00
2026-08-18,VARIANTE,Naturales,2,2,2.00
2026-08-18,VARIANTE,Normal,2,2,29.00
2026-08-18,VARIANTE,Valle Frut,1,1,1.00
2026-08-19,EXTRA,Bistec (1 pza.),3,3,3.00
2026-08-19,EXTRA,Huevo Estrellado Cocido (2 pzas.),1,1,1.00
2026-08-19,EXTRA,Huevo Estrellado Medio (2 pzas.),1,1,1.00
2026-08-19,EXTRA,Huevo Estrellado Tierno (2 pzas.),1,1,1.00
2026-08-19,EXTRA,Huevo Revuelto (2 pzas.),4,4,4.00
2026-08-19,EXTRA,Pieza Tortilla de Maíz,4,1,1.00
2026-08-19,EXTRA,Queso,3,3,3.00
2026-08-19,EXTRA,Queso Extra Pieza,2,1,1.00
2026-08-19,EXTRA,Relleno de Guisados,2,2,2.00
2026-08-19,PETICION,Doradita,4,4,6.00
2026-08-19,PETICION,Escurrida,1,1,1.00
2026-08-19,PETICION,Frijoles Aparte,1,1,1.00
2026-08-19,PETICION,Sin Aguacate,3,3,3.00
2026-08-19,PETICION,Sin Crema,5,5,5.00
2026-08-19,PETICION,Sin Lechuga,1,1,1.00
2026-08-19,PETICION,Sin Queso,1,1,1.00
2026-08-19,PETICION,Sin Tomate,2,2,2.00
2026-08-19,VARIANTE,Coca Cola,2,2,9.00
2026-08-19,VARIANTE,Coca Cola Sin Azúcar,2,2,4.00
2026-08-19,VARIANTE,Crema,1,1,1.00
2026-08-19,VARIANTE,Leche Aparte,1,1,1.00
2026-08-19,VARIANTE,Lechera,2,2,2.00
2026-08-19,VARIANTE,Lechero,1,1,1.00
2026-08-19,VARIANTE,Mantequilla,1,1,5.00
2026-08-19,VARIANTE,Naturales,1,1,1.00
2026-08-19,VARIANTE,Normal,2,2,33.00
2026-08-19,VARIANTE,Poca leche,1,1,1.00
2026-08-19,VARIANTE,Valle Frut,1,1,2.00
2026-08-20,EXTRA,Bistec (1 pza.),4,4,4.00
2026-08-20,EXTRA,Frijoles,2,2,6.00
2026-08-20,EXTRA,Huevo Estrellado Cocido (2 pzas.),2,2,2.00
2026-08-20,EXTRA,Huevo Estrellado Medio (2 pzas.),1,1,1.00
2026-08-20,EXTRA,Huevo Estrellado Tierno (2 pzas.),1,1,1.00
2026-08-20,EXTRA,Huevo Revuelto (2 pzas.),1,1,1.00
2026-08-20,EXTRA,Huevo Revuelto (p/relleno),1,1,1.00
2026-08-20,EXTRA,Pieza Tortilla de Maíz,4,1,1.00
2026-08-20,EXTRA,Queso,3,2,2.00
2026-08-20,PETICION,Sin Aguacate,1,1,1.00
2026-08-20,PETICION,Sin Crema,8,8,8.00
2026-08-20,PETICION,Sin Frijoles,1,1,1.00
2026-08-20,PETICION,Sin Lechuga,1,1,1.00
2026-08-20,PETICION,Sin Tomate,2,2,2.00
2026-08-20,PETICION,Verdura Aparte,2,2,2.00
2026-08-20,VARIANTE,Coca Cola,2,2,4.00
2026-08-20,VARIANTE,Coca Cola Sin Azúcar,2,2,8.00
2026-08-20,VARIANTE,Coca Light,1,1,3.00
2026-08-20,VARIANTE,Escuis Manzana,1,1,1.00
2026-08-20,VARIANTE,Mantequilla,1,1,4.00
2026-08-20,VARIANTE,Medio,1,1,2.00
2026-08-20,VARIANTE,Normal,2,2,32.00
2026-08-21,EXTRA,Bistec (1 pza.),4,4,4.00
2026-08-21,EXTRA,Huevo Estrellado Cocido (2 pzas.),2,2,2.00
2026-08-21,EXTRA,Huevo Estrellado Medio (2 pzas.),2,2,2.00
2026-08-21,EXTRA,Huevo Estrellado Tierno (2 pzas.),2,2,2.00
2026-08-21,EXTRA,Huevo Revuelto (2 pzas.),2,2,2.00
2026-08-21,EXTRA,Huevo Revuelto (p/relleno),4,4,4.00
2026-08-21,EXTRA,Pieza Tortilla de Harina,1,1,1.00
2026-08-21,EXTRA,Pieza Tortilla de Maíz,3,1,1.00
2026-08-21,EXTRA,Queso,1,1,1.00
2026-08-21,EXTRA,Relleno de Guisados,2,2,3.00
2026-08-21,PETICION,Doradita,3,1,4.00
2026-08-21,PETICION,Frijoles Aparte,1,1,1.00
2026-08-21,PETICION,Sin Crema,1,1,1.00
2026-08-21,PETICION,Sin Lechuga,2,2,2.00
2026-08-21,PETICION,Sin Tomate,3,3,3.00
2026-08-21,VARIANTE,Coca Cola,1,1,3.00
2026-08-21,VARIANTE,Coca Cola Sin Azúcar,1,1,2.00
2026-08-21,VARIANTE,Coca Light,1,1,2.00
2026-08-21,VARIANTE,Lechero,1,1,1.00
2026-08-21,VARIANTE,Mantequilla,1,1,3.00
2026-08-21,VARIANTE,Normal,2,2,45.00
2026-08-21,VARIANTE,Valle Frut,1,1,1.00
2026-08-22,EXTRA,Bistec (1 pza.),10,10,10.00
2026-08-22,EXTRA,Frijoles,3,3,3.00
2026-08-22,EXTRA,Huevo Estrellado Cocido (2 pzas.),3,3,3.00
2026-08-22,EXTRA,Huevo Estrellado Medio (2 pzas.),2,2,2.00
2026-08-22,EXTRA,Huevo Estrellado Tierno (2 pzas.),3,3,3.00
2026-08-22,EXTRA,Huevo Revuelto (2 pzas.),3,3,5.00
2026-08-22,EXTRA,Huevo Revuelto (p/relleno),6,6,6.00
2026-08-22,EXTRA,Pieza Tortilla de Harina,5,2,2.00
2026-08-22,EXTRA,Pieza Tortilla de Maíz,5,2,2.00
2026-08-22,EXTRA,Queso,3,2,2.00
2026-08-22,EXTRA,Queso Extra Pieza,4,1,1.00
2026-08-22,EXTRA,Relleno de Guisados,7,7,7.00
2026-08-22,PETICION,Escurrida,1,1,2.00
2026-08-22,PETICION,Frijoles Aparte,1,1,1.00
2026-08-22,PETICION,Sin Aguacate,4,4,4.00
2026-08-22,PETICION,Sin Crema,9,9,9.00
2026-08-22,PETICION,Sin Frijoles,3,3,4.00
2026-08-22,PETICION,Sin Lechuga,4,4,5.00
2026-08-22,PETICION,Sin Tomate,6,6,6.00
2026-08-22,PETICION,Sin Verduras,3,3,4.00
2026-08-22,VARIANTE,Ciego,1,1,1.00
2026-08-22,VARIANTE,Coca Cola,2,2,18.00
2026-08-22,VARIANTE,Coca Cola Sin Azúcar,2,2,12.00
2026-08-22,VARIANTE,Coca Light,1,1,1.00
2026-08-22,VARIANTE,Delaware,1,1,1.00
2026-08-22,VARIANTE,Escuis Fresa,1,1,1.00
2026-08-22,VARIANTE,Escuis Hierro,1,1,1.00
2026-08-22,VARIANTE,Escuis Manzana,1,1,1.00
2026-08-22,VARIANTE,Medio,1,1,1.00
2026-08-22,VARIANTE,Naturales,1,1,1.00
2026-08-22,VARIANTE,Normal,2,2,53.00
2026-08-22,VARIANTE,Poca leche,1,1,1.00
2026-08-22,VARIANTE,Sprite,1,1,2.00
2026-08-23,EXTRA,Bistec (1 pza.),7,7,9.00
2026-08-23,EXTRA,Huevo Estrellado Ciego (2 pzas.),1,1,1.00
2026-08-23,EXTRA,Huevo Estrellado Cocido (2 pzas.),6,6,7.00
2026-08-23,EXTRA,Huevo Estrellado Medio (2 pzas.),3,3,3.00
2026-08-23,EXTRA,Huevo Estrellado Tierno (2 pzas.),4,4,4.00
2026-08-23,EXTRA,Huevo Revuelto (2 pzas.),8,8,9.00
2026-08-23,EXTRA,Huevo Revuelto (p/relleno),3,3,3.00
2026-08-23,EXTRA,Queso,4,4,4.00
2026-08-23,EXTRA,Relleno de Guisados,7,7,7.00
2026-08-23,PETICION,Doradita,4,4,8.00
2026-08-23,PETICION,En dos platos,1,1,1.00
2026-08-23,PETICION,Escurrida,3,3,4.00
2026-08-23,PETICION,Poca Lechuga,1,1,1.00
2026-08-23,PETICION,Poco Frijol,1,1,1.00
2026-08-23,PETICION,Sin Aguacate,6,6,6.00
2026-08-23,PETICION,Sin Crema,12,12,14.00
2026-08-23,PETICION,Sin Frijoles,1,1,1.00
2026-08-23,PETICION,Sin Lechuga,8,8,9.00
2026-08-23,PETICION,Sin Tomate,7,7,7.00
2026-08-23,PETICION,Sin Verduras,2,2,2.00
2026-08-23,PETICION,Verdura Aparte,2,2,2.00
2026-08-23,VARIANTE,Coca Cola,2,2,15.00
2026-08-23,VARIANTE,Coca Cola Sin Azúcar,2,2,15.00
2026-08-23,VARIANTE,Coca Light,1,1,4.00
2026-08-23,VARIANTE,Crema,4,4,4.00
2026-08-23,VARIANTE,Escuis Fresa,1,1,1.00
2026-08-23,VARIANTE,Escuis Hierro,1,1,1.00
2026-08-23,VARIANTE,Escuis Manzana,1,1,3.00
2026-08-23,VARIANTE,Lechera,2,2,2.00
2026-08-23,VARIANTE,Lechero,1,1,4.00
2026-08-23,VARIANTE,Mantequilla,1,1,1.00
2026-08-23,VARIANTE,Migada Delgada,2,2,2.00
2026-08-23,VARIANTE,Natural,1,1,3.00
2026-08-23,VARIANTE,Naturales,1,1,1.00
2026-08-23,VARIANTE,Normal,2,2,59.00
2026-08-23,VARIANTE,Poca leche,1,1,2.00
2026-08-23,VARIANTE,Valle Frut,1,1,1.00
2026-08-24,EXTRA,Bistec (1 pza.),1,1,1.00
2026-08-24,EXTRA,Frijoles,5,5,5.00
2026-08-24,EXTRA,Huevo Estrellado Cocido (2 pzas.),2,2,4.00
2026-08-24,EXTRA,Huevo Estrellado Medio (2 pzas.),2,2,2.00
2026-08-24,EXTRA,Huevo Estrellado Tierno (2 pzas.),3,3,3.00
2026-08-24,EXTRA,Huevo Revuelto (2 pzas.),1,1,1.00
2026-08-24,EXTRA,Huevo Revuelto (p/relleno),3,3,3.00
2026-08-24,EXTRA,Pieza Tortilla de Harina,1,1,1.00
2026-08-24,EXTRA,Pieza Tortilla de Maíz,11,4,4.00
2026-08-24,EXTRA,Relleno de Guisados,1,1,1.00
2026-08-24,PETICION,Doradita,2,2,2.00
2026-08-24,PETICION,Sin Aguacate,2,2,2.00
2026-08-24,PETICION,Sin Crema,8,8,8.00
2026-08-24,PETICION,Sin Frijoles,1,1,1.00
2026-08-24,PETICION,Sin Lechuga,2,2,2.00
2026-08-24,PETICION,Sin Tomate,2,2,2.00
2026-08-24,PETICION,Sin Verduras,1,1,1.00
2026-08-24,PETICION,Verdura Aparte,1,1,1.00
2026-08-24,VARIANTE,Coca Cola,2,2,5.00
2026-08-24,VARIANTE,Coca Cola Sin Azúcar,2,2,6.00
2026-08-24,VARIANTE,Coca Light,1,1,3.00
2026-08-24,VARIANTE,Delaware,1,1,1.00
2026-08-24,VARIANTE,Escuis Fresa,1,1,1.00
2026-08-24,VARIANTE,Escuis Piña,1,1,1.00
2026-08-24,VARIANTE,Lechera,1,1,1.00
2026-08-24,VARIANTE,Mantequilla,1,1,1.00
2026-08-24,VARIANTE,Normal,2,2,42.00
2026-08-24,VARIANTE,Poca leche,1,1,1.00
2026-08-25,EXTRA,Bistec (1 pza.),5,5,5.00
2026-08-25,EXTRA,Frijoles,1,1,1.00
2026-08-25,EXTRA,Huevo Estrellado Cocido (2 pzas.),1,1,1.00
2026-08-25,EXTRA,Huevo Estrellado Medio (2 pzas.),1,1,1.00
2026-08-25,EXTRA,Huevo Estrellado Tierno (2 pzas.),1,1,1.00
2026-08-25,EXTRA,Pieza Tortilla de Maíz,4,1,1.00
2026-08-25,EXTRA,Queso,5,4,4.00
2026-08-25,EXTRA,Relleno de Guisados,1,1,1.00
2026-08-25,PETICION,Doradita,4,4,5.00
2026-08-25,PETICION,En dos platos,1,1,1.00
2026-08-25,PETICION,Escurrida,3,3,4.00
2026-08-25,PETICION,Frijoles Aparte,1,1,1.00
2026-08-25,PETICION,Sin Aguacate,3,3,3.00
2026-08-25,PETICION,Sin Crema,5,5,5.00
2026-08-25,PETICION,Sin Frijoles,2,2,2.00
2026-08-25,PETICION,Sin Lechuga,7,7,8.00
2026-08-25,PETICION,Sin Queso,1,1,1.00
2026-08-25,PETICION,Sin Tomate,5,5,6.00
2026-08-25,PETICION,Sin Verduras,1,1,1.00
2026-08-25,VARIANTE,Coca Cola,2,2,6.00
2026-08-25,VARIANTE,Coca Cola Sin Azúcar,2,2,5.00
2026-08-25,VARIANTE,Coca Light,1,1,2.00
2026-08-25,VARIANTE,Crema,1,1,1.00
2026-08-25,VARIANTE,Delaware,1,1,1.00
2026-08-25,VARIANTE,Mantequilla,1,1,3.00
2026-08-25,VARIANTE,Medio,1,1,1.00
2026-08-25,VARIANTE,Migada Delgada,2,2,3.00
2026-08-25,VARIANTE,Naturales,1,1,1.00
2026-08-25,VARIANTE,Normal,2,2,38.00
2026-08-25,VARIANTE,Poca leche,1,1,1.00
2026-08-25,VARIANTE,Sprite,1,1,1.00
2026-08-25,VARIANTE,Valle Frut,1,1,1.00
2026-08-26,EXTRA,Bistec (1 pza.),4,4,8.00
2026-08-26,EXTRA,Doble Guiso,3,3,4.00
2026-08-26,EXTRA,Huevo Estrellado Ciego (2 pzas.),1,1,1.00
2026-08-26,EXTRA,Huevo Revuelto (2 pzas.),1,1,1.00
2026-08-26,EXTRA,Queso,5,4,4.00
2026-08-26,EXTRA,Relleno de Guisados,1,1,1.00
2026-08-26,PETICION,Doradita,13,13,15.00
2026-08-26,PETICION,En dos platos,1,1,1.00
2026-08-26,PETICION,Escurrida,6,6,12.00
2026-08-26,PETICION,Poca Lechuga,1,1,1.00
2026-08-26,PETICION,Sin Aguacate,4,4,4.00
2026-08-26,PETICION,Sin Crema,2,2,2.00
2026-08-26,PETICION,Sin Lechuga,3,3,3.00
2026-08-26,PETICION,Sin Tomate,5,5,6.00
2026-08-26,VARIANTE,Coca Cola,2,2,8.00
2026-08-26,VARIANTE,Coca Cola Sin Azúcar,2,2,11.00
2026-08-26,VARIANTE,Coca Light,1,1,2.00
2026-08-26,VARIANTE,Delaware,1,1,1.00
2026-08-26,VARIANTE,Escuis Fresa,1,1,1.00
2026-08-26,VARIANTE,Escuis Manzana,1,1,1.00
2026-08-26,VARIANTE,Mantequilla,1,1,3.00
2026-08-26,VARIANTE,Medio,1,1,1.00
2026-08-26,VARIANTE,Migada Delgada,1,1,1.00
2026-08-26,VARIANTE,Normal,2,2,40.00
2026-08-26,VARIANTE,Poca leche,1,1,1.00
2026-08-26,VARIANTE,Sprite,1,1,1.00
2026-08-26,VARIANTE,Tierno,1,1,1.00
2026-08-27,EXTRA,Bistec (1 pza.),3,3,3.00
2026-08-27,EXTRA,Huevo Estrellado Cocido (2 pzas.),1,1,1.00
2026-08-27,EXTRA,Huevo Estrellado Medio (2 pzas.),1,1,1.00
2026-08-27,EXTRA,Huevo Revuelto (2 pzas.),2,2,2.00
2026-08-27,EXTRA,Huevo Revuelto (p/relleno),1,1,1.00
2026-08-27,EXTRA,Pieza Tortilla de Maíz,4,1,1.00
2026-08-27,EXTRA,Queso,1,1,1.00
2026-08-27,EXTRA,Relleno de Guisados,2,2,3.00
2026-08-27,PETICION,Doradita,3,2,5.00
2026-08-27,PETICION,Escurrida,6,6,6.00
2026-08-27,PETICION,Frijoles Aparte,1,1,1.00
2026-08-27,PETICION,Sin Crema,7,7,7.00
2026-08-27,PETICION,Sin Lechuga,2,2,2.00
2026-08-27,PETICION,Sin Tomate,1,1,1.00
2026-08-27,PETICION,Verdura Aparte,1,1,1.00
2026-08-27,VARIANTE,Bocol delgado,1,1,1.00
2026-08-27,VARIANTE,Coca Cola,2,2,10.00
2026-08-27,VARIANTE,Coca Cola Sin Azúcar,1,1,3.00
2026-08-27,VARIANTE,Coca Light,1,1,1.00
2026-08-27,VARIANTE,Cocido,1,1,1.00
2026-08-27,VARIANTE,Crema,1,1,1.00
2026-08-27,VARIANTE,Escuis Fresa,1,1,1.00
2026-08-27,VARIANTE,Escuis Hierro,1,1,1.00
2026-08-27,VARIANTE,Mantequilla,1,1,3.00
2026-08-27,VARIANTE,Normal,2,2,36.00
2026-08-27,VARIANTE,Sprite,1,1,1.00
2026-08-28,EXTRA,Bistec (1 pza.),7,7,8.00
2026-08-28,EXTRA,Frijoles,1,1,1.00
2026-08-28,EXTRA,Huevo Estrellado Cocido (2 pzas.),2,2,2.00
2026-08-28,EXTRA,Huevo Estrellado Medio (2 pzas.),3,3,3.00
2026-08-28,EXTRA,Huevo Estrellado Tierno (2 pzas.),3,3,3.00
2026-08-28,EXTRA,Huevo Revuelto (2 pzas.),1,1,1.00
2026-08-28,EXTRA,Pieza Tortilla de Maíz,16,4,6.00
2026-08-28,EXTRA,Queso,7,5,5.00
2026-08-28,EXTRA,Relleno de Guisados,2,2,2.00
2026-08-28,PETICION,Doradita,4,4,5.00
2026-08-28,PETICION,En dos platos,2,2,2.00
2026-08-28,PETICION,Frijoles Aparte,1,1,1.00
2026-08-28,PETICION,Poca Lechuga,2,2,2.00
2026-08-28,PETICION,Sin Aguacate,2,2,2.00
2026-08-28,PETICION,Sin Crema,6,6,6.00
2026-08-28,PETICION,Sin Lechuga,6,6,6.00
2026-08-28,PETICION,Sin Queso,2,2,2.00
2026-08-28,PETICION,Sin Tomate,2,2,2.00
2026-08-28,PETICION,Sin Verduras,1,1,1.00
2026-08-28,PETICION,Verdura Aparte,1,1,1.00
2026-08-28,VARIANTE,Coca Cola,2,2,10.00
2026-08-28,VARIANTE,Coca Cola Sin Azúcar,2,2,3.00
2026-08-28,VARIANTE,Coca Light,1,1,2.00
2026-08-28,VARIANTE,Crema,1,1,1.00
2026-08-28,VARIANTE,Diluido con Agua,1,1,1.00
2026-08-28,VARIANTE,Lechero,1,1,1.00
2026-08-28,VARIANTE,Mantequilla,1,1,1.00
2026-08-28,VARIANTE,Naturales,1,1,1.00
2026-08-28,VARIANTE,Normal,2,2,39.00
2026-08-28,VARIANTE,Tierno,1,1,1.00
2026-08-28,VARIANTE,Valle Frut,1,1,1.00
2026-08-29,EXTRA,Bistec (1 pza.),5,5,6.00
2026-08-29,EXTRA,Frijoles,7,7,8.00
2026-08-29,EXTRA,Huevo Estrellado Cocido (2 pzas.),3,3,3.00
2026-08-29,EXTRA,Huevo Estrellado Medio (2 pzas.),7,7,7.00
2026-08-29,EXTRA,Huevo Estrellado Tierno (2 pzas.),3,3,4.00
2026-08-29,EXTRA,Huevo Revuelto (2 pzas.),4,4,5.00
2026-08-29,EXTRA,Huevo Revuelto (p/relleno),3,3,3.00
2026-08-29,EXTRA,Queso,4,3,3.00
2026-08-29,EXTRA,Relleno de Guisados,4,4,4.00
2026-08-29,PETICION,Poca Lechuga,3,3,4.00
2026-08-29,PETICION,Sin Aguacate,3,3,3.00
2026-08-29,PETICION,Sin Crema,11,11,12.00
2026-08-29,PETICION,Sin Frijoles,3,3,3.00
2026-08-29,PETICION,Sin Lechuga,9,9,9.00
2026-08-29,PETICION,Sin Queso,2,2,2.00
2026-08-29,PETICION,Sin Tomate,5,5,5.00
2026-08-29,PETICION,Verdura Aparte,1,1,2.00
2026-08-29,VARIANTE,Coca Cola,2,2,8.00
2026-08-29,VARIANTE,Coca Cola Sin Azúcar,2,2,11.00
2026-08-29,VARIANTE,Coca Light,1,1,2.00
2026-08-29,VARIANTE,Cocido,1,1,1.00
2026-08-29,VARIANTE,Delaware,1,1,1.00
2026-08-29,VARIANTE,Escuis Hierro,1,1,1.00
2026-08-29,VARIANTE,Escuis Piña,1,1,1.00
2026-08-29,VARIANTE,Leche Aparte,1,1,3.00
2026-08-29,VARIANTE,Mantequilla,1,1,8.00
2026-08-29,VARIANTE,Medio,1,1,1.00
2026-08-29,VARIANTE,Natural,1,1,1.00
2026-08-29,VARIANTE,Normal,2,2,48.00
2026-08-29,VARIANTE,Poca leche,1,1,1.00
2026-08-30,EXTRA,Bistec (1 pza.),8,8,10.00
2026-08-30,EXTRA,Huevo Estrellado Cocido (2 pzas.),1,1,1.00
2026-08-30,EXTRA,Huevo Estrellado Medio (2 pzas.),3,3,4.00
2026-08-30,EXTRA,Huevo Estrellado Tierno (2 pzas.),3,3,3.00
2026-08-30,EXTRA,Huevo Revuelto (2 pzas.),3,3,3.00
2026-08-30,EXTRA,Huevo Revuelto (p/relleno),2,2,3.00
2026-08-30,EXTRA,Queso,8,7,8.00
2026-08-30,EXTRA,Queso Extra Pieza,4,1,1.00
2026-08-30,EXTRA,Relleno de Guisados,8,8,8.00
2026-08-30,PETICION,Doradita,7,5,5.00
2026-08-30,PETICION,En dos platos,1,1,1.00
2026-08-30,PETICION,Escurrida,8,6,10.00
2026-08-30,PETICION,Poca Lechuga,1,1,2.00
2026-08-30,PETICION,Sin Aguacate,6,6,6.00
2026-08-30,PETICION,Sin Crema,16,16,16.00
2026-08-30,PETICION,Sin Frijoles,3,3,3.00
2026-08-30,PETICION,Sin Lechuga,5,5,5.00
2026-08-30,PETICION,Sin Queso,1,1,1.00
2026-08-30,PETICION,Sin Tomate,8,8,8.00
2026-08-30,PETICION,Sin Verduras,3,3,4.00
2026-08-30,VARIANTE,Coca Cola,2,2,15.00
2026-08-30,VARIANTE,Coca Cola Sin Azúcar,2,2,6.00
2026-08-30,VARIANTE,Coca Light,1,1,4.00
2026-08-30,VARIANTE,Delaware,1,1,1.00
2026-08-30,VARIANTE,Diluido con Agua,1,1,1.00
2026-08-30,VARIANTE,Escuis Fresa,1,1,1.00
2026-08-30,VARIANTE,Escuis Hierro,1,1,1.00
2026-08-30,VARIANTE,Escuis Manzana,1,1,1.00
2026-08-30,VARIANTE,Escuis Piña,1,1,1.00
2026-08-30,VARIANTE,Mantequilla,1,1,7.00
2026-08-30,VARIANTE,Migada Delgada,1,1,1.00
2026-08-30,VARIANTE,Naturales,2,2,2.00
2026-08-30,VARIANTE,Normal,2,2,58.00
2026-08-30,VARIANTE,Poca leche,1,1,2.00
2026-08-30,VARIANTE,Sprite,1,1,1.00
2026-08-30,VARIANTE,Valle Frut,1,1,2.00
2026-08-31,EXTRA,Bistec (1 pza.),2,2,2.00
2026-08-31,EXTRA,Frijoles,7,7,7.00
2026-08-31,EXTRA,Huevo Estrellado Ciego (2 pzas.),2,2,2.00
2026-08-31,EXTRA,Huevo Estrellado Medio (2 pzas.),2,2,2.00
2026-08-31,EXTRA,Huevo Revuelto (2 pzas.),1,1,1.00
2026-08-31,EXTRA,Pieza Tortilla de Maíz,3,1,1.00
2026-08-31,EXTRA,Queso,2,2,2.00
2026-08-31,EXTRA,Relleno de Guisados,4,4,4.00
2026-08-31,PETICION,Doradita,2,2,4.00
2026-08-31,PETICION,Escurrida,5,5,6.00
2026-08-31,PETICION,Frijoles Aparte,1,1,1.00
2026-08-31,PETICION,Poca Lechuga,2,2,2.00
2026-08-31,PETICION,Poco Frijol,1,1,1.00
2026-08-31,PETICION,Sin Crema,4,4,4.00
2026-08-31,PETICION,Sin Lechuga,3,3,3.00
2026-08-31,PETICION,Sin Tomate,3,3,3.00
2026-08-31,PETICION,Verdura Aparte,1,1,1.00
2026-08-31,VARIANTE,Coca Cola,2,2,4.00
2026-08-31,VARIANTE,Coca Cola Sin Azúcar,2,2,9.00
2026-08-31,VARIANTE,Coca Light,1,1,1.00
2026-08-31,VARIANTE,Crema,1,1,1.00
2026-08-31,VARIANTE,Escuis Piña,1,1,1.00
2026-08-31,VARIANTE,Lechera,1,1,1.00
2026-08-31,VARIANTE,Lechero,1,1,1.00
2026-08-31,VARIANTE,Mantequilla,1,1,3.00
2026-08-31,VARIANTE,Natural,1,1,1.00
2026-08-31,VARIANTE,Normal,2,2,31.00
2026-09-01,EXTRA,Bistec (1 pza.),2,2,4.00
2026-09-01,EXTRA,Frijoles,6,6,6.00
2026-09-01,EXTRA,Huevo Estrellado Medio (2 pzas.),1,1,2.00
2026-09-01,EXTRA,Huevo Estrellado Tierno (2 pzas.),2,2,2.00
2026-09-01,EXTRA,Huevo Revuelto (2 pzas.),1,1,1.00
2026-09-01,EXTRA,Huevo Revuelto (p/relleno),2,2,3.00
2026-09-01,EXTRA,Pieza Tortilla de Harina,4,1,1.00
2026-09-01,EXTRA,Queso,2,2,2.00
2026-09-01,EXTRA,Relleno de Guisados,1,1,1.00
2026-09-01,PETICION,En dos platos,1,1,1.00
2026-09-01,PETICION,Escurrida,2,2,2.00
2026-09-01,PETICION,Poca Lechuga,1,1,1.00
2026-09-01,PETICION,Sin Aguacate,1,1,1.00
2026-09-01,PETICION,Sin Crema,4,4,4.00
2026-09-01,PETICION,Sin Lechuga,1,1,1.00
2026-09-01,PETICION,Sin Verduras,1,1,1.00
2026-09-01,PETICION,Verdura Aparte,1,1,1.00
2026-09-01,VARIANTE,Coca Cola,1,1,3.00
2026-09-01,VARIANTE,Coca Cola Sin Azúcar,2,2,7.00
2026-09-01,VARIANTE,Coca Light,1,1,2.00
2026-09-01,VARIANTE,Diluido con Agua,1,1,1.00
2026-09-01,VARIANTE,Escuis Hierro,1,1,1.00
2026-09-01,VARIANTE,Leche Aparte,1,1,1.00
2026-09-01,VARIANTE,Mantequilla,1,1,2.00
2026-09-01,VARIANTE,Migada Delgada,1,1,1.00
2026-09-01,VARIANTE,Normal,2,2,40.00
2026-09-01,VARIANTE,Poca leche,1,1,2.00
2026-09-01,VARIANTE,Valle Frut,1,1,1.00
2026-09-02,EXTRA,Bistec (1 pza.),5,5,5.00
2026-09-02,EXTRA,Huevo Estrellado Cocido (2 pzas.),1,1,1.00
2026-09-02,EXTRA,Huevo Estrellado Tierno (2 pzas.),1,1,1.00
2026-09-02,EXTRA,Huevo Revuelto (2 pzas.),3,3,3.00
2026-09-02,EXTRA,Huevo Revuelto (p/relleno),3,3,3.00
2026-09-02,EXTRA,Queso,2,2,2.00
2026-09-02,EXTRA,Relleno de Guisados,2,2,2.00
2026-09-02,PETICION,Escurrida,1,1,1.00
2026-09-02,PETICION,Poca Lechuga,3,3,3.00
2026-09-02,PETICION,Sin Crema,7,7,7.00
2026-09-02,PETICION,Sin Frijoles,1,1,2.00
2026-09-02,PETICION,Sin Lechuga,2,2,2.00
2026-09-02,PETICION,Sin Queso,1,1,1.00
2026-09-02,PETICION,Sin Tomate,5,5,5.00
2026-09-02,PETICION,Verdura Aparte,1,1,1.00
2026-09-02,VARIANTE,Coca Cola,2,2,10.00
2026-09-02,VARIANTE,Coca Cola Sin Azúcar,2,2,11.00
2026-09-02,VARIANTE,Lechero,1,1,1.00
2026-09-02,VARIANTE,Mantequilla,1,1,1.00
2026-09-02,VARIANTE,Normal,2,2,41.00
2026-09-02,VARIANTE,Poca leche,1,1,2.00
2026-09-03,EXTRA,Bistec (1 pza.),2,2,2.00
2026-09-03,EXTRA,Chorizo Extra Pieza,1,1,1.00
2026-09-03,EXTRA,Frijoles,3,3,3.00
2026-09-03,EXTRA,Huevo Estrellado Cocido (2 pzas.),1,1,1.00
2026-09-03,EXTRA,Huevo Estrellado Tierno (2 pzas.),1,1,1.00
2026-09-03,EXTRA,Huevo Revuelto (2 pzas.),3,3,3.00
2026-09-03,EXTRA,Huevo Revuelto (p/relleno),3,3,3.00
2026-09-03,EXTRA,Pieza Tortilla de Maíz,3,1,1.00
2026-09-03,EXTRA,Queso,3,2,2.00
2026-09-03,EXTRA,Queso Extra Pieza,4,1,1.00
2026-09-03,EXTRA,Relleno de Guisados,7,7,7.00
2026-09-03,PETICION,Doradita,1,1,1.00
2026-09-03,PETICION,En dos platos,3,3,3.00
2026-09-03,PETICION,Poco Frijol,1,1,1.00
2026-09-03,PETICION,Sin Aguacate,1,1,1.00
2026-09-03,PETICION,Sin Crema,8,8,8.00
2026-09-03,PETICION,Sin Lechuga,4,4,4.00
2026-09-03,PETICION,Sin Queso,1,1,1.00
2026-09-03,PETICION,Sin Tomate,5,5,5.00
2026-09-03,VARIANTE,Coca Cola,1,1,4.00
2026-09-03,VARIANTE,Coca Cola Sin Azúcar,2,2,6.00
2026-09-03,VARIANTE,Coca Light,1,1,1.00
2026-09-03,VARIANTE,Fresca,1,1,1.00
2026-09-03,VARIANTE,Normal,2,2,50.00
2026-09-03,VARIANTE,Sprite,1,1,1.00
2026-09-03,VARIANTE,Valle Frut,1,1,2.00
2026-09-04,EXTRA,Bistec (1 pza.),5,5,5.00
2026-09-04,EXTRA,Doble Guiso,1,1,2.00
2026-09-04,EXTRA,Frijoles,2,2,2.00
2026-09-04,EXTRA,Huevo Estrellado Cocido (2 pzas.),1,1,1.00
2026-09-04,EXTRA,Huevo Estrellado Medio (2 pzas.),3,3,3.00
2026-09-04,EXTRA,Huevo Estrellado Tierno (2 pzas.),1,1,1.00
2026-09-04,EXTRA,Huevo Revuelto (2 pzas.),1,1,1.00
2026-09-04,EXTRA,Huevo Revuelto (p/relleno),1,1,1.00
2026-09-04,EXTRA,Queso,1,1,1.00
2026-09-04,EXTRA,Queso Extra Pieza,1,1,1.00
2026-09-04,PETICION,Doradita,1,1,1.00
2026-09-04,PETICION,Escurrida,1,1,1.00
2026-09-04,PETICION,Frijoles Aparte,1,1,1.00
2026-09-04,PETICION,Poca Lechuga,3,3,3.00
2026-09-04,PETICION,Sin Aguacate,2,2,2.00
2026-09-04,PETICION,Sin Crema,6,6,6.00
2026-09-04,PETICION,Sin Frijoles,2,2,2.00
2026-09-04,PETICION,Sin Lechuga,1,1,1.00
2026-09-04,PETICION,Sin Tomate,3,3,3.00
2026-09-04,PETICION,Verdura Aparte,1,1,1.00
2026-09-04,VARIANTE,Bocol delgado,4,4,4.00
2026-09-04,VARIANTE,Coca Cola,2,2,9.00
2026-09-04,VARIANTE,Coca Cola Sin Azúcar,1,1,5.00
2026-09-04,VARIANTE,Coca Light,1,1,6.00
2026-09-04,VARIANTE,Cocido,1,1,1.00
2026-09-04,VARIANTE,Escuis Fresa,1,1,1.00
2026-09-04,VARIANTE,Escuis Manzana,1,1,1.00
2026-09-04,VARIANTE,Leche Aparte,1,1,1.00
2026-09-04,VARIANTE,Normal,2,2,32.00
2026-09-04,VARIANTE,Poca leche,1,1,2.00
2026-09-05,EXTRA,Bistec (1 pza.),2,2,2.00
2026-09-05,EXTRA,Frijoles,6,6,6.00
2026-09-05,EXTRA,Huevo Estrellado Ciego (2 pzas.),1,1,1.00
2026-09-05,EXTRA,Huevo Estrellado Cocido (2 pzas.),1,1,1.00
2026-09-05,EXTRA,Huevo Estrellado Tierno (2 pzas.),1,1,1.00
2026-09-05,EXTRA,Huevo Revuelto (2 pzas.),6,6,8.00
2026-09-05,EXTRA,Huevo Revuelto (p/relleno),5,5,5.00
2026-09-05,EXTRA,Pieza Tortilla de Harina,4,1,1.00
2026-09-05,EXTRA,Queso,1,1,1.00
2026-09-05,EXTRA,Relleno de Guisados,4,4,4.00
2026-09-05,PETICION,Escurrida,6,6,13.00
2026-09-05,PETICION,Frijoles Aparte,1,1,1.00
2026-09-05,PETICION,Poca Lechuga,4,4,4.00
2026-09-05,PETICION,Sin Crema,13,13,16.00
2026-09-05,PETICION,Sin Lechuga,7,7,7.00
2026-09-05,PETICION,Sin Queso,2,2,2.00
2026-09-05,PETICION,Sin Tomate,8,8,8.00
2026-09-05,PETICION,Verdura Aparte,4,4,4.00
2026-09-05,VARIANTE,Coca Cola,2,2,11.00
2026-09-05,VARIANTE,Coca Cola Sin Azúcar,2,2,11.00
2026-09-05,VARIANTE,Coca Light,1,1,1.00
2026-09-05,VARIANTE,Diluido con Agua,1,1,1.00
2026-09-05,VARIANTE,Escuis Fresa,1,1,2.00
2026-09-05,VARIANTE,Escuis Manzana,1,1,1.00
2026-09-05,VARIANTE,Leche Aparte,1,1,2.00
2026-09-05,VARIANTE,Natural,1,1,1.00
2026-09-05,VARIANTE,Normal,2,2,60.00
2026-09-05,VARIANTE,Poca leche,1,1,1.00
2026-09-05,VARIANTE,Valle Frut,1,1,2.00
