fecha,producto,familia,unidad_venta,unidades,ingresos,renglones,extras,peticiones,piezas
2026-06-29,Horchata Vaso,Bebida,ORDEN,8.00,336.00,1,0,0,0
2026-05-12,Jamaica 1 Litro,Bebida,ORDEN,1.00,59.00,1,0,0,0
2026-07-26,Ciel 600 ml.,Bebida,ORDEN,2.00,70.00,1,0,0,0
2026-08-29,Salsa Habanera,Guarnicion,ORDEN,1.00,10.00,1,0,0,0
2026-03-16,Tacos de Harina,Taco,PIEZA,29.00,679.00,13,2,0,29.00
2026-03-28,Plátano Frito,Otros,ORDEN,2.00,84.00,2,0,0,0
2026-06-09,Pieza Huevo Estrellado Tierno,Huevos,ORDEN,2.00,40.00,1,0,0,0
2026-04-12,Tacos de Harina,Taco,PIEZA,26.00,595.00,11,1,0,26.00
2026-03-14,Horchata Vaso,Bebida,ORDEN,12.00,504.00,1,0,0,0
2026-06-19,Salsa Habanera,Guarnicion,ORDEN,1.00,0.00,1,0,0,0
2026-07-02,Pieza Huevo Estrellado Cocido,Huevos,ORDEN,1.00,20.00,1,0,0,0
2026-08-08,Huevos con Deshebrada,Huevos,ORDEN,3.00,405.00,1,0,0,0
2026-07-07,1/2 Encremadas,Encremada,ORDEN,2.00,327.00,2,2,0,0
2026-08-10,Zanahorias p/llevar,Otros,ORDEN,1.00,10.00,1,0,0,0
2026-04-30,Enchiladas Rojas,Enchilada,ORDEN,3.00,622.00,3,2,1,0
2026-05-28,1/2 Enchiladas Rojas,Enchilada,ORDEN,8.00,970.00,4,3,1,0
2026-05-12,Jamaica Vaso,Bebida,ORDEN,11.00,462.00,1,0,0,0
2026-08-16,Pieza Enmolada,Enmolada,ORDEN,1.00,30.00,1,0,0,0
2026-03-24,Refresco 355 ml.,Bebida,ORDEN,3.00,105.00,1,0,0,0
2026-04-27,Entomatadas,Entomatada,ORDEN,1.00,249.00,1,1,0,0
2026-03-30,Huevos Rancheros,Huevos,ORDEN,1.00,120.00,1,0,0,0
2026-06-08,Gorditas de Azúcar,Gordita,PIEZA,1.00,42.00,1,0,0,1.00
2026-07-20,Guisado Infantil,Otros,ORDEN,1.00,38.00,1,0,0,0
2026-08-18,Zanahorias p/llevar,Otros,ORDEN,3.00,30.00,1,0,0,0
2026-05-07,1/2 Empanadas (2 pzas.),Empanada,ORDEN,2.00,188.00,2,0,0,0
2026-07-27,Jamaica Vaso,Bebida,ORDEN,17.00,714.00,1,0,0,0
2026-03-31,1/2 Quesadillas (2 pzas.),Quesadilla,ORDEN,2.00,172.00,2,0,1,0
2026-07-10,Gorditas,Gordita,PIEZA,156.00,3009.00,21,0,0,156.00
2026-04-22,1/2 Quesadillas (2 pzas.),Quesadilla,ORDEN,6.00,516.00,2,0,3,0
2026-07-02,Enfrijoladas,Enfrijolada,ORDEN,1.00,299.00,1,3,2,0
2026-04-18,Huevo Estrellado 2 pzas.,Huevos,ORDEN,1.00,35.00,1,0,0,0
2026-03-26,1/2 Entomatadas,Entomatada,ORDEN,2.00,260.00,2,2,1,0
2026-06-19,Fuze Tea,Bebida,ORDEN,1.00,45.00,1,0,0,0
2026-06-23,PROMO 6 surtidas,Otros,ORDEN,4.00,432.00,1,0,0,0
2026-04-02,Jamaica Vaso,Bebida,ORDEN,11.00,462.00,1,0,0,0
2026-04-26,1/2 Enchiladas Mixtas (4 Piezas),Enchilada,ORDEN,2.00,238.00,2,0,1,0
2026-07-03,Entomatadas,Entomatada,ORDEN,2.00,294.00,2,0,1,0
2026-05-12,Quesadillas (4 pzas.),Quesadilla,ORDEN,3.00,399.00,1,0,0,0
2026-06-14,Gorditas de Azúcar,Gordita,PIEZA,4.00,168.00,1,0,0,4.00
2026-04-04,Enmoladas,Enmolada,ORDEN,7.00,1131.00,2,1,0,0
2026-08-17,1/2 Enchiladas Rojas,Enchilada,ORDEN,2.00,228.00,2,1,0,0
2026-03-07,Gorditas,Gordita,PIEZA,287.00,5522.00,26,0,5,287.00
2026-05-10,Encremadas,Encremada,ORDEN,2.00,434.00,2,2,0,0
2026-03-31,Bocoles,Bocol,PIEZA,38.00,896.00,12,0,0,38.00
2026-07-22,Tacos de Maiz,Taco,PIEZA,65.00,1448.00,16,0,0,65.00
2026-04-16,Huevos a la Mexicana,Huevos,ORDEN,3.00,360.00,1,0,0,0
2026-04-02,Migada Guisado de Carne,Migada,PIEZA,6.00,864.00,6,0,3,6.00
2026-07-26,Huevos a la Mexicana,Huevos,ORDEN,1.00,120.00,1,0,0,0
2026-06-29,Entomatadas,Entomatada,ORDEN,2.00,294.00,1,0,0,0
2026-06-20,Plátano Frito,Otros,ORDEN,3.00,126.00,3,0,0,0
2026-04-26,Té de Manzanilla,Bebida,ORDEN,1.00,33.00,1,0,0,0
2026-06-29,Bisquet,Otros,ORDEN,7.00,210.00,1,0,0,0
2026-07-05,Horchata Vaso,Bebida,ORDEN,5.00,210.00,1,0,0,0
2026-06-16,1/2 Enmoladas,Enmolada,ORDEN,6.00,719.00,3,2,2,0
2026-07-02,Gorditas,Gordita,PIEZA,231.00,4465.00,23,1,0,231.00
2026-04-03,Tacos de Harina,Taco,PIEZA,15.00,330.00,5,0,0,15.00
2026-05-24,1/2 Quesadillas (2 pzas.),Quesadilla,ORDEN,7.00,602.00,2,0,3,0
2026-08-04,Pieza Huevo Estrellado Cocido,Huevos,ORDEN,1.00,20.00,1,0,0,0
2026-07-04,Tacos de Maiz,Taco,PIEZA,55.00,1243.00,19,4,0,55.00
2026-04-19,Enchiladas Mixtas,Enchilada,ORDEN,2.00,475.00,2,2,2,0
2026-03-14,Refresco 355 ml.,Bebida,ORDEN,4.00,140.00,1,0,0,0
2026-08-18,Café con Leche,Bebida,ORDEN,22.00,924.00,1,0,0,0
2026-07-05,1/2 Entomatadas,Entomatada,ORDEN,6.00,850.00,6,6,1,0
2026-05-16,Orden de Guisado de Carne,Guarnicion,ORDEN,1.00,135.00,1,1,0,0
2026-06-07,Bocoles,Bocol,PIEZA,105.00,2327.00,20,0,0,105.00
2026-05-11,Quesadillas (4 pzas.),Quesadilla,ORDEN,2.00,266.00,1,0,0,0
2026-05-08,Guisado Infantil,Otros,ORDEN,1.00,38.00,1,0,0,0
2026-06-24,Limón Vaso,Bebida,ORDEN,22.00,924.00,1,0,0,0
2026-05-01,Horchata 1 Litro,Bebida,ORDEN,1.00,69.00,1,0,0,0
2026-07-17,Enfrijoladas,Enfrijolada,ORDEN,2.00,0.00,2,4,7,0
2026-03-24,Huevos Rancheros,Huevos,ORDEN,1.00,120.00,1,0,0,0
2026-08-01,Refresco 355 ml.,Bebida,ORDEN,3.00,105.00,1,0,0,0
2026-04-22,Horchata Vaso,Bebida,ORDEN,3.00,126.00,1,0,0,0
2026-07-02,Pieza Huevo Estrellado Tierno,Huevos,ORDEN,1.00,20.00,1,0,0,0
2026-06-20,1/2 Enmoladas,Enmolada,ORDEN,2.00,225.00,2,1,0,0
2026-03-21,Migada Guisado de Carne,Migada,PIEZA,20.00,3138.00,16,0,9,20.00
2026-07-28,Bisquet,Otros,ORDEN,6.00,180.00,1,0,0,0
2026-07-18,Pieza Huevo Estrellado Tierno,Huevos,ORDEN,1.00,20.00,1,0,0,0
2026-05-28,Huevos con Deshebrada,Huevos,ORDEN,7.00,945.00,1,0,0,0
2026-05-25,Café con Leche,Bebida,ORDEN,43.00,1806.00,3,0,0,0
2026-07-03,Encremadas,Encremada,ORDEN,1.00,182.00,1,1,0,0
2026-05-12,1/2 Enchiladas Rojas,Enchilada,ORDEN,1.00,95.00,1,0,0,0
2026-03-08,1/2 Quesadillas (2 pzas.),Quesadilla,ORDEN,10.00,988.00,5,1,2,0
2026-09-02,Tacos de Harina,Taco,PIEZA,5.00,122.00,3,0,0,5.00
2026-04-05,1/2 Enchiladas Rojas,Enchilada,ORDEN,6.00,707.00,5,2,5,0
2026-07-03,Enchiladas Rojas,Enchilada,ORDEN,1.00,147.00,1,0,0,0
2026-06-05,Huevos con Deshebrada,Huevos,ORDEN,2.00,311.00,1,0,0,0
2026-05-23,1/2 Quesadillas (2 pzas.),Quesadilla,ORDEN,4.00,344.00,1,0,0,0
2026-08-16,Horchata 1 Litro,Bebida,ORDEN,3.00,207.00,1,0,0,0
2026-05-10,Jamaica 1 Litro,Bebida,ORDEN,1.00,59.00,1,0,0,0
2026-04-28,Refresco 600 ml.,Bebida,ORDEN,8.00,324.00,3,0,0,0
2026-05-26,1/2 Quesadillas (2 pzas.),Quesadilla,ORDEN,6.00,516.00,2,0,1,0
2026-04-13,Tacos de Harina,Taco,PIEZA,9.00,201.00,5,0,0,9.00
2026-04-28,Migada Guisado de Carne,Migada,PIEZA,9.00,1382.00,8,0,6,9.00
2026-07-30,Ciel 600 ml.,Bebida,ORDEN,2.00,70.00,1,0,0,0
2026-03-11,1/2 Empanadas (2 pzas.),Empanada,ORDEN,1.00,94.00,1,0,0,0
2026-04-03,Migada Guisado Normal,Migada,PIEZA,5.00,665.00,5,0,2,5.00
2026-07-16,Huevos Rancheros,Huevos,ORDEN,2.00,240.00,1,0,0,0
2026-08-04,Huevos a la Mexicana,Huevos,ORDEN,1.00,120.00,1,0,0,0
2026-05-21,Limón Vaso,Bebida,ORDEN,20.00,840.00,1,0,0,0
2026-03-11,PROMO 6 surtidas,Otros,ORDEN,5.00,540.00,1,0,0,0
2026-04-01,Jamaica Vaso,Bebida,ORDEN,9.00,378.00,1,0,0,0
2026-05-31,Limón 1 Litro,Bebida,ORDEN,1.00,59.00,1,0,0,0
2026-07-11,Porción Frijol con Queso,Guarnicion,ORDEN,1.00,5.00,1,0,0,0
2026-07-23,1/2 Enfrijoladas,Enfrijolada,ORDEN,1.00,130.00,1,1,0,0
2026-07-23,Pieza Extra Empanada,Empanada,ORDEN,1.00,38.00,1,0,0,0
2026-05-13,Orden Huevos Estrellados,Huevos,ORDEN,1.00,120.00,1,0,0,0
2026-08-31,Empanadas (4 pzas.),Empanada,ORDEN,3.00,432.00,3,1,0,0
2026-03-28,Bistec 1 Pza.,Otros,ORDEN,1.00,102.00,1,0,0,0
2026-03-27,1/2 Enchiladas Rojas,Enchilada,ORDEN,5.00,545.00,4,2,0,0
2026-09-03,Café con Leche,Bebida,ORDEN,31.00,1302.00,1,0,0,0
2026-05-14,Empanadas (4 pzas.),Empanada,ORDEN,4.00,576.00,4,2,0,0
2026-03-20,Pieza Huevo Estrellado Cocido,Huevos,ORDEN,2.00,40.00,1,0,0,0
2026-07-21,Huevos a la Mexicana,Huevos,ORDEN,1.00,120.00,1,0,0,0
2026-05-20,Tacos de Maiz,Taco,PIEZA,26.00,611.00,12,2,0,26.00
2026-07-25,Gorditas de Azúcar,Gordita,PIEZA,3.00,126.00,1,0,0,3.00
2026-05-18,Enmoladas,Enmolada,ORDEN,1.00,182.00,1,1,0,0
2026-03-24,Tacos de Harina,Taco,PIEZA,12.00,279.00,6,0,0,12.00
2026-08-16,Bisquet,Otros,ORDEN,9.00,270.00,1,0,0,0
2026-04-13,Limón Vaso,Bebida,ORDEN,13.00,546.00,1,0,0,0
2026-05-02,Enmoladas,Enmolada,ORDEN,2.00,364.00,2,2,0,0
2026-03-29,1/2 Encremadas,Encremada,ORDEN,1.00,197.00,1,1,0,0
2026-05-15,Enchiladas Mixtas,Enchilada,ORDEN,1.00,249.00,1,1,0,0
2026-03-06,Pieza de Pan,Guarnicion,ORDEN,1.00,28.00,1,0,0,0
2026-06-13,Pieza Huevo Estrellado Medio,Huevos,ORDEN,1.00,20.00,1,0,0,0
2026-07-06,Enchiladas Mixtas,Enchilada,ORDEN,2.00,367.00,2,2,0,0
2026-05-02,Huevos con Deshebrada,Huevos,ORDEN,2.00,270.00,1,0,0,0
2026-08-15,Pieza Enchilada Roja,Enchilada,ORDEN,1.00,30.00,1,0,0,0
2026-06-10,1/2 Enchiladas Picositas,Enchilada,ORDEN,2.00,225.00,2,1,2,0
2026-05-24,Fuze Tea,Bebida,ORDEN,3.00,135.00,1,0,0,0
2026-07-11,Horchata Vaso,Bebida,ORDEN,9.00,378.00,1,0,0,0
2026-09-04,Horchata Vaso,Bebida,ORDEN,1.00,42.00,1,0,0,0
2026-04-15,Café con Leche,Bebida,ORDEN,30.00,1260.00,4,0,0,0
2026-05-09,1/2 Encremadas,Encremada,ORDEN,2.00,266.00,2,2,0,0
2026-05-22,Enfrijoladas,Enfrijolada,ORDEN,1.00,147.00,1,0,1,0
2026-07-09,Jamaica 1 Litro,Bebida,ORDEN,1.00,77.00,1,0,0,0
2026-07-13,Enmoladas,Enmolada,ORDEN,1.00,147.00,1,0,1,0
2026-07-14,Refresco 600 ml.,Bebida,ORDEN,6.00,234.00,4,0,0,0
2026-06-20,Enfrijoladas,Enfrijolada,ORDEN,2.00,434.00,2,2,1,0
2026-04-22,Tacos de Harina,Taco,PIEZA,19.00,421.00,9,0,0,19.00
2026-03-27,Pieza Tortilla de Harina,Guarnicion,ORDEN,3.00,15.00,1,0,0,0
2026-07-21,Limón 1 Litro,Bebida,ORDEN,2.00,118.00,1,0,0,0
2026-04-26,Café Negro,Bebida,ORDEN,9.00,391.00,1,0,0,0
2026-04-15,Ciel 600 ml.,Bebida,ORDEN,2.00,70.00,1,0,0,0
2026-06-01,1/2 Encremadas,Encremada,ORDEN,2.00,327.00,2,2,0,0
2026-06-29,Café con Leche,Bebida,ORDEN,28.00,1176.00,4,0,0,0
2026-05-08,Pieza de Pan,Guarnicion,ORDEN,6.00,168.00,1,0,0,0
2026-05-13,Enmoladas,Enmolada,ORDEN,1.00,147.00,1,0,0,0
2026-06-26,Plátano Frito,Otros,ORDEN,4.00,168.00,3,0,0,0
2026-07-30,Pieza Extra Empanada,Empanada,ORDEN,1.00,38.00,1,0,0,0
2026-05-26,Bisquet,Otros,ORDEN,2.00,60.00,1,0,0,0
2026-08-07,Huevo Estrellado 2 pzas.,Huevos,ORDEN,1.00,35.00,1,0,0,0
2026-06-09,Limón 1 Litro,Bebida,ORDEN,2.00,118.00,1,0,0,0
2026-03-11,Pieza de Pan,Guarnicion,ORDEN,5.00,140.00,1,0,0,0
2026-07-15,Horchata Vaso,Bebida,ORDEN,2.00,84.00,1,0,0,0
2026-05-31,Enchiladas Mixtas,Enchilada,ORDEN,4.00,827.00,4,3,0,0
2026-06-19,Huevos con Deshebrada,Huevos,ORDEN,2.00,270.00,1,0,0,0
2026-08-15,Encremadas,Encremada,ORDEN,2.00,373.00,2,1,0,0
2026-06-21,Gorditas,Gordita,PIEZA,281.00,5393.00,24,0,3,281.00
2026-05-06,Aguacate Extra,Otros,ORDEN,3.00,45.00,1,0,0,0
2026-08-03,Huevos Rancheros,Huevos,ORDEN,3.00,360.00,1,0,0,0
2026-08-07,Fuze Tea,Bebida,ORDEN,1.00,45.00,1,0,0,0
2026-08-09,Refresco 355 ml.,Bebida,ORDEN,1.00,35.00,1,0,0,0
2026-07-15,Limón Vaso,Bebida,ORDEN,17.00,714.00,1,0,0,0
2026-07-16,Gorditas de Azúcar,Gordita,PIEZA,5.00,210.00,1,0,0,5.00
2026-06-12,Jamaica Vaso,Bebida,ORDEN,23.00,966.00,1,0,0,0
2026-03-15,Café Negro,Bebida,ORDEN,8.00,336.00,2,0,0,0
2026-05-11,Bocoles,Bocol,PIEZA,35.00,770.00,12,0,0,35.00
2026-06-23,Enchiladas Mixtas,Enchilada,ORDEN,3.00,543.00,3,1,0,0
2026-05-20,Gorditas,Gordita,PIEZA,155.00,3004.00,23,2,0,155.00
2026-06-14,Quesadillas (4 pzas.),Quesadilla,ORDEN,5.00,745.00,4,0,4,0
2026-03-25,Enfrijoladas,Enfrijolada,ORDEN,1.00,147.00,1,0,0,0
2026-08-07,1/2 Quesadillas (2 pzas.),Quesadilla,ORDEN,4.00,344.00,3,0,4,0
2026-08-13,Huevos con Deshebrada,Huevos,ORDEN,2.00,270.00,1,0,0,0
2026-08-28,Orden Huevos Revueltos,Huevos,ORDEN,1.00,120.00,1,0,0,0
2026-06-07,Bisquet,Otros,ORDEN,7.00,210.00,1,0,0,0
2026-07-14,Café con Leche,Bebida,ORDEN,32.00,1344.00,4,0,0,0
2026-03-11,Café Negro,Bebida,ORDEN,10.00,420.00,1,0,0,0
2026-05-07,Bocoles,Bocol,PIEZA,18.00,402.00,8,0,0,18.00
2026-03-04,Pieza de Pan,Guarnicion,ORDEN,3.00,84.00,1,0,0,0
2026-07-02,Orden de Guisado Normal,Guarnicion,ORDEN,1.00,120.00,1,1,0,0
2026-06-09,Café Negro,Bebida,ORDEN,8.00,336.00,1,0,0,0
2026-08-31,Porción Frijol con Queso,Guarnicion,ORDEN,1.00,5.00,1,0,0,0
2026-03-09,Empanadas (4 pzas.),Empanada,ORDEN,1.00,144.00,1,1,0,0
2026-05-21,Porción Ensalada,Guarnicion,ORDEN,3.00,75.00,1,0,0,0
2026-03-21,Refresco 600 ml.,Bebida,ORDEN,22.00,858.00,7,0,0,0
2026-04-09,Fuze Tea,Bebida,ORDEN,2.00,90.00,1,0,0,0
2026-04-01,PROMO 6 surtidas,Otros,ORDEN,4.00,432.00,1,0,0,0
2026-08-04,Enmoladas,Enmolada,ORDEN,1.00,147.00,1,0,0,0
2026-08-02,1/2 Enfrijoladas,Enfrijolada,ORDEN,2.00,263.00,2,2,1,0
2026-05-05,1/2 Quesadillas (2 pzas.),Quesadilla,ORDEN,3.00,258.00,2,0,1,0
2026-07-24,Tacos de Harina,Taco,PIEZA,27.00,633.00,12,0,5,27.00
2026-08-29,Refresco 355 ml.,Bebida,ORDEN,7.00,245.00,2,0,0,0
2026-09-04,1/2 Encremadas,Encremada,ORDEN,2.00,327.00,2,2,0,0
2026-07-19,Enchiladas Mixtas,Enchilada,ORDEN,2.00,434.00,2,2,1,0
2026-08-27,Café Negro,Bebida,ORDEN,12.00,504.00,1,0,0,0
2026-03-03,1/2 Enfrijoladas,Enfrijolada,ORDEN,1.00,197.00,1,1,0,0
2026-05-03,Pieza Encremada,Encremada,ORDEN,1.00,30.00,1,0,0,0
2026-07-25,Quesadillas (4 pzas.),Quesadilla,ORDEN,2.00,306.00,1,0,0,0
2026-03-02,Pieza Extra Quesadilla,Quesadilla,ORDEN,2.00,70.00,1,0,0,0
2026-04-16,Enchiladas Rojas,Enchilada,ORDEN,2.00,364.00,2,2,1,0
2026-06-22,Ciel 600 ml.,Bebida,ORDEN,1.00,35.00,1,0,0,0
2026-06-13,Migada Guisado de Carne,Migada,PIEZA,14.00,2059.00,13,0,9,14.00
2026-08-13,Pieza Huevo Estrellado Cocido,Huevos,ORDEN,1.00,20.00,1,0,0,0
2026-07-30,Topo Chico 600 ml.,Bebida,ORDEN,2.00,78.00,1,0,0,0
2026-03-19,Bisquet,Otros,ORDEN,2.00,60.00,1,0,0,0
2026-04-07,Porción Frijol con Queso,Guarnicion,ORDEN,1.00,5.00,1,0,0,0
2026-07-28,Entomatadas,Entomatada,ORDEN,2.00,364.00,1,1,0,0
2026-03-15,Pieza Extra Quesadilla,Quesadilla,ORDEN,1.00,35.00,1,0,0,0
2026-05-09,Huevos con Deshebrada,Huevos,ORDEN,3.00,405.00,1,0,0,0
2026-08-07,Tacos de Maiz,Taco,PIEZA,37.00,832.00,16,3,0,37.00
2026-06-13,Gorditas de Azúcar,Gordita,PIEZA,1.00,42.00,1,0,0,1.00
2026-03-07,Huevos Rancheros,Huevos,ORDEN,1.00,120.00,1,0,0,0
2026-08-08,Tacos de Harina,Taco,PIEZA,20.00,449.00,7,0,0,20.00
2026-06-07,Huevos con Deshebrada,Huevos,ORDEN,5.00,675.00,1,0,0,0
2026-07-21,Gorditas de Azúcar,Gordita,PIEZA,1.00,42.00,1,0,0,1.00
2026-07-22,Encremadas,Encremada,ORDEN,1.00,249.00,1,1,0,0
2026-09-05,Gorditas de Azúcar,Gordita,PIEZA,3.00,126.00,1,0,0,3.00
2026-04-10,Huevo Estrellado 2 pzas.,Huevos,ORDEN,1.00,35.00,1,0,0,0
2026-04-24,1/2 Empanadas (2 pzas.),Empanada,ORDEN,1.00,94.00,1,0,0,0
2026-08-20,1/2 Enchiladas Rojas,Enchilada,ORDEN,7.00,802.00,5,2,6,0
2026-04-06,Tacos de Maiz,Taco,PIEZA,25.00,550.00,12,0,0,25.00
2026-03-07,1/2 Quesadillas (2 pzas.),Quesadilla,ORDEN,10.00,1090.00,4,1,3,0
2026-03-19,Migada Guisado de Carne,Migada,PIEZA,11.00,1670.00,11,0,9,11.00
2026-08-30,Refresco 355 ml.,Bebida,ORDEN,5.00,175.00,2,0,0,0
2026-04-01,Entomatadas,Entomatada,ORDEN,1.00,147.00,1,0,0,0
2026-04-02,Salsa Roja,Guarnicion,ORDEN,1.00,0.00,1,0,0,0
2026-06-14,Salsa Habanera,Guarnicion,ORDEN,1.00,0.00,1,0,0,0
2026-08-28,Orden Huevos Estrellados,Huevos,ORDEN,1.00,120.00,1,0,0,0
2026-05-06,Bisquet,Otros,ORDEN,1.00,30.00,1,0,0,0
2026-05-12,Gorditas,Gordita,PIEZA,111.00,2109.00,12,0,0,111.00
2026-08-10,Empanadas (4 pzas.),Empanada,ORDEN,5.00,720.00,5,0,1,0
2026-08-28,Gorditas de Azúcar,Gordita,PIEZA,1.00,42.00,1,0,0,1.00
2026-03-15,Gorditas de Azúcar,Gordita,PIEZA,1.00,42.00,1,0,0,1.00
2026-04-25,Zanahorias p/llevar,Otros,ORDEN,4.00,0.00,1,0,0,0
2026-06-18,Bisquet,Otros,ORDEN,4.00,120.00,2,0,0,0
2026-03-11,Huevos con Deshebrada,Huevos,ORDEN,2.00,270.00,1,0,0,0
2026-06-02,1/2 Enchiladas Rojas,Enchilada,ORDEN,7.00,840.00,5,3,2,0
2026-03-11,Enfrijoladas,Enfrijolada,ORDEN,1.00,185.00,1,1,0,0
2026-05-09,Enchiladas Mixtas,Enchilada,ORDEN,2.00,367.00,2,2,2,0
2026-09-01,Huevos Rancheros,Huevos,ORDEN,2.00,240.00,1,0,0,0
2026-08-31,Huevos a la Mexicana,Huevos,ORDEN,4.00,480.00,1,0,0,0
2026-07-29,Bocoles,Bocol,PIEZA,61.00,1391.00,18,0,0,61.00
2026-05-14,1/2 Enchiladas Rojas,Enchilada,ORDEN,2.00,330.00,2,2,1,0
2026-04-02,Enchiladas Mixtas,Enchilada,ORDEN,2.00,332.00,2,1,0,0
2026-07-22,Quesadillas (4 pzas.),Quesadilla,ORDEN,4.00,532.00,3,0,3,0
2026-05-16,1/2 Empanadas (2 pzas.),Empanada,ORDEN,4.00,376.00,4,0,3,0
2026-04-07,Tacos de Harina,Taco,PIEZA,11.00,274.00,8,1,0,11.00
2026-03-23,1/2 Entomatadas,Entomatada,ORDEN,1.00,197.00,1,1,0,0
2026-03-15,Huevo Estrellado 2 pzas.,Huevos,ORDEN,1.00,35.00,1,0,0,0
2026-08-06,Café Negro,Bebida,ORDEN,5.00,210.00,1,0,0,0
2026-07-15,1/2 Empanadas (2 pzas.),Empanada,ORDEN,5.00,498.00,5,0,2,0
2026-05-31,Enchiladas Rojas,Enchilada,ORDEN,5.00,948.00,5,4,4,0
2026-03-01,Café Negro,Bebida,ORDEN,27.00,1134.00,1,0,0,0
2026-07-08,Refresco 600 ml.,Bebida,ORDEN,11.00,429.00,7,0,0,0
2026-08-05,Huevos a la Mexicana,Huevos,ORDEN,1.00,120.00,1,0,0,0
2026-05-21,1/2 Quesadillas (2 pzas.),Quesadilla,ORDEN,4.00,344.00,2,0,1,0
2026-04-15,1/2 Enchiladas Rojas,Enchilada,ORDEN,4.00,488.00,4,3,1,0
2026-07-27,Zanahorias p/llevar,Otros,ORDEN,3.00,30.00,1,0,0,0
2026-05-30,1/2 Enchiladas Rojas,Enchilada,ORDEN,11.00,1287.00,6,3,3,0
2026-07-01,Café Negro,Bebida,ORDEN,13.00,546.00,2,0,0,0
2026-04-24,Gorditas,Gordita,PIEZA,217.00,4216.00,22,0,0,217.00
2026-05-18,Quesadillas (4 pzas.),Quesadilla,ORDEN,4.00,532.00,2,0,1,0
2026-07-05,Tacos de Maiz,Taco,PIEZA,59.00,1310.00,18,0,1,59.00
2026-06-30,Salsa Habanera,Guarnicion,ORDEN,1.00,0.00,1,0,0,0
2026-04-19,Pieza Huevo Estrellado Tierno,Huevos,ORDEN,1.00,20.00,1,0,0,0
2026-05-15,Salsa Roja,Guarnicion,ORDEN,1.00,0.00,1,0,0,0
2026-08-31,Refresco 355 ml.,Bebida,ORDEN,6.00,210.00,2,0,0,0
2026-07-28,Tacos de Maiz,Taco,PIEZA,17.00,374.00,9,0,0,17.00
2026-03-30,Enchiladas Picositas,Enchilada,ORDEN,1.00,185.00,1,1,0,0
2026-03-31,Encremadas,Encremada,ORDEN,1.00,249.00,1,1,0,0
2026-05-17,Pieza Huevo Estrellado Ciego,Huevos,ORDEN,1.00,20.00,1,0,0,0
2026-08-18,Huevos a la Mexicana,Huevos,ORDEN,1.00,120.00,1,0,0,0
2026-04-20,Refresco 600 ml.,Bebida,ORDEN,23.00,933.00,7,0,0,0
2026-07-04,Pieza de Pan Dulce,Guarnicion,ORDEN,11.00,308.00,1,0,0,0
2026-08-19,Horchata 1 Litro,Bebida,ORDEN,1.00,69.00,1,0,0,0
2026-03-04,1/2 Enchiladas Mixtas (4 Piezas),Enchilada,ORDEN,1.00,157.00,1,1,0,0
2026-04-12,1/2 Entomatadas,Entomatada,ORDEN,10.00,1498.00,6,4,3,0
2026-07-31,Orden Huevos Estrellados,Huevos,ORDEN,1.00,120.00,1,0,0,0
2026-06-27,Topo Chico 600 ml.,Bebida,ORDEN,1.00,39.00,1,0,0,0
2026-03-27,Enchiladas Picositas,Enchilada,ORDEN,1.00,147.00,1,0,0,0
2026-03-29,1/2 Enchiladas Mixtas (4 Piezas),Enchilada,ORDEN,2.00,411.00,2,2,0,0
2026-08-12,Limón Vaso,Bebida,ORDEN,28.00,1176.00,1,0,0,0
2026-07-03,Refresco 600 ml.,Bebida,ORDEN,17.00,663.00,6,0,0,0
2026-04-22,Refresco 600 ml.,Bebida,ORDEN,7.00,273.00,4,0,0,0
2026-04-26,Tacos de Harina,Taco,PIEZA,25.00,577.00,10,0,0,25.00
2026-03-15,Huevos a la Mexicana,Huevos,ORDEN,1.00,120.00,1,0,0,0
2026-06-02,Pieza Huevo Estrellado Cocido,Huevos,ORDEN,2.00,40.00,1,0,0,0
2026-03-13,Huevos Rancheros,Huevos,ORDEN,1.00,120.00,1,0,0,0
2026-08-30,Jamaica 1 Litro,Bebida,ORDEN,2.00,154.00,1,0,0,0
2026-08-30,Salsa Habanera,Guarnicion,ORDEN,2.00,20.00,1,0,0,0
2026-03-31,Migada Guisado de Carne,Migada,PIEZA,3.00,432.00,3,0,2,3.00
2026-05-27,Pieza Extra Empanada,Empanada,ORDEN,1.00,43.00,1,1,0,0
2026-06-06,Limón 1 Litro,Bebida,ORDEN,2.00,118.00,1,0,0,0
2026-08-09,1/2 Entomatadas,Entomatada,ORDEN,13.00,1722.00,9,8,5,0
2026-07-02,Pieza de Pan Dulce,Guarnicion,ORDEN,1.00,28.00,1,0,0,0
2026-08-05,Orden de Guisado Normal,Guarnicion,ORDEN,2.00,240.00,2,2,0,0
2026-05-21,Encremadas,Encremada,ORDEN,1.00,249.00,1,1,0,0
2026-05-31,Café Negro,Bebida,ORDEN,15.00,630.00,1,0,0,0
2026-05-26,Tacos de Maiz,Taco,PIEZA,7.00,154.00,4,0,0,7.00
2026-07-26,Orden de Guisado de Carne,Guarnicion,ORDEN,1.00,135.00,1,1,0,0
2026-07-26,Café con Leche,Bebida,ORDEN,46.00,1945.00,3,0,0,0
2026-04-24,Porción Frijol con Queso,Guarnicion,ORDEN,1.00,5.00,1,0,0,0
2026-06-26,Refresco 600 ml.,Bebida,ORDEN,21.00,819.00,7,0,0,0
2026-08-27,Migada Guisado Normal,Migada,PIEZA,1.00,133.00,1,0,1,1.00
2026-07-10,Entomatadas,Entomatada,ORDEN,3.00,546.00,3,3,3,0
2026-03-03,PROMO 6 surtidas,Otros,ORDEN,4.00,432.00,1,0,0,0
2026-07-16,Jamaica Vaso,Bebida,ORDEN,7.00,294.00,1,0,0,0
2026-04-23,1/2 Enmoladas,Enmolada,ORDEN,1.00,130.00,1,1,0,0
2026-06-17,Enmoladas,Enmolada,ORDEN,3.00,622.00,3,2,1,0
2026-09-04,Jamaica Vaso,Bebida,ORDEN,12.00,504.00,1,0,0,0
2026-04-04,Café con Leche,Bebida,ORDEN,38.00,1596.00,4,0,0,0
2026-04-09,Ciel 600 ml.,Bebida,ORDEN,1.00,35.00,1,0,0,0
2026-06-06,Café con Leche,Bebida,ORDEN,28.00,1176.00,3,0,0,0
2026-03-29,1/2 Enmoladas,Enmolada,ORDEN,3.00,320.00,3,1,1,0
2026-05-01,Jamaica 1 Litro,Bebida,ORDEN,1.00,59.00,1,0,0,0
2026-08-03,Entomatadas,Entomatada,ORDEN,2.00,329.00,2,1,1,0
2026-08-29,Enmoladas,Enmolada,ORDEN,1.00,182.00,1,1,0,0
2026-03-10,Plátano Frito,Otros,ORDEN,1.00,42.00,1,0,0,0
2026-08-26,Huevos Rancheros,Huevos,ORDEN,2.00,240.00,1,0,0,0
2026-03-02,Huevos a la Mexicana,Huevos,ORDEN,3.00,360.00,1,0,0,0
2026-04-30,Huevos a la Mexicana,Huevos,ORDEN,1.00,120.00,1,0,0,0
2026-08-30,Ciel 600 ml.,Bebida,ORDEN,6.00,210.00,1,0,0,0
2026-06-14,Gorditas Surtidas,Gordita,PIEZA,4.00,304.00,1,0,0,16.00
2026-05-18,1/2 Enmoladas,Enmolada,ORDEN,1.00,95.00,1,0,0,0
2026-07-15,Pieza de Pan Dulce,Guarnicion,ORDEN,3.00,84.00,1,0,0,0
2026-08-19,Tacos de Maiz,Taco,PIEZA,21.00,495.00,10,0,1,21.00
2026-05-19,Quesadillas (4 pzas.),Quesadilla,ORDEN,4.00,652.00,2,0,2,0
2026-08-03,Enchiladas Picositas,Enchilada,ORDEN,1.00,147.00,1,0,0,0
2026-04-06,Huevos a la Mexicana,Huevos,ORDEN,4.00,480.00,1,0,0,0
2026-03-28,Migada Guisado Normal,Migada,PIEZA,1.00,133.00,1,0,0,1.00
2026-06-01,Refresco 355 ml.,Bebida,ORDEN,4.00,140.00,2,0,0,0
2026-04-10,Pieza de Pan,Guarnicion,ORDEN,2.00,56.00,1,0,0,0
2026-03-25,Huevos a la Mexicana,Huevos,ORDEN,3.00,360.00,1,0,0,0
2026-04-04,Tacos de Harina,Taco,PIEZA,54.00,1224.00,13,0,0,54.00
2026-03-17,Enmoladas,Enmolada,ORDEN,1.00,147.00,1,0,0,0
2026-06-26,1/2 Entomatadas,Entomatada,ORDEN,7.00,1073.00,4,4,2,0
2026-06-10,1/2 Empanadas (2 pzas.),Empanada,ORDEN,3.00,282.00,3,1,1,0
2026-04-13,Enfrijoladas,Enfrijolada,ORDEN,1.00,229.00,1,2,0,0
2026-06-01,Limón Vaso,Bebida,ORDEN,25.00,1050.00,1,0,0,0
2026-08-29,Horchata 1 Litro,Bebida,ORDEN,5.00,387.00,1,0,0,0
2026-07-11,Tacos de Harina,Taco,PIEZA,15.00,344.00,6,1,0,15.00
2026-07-19,Huevos a la Mexicana,Huevos,ORDEN,1.00,120.00,1,0,0,0
2026-07-08,Ciel 600 ml.,Bebida,ORDEN,2.00,70.00,1,0,0,0
2026-04-02,1/2 Enfrijoladas,Enfrijolada,ORDEN,2.00,270.00,1,1,0,0
2026-08-09,Horchata 1 Litro,Bebida,ORDEN,2.00,159.00,1,0,0,0
2026-05-25,Limón 1 Litro,Bebida,ORDEN,1.00,77.00,1,0,0,0
2026-06-13,Jamaica Vaso,Bebida,ORDEN,24.00,1008.00,1,0,0,0
2026-07-01,Huevo Estrellado 2 pzas.,Huevos,ORDEN,1.00,35.00,1,0,0,0
2026-08-05,Bocoles,Bocol,PIEZA,57.00,1281.00,17,2,0,57.00
2026-08-20,Entomatadas,Entomatada,ORDEN,4.00,725.00,3,2,1,0
2026-08-21,Orden Huevos Revueltos,Huevos,ORDEN,1.00,120.00,1,0,0,0
2026-03-14,Enchiladas Mixtas,Enchilada,ORDEN,2.00,431.00,2,2,0,0
2026-07-20,Limón Vaso,Bebida,ORDEN,8.00,336.00,1,0,0,0
2026-03-03,1/2 Empanadas (2 pzas.),Empanada,ORDEN,4.00,376.00,4,1,4,0
2026-05-13,1/2 Entomatadas,Entomatada,ORDEN,5.00,749.00,4,3,0,0
2026-04-22,Migada Guisado Normal,Migada,PIEZA,1.00,133.00,1,0,1,1.00
2026-07-22,Horchata Vaso,Bebida,ORDEN,6.00,252.00,1,0,0,0
2026-08-20,Huevo Revuelto 2 pzas.,Huevos,ORDEN,1.00,35.00,1,0,0,0
2026-05-17,Café Negro,Bebida,ORDEN,18.00,756.00,1,0,0,0
2026-05-20,Quesadillas (4 pzas.),Quesadilla,ORDEN,2.00,266.00,2,0,2,0
2026-06-22,Gorditas de Azúcar,Gordita,PIEZA,2.00,84.00,1,0,0,2.00
2026-06-27,Quesadillas (4 pzas.),Quesadilla,ORDEN,8.00,1206.00,3,1,1,0
2026-03-22,Migada Guisado de Carne,Migada,PIEZA,12.00,1728.00,11,0,8,12.00
2026-08-15,Pieza de Pan Dulce,Guarnicion,ORDEN,3.00,84.00,1,0,0,0
2026-06-23,Jamaica Vaso,Bebida,ORDEN,12.00,504.00,1,0,0,0
2026-05-02,Gorditas de Azúcar,Gordita,PIEZA,1.00,42.00,1,0,0,1.00
2026-05-04,Pieza Extra Empanada,Empanada,ORDEN,1.00,38.00,1,0,0,0
2026-07-09,1/2 Empanadas (2 pzas.),Empanada,ORDEN,5.00,498.00,5,1,1,0
2026-03-16,Pieza Huevo Estrellado Medio,Huevos,ORDEN,1.00,20.00,1,0,0,0
2026-07-30,1/2 Enchiladas Rojas,Enchilada,ORDEN,3.00,387.00,2,1,0,0
2026-03-10,1/2 Empanadas (2 pzas.),Empanada,ORDEN,2.00,188.00,2,0,0,0
2026-03-26,1/2 Enchiladas Mixtas (4 Piezas),Enchilada,ORDEN,2.00,414.00,2,2,0,0
2026-08-15,Bisquet,Otros,ORDEN,5.00,150.00,1,0,0,0
2026-08-10,Horchata Vaso,Bebida,ORDEN,5.00,210.00,1,0,0,0
2026-04-28,Enchiladas Rojas,Enchilada,ORDEN,2.00,364.00,2,2,0,0
2026-07-14,Tacos de Harina,Taco,PIEZA,13.00,286.00,4,0,0,13.00
2026-06-03,Huevos Rancheros,Huevos,ORDEN,2.00,240.00,1,0,0,0
2026-03-24,Enchiladas Picositas,Enchilada,ORDEN,1.00,182.00,1,1,0,0
2026-03-14,Jamaica Vaso,Bebida,ORDEN,23.00,966.00,1,0,0,0
2026-07-22,Huevos con Deshebrada,Huevos,ORDEN,2.00,270.00,1,0,0,0
2026-06-28,Quesadillas (4 pzas.),Quesadilla,ORDEN,5.00,665.00,2,0,0,0
2026-04-14,1/2 Enchiladas Mixtas (4 Piezas),Enchilada,ORDEN,1.00,256.00,1,2,1,0
2026-03-24,1/2 Enchiladas Picositas,Enchilada,ORDEN,3.00,422.00,3,2,0,0
2026-06-01,Horchata Vaso,Bebida,ORDEN,5.00,223.00,1,0,0,0
2026-04-08,1/2 Enfrijoladas,Enfrijolada,ORDEN,1.00,95.00,1,0,0,0
2026-05-05,Bocoles,Bocol,PIEZA,73.00,1638.00,19,0,0,73.00
2026-04-15,1/2 Encremadas,Encremada,ORDEN,1.00,197.00,1,1,0,0
2026-08-15,Enchiladas Mixtas,Enchilada,ORDEN,1.00,147.00,1,0,0,0
2026-04-16,Bisquet,Otros,ORDEN,3.00,90.00,1,0,0,0
2026-08-25,Orden Huevos Estrellados,Huevos,ORDEN,1.00,120.00,1,0,0,0
2026-07-30,Pieza Huevo Estrellado Medio,Huevos,ORDEN,2.00,40.00,1,0,0,0
2026-03-01,Encremadas,Encremada,ORDEN,1.00,249.00,1,1,0,0
2026-03-27,1/2 Enmoladas,Enmolada,ORDEN,1.00,95.00,1,0,0,0
2026-08-06,Horchata Vaso,Bebida,ORDEN,6.00,252.00,1,0,0,0
2026-04-26,Pieza Huevo Estrellado Cocido,Huevos,ORDEN,2.00,40.00,1,0,0,0
2026-04-24,Tacos de Harina,Taco,PIEZA,38.00,912.00,14,2,0,38.00
2026-07-26,Pieza Extra Quesadilla,Quesadilla,ORDEN,1.00,35.00,1,0,0,0
2026-03-29,1/2 Entomatadas,Entomatada,ORDEN,5.00,679.00,2,1,0,0
2026-05-24,Porción Ensalada,Guarnicion,ORDEN,1.00,25.00,1,0,0,0
2026-05-23,Topo Chico 600 ml.,Bebida,ORDEN,1.00,39.00,1,0,0,0
2026-06-03,Porción Frijol con Queso,Guarnicion,ORDEN,1.00,5.00,1,0,0,0
2026-07-04,PROMO 6 surtidas,Otros,ORDEN,1.00,108.00,1,0,0,0
2026-08-08,Aguacate Extra,Otros,ORDEN,1.00,15.00,1,0,0,0
2026-05-22,Bocoles Surtidos,Bocol,PIEZA,2.00,88.00,1,0,0,4.00
2026-07-08,Café Negro,Bebida,ORDEN,7.00,294.00,1,0,0,0
2026-07-21,Empanadas (4 pzas.),Empanada,ORDEN,9.00,1339.00,9,3,1,0
2026-08-08,1/2 Quesadillas (2 pzas.),Quesadilla,ORDEN,5.00,430.00,2,0,2,0
2026-03-08,Salsa Verde,Guarnicion,ORDEN,1.00,0.00,1,0,0,0
2026-06-12,Jamaica 1 Litro,Bebida,ORDEN,3.00,195.00,1,0,0,0
2026-03-23,Entomatadas,Entomatada,ORDEN,3.00,669.00,3,2,0,0
2026-05-27,Refresco 600 ml.,Bebida,ORDEN,8.00,324.00,3,0,0,0
2026-06-08,Huevos a la Mexicana,Huevos,ORDEN,6.00,720.00,1,0,0,0
2026-07-16,Pieza Extra Quesadilla,Quesadilla,ORDEN,1.00,35.00,1,0,0,0
2026-05-12,1/2 Empanadas (2 pzas.),Empanada,ORDEN,5.00,470.00,5,0,0,0
2026-03-04,Migada Guisado de Carne,Migada,PIEZA,5.00,720.00,5,0,3,5.00
2026-08-10,Jamaica 1 Litro,Bebida,ORDEN,1.00,59.00,1,0,0,0
2026-06-27,Huevos Rancheros,Huevos,ORDEN,4.00,480.00,1,0,0,0
2026-08-25,Refresco 600 ml.,Bebida,ORDEN,13.00,507.00,6,0,0,0
2026-04-22,Quesadillas (4 pzas.),Quesadilla,ORDEN,3.00,479.00,1,0,0,0
2026-03-11,Huevos Rancheros,Huevos,ORDEN,1.00,120.00,1,0,0,0
2026-03-22,1/2 Enmoladas,Enmolada,ORDEN,2.00,190.00,1,0,0,0
2026-08-14,Encremadas,Encremada,ORDEN,2.00,338.00,1,0,0,0
2026-07-22,Zanahorias p/llevar,Otros,ORDEN,2.00,20.00,1,0,0,0
2026-04-19,Plátano Frito,Otros,ORDEN,3.00,126.00,3,0,0,0
2026-08-31,Tacos de Maiz,Taco,PIEZA,20.00,440.00,10,0,2,20.00
2026-04-03,Migada Guisado de Carne,Migada,PIEZA,15.00,2203.00,14,0,8,15.00
2026-03-09,Horchata 1 Litro,Bebida,ORDEN,1.00,69.00,1,0,0,0
2026-07-11,1/2 Quesadillas (2 pzas.),Quesadilla,ORDEN,3.00,293.00,3,1,1,0
2026-08-19,Huevos Rancheros,Huevos,ORDEN,1.00,120.00,1,0,0,0
2026-03-19,Jamaica Vaso,Bebida,ORDEN,8.00,336.00,1,0,0,0
2026-05-15,Café con Leche,Bebida,ORDEN,30.00,1260.00,3,0,0,0
2026-03-15,Empanadas (4 pzas.),Empanada,ORDEN,10.00,1503.00,10,3,4,0
2026-04-22,Té de Manzanilla,Bebida,ORDEN,1.00,33.00,1,0,0,0
2026-03-22,1/2 Empanadas (2 pzas.),Empanada,ORDEN,10.00,960.00,10,5,5,0
2026-04-03,1/2 Enchiladas Rojas,Enchilada,ORDEN,10.00,1157.00,5,3,1,0
2026-05-27,Migada Guisado de Carne,Migada,PIEZA,2.00,374.00,2,1,5,2.00
2026-04-05,Limón Vaso,Bebida,ORDEN,20.00,727.00,1,0,0,0
2026-04-23,Bisquet,Otros,ORDEN,3.00,90.00,1,0,0,0
2026-05-31,Huevos a la Mexicana,Huevos,ORDEN,6.00,720.00,1,0,0,0
2026-04-07,Pieza de Pan,Guarnicion,ORDEN,7.00,196.00,1,0,0,0
2026-05-09,Ciel 600 ml.,Bebida,ORDEN,3.00,105.00,1,0,0,0
2026-08-16,Migada Guisado Normal,Migada,PIEZA,1.00,133.00,1,0,0,1.00
2026-03-01,Refresco 355 ml.,Bebida,ORDEN,5.00,175.00,2,0,0,0
2026-04-18,Limón Vaso,Bebida,ORDEN,15.00,630.00,1,0,0,0
2026-08-27,Entomatadas,Entomatada,ORDEN,2.00,338.00,1,0,0,0
2026-07-23,1/2 Entomatadas,Entomatada,ORDEN,8.00,1276.00,7,7,1,0
2026-03-22,Migada Guisado Normal,Migada,PIEZA,2.00,266.00,2,0,1,2.00
2026-05-19,Ciel 600 ml.,Bebida,ORDEN,1.00,35.00,1,0,0,0
2026-03-25,1/2 Enchiladas Rojas,Enchilada,ORDEN,3.00,285.00,3,0,4,0
2026-05-19,Café con Leche,Bebida,ORDEN,23.00,966.00,2,0,0,0
2026-07-02,Enchiladas Mixtas,Enchilada,ORDEN,2.00,329.00,2,1,0,0
2026-07-20,1/2 Entomatadas,Entomatada,ORDEN,5.00,714.00,3,3,1,0
2026-04-24,1/2 Quesadillas (2 pzas.),Quesadilla,ORDEN,3.00,293.00,3,1,2,0
2026-07-12,1/2 Quesadillas (2 pzas.),Quesadilla,ORDEN,7.00,637.00,3,1,2,0
2026-08-19,Enmoladas,Enmolada,ORDEN,2.00,434.00,2,2,2,0
2026-04-05,Plátano Frito,Otros,ORDEN,1.00,42.00,1,0,0,0
2026-03-22,Orden de Guisado de Carne,Guarnicion,ORDEN,1.00,135.00,1,0,0,0
2026-07-03,Huevos a la Mexicana,Huevos,ORDEN,1.00,120.00,1,0,0,0
2026-03-10,Tacos de Harina,Taco,PIEZA,9.00,206.00,4,1,0,9.00
2026-07-23,Jamaica Vaso,Bebida,ORDEN,10.00,420.00,1,0,0,0
2026-08-03,Tacos de Maiz,Taco,PIEZA,31.00,682.00,8,0,0,31.00
2026-04-26,Horchata 1 Litro,Bebida,ORDEN,6.00,414.00,1,0,0,0
2026-04-25,Orden de Guisado Normal,Guarnicion,ORDEN,1.00,120.00,1,0,0,0
2026-08-25,PROMO 6 surtidas,Otros,ORDEN,5.00,540.00,1,0,0,0
2026-04-13,Bocoles,Bocol,PIEZA,77.00,1703.00,16,0,0,77.00
2026-05-12,Huevos a la Mexicana,Huevos,ORDEN,3.00,360.00,1,0,0,0
2026-05-27,Jamaica Vaso,Bebida,ORDEN,13.00,546.00,1,0,0,0
2026-05-04,Refresco 600 ml.,Bebida,ORDEN,10.00,390.00,4,0,0,0
2026-08-10,Salsa Roja,Guarnicion,ORDEN,1.00,10.00,1,0,0,0
2026-06-02,Gorditas de Azúcar,Gordita,PIEZA,1.00,42.00,1,0,0,1.00
2026-07-18,1/2 Enchiladas Rojas,Enchilada,ORDEN,12.00,1639.00,9,9,3,0
2026-03-06,1/2 Enchiladas Rojas,Enchilada,ORDEN,11.00,1357.00,9,6,5,0
2026-05-16,Huevos Rancheros,Huevos,ORDEN,3.00,360.00,1,0,0,0
2026-08-26,Enchiladas Rojas,Enchilada,ORDEN,3.00,645.00,2,1,0,0
2026-04-03,Enchiladas Mixtas,Enchilada,ORDEN,2.00,513.00,2,3,0,0
2026-04-06,Limón Vaso,Bebida,ORDEN,13.00,546.00,1,0,0,0
2026-08-30,Limón Vaso,Bebida,ORDEN,35.00,1470.00,1,0,0,0
2026-06-16,Encremadas,Encremada,ORDEN,1.00,191.00,1,0,1,0
2026-08-07,1/2 Enmoladas,Enmolada,ORDEN,2.00,292.00,2,1,1,0
2026-09-03,Refresco 355 ml.,Bebida,ORDEN,4.00,140.00,1,0,0,0
2026-03-23,1/2 Quesadillas (2 pzas.),Quesadilla,ORDEN,3.00,293.00,3,1,1,0
2026-08-18,Bocoles,Bocol,PIEZA,44.00,1010.00,15,0,2,44.00
2026-03-01,1/2 Enchiladas Picositas,Enchilada,ORDEN,2.00,394.00,1,1,0,0
2026-08-04,Ciel 600 ml.,Bebida,ORDEN,1.00,35.00,1,0,0,0
2026-05-13,Huevos Rancheros,Huevos,ORDEN,2.00,240.00,1,0,0,0
2026-07-07,Enchiladas Picositas,Enchilada,ORDEN,1.00,147.00,1,0,0,0
2026-04-02,Limón 1 Litro,Bebida,ORDEN,2.00,118.00,1,0,0,0
2026-05-31,Bocoles,Bocol,PIEZA,152.00,3410.00,24,2,1,152.00
2026-03-05,Huevos con Deshebrada,Huevos,ORDEN,3.00,405.00,1,0,0,0
2026-08-05,1/2 Enchiladas Rojas,Enchilada,ORDEN,6.00,745.00,5,4,2,0
2026-08-07,Enmoladas,Enmolada,ORDEN,1.00,249.00,1,1,0,0
2026-05-21,Pieza de Pan,Guarnicion,ORDEN,1.00,28.00,1,0,0,0
2026-05-27,Huevos a la Mexicana,Huevos,ORDEN,3.00,360.00,1,0,0,0
2026-06-05,Quesadillas (4 pzas.),Quesadilla,ORDEN,4.00,634.00,2,1,0,0
2026-05-17,Migada Guisado Normal,Migada,PIEZA,2.00,306.00,2,0,0,2.00
2026-08-15,Limón 1 Litro,Bebida,ORDEN,2.00,118.00,1,0,0,0
2026-05-02,Jamaica Vaso,Bebida,ORDEN,11.00,462.00,1,0,0,0
2026-08-20,Huevos a la Mexicana,Huevos,ORDEN,3.00,360.00,1,0,0,0
2026-07-29,Gorditas,Gordita,PIEZA,264.00,5156.00,23,0,0,264.00
2026-08-16,1/2 Enchiladas Rojas,Enchilada,ORDEN,11.00,1433.00,8,6,5,0
2026-08-23,Enchiladas Rojas,Enchilada,ORDEN,3.00,578.00,3,2,1,0
2026-08-21,Ciel 600 ml.,Bebida,ORDEN,1.00,35.00,1,0,0,0
2026-06-20,Migada Guisado Normal,Migada,PIEZA,1.00,173.00,1,0,0,1.00
2026-05-27,1/2 Enchiladas Rojas,Enchilada,ORDEN,8.00,1107.00,7,6,8,0
2026-06-27,Migada Guisado de Carne,Migada,PIEZA,16.00,2390.00,13,0,9,16.00
2026-03-02,1/2 Entomatadas,Entomatada,ORDEN,4.00,587.00,4,4,2,0
2026-03-28,Tacos de Maiz,Taco,PIEZA,62.00,1460.00,16,2,0,62.00
2026-04-12,Pieza de Pan,Guarnicion,ORDEN,4.00,112.00,1,0,0,0
2026-04-23,Café con Leche,Bebida,ORDEN,31.00,1302.00,4,0,0,0
2026-03-04,Guisado Infantil,Otros,ORDEN,1.00,38.00,1,0,0,0
2026-04-10,1/2 Enmoladas,Enmolada,ORDEN,4.00,488.00,3,2,0,0
2026-06-13,1/2 Encremadas,Encremada,ORDEN,2.00,228.00,2,1,0,0
2026-06-05,Horchata 1 Litro,Bebida,ORDEN,4.00,276.00,1,0,0,0
2026-07-08,Pieza de Pan Dulce,Guarnicion,ORDEN,3.00,84.00,1,0,0,0
2026-04-04,Huevos a la Mexicana,Huevos,ORDEN,1.00,120.00,1,0,0,0
2026-06-02,Pieza Huevo Estrellado Medio,Huevos,ORDEN,4.00,80.00,1,0,0,0
2026-05-06,1/2 Entomatadas,Entomatada,ORDEN,5.00,720.00,5,5,1,0
2026-07-21,Refresco 600 ml.,Bebida,ORDEN,18.00,702.00,7,0,0,0
2026-06-17,PROMO 6 surtidas,Otros,ORDEN,6.00,648.00,1,0,0,0
2026-05-15,Enchiladas Picositas,Enchilada,ORDEN,1.00,147.00,1,0,0,0
2026-04-10,Ciel 600 ml.,Bebida,ORDEN,2.00,70.00,1,0,0,0
2026-06-05,Refresco 600 ml.,Bebida,ORDEN,8.00,312.00,4,0,0,0
2026-07-21,Plátano Frito,Otros,ORDEN,3.00,126.00,3,0,0,0
2026-04-06,1/2 Enchiladas Rojas,Enchilada,ORDEN,6.00,707.00,4,2,2,0
2026-06-07,Gorditas Surtidas,Gordita,PIEZA,1.00,76.00,1,0,0,4.00
2026-06-28,1/2 Enchiladas Rojas,Enchilada,ORDEN,5.00,647.00,4,3,2,0
2026-08-27,Empanadas (4 pzas.),Empanada,ORDEN,3.00,432.00,2,1,0,0
2026-05-12,Tacos de Harina,Taco,PIEZA,10.00,220.00,6,0,0,10.00
2026-05-16,Limón 1 Litro,Bebida,ORDEN,3.00,195.00,1,0,0,0
2026-08-05,Enchiladas Rojas,Enchilada,ORDEN,1.00,191.00,1,0,1,0
2026-03-12,1/2 Entomatadas,Entomatada,ORDEN,1.00,95.00,1,0,1,0
2026-07-22,Plátano Frito,Otros,ORDEN,1.00,42.00,1,0,0,0
2026-08-25,1/2 Enmoladas,Enmolada,ORDEN,1.00,133.00,1,1,0,0
2026-08-14,Gorditas,Gordita,PIEZA,181.00,3561.00,24,1,1,181.00
2026-05-21,Tacos de Maiz,Taco,PIEZA,28.00,634.00,13,0,0,28.00
2026-08-07,Tacos de Harina,Taco,PIEZA,20.00,458.00,10,0,0,20.00
2026-04-04,Enchiladas Picositas,Enchilada,ORDEN,2.00,329.00,2,1,0,0
2026-08-31,Refresco 600 ml.,Bebida,ORDEN,9.00,351.00,4,0,0,0
2026-07-03,Fuze Tea,Bebida,ORDEN,1.00,45.00,1,0,0,0
2026-08-19,Bisquet,Otros,ORDEN,5.00,150.00,1,0,0,0
2026-07-13,Refresco 600 ml.,Bebida,ORDEN,13.00,507.00,2,0,0,0
2026-07-23,Migada Guisado de Carne,Migada,PIEZA,5.00,720.00,5,0,1,5.00
2026-06-25,1/2 Enchiladas Rojas,Enchilada,ORDEN,4.00,517.00,3,2,0,0
2026-07-06,Café Negro,Bebida,ORDEN,13.00,546.00,1,0,0,0
2026-05-30,Enmoladas,Enmolada,ORDEN,1.00,226.00,1,1,0,0
2026-07-17,Limón Vaso,Bebida,ORDEN,31.00,1260.00,1,0,0,0
2026-05-10,Enchiladas Mixtas,Enchilada,ORDEN,6.00,1121.00,6,3,2,0
2026-08-08,Plátano Frito,Otros,ORDEN,1.00,42.00,1,0,0,0
2026-03-16,Refresco 600 ml.,Bebida,ORDEN,8.00,324.00,5,0,0,0
2026-04-22,Bisquet,Otros,ORDEN,2.00,60.00,2,0,0,0
2026-08-09,Enfrijoladas,Enfrijolada,ORDEN,2.00,376.00,2,1,1,0
2026-03-20,1/2 Enfrijoladas,Enfrijolada,ORDEN,1.00,130.00,1,1,0,0
2026-05-23,Limón Vaso,Bebida,ORDEN,25.00,1089.00,1,0,0,0
2026-04-18,Café con Leche,Bebida,ORDEN,49.00,2058.00,1,0,0,0
2026-07-24,Encremadas,Encremada,ORDEN,1.00,249.00,1,1,0,0
2026-04-05,Bocoles,Bocol,PIEZA,138.00,3136.00,23,1,1,138.00
2026-04-15,Horchata 1 Litro,Bebida,ORDEN,1.00,69.00,1,0,0,0
2026-07-19,Migada Guisado de Carne,Migada,PIEZA,13.00,1958.00,13,0,7,13.00
2026-08-18,Pieza de Pan Dulce,Guarnicion,ORDEN,2.00,56.00,1,0,0,0
2026-05-13,Bocoles,Bocol,PIEZA,56.00,1241.00,16,0,2,56.00
2026-09-03,Gorditas,Gordita,PIEZA,97.00,1890.00,18,0,0,97.00
2026-04-13,Enchiladas Rojas,Enchilada,ORDEN,4.00,795.00,4,4,1,0
2026-05-02,Gorditas,Gordita,PIEZA,190.00,3686.00,22,0,0,190.00
2026-08-28,Café Negro,Bebida,ORDEN,20.00,840.00,1,0,0,0
2026-05-22,Enmoladas,Enmolada,ORDEN,2.00,431.00,2,2,1,0
2026-08-19,Limón Vaso,Bebida,ORDEN,16.00,672.00,1,0,0,0
2026-06-09,Enchiladas Picositas,Enchilada,ORDEN,1.00,147.00,1,0,0,0
2026-04-22,Enfrijoladas,Enfrijolada,ORDEN,1.00,147.00,1,0,0,0
2026-06-12,1/2 Enmoladas,Enmolada,ORDEN,1.00,95.00,1,0,0,0
2026-06-10,Pieza Huevo Estrellado Cocido,Huevos,ORDEN,1.00,20.00,1,0,0,0
2026-07-07,Migada Guisado Normal,Migada,PIEZA,1.00,173.00,1,0,1,1.00
2026-03-17,Migada Guisado de Carne,Migada,PIEZA,7.00,1094.00,7,0,6,7.00
2026-04-11,Pieza Huevo Estrellado Medio,Huevos,ORDEN,3.00,60.00,1,0,0,0
2026-03-16,Entomatadas,Entomatada,ORDEN,1.00,147.00,1,0,0,0
2026-08-23,Entomatadas,Entomatada,ORDEN,4.00,795.00,4,4,1,0
2026-09-03,Limón Vaso,Bebida,ORDEN,11.00,462.00,1,0,0,0
2026-05-19,Pieza de Pan,Guarnicion,ORDEN,3.00,84.00,1,0,0,0
2026-06-20,Enmoladas,Enmolada,ORDEN,6.00,882.00,1,0,0,0
2026-06-01,PROMO 6 surtidas,Otros,ORDEN,1.00,108.00,1,0,0,0
2026-06-16,Huevo Revuelto 2 pzas.,Huevos,ORDEN,1.00,35.00,1,0,0,0
2026-07-09,Quesadillas (4 pzas.),Quesadilla,ORDEN,3.00,399.00,1,0,0,0
2026-03-25,1/2 Encremadas,Encremada,ORDEN,3.00,425.00,3,2,0,0
2026-05-13,1/2 Enchiladas Mixtas (4 Piezas),Enchilada,ORDEN,2.00,273.00,2,1,4,0
2026-07-11,Orden de Guisado de Carne,Guarnicion,ORDEN,1.00,176.00,1,2,0,0
2026-05-12,Orden Huevos Estrellados,Huevos,ORDEN,1.00,120.00,1,0,0,0
2026-04-07,PROMO 6 surtidas,Otros,ORDEN,6.00,648.00,1,0,0,0
2026-04-09,Bisquet,Otros,ORDEN,11.00,330.00,1,0,0,0
2026-04-28,Zanahorias p/llevar,Otros,ORDEN,3.00,0.00,1,0,0,0
2026-05-07,Aguacate Extra,Otros,ORDEN,1.00,15.00,1,0,0,0
2026-07-06,Migada Guisado de Carne,Migada,PIEZA,6.00,907.00,5,0,3,6.00
2026-07-26,Salsa Habanera,Guarnicion,ORDEN,3.00,30.00,1,0,0,0
2026-03-11,Salsa Verde,Guarnicion,ORDEN,1.00,0.00,1,0,0,0
2026-05-31,Tacos de Harina,Taco,PIEZA,85.00,1939.00,17,0,2,85.00
2026-07-15,Salsa Roja,Guarnicion,ORDEN,5.00,13.80,1,0,0,0
2026-08-21,Entomatadas,Entomatada,ORDEN,1.00,182.00,1,1,0,0
2026-05-22,Café con Leche,Bebida,ORDEN,38.00,1596.00,3,0,0,0
2026-03-24,Horchata Vaso,Bebida,ORDEN,1.00,42.00,1,0,0,0
2026-03-19,Pieza de Pan,Guarnicion,ORDEN,2.00,56.00,1,0,0,0
2026-09-05,Migada Guisado Normal,Migada,PIEZA,2.00,266.00,2,0,4,2.00
2026-04-02,Jamaica 1 Litro,Bebida,ORDEN,1.00,59.00,1,0,0,0
2026-06-26,Huevos con Deshebrada,Huevos,ORDEN,2.00,311.00,1,0,0,0
2026-05-09,Empanadas (4 pzas.),Empanada,ORDEN,5.00,763.00,5,1,0,0
2026-07-23,Huevos Rancheros,Huevos,ORDEN,2.00,240.00,1,0,0,0
2026-08-14,Quesadillas (4 pzas.),Quesadilla,ORDEN,5.00,785.00,1,0,0,0
2026-08-12,Tacos de Maiz,Taco,PIEZA,42.00,939.00,14,0,0,42.00
2026-06-19,Gorditas Surtidas,Gordita,PIEZA,2.00,190.00,1,0,0,10.00
2026-07-04,1/2 Quesadillas (2 pzas.),Quesadilla,ORDEN,10.00,886.00,2,0,1,0
2026-07-29,Topo Chico 600 ml.,Bebida,ORDEN,1.00,39.00,1,0,0,0
2026-03-14,Refresco 600 ml.,Bebida,ORDEN,21.00,819.00,4,0,0,0
2026-06-15,Huevos Rancheros,Huevos,ORDEN,2.00,240.00,1,0,0,0
2026-07-03,Jamaica Vaso,Bebida,ORDEN,10.00,420.00,1,0,0,0
2026-04-24,Jamaica Vaso,Bebida,ORDEN,16.00,685.00,1,0,0,0
2026-06-09,Entomatadas,Entomatada,ORDEN,3.00,479.00,2,1,0,0
2026-03-12,1/2 Enfrijoladas,Enfrijolada,ORDEN,1.00,197.00,1,1,0,0
2026-03-14,1/2 Entomatadas,Entomatada,ORDEN,5.00,682.00,5,4,2,0
2026-08-01,Orden de Guisado Normal,Guarnicion,ORDEN,1.00,120.00,1,1,0,0
2026-04-13,Pieza Huevo Estrellado Cocido,Huevos,ORDEN,2.00,40.00,1,0,0,0
2026-07-16,Enchiladas Mixtas,Enchilada,ORDEN,2.00,396.00,2,1,2,0
2026-08-07,Huevos a la Mexicana,Huevos,ORDEN,1.00,120.00,1,0,0,0
2026-03-04,1/2 Enchiladas Picositas,Enchilada,ORDEN,1.00,133.00,1,1,0,0
2026-04-12,Horchata 1 Litro,Bebida,ORDEN,2.00,138.00,1,0,0,0
2026-06-25,Ciel 600 ml.,Bebida,ORDEN,1.00,35.00,1,0,0,0
2026-05-27,Porción Ensalada,Guarnicion,ORDEN,1.00,25.00,1,0,0,0
2026-06-26,Pieza Huevo Estrellado Medio,Huevos,ORDEN,1.00,20.00,1,0,0,0
2026-09-01,PROMO 6 surtidas,Otros,ORDEN,7.00,756.00,1,0,0,0
2026-05-02,Tacos de Harina,Taco,PIEZA,28.00,672.00,11,1,0,28.00
2026-04-20,Pieza Huevo Estrellado Medio,Huevos,ORDEN,1.00,20.00,1,0,0,0
2026-08-27,Gorditas de Azúcar,Gordita,PIEZA,2.00,84.00,1,0,0,2.00
2026-05-23,Quesadillas (4 pzas.),Quesadilla,ORDEN,7.00,966.00,2,1,0,0
2026-08-02,1/2 Encremadas,Encremada,ORDEN,2.00,228.00,2,1,0,0
2026-03-09,Porción Frijol con Queso,Guarnicion,ORDEN,1.00,5.00,1,0,0,0
2026-07-06,Quesadillas (4 pzas.),Quesadilla,ORDEN,5.00,705.00,2,0,2,0
2026-04-04,Salsa Roja,Guarnicion,ORDEN,5.00,0.00,1,0,0,0
2026-04-09,Tacos de Maiz,Taco,PIEZA,20.00,418.00,10,0,0,20.00
2026-04-19,Huevos Rancheros,Huevos,ORDEN,1.00,120.00,1,0,0,0
2026-05-26,Quesadillas (4 pzas.),Quesadilla,ORDEN,4.00,532.00,1,0,0,0
2026-08-08,Empanadas (4 pzas.),Empanada,ORDEN,5.00,720.00,5,1,2,0
2026-04-24,Ciel 600 ml.,Bebida,ORDEN,2.00,70.00,1,0,0,0
2026-05-05,Horchata Vaso,Bebida,ORDEN,1.00,42.00,1,0,0,0
2026-08-22,Topo Chico 600 ml.,Bebida,ORDEN,1.00,39.00,1,0,0,0
2026-03-01,Huevos Rancheros,Huevos,ORDEN,2.00,240.00,1,0,0,0
2026-03-09,Migada Guisado de Carne,Migada,PIEZA,15.00,2289.00,14,1,7,15.00
2026-08-02,Empanadas (4 pzas.),Empanada,ORDEN,6.00,864.00,6,0,3,0
2026-05-08,Aguacate Extra,Otros,ORDEN,1.00,15.00,1,0,0,0
2026-09-03,Tacos de Harina,Taco,PIEZA,7.00,160.00,6,0,0,7.00
2026-03-25,Empanadas (4 pzas.),Empanada,ORDEN,5.00,763.00,5,1,1,0
2026-03-02,Pieza Huevo Estrellado Tierno,Huevos,ORDEN,1.00,20.00,1,0,0,0
2026-04-12,Tacos de Maiz,Taco,PIEZA,40.00,886.00,11,0,0,40.00
2026-03-20,1/2 Encremadas,Encremada,ORDEN,1.00,95.00,1,0,0,0
2026-06-16,1/2 Enchiladas Rojas,Enchilada,ORDEN,4.00,453.00,4,3,2,0
2026-05-30,Gorditas,Gordita,PIEZA,363.00,7070.00,23,0,0,363.00
2026-05-13,Café Negro,Bebida,ORDEN,3.00,126.00,1,0,0,0
2026-05-16,Horchata Vaso,Bebida,ORDEN,4.00,168.00,1,0,0,0
2026-06-05,Gorditas,Gordita,PIEZA,155.00,3040.00,25,0,3,155.00
2026-07-01,1/2 Enmoladas,Enmolada,ORDEN,1.00,130.00,1,1,2,0
2026-08-29,Enchiladas Picositas,Enchilada,ORDEN,1.00,249.00,1,1,0,0
2026-03-09,Enchiladas Picositas,Enchilada,ORDEN,1.00,185.00,1,1,0,0
2026-05-28,Migada Guisado de Carne,Migada,PIEZA,6.00,864.00,5,0,5,6.00
2026-07-06,Enchiladas Rojas,Enchilada,ORDEN,2.00,364.00,2,2,1,0
2026-08-30,Jamaica Vaso,Bebida,ORDEN,24.00,1008.00,1,0,0,0
2026-06-21,Huevos a la Mexicana,Huevos,ORDEN,1.00,156.00,1,0,0,0
2026-03-17,Café con Leche,Bebida,ORDEN,29.00,1218.00,3,0,0,0
2026-05-09,Porción Ensalada,Guarnicion,ORDEN,1.00,25.00,1,0,0,0
2026-04-04,Pieza Huevo Estrellado Tierno,Huevos,ORDEN,1.00,20.00,1,0,0,0
2026-03-13,Huevos a la Mexicana,Huevos,ORDEN,2.00,240.00,1,0,0,0
2026-04-15,1/2 Entomatadas,Entomatada,ORDEN,4.00,517.00,4,2,2,0
2026-03-16,Limón 1 Litro,Bebida,ORDEN,1.00,77.00,1,0,0,0
2026-04-24,Bocoles,Bocol,PIEZA,50.00,1121.00,15,0,0,50.00
2026-05-07,Enchiladas Rojas,Enchilada,ORDEN,2.00,329.00,2,1,1,0
2026-04-18,Refresco 355 ml.,Bebida,ORDEN,6.00,210.00,2,0,0,0
2026-03-18,Jamaica Vaso,Bebida,ORDEN,8.00,349.00,1,0,0,0
2026-09-03,1/2 Enchiladas Rojas,Enchilada,ORDEN,4.00,488.00,4,3,2,0
2026-07-26,Bisquet,Otros,ORDEN,6.00,180.00,1,0,0,0
2026-03-20,Café con Leche,Bebida,ORDEN,19.00,798.00,2,0,0,0
2026-03-23,Huevos con Deshebrada,Huevos,ORDEN,1.00,135.00,1,0,0,0
2026-03-29,Refresco 600 ml.,Bebida,ORDEN,9.00,363.00,5,0,0,0
2026-09-02,Migada Guisado de Carne,Migada,PIEZA,6.00,950.00,6,0,5,6.00
2026-08-21,Gorditas,Gordita,PIEZA,224.00,4316.00,21,0,0,224.00
2026-08-25,Pieza Tortilla de Maíz,Guarnicion,ORDEN,2.00,10.00,1,0,0,0
2026-08-31,Tacos de Harina,Taco,PIEZA,17.00,392.00,7,0,0,17.00
2026-06-07,Enchiladas Rojas,Enchilada,ORDEN,4.00,827.00,3,2,0,0
2026-08-15,Pieza Extra Quesadilla,Quesadilla,ORDEN,2.00,70.00,1,0,0,0
2026-07-21,Jamaica Vaso,Bebida,ORDEN,9.00,378.00,1,0,0,0
2026-06-02,1/2 Entomatadas,Entomatada,ORDEN,5.00,548.00,4,2,1,0
2026-04-01,Migada Guisado de Carne,Migada,PIEZA,6.00,907.00,6,0,5,6.00
2026-06-15,Pieza de Pan Dulce,Guarnicion,ORDEN,9.00,252.00,1,0,0,0
2026-04-22,Fuze Tea,Bebida,ORDEN,1.00,45.00,1,0,0,0
2026-07-11,Café con Leche,Bebida,ORDEN,29.00,1218.00,3,0,0,0
2026-06-22,Quesadillas (4 pzas.),Quesadilla,ORDEN,6.00,913.00,2,1,1,0
2026-03-31,Bocoles Surtidos,Bocol,PIEZA,2.00,440.00,1,0,0,20.00
2026-08-15,Migada Guisado de Carne,Migada,PIEZA,18.00,2850.00,15,0,10,18.00
2026-08-21,Aguacate Extra,Otros,ORDEN,2.00,30.00,1,0,0,0
2026-04-18,Ciel 600 ml.,Bebida,ORDEN,3.00,105.00,1,0,0,0
2026-06-24,Ciel 600 ml.,Bebida,ORDEN,2.00,70.00,1,0,0,0
2026-05-19,1/2 Quesadillas (2 pzas.),Quesadilla,ORDEN,1.00,86.00,1,0,0,0
2026-07-21,Fuze Tea,Bebida,ORDEN,1.00,45.00,1,0,0,0
2026-08-02,Porción Frijol con Queso,Guarnicion,ORDEN,3.00,15.00,1,0,0,0
2026-04-02,Entomatadas,Entomatada,ORDEN,1.00,249.00,1,1,0,0
2026-05-21,Refresco 355 ml.,Bebida,ORDEN,5.00,175.00,2,0,0,0
2026-06-22,Limón Vaso,Bebida,ORDEN,24.00,1008.00,1,0,0,0
2026-08-03,Enchiladas Mixtas,Enchilada,ORDEN,3.00,747.00,2,2,0,0
2026-08-24,Pieza Tortilla de Maíz,Guarnicion,ORDEN,2.00,10.00,1,0,0,0
2026-05-12,Tacos de Maiz,Taco,PIEZA,5.00,110.00,1,0,0,5.00
2026-09-05,Pieza de Pan Dulce,Guarnicion,ORDEN,15.00,420.00,1,0,0,0
2026-05-23,Porción Frijol con Queso,Guarnicion,ORDEN,1.00,5.00,1,0,0,0
2026-04-04,Refresco 355 ml.,Bebida,ORDEN,6.00,210.00,2,0,0,0
2026-04-07,1/2 Enchiladas Mixtas (4 Piezas),Enchilada,ORDEN,1.00,157.00,1,2,0,0
2026-04-22,Huevos a la Mexicana,Huevos,ORDEN,3.00,360.00,1,0,0,0
2026-06-22,Café Negro,Bebida,ORDEN,11.00,462.00,1,0,0,0
2026-07-08,1/2 Enchiladas Rojas,Enchilada,ORDEN,3.00,320.00,3,1,2,0
2026-03-30,Fuze Tea,Bebida,ORDEN,1.00,45.00,1,0,0,0
2026-08-29,Bocoles,Bocol,PIEZA,104.00,2350.00,23,6,0,104.00
2026-05-09,1/2 Enchiladas Rojas,Enchilada,ORDEN,5.00,545.00,3,2,1,0
2026-03-26,1/2 Encremadas,Encremada,ORDEN,2.00,225.00,2,1,0,0
2026-04-11,Fuze Tea,Bebida,ORDEN,1.00,45.00,1,0,0,0
2026-06-12,Café Negro,Bebida,ORDEN,9.00,378.00,1,0,0,0
2026-03-26,Fuze Tea,Bebida,ORDEN,1.00,45.00,1,0,0,0
2026-06-05,1/2 Enmoladas,Enmolada,ORDEN,1.00,95.00,1,0,0,0
2026-07-05,Orden de Guisado Normal,Guarnicion,ORDEN,1.00,120.00,1,1,0,0
2026-03-26,Quesadillas (4 pzas.),Quesadilla,ORDEN,2.00,286.00,2,1,0,0
2026-05-01,Encremadas,Encremada,ORDEN,3.00,476.00,2,1,0,0
2026-04-24,Huevos a la Mexicana,Huevos,ORDEN,1.00,120.00,1,0,0,0
2026-05-18,Migada Guisado de Carne,Migada,PIEZA,3.00,432.00,3,0,1,3.00
2026-07-29,Orden de Guisado Normal,Guarnicion,ORDEN,1.00,120.00,1,1,0,0
2026-07-23,Huevos a la Mexicana,Huevos,ORDEN,2.00,240.00,1,0,0,0
2026-04-11,Orden de Guisado Normal,Guarnicion,ORDEN,1.00,120.00,1,0,0,0
2026-03-05,Gorditas de Azúcar,Gordita,PIEZA,3.00,126.00,1,0,0,3.00
2026-08-11,1/2 Quesadillas (2 pzas.),Quesadilla,ORDEN,3.00,258.00,1,0,0,0
2026-08-16,Huevos con Deshebrada,Huevos,ORDEN,1.00,135.00,1,0,0,0
2026-05-26,Pieza Huevo Estrellado Cocido,Huevos,ORDEN,1.00,20.00,1,0,0,0
2026-04-04,Fuze Tea,Bebida,ORDEN,1.00,45.00,1,0,0,0
2026-06-30,Tacos de Maiz,Taco,PIEZA,43.00,970.00,16,1,0,43.00
2026-08-20,Orden Huevos Estrellados,Huevos,ORDEN,2.00,240.00,1,0,0,0
2026-06-10,Jamaica Vaso,Bebida,ORDEN,8.00,336.00,1,0,0,0
2026-07-02,Bocoles,Bocol,PIEZA,58.00,1294.00,14,0,0,58.00
2026-06-13,Pieza de Pan Dulce,Guarnicion,ORDEN,5.00,140.00,1,0,0,0
2026-08-27,Huevo Estrellado 2 pzas.,Huevos,ORDEN,1.00,35.00,1,0,0,0
2026-04-02,Porción Frijol con Queso,Guarnicion,ORDEN,1.00,5.00,1,0,0,0
2026-05-06,Quesadillas (4 pzas.),Quesadilla,ORDEN,6.00,798.00,1,0,0,0
2026-04-18,Huevos Rancheros,Huevos,ORDEN,4.00,480.00,1,0,0,0
2026-03-20,Jamaica Vaso,Bebida,ORDEN,5.00,210.00,1,0,0,0
2026-07-20,Gorditas Surtidas,Gordita,PIEZA,2.00,209.00,2,0,0,11.00
2026-07-10,Migada Guisado de Carne,Migada,PIEZA,7.00,1084.65,7,0,8,7.00
2026-06-27,Salsa Habanera,Guarnicion,ORDEN,2.00,0.00,1,0,0,0
2026-07-28,Quesadillas (4 pzas.),Quesadilla,ORDEN,9.00,1197.00,3,0,2,0
2026-05-29,Bocoles,Bocol,PIEZA,105.00,2310.00,17,0,0,105.00
2026-05-17,Café con Leche,Bebida,ORDEN,46.00,1932.00,4,0,0,0
2026-06-20,Bocoles,Bocol,PIEZA,94.00,2100.00,20,1,1,94.00
2026-08-26,Refresco 600 ml.,Bebida,ORDEN,20.00,780.00,7,0,0,0
2026-03-12,Bisquet,Otros,ORDEN,2.00,60.00,1,0,0,0
2026-08-18,Horchata Vaso,Bebida,ORDEN,5.00,223.00,1,0,0,0
2026-06-06,Gorditas Surtidas,Gordita,PIEZA,1.00,114.00,1,0,0,6.00
2026-06-12,1/2 Enchiladas Mixtas (4 Piezas),Enchilada,ORDEN,1.00,119.00,1,0,0,0
2026-05-31,1/2 Enmoladas,Enmolada,ORDEN,1.00,95.00,1,0,0,0
2026-07-14,1/2 Quesadillas (2 pzas.),Quesadilla,ORDEN,4.00,379.00,4,1,3,0
2026-04-22,Gorditas,Gordita,PIEZA,151.00,2931.00,21,0,0,151.00
2026-09-01,Horchata Vaso,Bebida,ORDEN,3.00,126.00,1,0,0,0
2026-06-29,Pieza Huevo Estrellado Tierno,Huevos,ORDEN,1.00,20.00,1,0,0,0
2026-08-16,Pieza Extra Empanada,Empanada,ORDEN,4.00,152.00,2,0,0,0
2026-06-24,Jamaica Vaso,Bebida,ORDEN,17.00,714.00,1,0,0,0
2026-07-15,Gorditas de Azúcar,Gordita,PIEZA,1.00,42.00,1,0,0,1.00
2026-04-01,Empanadas (4 pzas.),Empanada,ORDEN,1.00,187.00,1,1,0,0
2026-03-17,Salsa Roja,Guarnicion,ORDEN,1.00,0.00,1,0,0,0
2026-08-08,Limón 1 Litro,Bebida,ORDEN,1.00,77.00,1,0,0,0
2026-08-17,Café Negro,Bebida,ORDEN,13.00,546.00,1,0,0,0
2026-06-25,Enchiladas Rojas,Enchilada,ORDEN,2.00,367.00,2,2,2,0
2026-07-05,Ciel 600 ml.,Bebida,ORDEN,3.00,105.00,1,0,0,0
2026-08-01,Huevos a la Mexicana,Huevos,ORDEN,1.00,120.00,1,0,0,0
2026-06-20,Refresco 600 ml.,Bebida,ORDEN,14.00,546.00,4,0,0,0
2026-08-29,Aguacate Extra,Otros,ORDEN,2.00,30.00,1,0,0,0
2026-05-29,Horchata Vaso,Bebida,ORDEN,3.00,126.00,1,0,0,0
2026-04-03,1/2 Empanadas (2 pzas.),Empanada,ORDEN,7.00,658.00,6,0,4,0
2026-08-07,Salsa Habanera,Guarnicion,ORDEN,1.00,10.00,1,0,0,0
2026-03-30,Pieza Huevo Estrellado Medio,Huevos,ORDEN,1.00,20.00,1,0,0,0
2026-03-28,Zanahorias p/llevar,Otros,ORDEN,1.00,0.00,1,0,0,0
2026-04-22,Limón Vaso,Bebida,ORDEN,11.00,462.00,1,0,0,0
2026-08-27,1/2 Quesadillas (2 pzas.),Quesadilla,ORDEN,5.00,430.00,3,0,2,0
2026-07-06,Horchata 1 Litro,Bebida,ORDEN,3.00,207.00,1,0,0,0
2026-08-20,1/2 Empanadas (2 pzas.),Empanada,ORDEN,2.00,188.00,2,0,0,0
2026-06-24,1/2 Enchiladas Picositas,Enchilada,ORDEN,1.00,130.00,1,1,0,0
2026-07-02,Pieza Extra Empanada,Empanada,ORDEN,1.00,38.00,1,0,0,0
2026-03-30,Huevos con Deshebrada,Huevos,ORDEN,5.00,675.00,1,0,0,0
2026-03-27,Enchiladas Rojas,Enchilada,ORDEN,3.00,476.00,3,1,3,0
2026-05-18,1/2 Enfrijoladas,Enfrijolada,ORDEN,1.00,130.00,1,1,1,0
2026-07-05,Huevos con Deshebrada,Huevos,ORDEN,3.00,446.00,1,0,0,0
2026-07-22,PROMO 6 surtidas,Otros,ORDEN,3.00,324.00,1,0,0,0
2026-03-16,Porción Ensalada,Guarnicion,ORDEN,1.00,25.00,1,0,0,0
2026-04-24,Café Negro,Bebida,ORDEN,4.00,168.00,1,0,0,0
2026-08-03,Huevos con Deshebrada,Huevos,ORDEN,5.00,716.00,1,0,0,0
2026-03-07,Horchata 1 Litro,Bebida,ORDEN,1.00,69.00,1,0,0,0
2026-06-04,Gorditas Surtidas,Gordita,PIEZA,1.00,114.00,1,0,0,6.00
2026-08-12,Enchiladas Mixtas,Enchilada,ORDEN,4.00,862.00,4,4,0,0
2026-04-12,Pieza Huevo Estrellado Medio,Huevos,ORDEN,1.00,20.00,1,0,0,0
2026-06-08,Enchiladas Picositas,Enchilada,ORDEN,1.00,249.00,1,1,0,0
2026-07-27,Pieza Huevo Estrellado Cocido,Huevos,ORDEN,1.00,20.00,1,0,0,0
2026-08-21,1/2 Enchiladas Mixtas (4 Piezas),Enchilada,ORDEN,3.00,596.00,3,3,2,0
2026-07-28,Ciel 600 ml.,Bebida,ORDEN,1.00,35.00,1,0,0,0
2026-04-14,Enchiladas Rojas,Enchilada,ORDEN,1.00,293.00,1,1,0,0
2026-05-06,Empanadas (4 pzas.),Empanada,ORDEN,7.00,1008.00,7,2,1,0
2026-04-21,Gorditas,Gordita,PIEZA,133.00,2553.00,19,0,0,133.00
2026-06-01,Bocoles,Bocol,PIEZA,83.00,1862.00,18,0,0,83.00
2026-07-10,1/2 Enfrijoladas,Enfrijolada,ORDEN,1.00,133.00,1,1,0,0
2026-03-27,Gorditas,Gordita,PIEZA,197.00,3886.00,23,1,0,197.00
2026-05-16,Café Negro,Bebida,ORDEN,12.00,504.00,2,0,0,0
2026-03-12,1/2 Enchiladas Picositas,Enchilada,ORDEN,1.00,130.00,1,1,0,0
2026-08-04,1/2 Enfrijoladas,Enfrijolada,ORDEN,1.00,130.00,1,1,0,0
2026-06-30,Limón Vaso,Bebida,ORDEN,23.00,979.00,1,0,0,0
2026-07-13,Pieza Huevo Estrellado Cocido,Huevos,ORDEN,1.00,20.00,1,0,0,0
2026-08-08,Jamaica Vaso,Bebida,ORDEN,22.00,924.00,1,0,0,0
2026-05-20,Huevos a la Mexicana,Huevos,ORDEN,1.00,120.00,1,0,0,0
2026-06-14,Horchata 1 Litro,Bebida,ORDEN,2.00,138.00,1,0,0,0
2026-05-07,Tacos de Maiz,Taco,PIEZA,26.00,583.00,10,1,0,26.00
2026-06-29,Horchata 1 Litro,Bebida,ORDEN,1.00,69.00,1,0,0,0
2026-06-03,PROMO 6 surtidas,Otros,ORDEN,7.00,756.00,1,0,0,0
2026-05-03,Bisquet,Otros,ORDEN,4.00,90.00,1,0,0,0
2026-05-27,Bistec 1 Pza.,Otros,ORDEN,1.00,102.00,1,0,0,0
2026-05-14,Café con Leche,Bebida,ORDEN,21.00,895.00,2,0,0,0
2026-04-14,Limón 1 Litro,Bebida,ORDEN,2.00,154.00,1,0,0,0
2026-03-26,Jamaica Vaso,Bebida,ORDEN,5.00,210.00,1,0,0,0
2026-08-03,Bocoles,Bocol,PIEZA,83.00,1886.00,32,3,13,83.00
2026-05-02,Tacos de Maiz,Taco,PIEZA,33.00,732.00,13,0,0,33.00
2026-09-04,Pieza Entomatada,Entomatada,ORDEN,1.00,30.00,1,0,0,0
2026-04-16,Bocoles,Bocol,PIEZA,87.00,2006.00,16,1,0,87.00
2026-04-09,Café Negro,Bebida,ORDEN,15.00,643.00,1,0,0,0
2026-06-23,Horchata Vaso,Bebida,ORDEN,3.00,139.00,1,0,0,0
2026-05-15,Horchata 1 Litro,Bebida,ORDEN,3.00,207.00,1,0,0,0
2026-06-20,Jamaica Vaso,Bebida,ORDEN,27.00,1134.00,1,0,0,0
2026-08-16,Gorditas,Gordita,PIEZA,329.00,6337.00,23,1,0,329.00
2026-05-30,Limón Vaso,Bebida,ORDEN,28.00,1189.00,1,0,0,0
2026-04-15,1/2 Quesadillas (2 pzas.),Quesadilla,ORDEN,3.00,258.00,2,0,1,0
2026-06-30,1/2 Enmoladas,Enmolada,ORDEN,1.00,95.00,1,0,0,0
2026-07-08,Pieza Huevo Estrellado Medio,Huevos,ORDEN,1.00,20.00,1,0,0,0
2026-03-03,Café Negro,Bebida,ORDEN,14.00,588.00,1,0,0,0
2026-08-21,Huevos con Deshebrada,Huevos,ORDEN,2.00,270.00,1,0,0,0
2026-03-06,1/2 Entomatadas,Entomatada,ORDEN,1.00,130.00,1,1,0,0
2026-08-26,Zanahorias p/llevar,Otros,ORDEN,2.00,20.00,1,0,0,0
2026-04-12,Limón Vaso,Bebida,ORDEN,25.00,1050.00,1,0,0,0
2026-05-21,1/2 Enmoladas,Enmolada,ORDEN,4.00,485.00,4,3,0,0
2026-06-20,Tacos de Maiz,Taco,PIEZA,45.00,1035.00,14,0,0,45.00
2026-03-14,Migada Guisado de Carne,Migada,PIEZA,8.00,1152.00,7,0,5,8.00
2026-07-18,Migada Guisado de Carne,Migada,PIEZA,7.00,1094.00,7,0,7,7.00
2026-05-04,Jamaica Vaso,Bebida,ORDEN,18.00,756.00,1,0,0,0
2026-06-11,Horchata Vaso,Bebida,ORDEN,3.00,139.00,1,0,0,0
2026-08-11,1/2 Enfrijoladas,Enfrijolada,ORDEN,3.00,285.00,3,0,4,0
2026-06-13,Enchiladas Rojas,Enchilada,ORDEN,2.00,329.00,2,1,3,0
2026-08-23,Refresco 600 ml.,Bebida,ORDEN,34.00,1326.00,7,0,0,0
2026-03-22,1/2 Enchiladas Rojas,Enchilada,ORDEN,11.00,1246.00,7,3,3,0
2026-03-05,Migada Guisado Normal,Migada,PIEZA,1.00,173.00,1,0,0,1.00
2026-04-19,1/2 Entomatadas,Entomatada,ORDEN,7.00,837.00,4,3,0,0
2026-07-16,Refresco 600 ml.,Bebida,ORDEN,16.00,624.00,5,0,0,0
2026-06-12,Aguacate Extra,Otros,ORDEN,2.00,30.00,1,0,0,0
2026-03-11,Enchiladas Rojas,Enchilada,ORDEN,2.00,396.00,2,1,0,0
2026-04-10,Huevos Rancheros,Huevos,ORDEN,1.00,120.00,1,0,0,0
2026-03-04,Pieza Extra Quesadilla,Quesadilla,ORDEN,2.00,70.00,1,0,0,0
2026-06-24,Bisquet,Otros,ORDEN,8.00,240.00,2,0,0,0
2026-07-21,1/2 Enchiladas Mixtas (4 Piezas),Enchilada,ORDEN,2.00,238.00,1,0,0,0
2026-03-27,Huevos a la Mexicana,Huevos,ORDEN,3.00,360.00,1,0,0,0
2026-04-26,Empanadas (4 pzas.),Empanada,ORDEN,12.00,1771.00,12,2,2,0
2026-08-07,Gorditas,Gordita,PIEZA,219.00,4235.00,24,2,0,219.00
2026-03-04,1/2 Empanadas (2 pzas.),Empanada,ORDEN,3.00,282.00,3,0,0,0
2026-04-28,1/2 Empanadas (2 pzas.),Empanada,ORDEN,3.00,282.00,3,0,0,0
2026-09-04,Gorditas,Gordita,PIEZA,148.00,2885.00,24,3,0,148.00
2026-08-15,Topo Chico 600 ml.,Bebida,ORDEN,1.00,39.00,1,0,0,0
2026-03-21,Pieza Extra Empanada,Empanada,ORDEN,1.00,38.00,1,0,0,0
2026-03-21,Aguacate Extra,Otros,ORDEN,1.00,15.00,1,0,0,0
2026-07-10,1/2 Enchiladas Mixtas (4 Piezas),Enchilada,ORDEN,3.00,529.00,3,3,1,0
2026-07-25,1/2 Encremadas,Encremada,ORDEN,3.00,489.00,2,1,0,0
2026-05-02,1/2 Enfrijoladas,Enfrijolada,ORDEN,1.00,133.00,1,1,1,0
2026-06-23,Limón Vaso,Bebida,ORDEN,13.00,546.00,1,0,0,0
2026-05-28,Huevos Rancheros,Huevos,ORDEN,1.00,120.00,1,0,0,0
2026-05-28,Bisquet,Otros,ORDEN,3.00,90.00,1,0,0,0
2026-08-05,Refresco 355 ml.,Bebida,ORDEN,6.00,210.00,2,0,0,0
2026-03-18,Huevo Estrellado 2 pzas.,Huevos,ORDEN,1.00,35.00,1,0,0,0
2026-05-08,Huevo Estrellado 2 pzas.,Huevos,ORDEN,1.00,35.00,1,0,0,0
2026-05-22,Huevos a la Mexicana,Huevos,ORDEN,3.00,360.00,1,0,0,0
2026-06-25,1/2 Enchiladas Picositas,Enchilada,ORDEN,1.00,130.00,1,1,0,0
2026-07-12,Tacos de Harina,Taco,PIEZA,48.00,1109.75,16,0,6,48.00
2026-04-17,Enchiladas Rojas,Enchilada,ORDEN,6.00,1095.00,5,6,0,0
2026-05-18,Huevo Estrellado 2 pzas.,Huevos,ORDEN,1.00,35.00,1,0,0,0
2026-08-29,Huevo Revuelto 2 pzas.,Huevos,ORDEN,2.00,70.00,1,0,0,0
2026-07-12,Café con Leche,Bebida,ORDEN,68.00,2856.00,4,0,0,0
2026-03-18,PROMO 6 surtidas,Otros,ORDEN,4.00,432.00,1,0,0,0
2026-05-22,Huevos Rancheros,Huevos,ORDEN,2.00,240.00,1,0,0,0
2026-07-28,1/2 Entomatadas,Entomatada,ORDEN,4.00,642.00,3,1,2,0
2026-09-04,Café Negro,Bebida,ORDEN,10.00,420.00,1,0,0,0
2026-05-27,Jamaica 1 Litro,Bebida,ORDEN,3.00,195.00,1,0,0,0
2026-08-20,Topo Chico 600 ml.,Bebida,ORDEN,1.00,39.00,1,0,0,0
2026-07-29,Fuze Tea,Bebida,ORDEN,2.00,90.00,1,0,0,0
2026-05-21,Orden Huevos Estrellados,Huevos,ORDEN,2.00,276.00,2,0,0,0
2026-07-12,Huevos Rancheros,Huevos,ORDEN,3.00,360.00,1,0,0,0
2026-05-28,Pieza Huevo Estrellado Tierno,Huevos,ORDEN,1.00,20.00,1,0,0,0
2026-06-28,Encremadas,Encremada,ORDEN,3.00,578.00,3,2,0,0
2026-04-01,1/2 Empanadas (2 pzas.),Empanada,ORDEN,2.00,188.00,2,0,0,0
2026-04-16,Migada Guisado Normal,Migada,PIEZA,2.00,306.00,2,0,1,2.00
2026-07-18,Jamaica 1 Litro,Bebida,ORDEN,3.00,177.00,1,0,0,0
2026-08-16,Entomatadas,Entomatada,ORDEN,11.00,1994.00,9,5,4,0
2026-03-07,Limón 1 Litro,Bebida,ORDEN,1.00,59.00,1,0,0,0
2026-04-18,Gorditas,Gordita,PIEZA,235.00,4530.00,23,0,0,235.00
2026-03-12,Horchata Vaso,Bebida,ORDEN,2.00,84.00,1,0,0,0
2026-05-14,Refresco 600 ml.,Bebida,ORDEN,24.00,936.00,8,0,0,0
2026-05-31,Jamaica Vaso,Bebida,ORDEN,31.00,1302.00,1,0,0,0
2026-08-06,Café con Leche,Bebida,ORDEN,15.00,630.00,2,0,0,0
2026-05-17,Jamaica Vaso,Bebida,ORDEN,26.00,1092.00,1,0,0,0
2026-08-03,Orden Huevos Estrellados,Huevos,ORDEN,1.00,120.00,1,0,0,0
2026-07-31,Refresco 600 ml.,Bebida,ORDEN,10.00,390.00,5,0,0,0
2026-08-28,Enchiladas Picositas,Enchilada,ORDEN,1.00,182.00,1,1,0,0
2026-05-10,Limón Vaso,Bebida,ORDEN,26.00,1092.00,1,0,0,0
2026-08-05,Jamaica Vaso,Bebida,ORDEN,12.00,504.00,1,0,0,0
2026-04-11,Huevos con Deshebrada,Huevos,ORDEN,1.00,135.00,1,0,0,0
2026-05-03,Orden Huevos Estrellados,Huevos,ORDEN,1.00,120.00,1,0,0,0
2026-03-28,Aguacate Extra,Otros,ORDEN,1.00,15.00,1,0,0,0
2026-07-29,Café Negro,Bebida,ORDEN,7.00,294.00,1,0,0,0
2026-04-06,Migada Guisado de Carne,Migada,PIEZA,7.00,1051.00,7,0,6,7.00
2026-03-05,Orden Huevos Estrellados,Huevos,ORDEN,2.00,240.00,2,0,0,0
2026-08-30,Orden Huevos Revueltos,Huevos,ORDEN,1.00,120.00,1,0,0,0
2026-05-04,Aguacate Extra,Otros,ORDEN,1.00,15.00,1,0,0,0
2026-07-17,1/2 Encremadas,Encremada,ORDEN,3.00,422.00,3,2,0,0
2026-06-29,Migada Guisado Normal,Migada,PIEZA,1.00,133.00,1,0,0,1.00
2026-05-27,Bocoles,Bocol,PIEZA,97.00,2299.00,14,0,0,97.00
2026-09-05,Café Negro,Bebida,ORDEN,24.00,1008.00,1,0,0,0
2026-07-25,Bisquet,Otros,ORDEN,12.00,360.00,1,0,0,0
2026-05-03,1/2 Quesadillas (2 pzas.),Quesadilla,ORDEN,5.00,468.00,2,1,0,0
2026-06-01,1/2 Quesadillas (2 pzas.),Quesadilla,ORDEN,3.00,258.00,1,0,0,0
2026-08-05,Quesadillas (4 pzas.),Quesadilla,ORDEN,2.00,266.00,1,0,0,0
2026-03-05,1/2 Entomatadas,Entomatada,ORDEN,4.00,453.00,3,2,0,0
2026-03-21,Café con Leche,Bebida,ORDEN,48.00,2016.00,4,0,0,0
2026-04-10,Café Negro,Bebida,ORDEN,9.00,378.00,1,0,0,0
2026-03-15,Jamaica 1 Litro,Bebida,ORDEN,1.00,59.00,1,0,0,0
2026-08-07,Jamaica 1 Litro,Bebida,ORDEN,4.00,236.00,1,0,0,0
2026-05-16,Jamaica Vaso,Bebida,ORDEN,16.00,672.00,1,0,0,0
2026-06-12,Enchiladas Mixtas,Enchilada,ORDEN,1.00,147.00,1,0,0,0
2026-04-02,Orden Huevos Revueltos,Huevos,ORDEN,1.00,120.00,1,0,0,0
2026-08-13,1/2 Quesadillas (2 pzas.),Quesadilla,ORDEN,2.00,172.00,2,0,1,0
2026-05-01,Gorditas,Gordita,PIEZA,281.00,5399.00,23,0,2,281.00
2026-06-30,Gorditas,Gordita,PIEZA,220.00,4269.00,22,0,1,220.00
2026-07-16,Orden de Guisado Normal,Guarnicion,ORDEN,1.00,120.00,1,1,0,0
2026-07-26,Enfrijoladas,Enfrijolada,ORDEN,1.00,226.00,1,1,0,0
2026-05-24,Refresco 355 ml.,Bebida,ORDEN,6.00,210.00,1,0,0,0
2026-07-07,1/2 Enchiladas Mixtas (4 Piezas),Enchilada,ORDEN,1.00,154.00,1,1,0,0
2026-05-05,1/2 Enchiladas Rojas,Enchilada,ORDEN,3.00,457.00,2,2,1,0
2026-04-12,1/2 Enchiladas Picositas,Enchilada,ORDEN,1.00,133.00,1,1,0,0
2026-05-11,Tacos de Harina,Taco,PIEZA,24.00,591.00,6,0,0,24.00
2026-06-15,Porción Ensalada,Guarnicion,ORDEN,2.00,50.00,1,0,0,0
2026-05-01,Huevo Estrellado 2 pzas.,Huevos,ORDEN,4.00,140.00,1,0,0,0
2026-04-21,Horchata Vaso,Bebida,ORDEN,3.00,126.00,1,0,0,0
2026-06-03,Encremadas,Encremada,ORDEN,1.00,249.00,1,1,0,0
2026-04-01,Pieza de Pan,Guarnicion,ORDEN,3.00,84.00,1,0,0,0
2026-04-19,Migada Guisado Normal,Migada,PIEZA,1.00,173.00,1,0,0,1.00
2026-03-22,1/2 Quesadillas (2 pzas.),Quesadilla,ORDEN,5.00,430.00,4,0,5,0
2026-08-30,1/2 Enchiladas Rojas,Enchilada,ORDEN,10.00,1230.00,7,5,4,0
2026-04-03,Pieza Huevo Estrellado Tierno,Huevos,ORDEN,1.00,20.00,1,0,0,0
2026-07-26,Bocoles,Bocol,PIEZA,124.00,2818.00,24,1,1,124.00
2026-06-16,Tacos de Harina,Taco,PIEZA,29.00,656.00,11,0,0,29.00
2026-03-17,1/2 Quesadillas (2 pzas.),Quesadilla,ORDEN,5.00,430.00,3,0,1,0
2026-06-19,Ciel 600 ml.,Bebida,ORDEN,2.00,70.00,1,0,0,0
2026-07-05,Bocoles,Bocol,PIEZA,94.00,2128.00,18,0,0,94.00
2026-05-03,Fuze Tea,Bebida,ORDEN,1.00,45.00,1,0,0,0
2026-09-04,Bocoles,Bocol,PIEZA,45.00,1002.00,18,0,2,45.00
2026-05-11,Café con Leche,Bebida,ORDEN,21.00,882.00,2,0,0,0
2026-07-06,1/2 Empanadas (2 pzas.),Empanada,ORDEN,7.00,658.00,7,0,1,0
2026-08-20,Zanahorias p/llevar,Otros,ORDEN,3.00,30.00,1,0,0,0
2026-09-03,Huevos con Deshebrada,Huevos,ORDEN,6.00,810.00,1,0,0,0
2026-05-31,Plátano Frito,Otros,ORDEN,3.00,126.00,3,0,0,0
2026-08-07,Empanadas (4 pzas.),Empanada,ORDEN,5.00,720.00,5,0,0,0
2026-08-24,Refresco 600 ml.,Bebida,ORDEN,14.00,546.00,6,0,0,0
2026-09-03,1/2 Enchiladas Mixtas (4 Piezas),Enchilada,ORDEN,2.00,276.00,2,1,1,0
2026-06-24,1/2 Enchiladas Rojas,Enchilada,ORDEN,6.00,780.00,5,4,1,0
2026-07-05,Bisquet,Otros,ORDEN,14.00,420.00,1,0,0,0
2026-09-04,Enchiladas Mixtas,Enchilada,ORDEN,1.00,182.00,1,1,0,0
2026-08-07,Bisquet,Otros,ORDEN,5.00,150.00,1,0,0,0
2026-07-24,Huevos con Deshebrada,Huevos,ORDEN,1.00,135.00,1,0,0,0
2026-07-08,Limón Vaso,Bebida,ORDEN,2.00,84.00,1,0,0,0
2026-08-05,Jamaica 1 Litro,Bebida,ORDEN,1.00,59.00,1,0,0,0
2026-08-10,Quesadillas (4 pzas.),Quesadilla,ORDEN,9.00,1277.00,4,0,4,0
2026-03-05,Horchata 1 Litro,Bebida,ORDEN,1.00,69.00,1,0,0,0
2026-06-30,Orden de Guisado Normal,Guarnicion,ORDEN,3.00,360.00,3,3,0,0
2026-07-28,1/2 Encremadas,Encremada,ORDEN,3.00,358.00,3,2,0,0
2026-05-15,1/2 Encremadas,Encremada,ORDEN,1.00,130.00,1,1,0,0
2026-04-20,Horchata Vaso,Bebida,ORDEN,2.00,84.00,1,0,0,0
2026-06-06,Huevos Rancheros,Huevos,ORDEN,3.00,360.00,1,0,0,0
2026-04-19,Pieza de Pan,Guarnicion,ORDEN,7.00,196.00,1,0,0,0
2026-08-02,Enchiladas Mixtas,Enchilada,ORDEN,1.00,182.00,1,1,0,0
2026-08-21,Migada Guisado Normal,Migada,PIEZA,1.00,133.00,1,0,0,1.00
2026-06-02,Bocoles,Bocol,PIEZA,78.00,1743.00,17,0,0,78.00
2026-08-05,Aguacate Extra,Otros,ORDEN,1.00,15.00,1,0,0,0
2026-08-07,1/2 Entomatadas,Entomatada,ORDEN,3.00,355.00,3,2,0,0
2026-08-07,Gorditas de Azúcar,Gordita,PIEZA,1.00,42.00,1,0,0,1.00
2026-03-19,Limón Vaso,Bebida,ORDEN,12.00,504.00,1,0,0,0
2026-08-22,1/2 Empanadas (2 pzas.),Empanada,ORDEN,3.00,282.00,2,0,0,0
2026-08-30,Gorditas de Azúcar,Gordita,PIEZA,7.00,294.00,1,0,0,7.00
2026-05-01,Entomatadas,Entomatada,ORDEN,6.00,1054.00,4,3,0,0
2026-07-14,Migada Guisado de Carne,Migada,PIEZA,7.00,1094.00,7,1,7,7.00
2026-04-18,Migada Guisado Normal,Migada,PIEZA,5.00,665.00,5,0,3,5.00
2026-06-03,Fuze Tea,Bebida,ORDEN,1.00,45.00,1,0,0,0
2026-07-14,Ciel 600 ml.,Bebida,ORDEN,1.00,35.00,1,0,0,0
2026-06-16,1/2 Entomatadas,Entomatada,ORDEN,3.00,457.00,3,3,1,0
2026-06-27,Bisquet,Otros,ORDEN,5.00,150.00,1,0,0,0
2026-08-28,1/2 Entomatadas,Entomatada,ORDEN,4.00,552.00,4,3,2,0
2026-08-13,Entomatadas,Entomatada,ORDEN,2.00,329.00,2,1,1,0
2026-06-13,Bisquet,Otros,ORDEN,4.00,120.00,1,0,0,0
2026-07-03,Migada Guisado Normal,Migada,PIEZA,1.00,133.00,1,0,1,1.00
2026-07-26,Huevos con Deshebrada,Huevos,ORDEN,1.00,135.00,1,0,0,0
2026-04-06,1/2 Enfrijoladas,Enfrijolada,ORDEN,1.00,153.00,1,2,0,0
2026-06-11,Migada Guisado de Carne,Migada,PIEZA,9.00,1296.00,8,0,5,9.00
2026-05-23,Enchiladas Rojas,Enchilada,ORDEN,3.00,578.00,3,2,3,0
2026-08-01,Topo Chico 600 ml.,Bebida,ORDEN,2.00,78.00,1,0,0,0
2026-04-13,Café con Leche,Bebida,ORDEN,21.00,882.00,2,0,0,0
2026-05-29,Gorditas,Gordita,PIEZA,238.00,4590.00,23,0,0,238.00
2026-08-01,Enchiladas Mixtas,Enchilada,ORDEN,5.00,1009.00,5,4,0,0
2026-07-11,Gorditas de Azúcar,Gordita,PIEZA,3.00,126.00,1,0,0,3.00
2026-03-01,Pieza de Pan,Guarnicion,ORDEN,18.00,504.00,1,0,0,0
2026-08-12,Tacos de Harina,Taco,PIEZA,36.00,837.00,12,0,1,36.00
2026-06-15,1/2 Enchiladas Rojas,Enchilada,ORDEN,4.00,415.00,3,1,1,0
2026-03-28,Empanadas (4 pzas.),Empanada,ORDEN,3.00,432.00,3,0,3,0
2026-05-29,Café Negro,Bebida,ORDEN,15.00,630.00,1,0,0,0
2026-07-08,Empanadas (4 pzas.),Empanada,ORDEN,2.00,288.00,2,2,0,0
2026-06-06,Enfrijoladas,Enfrijolada,ORDEN,1.00,185.00,1,1,0,0
2026-03-10,1/2 Entomatadas,Entomatada,ORDEN,1.00,130.00,1,1,1,0
2026-05-01,Limón 1 Litro,Bebida,ORDEN,3.00,213.00,1,0,0,0
2026-03-05,Jamaica 1 Litro,Bebida,ORDEN,1.00,77.00,1,0,0,0
2026-08-19,Ciel 600 ml.,Bebida,ORDEN,5.00,175.00,1,0,0,0
2026-05-04,Enchiladas Mixtas,Enchilada,ORDEN,2.00,329.00,2,1,0,0
2026-05-18,Orden Huevos Revueltos,Huevos,ORDEN,1.00,120.00,1,0,0,0
2026-08-01,Plátano Frito,Otros,ORDEN,2.00,84.00,1,0,0,0
2026-06-14,Café con Leche,Bebida,ORDEN,52.00,2184.00,2,0,0,0
2026-07-23,1/2 Empanadas (2 pzas.),Empanada,ORDEN,5.00,470.00,4,0,2,0
2026-03-14,Salsa Roja,Guarnicion,ORDEN,4.00,0.00,1,0,0,0
2026-04-14,Enmoladas,Enmolada,ORDEN,1.00,371.00,1,4,0,0
2026-09-04,Salsa Verde,Guarnicion,ORDEN,1.00,10.00,1,0,0,0
2026-06-10,Empanadas (4 pzas.),Empanada,ORDEN,3.00,475.00,3,1,3,0
2026-07-04,1/2 Encremadas,Encremada,ORDEN,3.00,489.00,2,1,0,0
2026-08-19,Migada Guisado de Carne,Migada,PIEZA,4.00,576.00,4,0,1,4.00
2026-08-14,Limón Vaso,Bebida,ORDEN,10.00,420.00,1,0,0,0
2026-05-06,PROMO 6 surtidas,Otros,ORDEN,3.00,324.00,1,0,0,0
2026-06-16,Enchiladas Rojas,Enchilada,ORDEN,2.00,294.00,1,0,0,0
2026-08-14,Enfrijoladas,Enfrijolada,ORDEN,1.00,191.00,1,0,0,0
2026-06-07,Café Negro,Bebida,ORDEN,9.00,378.00,1,0,0,0
2026-05-03,Quesadillas (4 pzas.),Quesadilla,ORDEN,6.00,838.00,2,0,2,0
2026-08-21,1/2 Enchiladas Picositas,Enchilada,ORDEN,2.00,330.00,2,2,0,0
2026-08-22,Orden de Guisado Normal,Guarnicion,ORDEN,3.00,360.00,3,4,0,0
2026-05-11,Jamaica Vaso,Bebida,ORDEN,17.00,714.00,1,0,0,0
2026-07-15,Ciel 600 ml.,Bebida,ORDEN,1.00,35.00,1,0,0,0
2026-06-06,1/2 Quesadillas (2 pzas.),Quesadilla,ORDEN,5.00,430.00,4,0,4,0
2026-07-07,Limón Vaso,Bebida,ORDEN,1.00,42.00,1,0,0,0
2026-03-22,1/2 Enchiladas Mixtas (4 Piezas),Enchilada,ORDEN,4.00,476.00,4,0,0,0
2026-08-02,Encremadas,Encremada,ORDEN,1.00,249.00,1,1,0,0
2026-05-16,Quesadillas (4 pzas.),Quesadilla,ORDEN,7.00,1051.00,3,0,3,0
2026-04-04,Enfrijoladas,Enfrijolada,ORDEN,1.00,147.00,1,0,1,0
2026-04-11,1/2 Quesadillas (2 pzas.),Quesadilla,ORDEN,7.00,628.00,2,0,1,0
2026-04-16,1/2 Encremadas,Encremada,ORDEN,1.00,197.00,1,1,0,0
2026-04-23,1/2 Enchiladas Rojas,Enchilada,ORDEN,7.00,773.00,5,3,4,0
2026-03-26,1/2 Empanadas (2 pzas.),Empanada,ORDEN,3.00,282.00,3,0,0,0
2026-04-02,Zanahorias p/llevar,Otros,ORDEN,4.00,0.00,1,0,0,0
2026-04-09,1/2 Enfrijoladas,Enfrijolada,ORDEN,5.00,545.00,3,1,1,0
2026-04-07,1/2 Enchiladas Picositas,Enchilada,ORDEN,2.00,260.00,2,2,0,0
2026-06-04,Orden de Guisado de Carne,Guarnicion,ORDEN,1.00,135.00,1,1,0,0
2026-05-28,Limón Vaso,Bebida,ORDEN,15.00,630.00,1,0,0,0
2026-03-08,Enchiladas Mixtas,Enchilada,ORDEN,1.00,185.00,1,1,0,0
2026-05-12,Huevo Estrellado 2 pzas.,Huevos,ORDEN,1.00,35.00,1,0,0,0
2026-08-03,Migada Guisado de Carne,Migada,PIEZA,7.00,1008.00,6,0,3,7.00
2026-03-22,Huevos a la Mexicana,Huevos,ORDEN,1.00,120.00,1,0,0,0
2026-05-24,Tacos de Harina,Taco,PIEZA,45.00,1060.00,15,1,0,45.00
2026-06-19,Horchata Vaso,Bebida,ORDEN,8.00,336.00,1,0,0,0
2026-06-04,Huevo Estrellado 2 pzas.,Huevos,ORDEN,1.00,35.00,1,0,0,0
2026-03-02,Jamaica Vaso,Bebida,ORDEN,10.00,420.00,1,0,0,0
2026-06-18,Tacos de Harina,Taco,PIEZA,16.00,352.00,9,0,0,16.00
2026-07-30,Enchiladas Rojas,Enchilada,ORDEN,4.00,725.00,4,2,2,0
2026-08-12,1/2 Enfrijoladas,Enfrijolada,ORDEN,1.00,197.00,1,1,0,0
2026-08-27,Bisquet,Otros,ORDEN,3.00,90.00,1,0,0,0
2026-04-17,1/2 Quesadillas (2 pzas.),Quesadilla,ORDEN,3.00,258.00,1,0,0,0
2026-07-18,Café Negro,Bebida,ORDEN,19.00,798.00,1,0,0,0
2026-04-01,Café Negro,Bebida,ORDEN,10.00,420.00,1,0,0,0
2026-05-30,Té de Manzanilla,Bebida,ORDEN,1.00,33.00,1,0,0,0
2026-07-04,Gorditas de Azúcar,Gordita,PIEZA,1.00,42.00,1,0,0,1.00
2026-07-20,Horchata Vaso,Bebida,ORDEN,4.00,168.00,1,0,0,0
2026-04-29,Bisquet,Otros,ORDEN,2.00,60.00,1,0,0,0
2026-07-06,Enchiladas Picositas,Enchilada,ORDEN,2.00,367.00,2,2,0,0
2026-06-19,Quesadillas (4 pzas.),Quesadilla,ORDEN,6.00,878.00,3,0,2,0
2026-06-03,Entomatadas,Entomatada,ORDEN,2.00,329.00,2,1,2,0
2026-08-15,Enmoladas,Enmolada,ORDEN,3.00,616.00,3,3,0,0
2026-07-15,Encremadas,Encremada,ORDEN,1.00,147.00,1,0,0,0
2026-08-05,Topo Chico 600 ml.,Bebida,ORDEN,1.00,39.00,1,0,0,0
2026-05-27,Enfrijoladas,Enfrijolada,ORDEN,1.00,185.00,1,2,0,0
2026-06-23,Plátano Frito,Otros,ORDEN,2.00,84.00,2,0,0,0
2026-03-19,Huevos con Deshebrada,Huevos,ORDEN,3.00,405.00,1,0,0,0
2026-06-21,Migada Guisado de Carne,Migada,PIEZA,12.00,1728.00,12,0,8,12.00
2026-08-19,Plátano Frito,Otros,ORDEN,2.00,84.00,2,0,0,0
2026-04-12,Enchiladas Picositas,Enchilada,ORDEN,1.00,185.00,1,1,0,0
2026-06-30,Orden Huevos Estrellados,Huevos,ORDEN,1.00,120.00,1,0,0,0
2026-03-22,Pieza Huevo Estrellado Ciego,Huevos,ORDEN,1.00,20.00,1,0,0,0
2026-04-18,1/2 Empanadas (2 pzas.),Empanada,ORDEN,4.00,386.00,4,3,2,0
2026-05-20,Huevos Rancheros,Huevos,ORDEN,3.00,360.00,1,0,0,0
2026-05-24,Huevos con Deshebrada,Huevos,ORDEN,1.00,135.00,1,0,0,0
2026-06-28,Plátano Frito,Otros,ORDEN,5.00,210.00,4,0,0,0
2026-05-15,Pieza Huevo Estrellado Medio,Huevos,ORDEN,1.00,20.00,1,0,0,0
2026-06-24,Quesadillas (4 pzas.),Quesadilla,ORDEN,5.00,705.00,2,0,1,0
2026-04-16,Enchiladas Mixtas,Enchilada,ORDEN,1.00,182.00,1,1,0,0
2026-04-28,Salsa Habanera,Guarnicion,ORDEN,1.00,0.00,1,0,0,0
2026-07-29,Limón Vaso,Bebida,ORDEN,19.00,798.00,1,0,0,0
2026-07-28,Enchiladas Mixtas,Enchilada,ORDEN,1.00,147.00,1,0,0,0
2026-04-16,Limón 1 Litro,Bebida,ORDEN,1.00,77.00,1,0,0,0
2026-04-01,Horchata 1 Litro,Bebida,ORDEN,4.00,276.00,1,0,0,0
2026-03-07,Huevo Estrellado 2 pzas.,Huevos,ORDEN,1.00,35.00,1,0,0,0
2026-04-25,Refresco 355 ml.,Bebida,ORDEN,3.00,105.00,2,0,0,0
2026-03-04,Salsa Habanera,Guarnicion,ORDEN,1.00,0.00,1,0,0,0
2026-08-06,Migada Guisado de Carne,Migada,PIEZA,6.00,907.00,6,1,6,6.00
2026-06-16,1/2 Enchiladas Mixtas (4 Piezas),Enchilada,ORDEN,1.00,221.00,1,1,0,0
2026-07-03,Enfrijoladas,Enfrijolada,ORDEN,1.00,185.00,1,1,0,0
2026-07-05,1/2 Enchiladas Mixtas (4 Piezas),Enchilada,ORDEN,1.00,154.00,1,1,0,0
2026-04-01,Porción Ensalada,Guarnicion,ORDEN,1.00,25.00,1,0,0,0
2026-03-29,Pieza Enfrijolada,Guarnicion,ORDEN,2.00,60.00,1,0,0,0
2026-06-27,1/2 Enchiladas Mixtas (4 Piezas),Enchilada,ORDEN,6.00,994.00,6,4,5,0
2026-08-05,Enchiladas Picositas,Enchilada,ORDEN,1.00,147.00,1,0,0,0
2026-03-28,Salsa Roja,Guarnicion,ORDEN,1.00,0.00,1,0,0,0
2026-05-15,Empanadas (4 pzas.),Empanada,ORDEN,4.00,576.00,4,2,0,0
2026-06-06,Enchiladas Rojas,Enchilada,ORDEN,1.00,147.00,1,0,1,0
2026-05-07,Fuze Tea,Bebida,ORDEN,1.00,45.00,1,0,0,0
2026-06-03,Gorditas,Gordita,PIEZA,142.00,2756.00,22,2,0,142.00
2026-06-28,Limón 1 Litro,Bebida,ORDEN,1.00,77.00,1,0,0,0
2026-06-10,Gorditas,Gordita,PIEZA,142.00,2733.00,22,0,0,142.00
2026-05-25,Quesadillas (4 pzas.),Quesadilla,ORDEN,5.00,705.00,2,0,1,0
2026-07-14,Quesadillas (4 pzas.),Quesadilla,ORDEN,4.00,532.00,1,0,0,0
2026-05-07,Empanadas (4 pzas.),Empanada,ORDEN,2.00,331.00,2,0,2,0
2026-05-05,Orden de Guisado de Carne,Guarnicion,ORDEN,2.00,270.00,1,1,0,0
2026-03-13,Refresco 600 ml.,Bebida,ORDEN,7.00,273.00,4,0,0,0
2026-06-24,Huevo Estrellado 2 pzas.,Huevos,ORDEN,1.00,35.00,1,0,0,0
2026-07-18,Fuze Tea,Bebida,ORDEN,2.00,90.00,1,0,0,0
2026-06-10,Café con Leche,Bebida,ORDEN,31.00,1302.00,3,0,0,0
2026-05-07,Gorditas,Gordita,PIEZA,136.00,2628.00,21,1,0,136.00
2026-07-05,1/2 Enchiladas Rojas,Enchilada,ORDEN,5.00,612.00,3,2,2,0
2026-05-11,1/2 Quesadillas (2 pzas.),Quesadilla,ORDEN,3.00,258.00,1,0,0,0
2026-05-18,Gorditas de Azúcar,Gordita,PIEZA,1.00,42.00,1,0,0,1.00
2026-05-26,1/2 Empanadas (2 pzas.),Empanada,ORDEN,4.00,386.00,4,1,1,0
2026-07-06,1/2 Quesadillas (2 pzas.),Quesadilla,ORDEN,4.00,344.00,3,0,3,0
2026-06-30,Bocoles,Bocol,PIEZA,94.00,2080.00,17,0,0,94.00
2026-03-06,1/2 Enmoladas,Enmolada,ORDEN,2.00,292.00,2,1,0,0
2026-07-10,Café con Leche,Bebida,ORDEN,38.00,1596.00,2,0,0,0
2026-08-06,Jamaica Vaso,Bebida,ORDEN,15.00,630.00,1,0,0,0
2026-08-22,Gorditas,Gordita,PIEZA,277.00,5332.00,22,0,1,277.00
2026-08-26,Guisado Infantil,Otros,ORDEN,1.00,38.00,1,0,0,0
2026-05-18,Café con Leche,Bebida,ORDEN,31.00,1302.00,3,0,0,0
2026-03-04,Pieza Huevo Estrellado Cocido,Huevos,ORDEN,1.00,20.00,1,0,0,0
2026-05-26,Pieza de Pan,Guarnicion,ORDEN,3.00,84.00,1,0,0,0
2026-09-03,Pieza de Pan Dulce,Guarnicion,ORDEN,3.00,84.00,1,0,0,0
2026-08-23,Café Negro,Bebida,ORDEN,10.00,433.00,1,0,0,0
2026-07-03,Topo Chico 600 ml.,Bebida,ORDEN,1.00,39.00,1,0,0,0
2026-07-02,Entomatadas,Entomatada,ORDEN,1.00,147.00,1,0,0,0
2026-07-25,Refresco 355 ml.,Bebida,ORDEN,6.00,210.00,2,0,0,0
2026-03-08,Tacos de Harina,Taco,PIEZA,58.00,1360.00,16,0,0,58.00
2026-04-23,Limón Vaso,Bebida,ORDEN,13.00,559.00,1,0,0,0
2026-07-25,Migada Guisado Normal,Migada,PIEZA,7.00,971.00,7,0,3,7.00
2026-08-23,Empanadas (4 pzas.),Empanada,ORDEN,7.00,1008.00,7,0,3,0
2026-09-02,Bocoles,Bocol,PIEZA,30.00,665.00,11,0,0,30.00
2026-04-15,Enchiladas Rojas,Enchilada,ORDEN,1.00,229.00,1,1,0,0
2026-03-06,Migada Guisado Normal,Migada,PIEZA,2.00,266.00,2,0,0,2.00
2026-04-09,1/2 Quesadillas (2 pzas.),Quesadilla,ORDEN,4.00,344.00,3,0,3,0
2026-06-28,Gorditas de Azúcar,Gordita,PIEZA,2.00,84.00,1,0,0,2.00
2026-06-28,Migada Guisado Normal,Migada,PIEZA,2.00,266.00,2,0,1,2.00
2026-07-14,Limón Vaso,Bebida,ORDEN,16.00,685.00,1,0,0,0
2026-08-13,1/2 Enchiladas Rojas,Enchilada,ORDEN,5.00,647.00,5,3,1,0
2026-04-06,1/2 Enchiladas Picositas,Enchilada,ORDEN,3.00,390.00,3,3,0,0
2026-07-19,Café con Leche,Bebida,ORDEN,41.00,1722.00,3,0,0,0
2026-08-12,1/2 Entomatadas,Entomatada,ORDEN,7.00,1041.00,4,3,1,0
2026-04-05,Tacos de Maiz,Taco,PIEZA,41.00,905.00,16,0,0,41.00
2026-05-19,Café Negro,Bebida,ORDEN,6.00,252.00,1,0,0,0
2026-05-25,1/2 Enchiladas Picositas,Enchilada,ORDEN,2.00,228.00,2,1,0,0
2026-05-19,1/2 Enchiladas Rojas,Enchilada,ORDEN,4.00,552.00,4,3,0,0
2026-05-15,Migada Guisado de Carne,Migada,PIEZA,9.00,1339.00,9,0,3,9.00
2026-08-17,Horchata Vaso,Bebida,ORDEN,7.00,294.00,1,0,0,0
2026-03-24,Bocoles,Bocol,PIEZA,46.00,1075.00,15,0,0,46.00
2026-03-12,Jamaica Vaso,Bebida,ORDEN,9.00,378.00,1,0,0,0
2026-05-13,1/2 Enchiladas Picositas,Enchilada,ORDEN,1.00,130.00,1,1,0,0
2026-03-08,Bisquet,Otros,ORDEN,4.00,120.00,1,0,0,0
2026-04-25,Pieza Huevo Estrellado Tierno,Huevos,ORDEN,1.00,20.00,1,0,0,0
2026-07-16,Bistec 1 Pza.,Otros,ORDEN,1.00,102.00,1,0,0,0
2026-06-21,1/2 Enchiladas Mixtas (4 Piezas),Enchilada,ORDEN,4.00,648.00,4,3,2,0
2026-07-08,Pieza Tortilla de Maíz,Guarnicion,ORDEN,1.00,5.00,1,0,0,0
2026-07-17,Migada Guisado de Carne,Migada,PIEZA,15.00,2160.00,15,0,7,15.00
2026-04-13,1/2 Quesadillas (2 pzas.),Quesadilla,ORDEN,7.00,637.00,2,1,1,0
2026-05-19,Topo Chico 600 ml.,Bebida,ORDEN,1.00,39.00,1,0,0,0
2026-06-25,Huevos a la Mexicana,Huevos,ORDEN,6.00,720.00,1,0,0,0
2026-06-02,Ciel 600 ml.,Bebida,ORDEN,3.00,105.00,1,0,0,0
2026-08-20,1/2 Entomatadas,Entomatada,ORDEN,2.00,327.00,2,2,0,0
2026-06-11,Gorditas,Gordita,PIEZA,153.00,3029.00,21,0,0,153.00
2026-03-05,1/2 Enfrijoladas,Enfrijolada,ORDEN,3.00,358.00,3,2,0,0
2026-08-09,Pieza Huevo Estrellado Medio,Huevos,ORDEN,1.00,20.00,1,0,0,0
2026-06-29,Gorditas,Gordita,PIEZA,140.00,2797.00,26,3,0,140.00
2026-03-11,Café con Leche,Bebida,ORDEN,40.00,1680.00,4,0,0,0
2026-04-05,Jamaica Vaso,Bebida,ORDEN,20.00,840.00,1,0,0,0
2026-04-17,Jamaica 1 Litro,Bebida,ORDEN,1.00,77.00,1,0,0,0
2026-09-05,Jamaica Vaso,Bebida,ORDEN,23.00,966.00,1,0,0,0
2026-07-14,Bocoles,Bocol,PIEZA,38.00,842.00,13,0,0,38.00
2026-08-30,Bistec 1 Pza.,Otros,ORDEN,1.00,102.00,1,0,0,0
2026-03-04,Café con Leche,Bebida,ORDEN,26.00,1092.00,2,0,0,0
2026-08-08,Enchiladas Mixtas,Enchilada,ORDEN,1.00,182.00,1,1,1,0
2026-04-01,Tacos de Maiz,Taco,PIEZA,30.00,660.00,13,0,0,30.00
2026-07-16,Bocoles,Bocol,PIEZA,43.00,964.00,13,0,0,43.00
2026-03-09,1/2 Enchiladas Picositas,Enchilada,ORDEN,1.00,133.00,1,1,1,0
2026-04-18,Refresco 600 ml.,Bebida,ORDEN,22.00,858.00,6,0,0,0
2026-05-10,Quesadillas (4 pzas.),Quesadilla,ORDEN,6.00,798.00,1,0,0,0
2026-05-21,Café con Leche,Bebida,ORDEN,31.00,1302.00,2,0,0,0
2026-05-20,Pieza Enchilada Roja,Enchilada,ORDEN,1.00,30.00,1,0,0,0
2026-05-06,Horchata Vaso,Bebida,ORDEN,8.00,336.00,1,0,0,0
2026-04-25,Jamaica Vaso,Bebida,ORDEN,23.00,966.00,1,0,0,0
2026-03-04,Horchata 1 Litro,Bebida,ORDEN,1.00,69.00,1,0,0,0
2026-07-25,Salsa Roja,Guarnicion,ORDEN,2.00,20.00,1,0,0,0
2026-07-18,1/2 Entomatadas,Entomatada,ORDEN,15.00,2317.00,11,8,7,0
2026-05-18,Gorditas,Gordita,PIEZA,104.00,2049.00,24,3,0,104.00
2026-04-08,Jamaica Vaso,Bebida,ORDEN,13.00,546.00,1,0,0,0
2026-04-11,1/2 Entomatadas,Entomatada,ORDEN,6.00,672.00,2,1,0,0
2026-03-15,Bisquet,Otros,ORDEN,3.00,90.00,1,0,0,0
2026-07-11,Bisquet,Otros,ORDEN,2.00,60.00,1,0,0,0
2026-09-02,Tacos de Maiz,Taco,PIEZA,16.00,358.00,9,0,0,16.00
2026-07-25,Huevos Rancheros,Huevos,ORDEN,2.00,240.00,1,0,0,0
2026-04-05,1/2 Enfrijoladas,Enfrijolada,ORDEN,1.00,133.00,1,1,0,0
2026-07-27,Tacos de Maiz,Taco,PIEZA,36.00,792.00,12,0,0,36.00
2026-04-12,Horchata Vaso,Bebida,ORDEN,7.00,294.00,1,0,0,0
2026-04-08,Horchata 1 Litro,Bebida,ORDEN,3.00,207.00,1,0,0,0
2026-03-14,Huevo Estrellado 2 pzas.,Huevos,ORDEN,1.00,35.00,1,0,0,0
2026-04-04,Gorditas de Azúcar,Gordita,PIEZA,1.00,42.00,1,0,0,1.00
2026-05-15,1/2 Enchiladas Picositas,Enchilada,ORDEN,2.00,292.00,2,1,1,0
2026-06-08,Empanadas (4 pzas.),Empanada,ORDEN,1.00,144.00,1,0,0,0
2026-06-15,Migada Guisado de Carne,Migada,PIEZA,2.00,288.00,2,0,2,2.00
2026-06-30,Migada Guisado Normal,Migada,PIEZA,1.00,133.00,1,0,1,1.00
2026-07-26,Jamaica 1 Litro,Bebida,ORDEN,3.00,195.00,1,0,0,0
2026-03-17,Tacos de Maiz,Taco,PIEZA,20.00,450.00,9,1,1,20.00
2026-08-31,Horchata 1 Litro,Bebida,ORDEN,1.00,90.00,1,0,0,0
2026-03-25,1/2 Empanadas (2 pzas.),Empanada,ORDEN,1.00,94.00,1,0,0,0
2026-04-03,Refresco 355 ml.,Bebida,ORDEN,2.00,70.00,2,0,0,0
2026-06-14,1/2 Quesadillas (2 pzas.),Quesadilla,ORDEN,4.00,344.00,2,0,2,0
2026-07-27,1/2 Entomatadas,Entomatada,ORDEN,3.00,320.00,3,1,2,0
2026-07-22,Salsa Verde,Guarnicion,ORDEN,2.00,20.00,1,0,0,0
2026-05-24,Enchiladas Picositas,Enchilada,ORDEN,2.00,364.00,1,1,0,0
2026-05-29,Horchata 1 Litro,Bebida,ORDEN,1.00,69.00,1,0,0,0
2026-05-16,Entomatadas,Entomatada,ORDEN,1.00,249.00,1,1,0,0
2026-06-21,Quesadillas (4 pzas.),Quesadilla,ORDEN,14.00,2022.00,4,0,4,0
2026-04-19,Migada Guisado de Carne,Migada,PIEZA,6.00,864.00,6,0,3,6.00
2026-08-10,1/2 Quesadillas (2 pzas.),Quesadilla,ORDEN,9.00,809.00,5,1,5,0
2026-05-26,Horchata Vaso,Bebida,ORDEN,4.00,168.00,1,0,0,0
2026-06-09,Limón Vaso,Bebida,ORDEN,15.00,630.00,1,0,0,0
2026-06-09,Orden de Guisado de Carne,Guarnicion,ORDEN,1.00,135.00,1,1,0,0
2026-04-05,Quesadillas (4 pzas.),Quesadilla,ORDEN,4.00,572.00,3,0,3,0
2026-08-20,Gorditas,Gordita,PIEZA,175.00,3412.00,20,0,0,175.00
2026-08-13,Limón Vaso,Bebida,ORDEN,26.00,1092.00,1,0,0,0
2026-06-04,1/2 Entomatadas,Entomatada,ORDEN,4.00,482.00,3,1,1,0
2026-06-20,Horchata 1 Litro,Bebida,ORDEN,1.00,90.00,1,0,0,0
2026-06-17,Huevos Rancheros,Huevos,ORDEN,2.00,240.00,1,0,0,0
2026-07-02,Porción Frijol con Queso,Guarnicion,ORDEN,1.00,5.00,1,0,0,0
2026-05-02,Aguacate Extra,Otros,ORDEN,1.00,15.00,1,0,0,0
2026-07-16,Porción Frijol con Queso,Guarnicion,ORDEN,2.00,10.00,1,0,0,0
2026-07-18,Ciel 600 ml.,Bebida,ORDEN,2.00,70.00,1,0,0,0
2026-07-12,Horchata Vaso,Bebida,ORDEN,7.00,294.00,1,0,0,0
2026-06-28,Bocoles,Bocol,PIEZA,103.00,2290.00,18,0,0,103.00
2026-05-08,Orden de Guisado Normal,Guarnicion,ORDEN,2.00,240.00,2,2,0,0
2026-07-18,Tacos de Maiz,Taco,PIEZA,37.00,817.00,12,0,1,37.00
2026-07-13,Porción Frijol con Queso,Guarnicion,ORDEN,1.00,5.00,1,0,0,0
2026-05-31,Topo Chico 600 ml.,Bebida,ORDEN,1.00,39.00,1,0,0,0
2026-05-15,Pieza de Pan,Guarnicion,ORDEN,8.00,224.00,1,0,0,0
2026-05-27,1/2 Enfrijoladas,Enfrijolada,ORDEN,1.00,168.00,1,2,0,0
2026-07-31,Plátano Frito,Otros,ORDEN,2.00,84.00,1,0,0,0
2026-03-08,Enchiladas Rojas,Enchilada,ORDEN,1.00,147.00,1,0,3,0
2026-06-16,Entomatadas,Entomatada,ORDEN,1.00,249.00,1,1,0,0
2026-06-02,Pieza Tortilla de Harina,Guarnicion,ORDEN,1.00,5.00,1,0,0,0
2026-03-30,Horchata Vaso,Bebida,ORDEN,2.00,84.00,1,0,0,0
2026-05-27,Café con Leche,Bebida,ORDEN,28.00,1176.00,3,0,0,0
2026-07-13,Huevos a la Mexicana,Huevos,ORDEN,6.00,720.00,1,0,0,0
2026-04-04,Huevos Rancheros,Huevos,ORDEN,1.00,120.00,1,0,0,0
2026-06-19,Jamaica Vaso,Bebida,ORDEN,20.00,840.00,1,0,0,0
2026-07-28,Zanahorias p/llevar,Otros,ORDEN,2.00,20.00,1,0,0,0
2026-05-17,Refresco 355 ml.,Bebida,ORDEN,3.00,105.00,2,0,0,0
2026-08-06,1/2 Quesadillas (2 pzas.),Quesadilla,ORDEN,7.00,622.00,4,1,3,0
2026-05-04,Orden Huevos Estrellados,Huevos,ORDEN,1.00,120.00,1,0,0,0
2026-08-30,Enmoladas,Enmolada,ORDEN,2.00,332.00,2,1,1,0
2026-06-11,Huevos Rancheros,Huevos,ORDEN,1.00,120.00,1,0,0,0
2026-09-05,Enchiladas Mixtas,Enchilada,ORDEN,3.00,476.00,2,1,0,0
2026-04-30,Pieza Extra Empanada,Empanada,ORDEN,1.00,38.00,1,0,0,0
2026-06-15,Huevos a la Mexicana,Huevos,ORDEN,5.00,600.00,1,0,0,0
2026-04-13,Café Negro,Bebida,ORDEN,12.00,504.00,1,0,0,0
2026-06-09,Jamaica Vaso,Bebida,ORDEN,16.00,672.00,1,0,0,0
2026-07-30,Huevos con Deshebrada,Huevos,ORDEN,2.00,270.00,1,0,0,0
2026-09-02,Gorditas de Azúcar,Gordita,PIEZA,4.00,168.00,1,0,0,4.00
2026-05-15,1/2 Enchiladas Rojas,Enchilada,ORDEN,7.00,939.00,5,4,2,0
2026-03-12,Salsa Roja,Guarnicion,ORDEN,1.00,0.00,1,0,0,0
2026-04-10,Fuze Tea,Bebida,ORDEN,2.00,90.00,1,0,0,0
2026-07-09,Pieza Huevo Estrellado Tierno,Huevos,ORDEN,1.00,20.00,1,0,0,0
2026-05-24,Horchata 1 Litro,Bebida,ORDEN,4.00,297.00,1,0,0,0
2026-06-01,Refresco 600 ml.,Bebida,ORDEN,14.00,546.00,3,0,0,0
2026-07-18,Salsa Habanera,Guarnicion,ORDEN,1.00,10.00,1,0,0,0
2026-05-29,Huevo Estrellado 2 pzas.,Huevos,ORDEN,1.00,35.00,1,0,0,0
2026-08-22,1/2 Enfrijoladas,Enfrijolada,ORDEN,1.00,133.00,1,1,0,0
2026-03-27,Tacos de Maiz,Taco,PIEZA,39.00,880.00,16,1,0,39.00
2026-05-28,1/2 Quesadillas (2 pzas.),Quesadilla,ORDEN,2.00,172.00,1,0,0,0
2026-03-05,1/2 Enchiladas Picositas,Enchilada,ORDEN,1.00,133.00,1,1,0,0
2026-08-26,Refresco 355 ml.,Bebida,ORDEN,5.00,175.00,2,0,0,0
2026-06-03,Quesadillas (4 pzas.),Quesadilla,ORDEN,3.00,514.00,3,1,8,0
2026-03-01,Migada Guisado de Carne,Migada,PIEZA,13.00,1958.00,10,0,10,13.00
2026-04-08,Bisquet,Otros,ORDEN,6.00,180.00,1,0,0,0
2026-04-16,Jamaica 1 Litro,Bebida,ORDEN,2.00,118.00,1,0,0,0
2026-05-19,Entomatadas,Entomatada,ORDEN,1.00,185.00,1,1,0,0
2026-07-10,Tacos de Maiz,Taco,PIEZA,35.00,814.00,11,1,0,35.00
2026-07-18,Pieza Huevo Estrellado Medio,Huevos,ORDEN,2.00,40.00,1,0,0,0
2026-07-14,1/2 Enchiladas Picositas,Enchilada,ORDEN,1.00,95.00,1,0,0,0
2026-05-16,1/2 Quesadillas (2 pzas.),Quesadilla,ORDEN,5.00,430.00,2,0,1,0
2026-06-29,1/2 Entomatadas,Entomatada,ORDEN,4.00,619.00,4,3,2,0
2026-07-26,Tacos de Harina,Taco,PIEZA,46.00,1051.00,15,0,2,46.00
2026-05-06,Plátano Frito,Otros,ORDEN,2.00,84.00,2,0,0,0
2026-05-08,Tacos de Maiz,Taco,PIEZA,27.00,594.00,12,0,0,27.00
2026-03-23,Refresco 600 ml.,Bebida,ORDEN,7.00,273.00,3,0,0,0
2026-05-06,Pieza Huevo Estrellado Medio,Huevos,ORDEN,1.00,20.00,1,0,0,0
2026-06-25,Huevo Estrellado 2 pzas.,Huevos,ORDEN,1.00,35.00,1,0,0,0
2026-08-06,Enchiladas Mixtas,Enchilada,ORDEN,3.00,543.00,2,1,1,0
2026-08-12,Migada Guisado Normal,Migada,PIEZA,2.00,266.00,2,0,1,2.00
2026-05-01,Huevos con Deshebrada,Huevos,ORDEN,4.00,540.00,1,0,0,0
2026-04-20,Quesadillas (4 pzas.),Quesadilla,ORDEN,4.00,572.00,1,0,0,0
2026-08-26,Pieza Huevo Estrellado Cocido,Huevos,ORDEN,1.00,20.00,1,0,0,0
2026-07-29,Enchiladas Picositas,Enchilada,ORDEN,2.00,376.00,2,1,0,0
2026-05-08,Pieza Tortilla de Maíz,Guarnicion,ORDEN,1.00,5.00,1,0,0,0
2026-06-20,Ciel 600 ml.,Bebida,ORDEN,7.00,245.00,1,0,0,0
2026-03-28,Enchiladas Picositas,Enchilada,ORDEN,1.00,185.00,1,1,0,0
2026-08-24,Pieza Huevo Estrellado Medio,Huevos,ORDEN,1.00,20.00,1,0,0,0
2026-03-30,Horchata 1 Litro,Bebida,ORDEN,2.00,138.00,1,0,0,0
2026-06-27,Plátano Frito,Otros,ORDEN,4.00,168.00,2,0,0,0
2026-03-23,1/2 Encremadas,Encremada,ORDEN,1.00,95.00,1,0,0,0
2026-06-14,Enmoladas,Enmolada,ORDEN,1.00,147.00,1,0,1,0
2026-04-26,Jamaica Vaso,Bebida,ORDEN,23.00,979.00,1,0,0,0
2026-08-25,Salsa Verde,Guarnicion,ORDEN,1.00,10.00,1,0,0,0
2026-03-13,Café con Leche,Bebida,ORDEN,24.00,1008.00,2,0,0,0
2026-04-09,Plátano Frito,Otros,ORDEN,1.00,42.00,1,0,0,0
2026-08-14,1/2 Entomatadas,Entomatada,ORDEN,1.00,95.00,1,0,0,0
2026-04-03,Enchiladas Picositas,Enchilada,ORDEN,1.00,249.00,1,1,0,0
2026-07-23,Ciel 600 ml.,Bebida,ORDEN,4.00,140.00,1,0,0,0
2026-09-01,Orden de Guisado Normal,Guarnicion,ORDEN,1.00,120.00,1,1,0,0
2026-03-24,Enchiladas Mixtas,Enchilada,ORDEN,1.00,226.00,1,1,2,0
2026-06-30,Huevos con Deshebrada,Huevos,ORDEN,4.00,540.00,1,0,0,0
2026-07-29,Gorditas de Azúcar,Gordita,PIEZA,5.00,210.00,1,0,0,5.00
2026-04-02,Café Negro,Bebida,ORDEN,11.00,462.00,2,0,0,0
2026-08-15,Guisado Infantil,Otros,ORDEN,1.00,38.00,1,0,0,0
2026-03-21,Gorditas Surtidas,Gordita,PIEZA,1.00,95.00,1,0,0,5.00
2026-07-25,Té de Manzanilla,Bebida,ORDEN,1.00,33.00,1,0,0,0
2026-03-22,Bistec 1 Pza.,Otros,ORDEN,1.00,102.00,1,0,0,0
2026-07-18,Horchata 1 Litro,Bebida,ORDEN,4.00,276.00,1,0,0,0
2026-07-23,Migada Guisado Normal,Migada,PIEZA,2.00,266.00,2,0,3,2.00
2026-05-07,Enchiladas Picositas,Enchilada,ORDEN,1.00,249.00,1,1,0,0
2026-06-24,Porción Frijol con Queso,Guarnicion,ORDEN,1.00,5.00,1,0,0,0
2026-03-01,Horchata Vaso,Bebida,ORDEN,10.00,420.00,1,0,0,0
2026-05-29,Café con Leche,Bebida,ORDEN,41.00,1722.00,4,0,0,0
2026-03-31,Horchata Vaso,Bebida,ORDEN,6.00,252.00,1,0,0,0
2026-06-29,Quesadillas (4 pzas.),Quesadilla,ORDEN,2.00,266.00,2,0,1,0
2026-08-02,Migada Guisado de Carne,Migada,PIEZA,7.00,1008.00,7,0,5,7.00
2026-04-27,Huevo Estrellado 2 pzas.,Huevos,ORDEN,1.00,35.00,1,0,0,0
2026-06-19,Bocoles,Bocol,PIEZA,98.00,2200.00,20,1,0,98.00
2026-08-17,Salsa Habanera,Guarnicion,ORDEN,1.00,10.00,1,0,0,0
2026-06-26,Bocoles,Bocol,PIEZA,87.00,1968.00,15,0,0,87.00
2026-04-13,Orden Huevos Estrellados,Huevos,ORDEN,1.00,120.00,1,0,0,0
2026-05-18,1/2 Empanadas (2 pzas.),Empanada,ORDEN,2.00,188.00,2,0,0,0
2026-06-05,Café Negro,Bebida,ORDEN,6.00,252.00,1,0,0,0
2026-05-15,Bocoles,Bocol,PIEZA,79.00,1759.00,22,1,4,79.00
2026-07-16,Limón Vaso,Bebida,ORDEN,14.00,588.00,1,0,0,0
2026-05-12,Pieza Encremada,Encremada,ORDEN,1.00,30.00,1,0,0,0
2026-08-05,1/2 Empanadas (2 pzas.),Empanada,ORDEN,2.00,223.00,2,1,0,0
2026-05-26,Migada Guisado de Carne,Migada,PIEZA,4.00,576.00,4,0,1,4.00
2026-03-19,Porción Frijol con Queso,Guarnicion,ORDEN,1.00,5.00,1,0,0,0
2026-09-05,Empanadas (4 pzas.),Empanada,ORDEN,5.00,720.00,5,1,1,0
2026-05-28,Tacos de Harina,Taco,PIEZA,17.00,413.00,8,0,0,17.00
2026-06-22,Encremadas,Encremada,ORDEN,2.00,294.00,1,0,0,0
2026-04-10,Plátano Frito,Otros,ORDEN,1.00,42.00,1,0,0,0
2026-06-08,Ciel 600 ml.,Bebida,ORDEN,3.00,105.00,1,0,0,0
2026-03-10,Bisquet,Otros,ORDEN,1.00,30.00,1,0,0,0
2026-06-15,Huevos con Deshebrada,Huevos,ORDEN,4.00,581.00,1,0,0,0
2026-06-28,1/2 Quesadillas (2 pzas.),Quesadilla,ORDEN,8.00,688.00,4,0,5,0
2026-05-07,Quesadillas (4 pzas.),Quesadilla,ORDEN,5.00,745.00,1,0,0,0
2026-06-17,Porción Ensalada,Guarnicion,ORDEN,1.00,25.00,1,0,0,0
2026-03-07,1/2 Enchiladas Rojas,Enchilada,ORDEN,7.00,1079.00,5,4,0,0
2026-06-13,Refresco 355 ml.,Bebida,ORDEN,6.00,210.00,2,0,0,0
2026-05-05,1/2 Enchiladas Picositas,Enchilada,ORDEN,1.00,197.00,1,1,0,0
2026-07-19,Orden Huevos Revueltos,Huevos,ORDEN,2.00,240.00,1,0,0,0
2026-04-25,Plátano Frito,Otros,ORDEN,2.00,84.00,1,0,0,0
2026-08-03,Enmoladas,Enmolada,ORDEN,1.00,147.00,1,0,0,0
2026-06-18,Empanadas (4 pzas.),Empanada,ORDEN,5.00,763.00,5,1,3,0
2026-05-08,Bocoles,Bocol,PIEZA,57.00,1254.00,16,0,1,57.00
2026-06-28,Aguacate Extra,Otros,ORDEN,1.00,15.00,1,0,0,0
2026-06-23,Tacos de Maiz,Taco,PIEZA,28.00,656.00,16,4,1,28.00
2026-04-07,Bisquet,Otros,ORDEN,5.00,150.00,1,0,0,0
2026-05-31,Limón Vaso,Bebida,ORDEN,32.00,1344.00,1,0,0,0
2026-06-18,Pieza Huevo Estrellado Cocido,Huevos,ORDEN,2.00,40.00,1,0,0,0
2026-07-11,1/2 Empanadas (2 pzas.),Empanada,ORDEN,4.00,386.00,3,1,0,0
2026-05-04,Tacos de Harina,Taco,PIEZA,18.00,436.00,7,4,0,18.00
2026-03-14,1/2 Enchiladas Mixtas (4 Piezas),Enchilada,ORDEN,5.00,904.00,5,5,0,0
2026-08-28,Huevos a la Mexicana,Huevos,ORDEN,2.00,240.00,1,0,0,0
2026-05-25,1/2 Empanadas (2 pzas.),Empanada,ORDEN,5.00,470.00,4,0,0,0
2026-06-25,1/2 Quesadillas (2 pzas.),Quesadilla,ORDEN,2.00,207.00,2,1,1,0
2026-03-25,Tacos de Harina,Taco,PIEZA,13.00,289.00,8,0,0,13.00
2026-07-03,1/2 Encremadas,Encremada,ORDEN,1.00,130.00,1,1,0,0
2026-03-08,1/2 Enchiladas Mixtas (4 Piezas),Enchilada,ORDEN,3.00,428.00,2,1,0,0
2026-03-11,Salsa Habanera,Guarnicion,ORDEN,1.00,0.00,1,0,0,0
2026-08-09,Bocoles,Bocol,PIEZA,118.00,2644.00,24,5,0,118.00
2026-04-08,Migada Guisado de Carne,Migada,PIEZA,8.00,1152.00,8,0,0,8.00
2026-07-29,Jamaica 1 Litro,Bebida,ORDEN,2.00,118.00,1,0,0,0
2026-07-16,Enmoladas,Enmolada,ORDEN,1.00,147.00,1,0,0,0
2026-07-01,Pieza Enchilada Picosa,Enchilada,ORDEN,1.00,30.00,1,0,0,0
2026-08-22,1/2 Enchiladas Mixtas (4 Piezas),Enchilada,ORDEN,1.00,154.00,1,1,0,0
2026-08-13,Bisquet,Otros,ORDEN,3.00,90.00,1,0,0,0
2026-05-18,1/2 Enchiladas Mixtas (4 Piezas),Enchilada,ORDEN,1.00,221.00,1,1,0,0
2026-06-17,1/2 Enchiladas Mixtas (4 Piezas),Enchilada,ORDEN,1.00,119.00,1,0,0,0
2026-03-24,Orden Huevos Estrellados,Huevos,ORDEN,3.00,360.00,2,0,0,0
2026-06-20,Enchiladas Rojas,Enchilada,ORDEN,7.00,1131.00,2,1,0,0
2026-06-27,Jamaica Vaso,Bebida,ORDEN,37.00,1580.00,1,0,0,0
2026-08-19,Gorditas,Gordita,PIEZA,151.00,2911.00,18,0,0,151.00
2026-06-17,Café con Leche,Bebida,ORDEN,27.00,1134.00,4,0,0,0
2026-07-12,Tacos de Maiz,Taco,PIEZA,67.00,1474.00,15,0,0,67.00
2026-08-30,Pieza de Pan Dulce,Guarnicion,ORDEN,11.00,308.00,1,0,0,0
2026-07-11,Refresco 600 ml.,Bebida,ORDEN,14.00,546.00,4,0,0,0
2026-05-08,Gorditas,Gordita,PIEZA,156.00,2922.00,20,0,0,156.00
2026-06-04,Porción Frijol con Queso,Guarnicion,ORDEN,2.00,10.00,1,0,0,0
2026-08-21,Gorditas Surtidas,Gordita,PIEZA,4.00,361.00,3,0,0,19.00
2026-08-11,Café Negro,Bebida,ORDEN,10.00,420.00,2,0,0,0
2026-07-21,Entomatadas,Entomatada,ORDEN,5.00,837.00,2,1,0,0
2026-03-29,Pieza de Pan,Guarnicion,ORDEN,4.00,112.00,1,0,0,0
2026-03-29,Limón Vaso,Bebida,ORDEN,12.00,504.00,1,0,0,0
2026-06-02,Empanadas (4 pzas.),Empanada,ORDEN,2.00,288.00,2,0,0,0
2026-05-01,Pieza Huevo Estrellado Cocido,Huevos,ORDEN,1.00,20.00,1,0,0,0
2026-05-23,Gorditas,Gordita,PIEZA,202.00,3895.00,25,1,4,202.00
2026-04-03,Plátano Frito,Otros,ORDEN,1.00,42.00,1,0,0,0
2026-03-12,1/2 Quesadillas (2 pzas.),Quesadilla,ORDEN,3.00,258.00,2,0,0,0
2026-05-07,Huevos con Deshebrada,Huevos,ORDEN,3.00,405.00,1,0,0,0
2026-04-25,1/2 Enchiladas Rojas,Enchilada,ORDEN,5.00,752.00,5,5,1,0
2026-08-04,Huevos con Deshebrada,Huevos,ORDEN,2.00,311.00,1,0,0,0
2026-08-23,1/2 Encremadas,Encremada,ORDEN,2.00,327.00,2,2,0,0
2026-06-04,Café con Leche,Bebida,ORDEN,34.00,1428.00,3,0,0,0
2026-08-13,1/2 Entomatadas,Entomatada,ORDEN,4.00,555.00,4,3,4,0
2026-05-29,Jamaica 1 Litro,Bebida,ORDEN,1.00,77.00,1,0,0,0
2026-08-03,Huevos a la Mexicana,Huevos,ORDEN,2.00,240.00,1,0,0,0
2026-05-06,1/2 Enchiladas Mixtas (4 Piezas),Enchilada,ORDEN,2.00,238.00,1,0,0,0
2026-08-16,Jamaica Vaso,Bebida,ORDEN,32.00,1344.00,1,0,0,0
2026-03-22,Horchata Vaso,Bebida,ORDEN,9.00,378.00,1,0,0,0
2026-07-26,1/2 Quesadillas (2 pzas.),Quesadilla,ORDEN,6.00,516.00,2,0,2,0
2026-06-01,1/2 Entomatadas,Entomatada,ORDEN,5.00,784.00,5,5,1,0
2026-06-19,Entomatadas,Entomatada,ORDEN,1.00,0.00,1,0,0,0
2026-04-29,Ciel 600 ml.,Bebida,ORDEN,2.00,70.00,1,0,0,0
2026-08-11,Pieza Huevo Estrellado Cocido,Huevos,ORDEN,1.00,20.00,1,0,0,0
2026-04-15,Jamaica Vaso,Bebida,ORDEN,10.00,420.00,1,0,0,0
2026-03-10,Tacos de Maiz,Taco,PIEZA,16.00,385.00,7,0,0,16.00
2026-03-01,Migada Guisado Normal,Migada,PIEZA,3.00,399.00,3,0,1,3.00
2026-06-29,1/2 Enfrijoladas,Enfrijolada,ORDEN,1.00,130.00,1,1,0,0
2026-04-26,Migada Guisado Normal,Migada,PIEZA,1.00,133.00,1,0,2,1.00
2026-07-16,Café Negro,Bebida,ORDEN,15.00,630.00,1,0,0,0
2026-04-04,Limón Vaso,Bebida,ORDEN,15.00,630.00,1,0,0,0
2026-07-08,Huevos Rancheros,Huevos,ORDEN,1.00,120.00,1,0,0,0
2026-05-06,Limón Vaso,Bebida,ORDEN,14.00,588.00,1,0,0,0
2026-07-12,Huevos a la Mexicana,Huevos,ORDEN,3.00,360.00,1,0,0,0
2026-03-07,Gorditas Surtidas,Gordita,PIEZA,1.00,95.00,1,0,0,5.00
2026-05-18,Pieza de Pan,Guarnicion,ORDEN,4.00,112.00,1,0,0,0
2026-08-11,Huevos a la Mexicana,Huevos,ORDEN,4.00,480.00,1,0,0,0
2026-04-26,Migada Guisado de Carne,Migada,PIEZA,16.00,2390.00,15,0,10,16.00
2026-07-13,Orden de Guisado Normal,Guarnicion,ORDEN,2.00,240.00,2,2,0,0
2026-05-01,1/2 Empanadas (2 pzas.),Empanada,ORDEN,9.00,876.00,9,3,10,0
2026-03-20,Huevos Rancheros,Huevos,ORDEN,1.00,120.00,1,0,0,0
2026-06-09,Empanadas (4 pzas.),Empanada,ORDEN,2.00,331.00,2,2,0,0
2026-06-20,Gorditas Surtidas,Gordita,PIEZA,2.00,190.00,1,0,0,10.00
2026-04-10,Jamaica 1 Litro,Bebida,ORDEN,1.00,77.00,1,0,0,0
2026-08-20,Huevos con Deshebrada,Huevos,ORDEN,2.00,311.00,1,0,0,0
2026-03-24,Limón Vaso,Bebida,ORDEN,9.00,378.00,1,0,0,0
2026-05-19,PROMO 6 surtidas,Otros,ORDEN,4.00,432.00,1,0,0,0
2026-04-19,1/2 Enchiladas Mixtas (4 Piezas),Enchilada,ORDEN,1.00,221.00,1,1,0,0
2026-05-08,Migada Guisado de Carne,Migada,PIEZA,8.00,1195.00,8,0,5,8.00
2026-04-24,Porción Ensalada,Guarnicion,ORDEN,1.00,25.00,1,0,0,0
2026-07-01,Horchata 1 Litro,Bebida,ORDEN,1.00,69.00,1,0,0,0
2026-08-26,Tacos de Maiz,Taco,PIEZA,28.00,649.00,15,3,0,28.00
2026-08-19,Jamaica Vaso,Bebida,ORDEN,15.00,630.00,1,0,0,0
2026-06-27,Limón 1 Litro,Bebida,ORDEN,1.00,59.00,1,0,0,0
2026-07-16,Orden Huevos Estrellados,Huevos,ORDEN,1.00,120.00,1,0,0,0
2026-05-25,Refresco 355 ml.,Bebida,ORDEN,3.00,105.00,1,0,0,0
2026-07-01,Tacos de Harina,Taco,PIEZA,5.00,110.00,4,0,2,5.00
2026-08-01,Refresco 600 ml.,Bebida,ORDEN,16.00,624.00,6,0,0,0
2026-09-04,Huevos a la Mexicana,Huevos,ORDEN,3.00,360.00,1,0,0,0
2026-08-25,1/2 Enchiladas Picositas,Enchilada,ORDEN,3.00,422.00,3,2,1,0
2026-07-30,Bistec 1 Pza.,Otros,ORDEN,1.00,102.00,1,0,0,0
2026-07-22,1/2 Enmoladas,Enmolada,ORDEN,1.00,95.00,1,0,0,0
2026-08-10,Pieza Huevo Estrellado Medio,Huevos,ORDEN,2.00,40.00,1,0,0,0
2026-08-27,Salsa Verde,Guarnicion,ORDEN,2.00,20.00,1,0,0,0
2026-06-29,Orden de Guisado Normal,Guarnicion,ORDEN,1.00,120.00,1,1,0,0
2026-08-04,Orden de Guisado de Carne,Guarnicion,ORDEN,1.00,135.00,1,1,0,0
2026-07-21,Bisquet,Otros,ORDEN,1.00,30.00,1,0,0,0
2026-08-18,Refresco 600 ml.,Bebida,ORDEN,16.00,624.00,5,0,0,0
2026-03-21,Enfrijoladas,Enfrijolada,ORDEN,1.00,191.00,1,0,0,0
2026-04-24,Plátano Frito,Otros,ORDEN,4.00,168.00,2,0,0,0
2026-08-03,Huevo Estrellado 2 pzas.,Huevos,ORDEN,1.00,35.00,1,0,0,0
2026-06-25,1/2 Enchiladas Mixtas (4 Piezas),Enchilada,ORDEN,2.00,238.00,2,0,0,0
2026-07-22,1/2 Empanadas (2 pzas.),Empanada,ORDEN,4.00,376.00,4,0,1,0
2026-03-09,Horchata Vaso,Bebida,ORDEN,2.00,84.00,1,0,0,0
2026-06-17,Huevos a la Mexicana,Huevos,ORDEN,5.00,600.00,1,0,0,0
2026-06-10,Enchiladas Rojas,Enchilada,ORDEN,2.00,367.00,2,2,2,0
2026-03-27,Huevos Rancheros,Huevos,ORDEN,3.00,360.00,1,0,0,0
2026-08-12,1/2 Empanadas (2 pzas.),Empanada,ORDEN,5.00,470.00,4,1,1,0
2026-06-08,Pieza Huevo Estrellado Cocido,Huevos,ORDEN,1.00,20.00,1,0,0,0
2026-08-11,Tacos de Harina,Taco,PIEZA,10.00,225.00,7,1,0,10.00
2026-05-19,Limón 1 Litro,Bebida,ORDEN,1.00,77.00,1,0,0,0
2026-06-19,Bisquet,Otros,ORDEN,7.00,210.00,1,0,0,0
2026-03-06,Orden de Guisado Normal,Guarnicion,ORDEN,1.00,120.00,1,0,0,0
2026-05-03,Pieza Huevo Estrellado Cocido,Huevos,ORDEN,3.00,60.00,1,0,0,0
2026-03-24,Migada Guisado de Carne,Migada,PIEZA,10.00,1483.00,10,0,3,10.00
2026-03-27,Migada Guisado de Carne,Migada,PIEZA,6.00,864.00,6,0,3,6.00
2026-05-20,Enmoladas,Enmolada,ORDEN,2.00,396.00,2,1,2,0
2026-06-19,Refresco 600 ml.,Bebida,ORDEN,13.00,531.00,4,0,0,0
2026-07-01,Encremadas,Encremada,ORDEN,3.00,543.00,2,1,0,0
2026-06-25,Fuze Tea,Bebida,ORDEN,1.00,45.00,1,0,0,0
2026-06-18,1/2 Entomatadas,Entomatada,ORDEN,6.00,879.00,6,5,2,0
2026-08-29,1/2 Quesadillas (2 pzas.),Quesadilla,ORDEN,11.00,1051.00,8,3,13,0
2026-07-21,Limón Vaso,Bebida,ORDEN,21.00,882.00,1,0,0,0
2026-04-10,Tacos de Maiz,Taco,PIEZA,13.00,295.00,9,0,0,13.00
2026-05-19,Gorditas,Gordita,PIEZA,131.00,2569.00,18,0,1,131.00
2026-08-14,Migada Guisado de Carne,Migada,PIEZA,9.00,1382.00,9,0,2,9.00
2026-07-15,Bocoles,Bocol,PIEZA,75.00,1697.25,18,0,4,75.00
2026-05-27,Huevos Rancheros,Huevos,ORDEN,1.00,120.00,1,0,0,0
2026-06-10,Horchata Vaso,Bebida,ORDEN,2.00,84.00,1,0,0,0
2026-07-08,Huevos a la Mexicana,Huevos,ORDEN,2.00,276.00,1,0,0,0
2026-08-10,1/2 Empanadas (2 pzas.),Empanada,ORDEN,5.00,533.00,5,2,0,0
2026-06-11,Entomatadas,Entomatada,ORDEN,1.00,147.00,1,0,0,0
2026-03-30,Encremadas,Encremada,ORDEN,1.00,226.00,1,1,0,0
2026-03-30,Tacos de Harina,Taco,PIEZA,28.00,642.00,13,1,0,28.00
2026-06-18,Fuze Tea,Bebida,ORDEN,2.00,90.00,1,0,0,0
2026-08-12,Café con Leche,Bebida,ORDEN,26.00,1105.00,2,0,0,0
2026-05-06,Tacos de Harina,Taco,PIEZA,15.00,333.00,9,0,0,15.00
2026-06-19,Pieza Enmolada,Enmolada,ORDEN,1.00,30.00,1,0,0,0
2026-03-05,Tacos de Maiz,Taco,PIEZA,14.00,308.00,8,0,0,14.00
2026-05-04,Migada Guisado de Carne,Migada,PIEZA,8.00,1152.00,7,0,6,8.00
2026-05-29,Tacos de Harina,Taco,PIEZA,19.00,418.00,6,0,0,19.00
2026-06-22,1/2 Empanadas (2 pzas.),Empanada,ORDEN,1.00,94.00,1,0,0,0
2026-09-04,Orden Huevos Estrellados,Huevos,ORDEN,1.00,120.00,1,0,0,0
2026-07-31,Orden de Guisado Normal,Guarnicion,ORDEN,1.00,120.00,1,1,0,0
2026-07-25,1/2 Enmoladas,Enmolada,ORDEN,3.00,320.00,2,1,2,0
2026-08-11,Ciel 600 ml.,Bebida,ORDEN,3.00,105.00,1,0,0,0
2026-07-28,Bocoles,Bocol,PIEZA,71.00,1565.00,19,0,2,71.00
2026-03-12,1/2 Enchiladas Rojas,Enchilada,ORDEN,5.00,475.00,3,0,3,0
2026-05-22,Orden de Guisado de Carne,Guarnicion,ORDEN,1.00,135.00,1,1,0,0
2026-04-27,Migada Guisado de Carne,Migada,PIEZA,6.00,864.00,6,0,4,6.00
2026-07-16,1/2 Enfrijoladas,Enfrijolada,ORDEN,1.00,95.00,1,0,1,0
2026-03-27,Plátano Frito,Otros,ORDEN,4.00,168.00,2,0,0,0
2026-06-20,Guisado Infantil,Otros,ORDEN,1.00,38.00,1,0,0,0
2026-04-08,Pieza de Pan,Guarnicion,ORDEN,4.00,112.00,1,0,0,0
2026-05-29,Fuze Tea,Bebida,ORDEN,2.00,90.00,1,0,0,0
2026-07-29,Bistec 1 Pza.,Otros,ORDEN,1.00,102.00,1,0,0,0
2026-07-12,Bocoles,Bocol,PIEZA,102.00,2249.25,23,0,6,102.00
2026-05-17,Refresco 600 ml.,Bebida,ORDEN,26.00,1014.00,8,0,0,0
2026-07-19,1/2 Encremadas,Encremada,ORDEN,2.00,190.00,1,0,0,0
2026-06-09,Gorditas,Gordita,PIEZA,162.00,3176.00,21,0,1,162.00
2026-08-22,Zanahorias p/llevar,Otros,ORDEN,1.00,1.00,1,0,0,0
2026-04-21,Orden Huevos Revueltos,Huevos,ORDEN,1.00,156.00,1,0,0,0
2026-04-05,Enchiladas Mixtas,Enchilada,ORDEN,2.00,431.00,2,2,0,0
2026-07-11,Pieza Huevo Estrellado Tierno,Huevos,ORDEN,1.00,20.00,1,0,0,0
2026-07-20,Tacos de Harina,Taco,PIEZA,7.00,157.00,5,0,0,7.00
2026-06-10,Limón Vaso,Bebida,ORDEN,9.00,378.00,1,0,0,0
2026-08-15,1/2 Enchiladas Mixtas (4 Piezas),Enchilada,ORDEN,1.00,154.00,1,1,0,0
2026-06-06,Café Negro,Bebida,ORDEN,7.00,294.00,1,0,0,0
2026-03-06,Horchata 1 Litro,Bebida,ORDEN,1.00,69.00,1,0,0,0
2026-07-03,Quesadillas (4 pzas.),Quesadilla,ORDEN,4.00,567.00,2,1,1,0
2026-07-10,Enchiladas Mixtas,Enchilada,ORDEN,1.00,249.00,1,1,0,0
2026-08-02,Gorditas de Azúcar,Gordita,PIEZA,5.00,210.00,1,0,0,5.00
2026-06-30,1/2 Enchiladas Mixtas (4 Piezas),Enchilada,ORDEN,3.00,427.00,3,2,0,0
2026-07-22,Ciel 600 ml.,Bebida,ORDEN,3.00,105.00,1,0,0,0
2026-09-01,Migada Guisado de Carne,Migada,PIEZA,5.00,763.00,5,0,3,5.00
2026-06-16,Pieza de Pan Dulce,Guarnicion,ORDEN,1.00,28.00,1,0,0,0
2026-06-12,Huevos a la Mexicana,Huevos,ORDEN,1.00,120.00,1,0,0,0
2026-06-14,1/2 Enchiladas Picositas,Enchilada,ORDEN,3.00,355.00,3,2,1,0
2026-04-22,Pieza de Pan,Guarnicion,ORDEN,2.00,56.00,1,0,0,0
2026-07-02,Empanadas (4 pzas.),Empanada,ORDEN,7.00,1094.00,7,3,2,0
2026-07-15,1/2 Entomatadas,Entomatada,ORDEN,6.00,640.00,3,2,1,0
2026-08-20,Tacos de Maiz,Taco,PIEZA,22.00,489.00,12,1,0,22.00
2026-07-18,Café con Leche,Bebida,ORDEN,46.00,1932.00,3,0,0,0
2026-03-17,Huevo Estrellado 2 pzas.,Huevos,ORDEN,1.00,35.00,1,0,0,0
2026-08-31,Enchiladas Rojas,Enchilada,ORDEN,1.00,182.00,1,1,0,0
2026-04-19,1/2 Enmoladas,Enmolada,ORDEN,4.00,415.00,3,1,2,0
2026-03-08,Pieza Tortilla de Harina,Guarnicion,ORDEN,2.00,10.00,1,0,0,0
2026-05-11,Refresco 600 ml.,Bebida,ORDEN,8.00,312.00,3,0,0,0
2026-08-11,Bisquet,Otros,ORDEN,1.00,30.00,1,0,0,0
2026-06-14,1/2 Enmoladas,Enmolada,ORDEN,2.00,225.00,2,1,0,0
2026-04-28,Horchata 1 Litro,Bebida,ORDEN,2.00,138.00,1,0,0,0
2026-06-08,1/2 Encremadas,Encremada,ORDEN,1.00,130.00,1,1,0,0
2026-04-29,Tacos de Harina,Taco,PIEZA,26.00,605.00,9,0,1,26.00
2026-08-30,Salsa Roja,Guarnicion,ORDEN,4.00,40.00,1,0,0,0
2026-04-30,1/2 Enchiladas Rojas,Enchilada,ORDEN,3.00,355.00,3,2,6,0
2026-06-23,Pieza de Pan Dulce,Guarnicion,ORDEN,2.00,56.00,1,0,0,0
2026-04-16,1/2 Quesadillas (2 pzas.),Quesadilla,ORDEN,3.00,258.00,2,0,1,0
2026-08-25,Orden de Guisado Normal,Guarnicion,ORDEN,1.00,120.00,1,1,0,0
2026-07-01,Tacos de Maiz,Taco,PIEZA,19.00,418.00,10,0,0,19.00
2026-08-05,Porción Frijol con Queso,Guarnicion,ORDEN,1.00,5.00,1,0,0,0
2026-05-14,Huevos Rancheros,Huevos,ORDEN,2.00,240.00,1,0,0,0
2026-06-12,Refresco 355 ml.,Bebida,ORDEN,6.00,210.00,2,0,0,0
2026-08-22,Fuze Tea,Bebida,ORDEN,1.00,45.00,1,0,0,0
2026-03-29,Gorditas,Gordita,PIEZA,229.00,4446.00,26,1,4,229.00
2026-08-05,Fuze Tea,Bebida,ORDEN,4.00,180.00,1,0,0,0
2026-07-04,Orden de Guisado Normal,Guarnicion,ORDEN,2.00,240.00,2,2,0,0
2026-06-23,Ciel 600 ml.,Bebida,ORDEN,1.00,35.00,1,0,0,0
2026-08-17,Pieza Huevo Estrellado Tierno,Huevos,ORDEN,2.00,40.00,1,0,0,0
2026-04-03,Quesadillas (4 pzas.),Quesadilla,ORDEN,5.00,665.00,1,0,0,0
2026-07-29,Huevo Estrellado 2 pzas.,Huevos,ORDEN,2.00,70.00,1,0,0,0
2026-04-15,Pieza de Pan,Guarnicion,ORDEN,6.00,168.00,1,0,0,0
2026-04-09,Pieza Huevo Estrellado Medio,Huevos,ORDEN,2.00,40.00,1,0,0,0
2026-08-26,1/2 Enchiladas Rojas,Enchilada,ORDEN,6.00,978.00,2,1,0,0
2026-06-10,Huevos con Deshebrada,Huevos,ORDEN,2.00,270.00,1,0,0,0
2026-03-13,1/2 Encremadas,Encremada,ORDEN,1.00,130.00,1,1,0,0
2026-06-17,Orden de Guisado Normal,Guarnicion,ORDEN,1.00,120.00,1,1,0,0
2026-08-12,Fuze Tea,Bebida,ORDEN,1.00,59.00,1,0,0,0
2026-05-01,Pieza Huevo Estrellado Ciego,Huevos,ORDEN,1.00,20.00,1,0,0,0
2026-03-09,Huevos con Deshebrada,Huevos,ORDEN,3.00,405.00,1,0,0,0
2026-05-04,Refresco 355 ml.,Bebida,ORDEN,5.00,175.00,2,0,0,0
2026-06-23,Pieza Huevo Estrellado Cocido,Huevos,ORDEN,1.00,20.00,1,0,0,0
2026-06-27,Pieza Huevo Estrellado Medio,Huevos,ORDEN,2.00,40.00,1,0,0,0
2026-03-22,Limón Vaso,Bebida,ORDEN,26.00,1092.00,1,0,0,0
2026-07-21,1/2 Encremadas,Encremada,ORDEN,1.00,95.00,1,0,0,0
2026-03-04,Zanahorias p/llevar,Otros,ORDEN,1.00,0.00,1,0,0,0
2026-05-04,Bisquet,Otros,ORDEN,4.00,120.00,2,0,0,0
2026-05-05,Ciel 600 ml.,Bebida,ORDEN,2.00,70.00,1,0,0,0
2026-09-04,Refresco 355 ml.,Bebida,ORDEN,3.00,105.00,1,0,0,0
2026-03-05,Gorditas,Gordita,PIEZA,160.00,3173.00,21,2,2,160.00
2026-05-08,Café Negro,Bebida,ORDEN,9.00,378.00,1,0,0,0
2026-03-16,Pieza Huevo Estrellado Cocido,Huevos,ORDEN,1.00,20.00,1,0,0,0
2026-03-05,1/2 Enchiladas Mixtas (4 Piezas),Enchilada,ORDEN,1.00,221.00,1,1,0,0
2026-06-16,Empanadas (4 pzas.),Empanada,ORDEN,5.00,798.00,5,3,0,0
2026-08-22,Refresco 355 ml.,Bebida,ORDEN,6.00,210.00,2,0,0,0
2026-05-14,Jamaica Vaso,Bebida,ORDEN,22.00,924.00,1,0,0,0
2026-05-21,Huevos con Deshebrada,Huevos,ORDEN,2.00,270.00,1,0,0,0
2026-06-21,Orden Huevos Revueltos,Huevos,ORDEN,1.00,156.00,1,0,0,0
2026-04-05,Huevos Rancheros,Huevos,ORDEN,2.00,240.00,1,0,0,0
2026-04-07,Horchata Vaso,Bebida,ORDEN,3.00,126.00,1,0,0,0
2026-06-13,Enfrijoladas,Enfrijolada,ORDEN,2.00,338.00,2,1,0,0
2026-05-13,Bisquet,Otros,ORDEN,2.00,60.00,1,0,0,0
2026-05-11,Refresco 355 ml.,Bebida,ORDEN,1.00,35.00,1,0,0,0
2026-08-04,Empanadas (4 pzas.),Empanada,ORDEN,2.00,288.00,2,0,1,0
2026-07-31,Salsa Habanera,Guarnicion,ORDEN,1.00,10.00,1,0,0,0
2026-05-30,Pieza Extra Quesadilla,Quesadilla,ORDEN,1.00,35.00,1,0,0,0
2026-04-18,Pieza Extra Empanada,Empanada,ORDEN,1.00,38.00,1,0,0,0
2026-07-22,Huevos Rancheros,Huevos,ORDEN,2.00,240.00,1,0,0,0
2026-03-16,Café Negro,Bebida,ORDEN,10.00,420.00,1,0,0,0
2026-05-23,1/2 Entomatadas,Entomatada,ORDEN,4.00,587.00,4,4,3,0
2026-04-17,Plátano Frito,Otros,ORDEN,3.00,126.00,3,0,0,0
2026-05-01,1/2 Entomatadas,Entomatada,ORDEN,8.00,1037.00,4,4,1,0
2026-06-01,Enchiladas Rojas,Enchilada,ORDEN,3.00,616.00,3,3,1,0
2026-06-04,Ciel 600 ml.,Bebida,ORDEN,3.00,105.00,1,0,0,0
2026-07-29,Huevo Revuelto 2 pzas.,Huevos,ORDEN,1.00,35.00,1,0,0,0
2026-06-27,Bistec 1 Pza.,Otros,ORDEN,1.00,102.00,1,0,0,0
2026-05-27,Limón Vaso,Bebida,ORDEN,15.00,630.00,1,0,0,0
2026-06-20,Topo Chico 600 ml.,Bebida,ORDEN,2.00,78.00,1,0,0,0
2026-07-06,Orden de Guisado Normal,Guarnicion,ORDEN,3.00,360.00,2,2,0,0
2026-06-18,1/2 Enchiladas Mixtas (4 Piezas),Enchilada,ORDEN,1.00,157.00,1,1,0,0
2026-06-21,Horchata Vaso,Bebida,ORDEN,10.00,420.00,1,0,0,0
2026-06-20,Huevo Estrellado 2 pzas.,Huevos,ORDEN,1.00,35.00,1,0,0,0
2026-03-30,Enfrijoladas,Enfrijolada,ORDEN,1.00,147.00,1,0,1,0
2026-08-12,Orden de Guisado de Carne,Guarnicion,ORDEN,1.00,135.00,1,1,0,0
2026-04-30,Bocoles,Bocol,PIEZA,83.00,1847.00,20,1,0,83.00
2026-05-28,Horchata Vaso,Bebida,ORDEN,2.00,84.00,1,0,0,0
2026-08-14,Tacos de Maiz,Taco,PIEZA,22.00,484.00,7,0,0,22.00
2026-08-18,Jamaica Vaso,Bebida,ORDEN,11.00,475.00,1,0,0,0
2026-05-30,Topo Chico 600 ml.,Bebida,ORDEN,1.00,39.00,1,0,0,0
2026-03-03,Entomatadas,Entomatada,ORDEN,1.00,182.00,1,1,0,0
2026-08-29,Café Negro,Bebida,ORDEN,15.00,630.00,1,0,0,0
2026-04-07,Huevos Rancheros,Huevos,ORDEN,2.00,240.00,1,0,0,0
2026-06-16,Huevo Estrellado 2 pzas.,Huevos,ORDEN,2.00,70.00,1,0,0,0
2026-09-01,Gorditas,Gordita,PIEZA,135.00,2684.00,25,4,0,135.00
2026-03-06,Jamaica 1 Litro,Bebida,ORDEN,1.00,59.00,1,0,0,0
2026-07-13,1/2 Encremadas,Encremada,ORDEN,2.00,225.00,2,1,0,0
2026-06-14,Café Negro,Bebida,ORDEN,7.00,294.00,1,0,0,0
2026-08-21,Pieza de Pan Dulce,Guarnicion,ORDEN,1.00,28.00,1,0,0,0
2026-06-20,Café Negro,Bebida,ORDEN,13.00,546.00,1,0,0,0
2026-03-01,1/2 Enchiladas Mixtas (4 Piezas),Enchilada,ORDEN,2.00,238.00,2,0,1,0
2026-03-07,Tacos de Maiz,Taco,PIEZA,44.00,968.00,14,0,0,44.00
2026-04-09,Gorditas,Gordita,PIEZA,192.00,3698.00,20,0,0,192.00
2026-07-29,Entomatadas,Entomatada,ORDEN,2.00,396.00,2,1,0,0
2026-03-14,Huevos Rancheros,Huevos,ORDEN,2.00,240.00,1,0,0,0
2026-04-14,1/2 Quesadillas (2 pzas.),Quesadilla,ORDEN,2.00,172.00,1,0,0,0
2026-04-05,Bisquet,Otros,ORDEN,12.00,360.00,1,0,0,0
2026-08-27,1/2 Empanadas (2 pzas.),Empanada,ORDEN,1.00,94.00,1,0,0,0
2026-04-23,Porción Ensalada,Guarnicion,ORDEN,2.00,50.00,1,0,0,0
2026-06-16,1/2 Empanadas (2 pzas.),Empanada,ORDEN,1.00,94.00,1,0,0,0
2026-08-02,Enchiladas Picositas,Enchilada,ORDEN,1.00,182.00,1,1,0,0
2026-04-27,1/2 Enmoladas,Enmolada,ORDEN,2.00,263.00,2,2,0,0
2026-08-04,Limón Vaso,Bebida,ORDEN,19.00,798.00,1,0,0,0
2026-08-10,1/2 Enmoladas,Enmolada,ORDEN,4.00,788.00,1,1,0,0
2026-03-12,Migada Guisado de Carne,Migada,PIEZA,7.00,1008.00,7,0,8,7.00
2026-04-22,Café Negro,Bebida,ORDEN,10.00,420.00,1,0,0,0
2026-08-24,Horchata 1 Litro,Bebida,ORDEN,1.00,69.00,1,0,0,0
2026-08-08,Bocoles,Bocol,PIEZA,114.00,2508.00,19,0,1,114.00
2026-07-01,1/2 Empanadas (2 pzas.),Empanada,ORDEN,1.00,94.00,1,0,0,0
2026-04-05,Empanadas (4 pzas.),Empanada,ORDEN,8.00,1238.00,7,0,0,0
2026-04-16,Enmoladas,Enmolada,ORDEN,2.00,396.00,2,1,1,0
2026-05-29,Limón Vaso,Bebida,ORDEN,19.00,798.00,1,0,0,0
2026-07-25,1/2 Enchiladas Rojas,Enchilada,ORDEN,5.00,676.00,4,4,1,0
2026-07-06,1/2 Enchiladas Rojas,Enchilada,ORDEN,8.00,1116.00,7,7,3,0
2026-04-15,1/2 Enchiladas Picositas,Enchilada,ORDEN,2.00,225.00,2,1,1,0
2026-05-28,1/2 Enmoladas,Enmolada,ORDEN,1.00,197.00,1,1,0,0
2026-04-17,Ciel 600 ml.,Bebida,ORDEN,4.00,140.00,1,0,0,0
2026-04-26,1/2 Empanadas (2 pzas.),Empanada,ORDEN,4.00,376.00,4,0,0,0
2026-06-06,Migada Guisado de Carne,Migada,PIEZA,15.00,2203.00,14,0,6,15.00
2026-09-01,1/2 Enfrijoladas,Enfrijolada,ORDEN,1.00,95.00,1,0,0,0
2026-03-16,Bocoles,Bocol,PIEZA,89.00,2000.00,17,0,0,89.00
2026-04-25,Orden Huevos Revueltos,Huevos,ORDEN,1.00,120.00,1,0,0,0
2026-08-28,Jamaica Vaso,Bebida,ORDEN,28.00,1176.00,1,0,0,0
2026-09-01,Pieza Entomatada,Entomatada,ORDEN,1.00,65.00,1,1,0,0
2026-09-05,Huevos a la Mexicana,Huevos,ORDEN,2.00,240.00,1,0,0,0
2026-04-29,Café Negro,Bebida,ORDEN,10.00,420.00,1,0,0,0
2026-08-22,Tacos de Maiz,Taco,PIEZA,47.00,1043.00,17,0,0,47.00
2026-05-24,Pieza Huevo Estrellado Medio,Huevos,ORDEN,3.00,60.00,1,0,0,0
2026-07-29,1/2 Enmoladas,Enmolada,ORDEN,6.00,911.00,5,3,3,0
2026-05-15,Limón 1 Litro,Bebida,ORDEN,3.00,177.00,1,0,0,0
2026-07-14,Huevo Estrellado 2 pzas.,Huevos,ORDEN,1.00,35.00,1,0,0,0
2026-04-25,Café Negro,Bebida,ORDEN,22.00,924.00,2,0,0,0
2026-05-10,Plátano Frito,Otros,ORDEN,1.00,42.00,1,0,0,0
2026-08-18,Limón 1 Litro,Bebida,ORDEN,1.00,59.00,1,0,0,0
2026-06-12,Enchiladas Rojas,Enchilada,ORDEN,3.00,476.00,3,1,2,0
2026-03-03,Encremadas,Encremada,ORDEN,1.00,191.00,1,0,0,0
2026-06-05,Tacos de Maiz,Taco,PIEZA,21.00,465.00,11,0,0,21.00
2026-07-08,1/2 Entomatadas,Entomatada,ORDEN,1.00,95.00,1,0,1,0
2026-04-13,Pieza de Pan,Guarnicion,ORDEN,2.00,56.00,1,0,0,0
2026-03-23,Café Negro,Bebida,ORDEN,10.00,420.00,1,0,0,0
2026-03-30,Pieza Extra Quesadilla,Quesadilla,ORDEN,1.00,35.00,1,0,0,0
2026-07-20,Plátano Frito,Otros,ORDEN,1.00,42.00,1,0,0,0
2026-06-22,Gorditas Surtidas,Gordita,PIEZA,4.00,228.00,1,0,0,12.00
2026-05-09,Horchata 1 Litro,Bebida,ORDEN,1.00,69.00,1,0,0,0
2026-04-14,Tacos de Harina,Taco,PIEZA,15.00,330.00,10,0,0,15.00
2026-05-02,Encremadas,Encremada,ORDEN,3.00,578.00,3,2,0,0
2026-08-10,Bocoles,Bocol,PIEZA,69.00,1542.00,16,0,0,69.00
2026-04-17,Fuze Tea,Bebida,ORDEN,1.00,45.00,1,0,0,0
2026-07-28,Huevos a la Mexicana,Huevos,ORDEN,2.00,240.00,1,0,0,0
2026-08-16,Salsa Habanera,Guarnicion,ORDEN,1.00,10.00,1,0,0,0
2026-04-29,Huevos Rancheros,Huevos,ORDEN,1.00,120.00,1,0,0,0
2026-04-14,Huevos con Deshebrada,Huevos,ORDEN,1.00,176.00,1,0,0,0
2026-06-27,1/2 Enmoladas,Enmolada,ORDEN,2.00,292.00,2,1,0,0
2026-07-05,Tacos de Harina,Taco,PIEZA,58.00,1324.00,16,0,2,58.00
2026-03-17,Huevos con Deshebrada,Huevos,ORDEN,3.00,446.00,1,0,0,0
2026-07-17,Pieza Extra Empanada,Empanada,ORDEN,3.00,119.00,3,1,0,0
2026-06-12,Gorditas,Gordita,PIEZA,185.00,3676.00,24,1,1,185.00
2026-05-02,Enchiladas Picositas,Enchilada,ORDEN,3.00,739.00,3,4,0,0
2026-06-01,1/2 Enchiladas Rojas,Enchilada,ORDEN,6.00,914.00,3,3,0,0
2026-09-02,Horchata Vaso,Bebida,ORDEN,2.00,84.00,1,0,0,0
2026-08-23,Pieza Huevo Estrellado Tierno,Huevos,ORDEN,2.00,40.00,1,0,0,0
2026-03-09,Encremadas,Encremada,ORDEN,1.00,185.00,1,1,0,0
2026-03-15,Huevos Rancheros,Huevos,ORDEN,1.00,120.00,1,0,0,0
2026-07-18,Jamaica Vaso,Bebida,ORDEN,18.00,756.00,1,0,0,0
2026-03-07,Tacos de Harina,Taco,PIEZA,24.00,570.00,10,1,0,24.00
2026-03-24,Jamaica Vaso,Bebida,ORDEN,10.00,420.00,1,0,0,0
2026-05-11,Huevos Rancheros,Huevos,ORDEN,1.00,120.00,1,0,0,0
2026-07-06,Fuze Tea,Bebida,ORDEN,1.00,45.00,1,0,0,0
2026-03-08,Horchata 1 Litro,Bebida,ORDEN,1.00,90.00,1,0,0,0
2026-07-04,Refresco 600 ml.,Bebida,ORDEN,19.00,741.00,5,0,0,0
2026-07-14,Bisquet,Otros,ORDEN,6.00,180.00,1,0,0,0
2026-08-01,1/2 Enchiladas Picositas,Enchilada,ORDEN,3.00,457.00,3,3,1,0
2026-04-25,Huevos Rancheros,Huevos,ORDEN,1.00,120.00,1,0,0,0
2026-03-24,Tacos de Maiz,Taco,PIEZA,12.00,306.00,8,4,0,12.00
2026-03-18,Refresco 600 ml.,Bebida,ORDEN,7.00,285.00,2,0,0,0
2026-04-08,Migada Guisado Normal,Migada,PIEZA,2.00,266.00,2,0,0,2.00
2026-07-09,Bisquet,Otros,ORDEN,1.00,30.00,1,0,0,0
2026-04-30,Migada Guisado de Carne,Migada,PIEZA,15.00,2332.00,13,0,11,15.00
2026-04-16,Refresco 600 ml.,Bebida,ORDEN,13.00,507.00,3,0,0,0
2026-06-18,Enchiladas Rojas,Enchilada,ORDEN,3.00,441.00,3,0,3,0
2026-07-09,Tacos de Harina,Taco,PIEZA,22.00,502.00,12,0,0,22.00
2026-03-04,Tacos de Harina,Taco,PIEZA,15.00,336.00,7,0,0,15.00
2026-07-16,Tacos de Maiz,Taco,PIEZA,26.00,593.00,9,0,0,26.00
2026-04-18,Jamaica Vaso,Bebida,ORDEN,17.00,714.00,1,0,0,0
2026-05-03,Gorditas Surtidas,Gordita,PIEZA,1.00,0.00,1,0,0,4.00
2026-07-01,Salsa Habanera,Guarnicion,ORDEN,1.00,0.00,1,0,0,0
2026-09-05,Tacos de Harina,Taco,PIEZA,20.00,440.00,13,0,0,20.00
2026-09-05,Plátano Frito,Otros,ORDEN,1.00,42.00,1,0,0,0
2026-03-10,Jamaica Vaso,Bebida,ORDEN,1.00,42.00,1,0,0,0
2026-03-15,Pieza de Pan,Guarnicion,ORDEN,8.00,224.00,1,0,0,0
2026-08-10,Topo Chico 600 ml.,Bebida,ORDEN,3.00,117.00,1,0,0,0
2026-05-24,1/2 Entomatadas,Entomatada,ORDEN,15.00,1810.00,10,8,2,0
2026-04-21,Encremadas,Encremada,ORDEN,1.00,182.00,1,1,0,0
2026-08-03,Horchata Vaso,Bebida,ORDEN,7.00,294.00,1,0,0,0
2026-04-07,Ciel 600 ml.,Bebida,ORDEN,1.00,35.00,1,0,0,0
2026-07-20,Bisquet,Otros,ORDEN,3.00,90.00,1,0,0,0
2026-04-02,1/2 Empanadas (2 pzas.),Empanada,ORDEN,2.00,188.00,2,0,2,0
2026-04-12,Gorditas,Gordita,PIEZA,161.00,3161.00,21,0,1,161.00
2026-08-16,Bocoles,Bocol,PIEZA,157.00,3493.00,23,0,1,157.00
2026-04-13,Bisquet,Otros,ORDEN,5.00,150.00,1,0,0,0
2026-07-27,Ciel 600 ml.,Bebida,ORDEN,1.00,35.00,1,0,0,0
2026-07-18,Huevos Rancheros,Huevos,ORDEN,8.00,960.00,1,0,0,0
2026-03-02,Gorditas Surtidas,Gordita,PIEZA,1.00,76.00,1,0,0,4.00
2026-08-30,1/2 Entomatadas,Entomatada,ORDEN,9.00,1065.00,5,4,1,0
2026-03-04,Té de Manzanilla,Bebida,ORDEN,1.00,33.00,1,0,0,0
2026-04-09,Jamaica Vaso,Bebida,ORDEN,21.00,882.00,1,0,0,0
2026-05-01,Enchiladas Rojas,Enchilada,ORDEN,2.00,396.00,2,1,0,0
2026-05-18,Horchata 1 Litro,Bebida,ORDEN,2.00,138.00,1,0,0,0
2026-09-03,Café Negro,Bebida,ORDEN,19.00,798.00,1,0,0,0
2026-07-20,1/2 Quesadillas (2 pzas.),Quesadilla,ORDEN,3.00,258.00,1,0,0,0
2026-07-05,Enchiladas Rojas,Enchilada,ORDEN,6.00,1057.00,4,3,0,0
2026-07-23,Refresco 355 ml.,Bebida,ORDEN,2.00,70.00,1,0,0,0
2026-04-02,Enmoladas,Enmolada,ORDEN,1.00,249.00,1,1,0,0
2026-06-21,Porción Frijol con Queso,Guarnicion,ORDEN,1.00,5.00,1,0,0,0
2026-07-21,Zanahorias p/llevar,Otros,ORDEN,2.00,20.00,1,0,0,0
2026-05-15,1/2 Entomatadas,Entomatada,ORDEN,7.00,974.00,5,3,2,0
2026-05-13,Tacos de Harina,Taco,PIEZA,11.00,242.00,5,0,0,11.00
2026-07-12,Encremadas,Encremada,ORDEN,2.00,460.00,2,2,0,0
2026-08-01,Migada Guisado Normal,Migada,PIEZA,2.00,266.00,2,0,2,2.00
2026-08-31,Migada Guisado Normal,Migada,PIEZA,1.00,133.00,1,0,0,1.00
2026-03-13,Migada Guisado Normal,Migada,PIEZA,2.00,266.00,2,0,0,2.00
2026-06-02,Gorditas,Gordita,PIEZA,161.00,3139.00,20,0,0,161.00
2026-05-21,Pieza Huevo Estrellado Medio,Huevos,ORDEN,1.00,20.00,1,0,0,0
2026-05-31,Refresco 355 ml.,Bebida,ORDEN,9.00,315.00,2,0,0,0
2026-04-06,Horchata Vaso,Bebida,ORDEN,8.00,336.00,1,0,0,0
2026-04-18,Enchiladas Mixtas,Enchilada,ORDEN,3.00,645.00,3,2,0,0
2026-07-07,Café con Leche,Bebida,ORDEN,45.00,1890.00,4,0,0,0
2026-04-02,Pieza de Pan,Guarnicion,ORDEN,1.00,28.00,1,0,0,0
2026-06-16,Horchata Vaso,Bebida,ORDEN,5.00,210.00,1,0,0,0
2026-04-09,Refresco 355 ml.,Bebida,ORDEN,4.00,140.00,2,0,0,0
2026-03-26,Refresco 600 ml.,Bebida,ORDEN,12.00,468.00,3,0,0,0
2026-03-27,Ciel 600 ml.,Bebida,ORDEN,6.00,210.00,1,0,0,0
2026-04-27,Bocoles,Bocol,PIEZA,54.00,1240.00,19,1,2,54.00
2026-04-28,Jamaica Vaso,Bebida,ORDEN,8.00,336.00,1,0,0,0
2026-05-10,Empanadas (4 pzas.),Empanada,ORDEN,3.00,432.00,3,2,2,0
2026-05-07,Pieza Tortilla de Harina,Guarnicion,ORDEN,4.00,20.00,1,0,0,0
2026-07-27,Refresco 600 ml.,Bebida,ORDEN,11.00,429.00,6,0,0,0
2026-07-05,Refresco 600 ml.,Bebida,ORDEN,19.00,741.00,5,0,0,0
2026-03-19,Salsa Roja,Guarnicion,ORDEN,1.00,0.00,1,0,0,0
2026-08-08,Café con Leche,Bebida,ORDEN,31.00,1302.00,2,0,0,0
2026-08-04,Bocoles,Bocol,PIEZA,50.00,1118.00,20,0,3,50.00
2026-04-26,Pieza Huevo Estrellado Ciego,Huevos,ORDEN,1.00,20.00,1,0,0,0
2026-03-19,1/2 Enmoladas,Enmolada,ORDEN,1.00,95.00,1,0,0,0
2026-05-08,Pieza Extra Empanada,Empanada,ORDEN,2.00,76.00,2,0,0,0
2026-08-11,Huevos con Deshebrada,Huevos,ORDEN,3.00,405.00,1,0,0,0
2026-08-28,Enfrijoladas,Enfrijolada,ORDEN,1.00,249.00,1,1,0,0
2026-07-16,1/2 Enchiladas Rojas,Enchilada,ORDEN,4.00,415.00,2,1,0,0
2026-03-09,Migada Guisado Normal,Migada,PIEZA,1.00,133.00,1,0,0,1.00
2026-05-07,1/2 Enchiladas Rojas,Enchilada,ORDEN,8.00,1145.00,7,6,3,0
2026-07-29,1/2 Enchiladas Rojas,Enchilada,ORDEN,2.00,260.00,1,1,0,0
2026-07-29,Migada Guisado de Carne,Migada,PIEZA,7.00,1051.00,6,0,4,7.00
2026-06-20,Pieza Huevo Estrellado Medio,Huevos,ORDEN,1.00,20.00,1,0,0,0
2026-03-06,Café Negro,Bebida,ORDEN,8.00,336.00,1,0,0,0
2026-06-06,Limón Vaso,Bebida,ORDEN,36.00,1512.00,1,0,0,0
2026-06-13,Huevos con Deshebrada,Huevos,ORDEN,1.00,135.00,1,0,0,0
2026-03-13,1/2 Empanadas (2 pzas.),Empanada,ORDEN,2.00,188.00,2,0,2,0
2026-07-19,Zanahorias p/llevar,Otros,ORDEN,6.00,60.00,1,0,0,0
2026-03-06,Porción Ensalada,Guarnicion,ORDEN,1.00,25.00,1,0,0,0
2026-06-21,1/2 Encremadas,Encremada,ORDEN,6.00,914.00,3,2,0,0
2026-05-13,Pieza Huevo Estrellado Tierno,Huevos,ORDEN,1.00,20.00,1,0,0,0
2026-04-13,Orden de Guisado Normal,Guarnicion,ORDEN,2.00,240.00,2,0,0,0
2026-08-05,Orden Huevos Estrellados,Huevos,ORDEN,1.00,120.00,1,0,0,0
2026-03-17,1/2 Enchiladas Rojas,Enchilada,ORDEN,2.00,225.00,2,1,5,0
2026-08-10,Gorditas de Azúcar,Gordita,PIEZA,1.00,42.00,1,0,0,1.00
2026-07-02,Café con Leche,Bebida,ORDEN,34.00,1428.00,2,0,0,0
2026-04-08,Bocoles Surtidos,Bocol,PIEZA,1.00,132.00,1,0,0,6.00
2026-08-07,Refresco 600 ml.,Bebida,ORDEN,19.00,741.00,8,0,0,0
2026-08-10,1/2 Enchiladas Picositas,Enchilada,ORDEN,3.00,390.00,3,3,0,0
2026-08-04,Enchiladas Rojas,Enchilada,ORDEN,1.00,147.00,1,0,0,0
2026-08-07,Migada Guisado de Carne,Migada,PIEZA,8.00,1195.00,8,0,4,8.00
2026-07-21,1/2 Empanadas (2 pzas.),Empanada,ORDEN,8.00,752.00,8,2,6,0
2026-08-06,Gorditas Surtidas,Gordita,PIEZA,1.00,76.00,1,0,0,4.00
2026-07-11,Gorditas Surtidas,Gordita,PIEZA,3.00,285.00,1,0,0,15.00
2026-07-27,1/2 Enmoladas,Enmolada,ORDEN,1.00,130.00,1,1,0,0
2026-03-18,Limón 1 Litro,Bebida,ORDEN,1.00,59.00,1,0,0,0
2026-08-20,Horchata Vaso,Bebida,ORDEN,3.00,126.00,1,0,0,0
2026-06-19,1/2 Enchiladas Rojas,Enchilada,ORDEN,10.00,1169.00,7,6,1,0
2026-06-14,Tacos de Maiz,Taco,PIEZA,70.00,1550.00,18,2,2,70.00
2026-03-09,Pieza Huevo Estrellado Medio,Huevos,ORDEN,2.00,40.00,1,0,0,0
2026-04-13,1/2 Encremadas,Encremada,ORDEN,2.00,260.00,1,1,0,0
2026-04-01,Pieza Huevo Estrellado Cocido,Huevos,ORDEN,1.00,20.00,1,0,0,0
2026-03-12,Orden de Guisado Normal,Guarnicion,ORDEN,3.00,360.00,3,0,0,0
2026-05-17,Huevos con Deshebrada,Huevos,ORDEN,3.00,405.00,1,0,0,0
2026-08-17,Gorditas Surtidas,Gordita,PIEZA,1.00,57.00,1,0,0,3.00
2026-06-29,Refresco 600 ml.,Bebida,ORDEN,15.00,597.00,6,0,0,0
2026-05-08,Bisquet,Otros,ORDEN,1.00,30.00,1,0,0,0
2026-05-28,Horchata 1 Litro,Bebida,ORDEN,1.00,69.00,1,0,0,0
2026-07-02,1/2 Entomatadas,Entomatada,ORDEN,3.00,355.00,3,2,2,0
2026-03-29,Jamaica Vaso,Bebida,ORDEN,20.00,840.00,1,0,0,0
2026-03-01,Pieza Huevo Estrellado Medio,Huevos,ORDEN,1.00,20.00,1,0,0,0
2026-06-12,Orden de Guisado Normal,Guarnicion,ORDEN,1.00,120.00,1,1,0,0
2026-06-25,Huevos Rancheros,Huevos,ORDEN,2.00,240.00,1,0,0,0
2026-08-31,1/2 Quesadillas (2 pzas.),Quesadilla,ORDEN,3.00,296.00,3,1,7,0
2026-08-10,Entomatadas,Entomatada,ORDEN,2.00,364.00,2,2,0,0
2026-05-25,Plátano Frito,Otros,ORDEN,1.00,42.00,1,0,0,0
2026-06-17,Orden de Guisado de Carne,Guarnicion,ORDEN,1.00,135.00,1,2,0,0
2026-07-27,1/2 Enchiladas Mixtas (4 Piezas),Enchilada,ORDEN,1.00,119.00,1,0,0,0
2026-04-08,Enmoladas,Enmolada,ORDEN,1.00,182.00,1,1,0,0
2026-07-03,Horchata 1 Litro,Bebida,ORDEN,5.00,345.00,1,0,0,0
2026-03-29,Enchiladas Mixtas,Enchilada,ORDEN,3.00,578.00,3,2,0,0
2026-07-29,Huevos con Deshebrada,Huevos,ORDEN,1.00,135.00,1,0,0,0
2026-04-26,1/2 Enmoladas,Enmolada,ORDEN,3.00,457.00,3,3,0,0
2026-04-30,Refresco 600 ml.,Bebida,ORDEN,14.00,546.00,5,0,0,0
2026-06-28,Limón Vaso,Bebida,ORDEN,15.00,643.00,1,0,0,0
2026-06-02,1/2 Enchiladas Mixtas (4 Piezas),Enchilada,ORDEN,3.00,596.00,3,3,3,0
2026-04-07,Bocoles,Bocol,PIEZA,63.00,1401.00,16,0,0,63.00
2026-08-24,Quesadillas (4 pzas.),Quesadilla,ORDEN,2.00,266.00,1,0,0,0
2026-04-24,1/2 Enchiladas Picositas,Enchilada,ORDEN,1.00,130.00,1,1,0,0
2026-07-24,Pieza de Pan Dulce,Guarnicion,ORDEN,7.00,196.00,1,0,0,0
2026-06-27,Porción Frijol con Queso,Guarnicion,ORDEN,1.00,5.00,1,0,0,0
2026-08-30,Enchiladas Picositas,Enchilada,ORDEN,2.00,475.00,2,3,0,0
2026-08-13,Empanadas (4 pzas.),Empanada,ORDEN,1.00,144.00,1,1,0,0
2026-03-08,Ciel 600 ml.,Bebida,ORDEN,1.00,35.00,1,0,0,0
2026-05-08,Empanadas (4 pzas.),Empanada,ORDEN,1.00,144.00,1,1,0,0
2026-06-16,Café Negro,Bebida,ORDEN,5.00,210.00,1,0,0,0
2026-05-08,Entomatadas,Entomatada,ORDEN,1.00,147.00,1,0,0,0
2026-03-31,1/2 Enmoladas,Enmolada,ORDEN,1.00,197.00,1,1,0,0
2026-07-15,1/2 Enchiladas Picositas,Enchilada,ORDEN,1.00,130.00,1,1,0,0
2026-07-20,Té de Manzanilla,Bebida,ORDEN,1.00,33.00,1,0,0,0
2026-08-04,Horchata 1 Litro,Bebida,ORDEN,1.00,69.00,1,0,0,0
2026-04-13,Fuze Tea,Bebida,ORDEN,1.00,45.00,1,0,0,0
2026-07-13,Café con Leche,Bebida,ORDEN,20.00,840.00,3,0,0,0
2026-04-07,1/2 Quesadillas (2 pzas.),Quesadilla,ORDEN,3.00,258.00,2,0,2,0
2026-06-15,Quesadillas (4 pzas.),Quesadilla,ORDEN,3.00,399.00,1,0,0,0
2026-05-30,1/2 Enchiladas Picositas,Enchilada,ORDEN,2.00,292.00,2,1,0,0
2026-06-29,Porción Frijol con Queso,Guarnicion,ORDEN,2.00,10.00,1,0,0,0
2026-04-25,Migada Guisado de Carne,Migada,PIEZA,6.00,864.00,6,0,6,6.00
2026-03-21,1/2 Empanadas (2 pzas.),Empanada,ORDEN,7.00,658.00,7,0,3,0
2026-08-18,Quesadillas (4 pzas.),Quesadilla,ORDEN,2.00,413.00,2,2,3,0
2026-08-15,Porción Frijol con Queso,Guarnicion,ORDEN,2.00,10.00,1,0,0,0
2026-08-28,Enchiladas Rojas,Enchilada,ORDEN,2.00,332.00,2,1,1,0
2026-07-12,Guisado Infantil,Otros,ORDEN,2.00,76.00,1,0,0,0
2026-03-09,Orden Huevos Estrellados,Huevos,ORDEN,1.00,120.00,1,0,0,0
2026-05-19,1/2 Enfrijoladas,Enfrijolada,ORDEN,1.00,133.00,1,1,0,0
2026-06-15,Café Negro,Bebida,ORDEN,17.00,714.00,1,0,0,0
2026-03-20,Tacos de Harina,Taco,PIEZA,17.00,410.00,6,0,0,17.00
2026-05-23,Café Negro,Bebida,ORDEN,13.00,546.00,1,0,0,0
2026-06-25,Refresco 600 ml.,Bebida,ORDEN,11.00,429.00,6,0,0,0
2026-03-05,Empanadas (4 pzas.),Empanada,ORDEN,6.00,864.00,6,1,0,0
2026-08-13,Horchata Vaso,Bebida,ORDEN,2.00,84.00,1,0,0,0
2026-03-10,1/2 Enchiladas Picositas,Enchilada,ORDEN,1.00,95.00,1,0,0,0
2026-03-14,1/2 Encremadas,Encremada,ORDEN,3.00,320.00,2,1,0,0
2026-03-02,Empanadas (4 pzas.),Empanada,ORDEN,2.00,331.00,2,0,0,0
2026-06-18,1/2 Enchiladas Picositas,Enchilada,ORDEN,2.00,327.00,2,2,0,0
2026-07-11,Enchiladas Mixtas,Enchilada,ORDEN,1.00,249.00,1,1,0,0
2026-05-05,Huevos con Deshebrada,Huevos,ORDEN,3.00,405.00,1,0,0,0
2026-03-25,1/2 Entomatadas,Entomatada,ORDEN,4.00,555.00,4,3,1,0
2026-05-10,Migada Guisado Normal,Migada,PIEZA,2.00,306.00,2,0,1,2.00
2026-04-13,1/2 Enmoladas,Enmolada,ORDEN,2.00,292.00,2,1,0,0
2026-08-06,1/2 Encremadas,Encremada,ORDEN,1.00,130.00,1,1,0,0
2026-07-11,Gorditas,Gordita,PIEZA,215.00,4150.00,26,3,0,215.00
2026-04-07,1/2 Enchiladas Rojas,Enchilada,ORDEN,4.00,450.00,4,2,1,0
2026-08-01,Orden de Guisado de Carne,Guarnicion,ORDEN,1.00,135.00,1,1,0,0
2026-03-05,Migada Guisado de Carne,Migada,PIEZA,2.00,331.00,2,0,0,2.00
2026-07-13,Huevos Rancheros,Huevos,ORDEN,1.00,120.00,1,0,0,0
2026-04-01,Limón 1 Litro,Bebida,ORDEN,2.00,154.00,1,0,0,0
2026-07-23,Quesadillas (4 pzas.),Quesadilla,ORDEN,5.00,665.00,2,0,2,0
2026-04-30,Limón Vaso,Bebida,ORDEN,20.00,840.00,1,0,0,0
2026-08-01,Pieza Huevo Estrellado Cocido,Huevos,ORDEN,3.00,60.00,1,0,0,0
2026-08-24,Bistec 1 Pza.,Otros,ORDEN,1.00,102.00,1,0,0,0
2026-07-25,Empanadas (4 pzas.),Empanada,ORDEN,4.00,576.00,4,1,1,0
2026-08-30,Huevos con Deshebrada,Huevos,ORDEN,2.00,270.00,1,0,0,0
2026-06-07,1/2 Entomatadas,Entomatada,ORDEN,6.00,774.00,4,3,1,0
2026-03-20,Pieza de Pan,Guarnicion,ORDEN,5.00,140.00,1,0,0,0
2026-08-03,Bisquet,Otros,ORDEN,5.00,150.00,2,0,0,0
2026-06-21,Plátano Frito,Otros,ORDEN,2.00,84.00,2,0,0,0
2026-08-18,Encremadas,Encremada,ORDEN,1.00,147.00,1,0,0,0
2026-07-12,Quesadillas (4 pzas.),Quesadilla,ORDEN,4.00,532.00,4,0,2,0
2026-03-29,Migada Guisado Normal,Migada,PIEZA,3.00,439.00,3,0,1,3.00
2026-03-31,1/2 Encremadas,Encremada,ORDEN,1.00,197.00,1,1,0,0
2026-08-27,Migada Guisado de Carne,Migada,PIEZA,6.00,950.00,6,0,3,6.00
2026-04-19,Entomatadas,Entomatada,ORDEN,6.00,1121.00,3,2,0,0
2026-06-25,Café con Leche,Bebida,ORDEN,35.00,1470.00,3,0,0,0
2026-08-27,Huevos Rancheros,Huevos,ORDEN,1.00,120.00,1,0,0,0
2026-04-08,Gorditas,Gordita,PIEZA,175.00,3384.00,22,0,0,175.00
2026-03-24,Pieza Huevo Estrellado Cocido,Huevos,ORDEN,1.00,20.00,1,0,0,0
2026-04-21,1/2 Entomatadas,Entomatada,ORDEN,5.00,606.00,4,1,3,0
2026-06-01,Enchiladas Picositas,Enchilada,ORDEN,1.00,249.00,1,1,0,0
2026-08-05,Plátano Frito,Otros,ORDEN,1.00,42.00,1,0,0,0
2026-05-10,1/2 Enfrijoladas,Enfrijolada,ORDEN,1.00,95.00,1,0,2,0
2026-08-09,Pieza de Pan Dulce,Guarnicion,ORDEN,3.00,84.00,1,0,0,0
2026-07-25,Jamaica 1 Litro,Bebida,ORDEN,2.00,136.00,1,0,0,0
2026-05-02,Quesadillas (4 pzas.),Quesadilla,ORDEN,9.00,1312.00,3,1,2,0
2026-07-12,1/2 Enchiladas Picositas,Enchilada,ORDEN,1.00,197.00,1,1,0,0
2026-07-25,Pieza Huevo Estrellado Tierno,Huevos,ORDEN,1.00,20.00,1,0,0,0
2026-03-02,Migada Guisado de Carne,Migada,PIEZA,8.00,1152.00,6,0,3,8.00
2026-05-23,Pieza Huevo Estrellado Tierno,Huevos,ORDEN,1.00,20.00,1,0,0,0
2026-03-13,Orden Huevos Estrellados,Huevos,ORDEN,1.00,120.00,1,0,0,0
2026-08-01,Pieza Tortilla de Harina,Guarnicion,ORDEN,1.00,5.00,1,0,0,0
2026-05-15,Bisquet,Otros,ORDEN,1.00,30.00,1,0,0,0
2026-09-02,Pieza de Pan Dulce,Guarnicion,ORDEN,4.00,112.00,1,0,0,0
2026-07-15,Enchiladas Rojas,Enchilada,ORDEN,5.00,779.00,2,0,1,0
2026-07-26,1/2 Enmoladas,Enmolada,ORDEN,4.00,415.00,2,1,0,0
2026-07-14,Huevos a la Mexicana,Huevos,ORDEN,2.00,240.00,1,0,0,0
2026-07-27,Horchata Vaso,Bebida,ORDEN,7.00,294.00,1,0,0,0
2026-08-15,1/2 Empanadas (2 pzas.),Empanada,ORDEN,4.00,386.00,4,1,1,0
2026-05-09,1/2 Entomatadas,Entomatada,ORDEN,11.00,1360.00,8,5,4,0
2026-06-26,1/2 Enchiladas Picositas,Enchilada,ORDEN,2.00,327.00,2,2,0,0
2026-08-19,Refresco 600 ml.,Bebida,ORDEN,13.00,507.00,3,0,0,0
2026-07-23,Horchata Vaso,Bebida,ORDEN,4.00,168.00,1,0,0,0
2026-05-22,Fuze Tea,Bebida,ORDEN,1.00,45.00,1,0,0,0
2026-07-17,Aguacate Extra,Otros,ORDEN,1.00,15.00,1,0,0,0
2026-07-24,Pieza Huevo Estrellado Medio,Huevos,ORDEN,1.00,20.00,1,0,0,0
2026-06-30,1/2 Enfrijoladas,Enfrijolada,ORDEN,1.00,95.00,1,0,0,0
2026-04-02,Pieza Tortilla de Harina,Guarnicion,ORDEN,3.00,15.00,1,0,0,0
2026-05-10,Limón 1 Litro,Bebida,ORDEN,2.00,154.00,1,0,0,0
2026-03-21,Quesadillas (4 pzas.),Quesadilla,ORDEN,8.00,1184.00,4,0,5,0
2026-06-16,Salsa Habanera,Guarnicion,ORDEN,1.00,0.00,1,0,0,0
2026-07-09,1/2 Entomatadas,Entomatada,ORDEN,7.00,1093.00,7,4,6,0
2026-04-14,Migada Guisado de Carne,Migada,PIEZA,5.00,763.00,5,0,2,5.00
2026-03-29,Salsa Roja,Guarnicion,ORDEN,4.00,0.00,1,0,0,0
2026-06-02,Horchata Vaso,Bebida,ORDEN,4.00,168.00,1,0,0,0
2026-07-15,Huevos Rancheros,Huevos,ORDEN,2.00,240.00,1,0,0,0
2026-07-31,1/2 Enmoladas,Enmolada,ORDEN,3.00,320.00,2,1,0,0
2026-08-12,Gorditas Surtidas,Gordita,PIEZA,1.00,95.00,1,0,0,5.00
2026-06-09,Jamaica 1 Litro,Bebida,ORDEN,1.00,59.00,1,0,0,0
2026-07-07,Tacos de Maiz,Taco,PIEZA,20.00,440.00,8,0,0,20.00
2026-06-09,Enmoladas,Enmolada,ORDEN,1.00,147.00,1,0,0,0
2026-04-14,1/2 Encremadas,Encremada,ORDEN,1.00,95.00,1,0,1,0
2026-06-24,Gorditas de Azúcar,Gordita,PIEZA,1.00,42.00,1,0,0,1.00
2026-06-22,Tacos de Harina,Taco,PIEZA,48.00,1056.00,13,0,0,48.00
2026-07-01,Enmoladas,Enmolada,ORDEN,2.00,364.00,1,1,0,0
2026-06-12,Huevo Estrellado 2 pzas.,Huevos,ORDEN,1.00,35.00,1,0,0,0
2026-03-30,Bocoles,Bocol,PIEZA,59.00,1325.00,17,0,3,59.00
2026-06-29,1/2 Enchiladas Mixtas (4 Piezas),Enchilada,ORDEN,1.00,221.00,1,1,0,0
2026-05-31,Encremadas,Encremada,ORDEN,1.00,147.00,1,0,0,0
2026-04-23,Jamaica Vaso,Bebida,ORDEN,11.00,462.00,1,0,0,0
2026-04-27,Tacos de Harina,Taco,PIEZA,10.00,238.00,8,0,0,10.00
2026-05-03,1/2 Enchiladas Rojas,Enchilada,ORDEN,9.00,1100.00,6,5,0,0
2026-06-15,Migada Guisado Normal,Migada,PIEZA,1.00,133.00,1,0,3,1.00
2026-03-21,Huevos a la Mexicana,Huevos,ORDEN,5.00,636.00,1,0,0,0
2026-07-19,Jamaica Vaso,Bebida,ORDEN,17.00,714.00,1,0,0,0
2026-04-07,Plátano Frito,Otros,ORDEN,1.00,42.00,1,0,0,0
2026-04-27,1/2 Empanadas (2 pzas.),Empanada,ORDEN,5.00,470.00,4,1,0,0
2026-03-31,1/2 Empanadas (2 pzas.),Empanada,ORDEN,4.00,376.00,4,0,2,0
2026-06-01,Plátano Frito,Otros,ORDEN,1.00,42.00,1,0,0,0
2026-06-27,Migada Guisado Normal,Migada,PIEZA,2.00,266.00,2,0,0,2.00
2026-05-27,Pieza Huevo Estrellado Cocido,Huevos,ORDEN,1.00,20.00,1,0,0,0
2026-03-09,Bocoles,Bocol,PIEZA,60.00,1332.00,16,0,0,60.00
2026-08-29,Jamaica 1 Litro,Bebida,ORDEN,1.00,59.00,1,0,0,0
2026-03-15,Tacos de Harina,Taco,PIEZA,37.00,818.00,13,0,0,37.00
2026-05-24,Zanahorias p/llevar,Otros,ORDEN,3.00,0.00,1,0,0,0
2026-08-30,Encremadas,Encremada,ORDEN,1.00,249.00,1,1,0,0
2026-03-22,Enmoladas,Enmolada,ORDEN,2.00,338.00,2,0,1,0
2026-07-31,Bisquet,Otros,ORDEN,3.00,90.00,1,0,0,0
2026-06-02,Quesadillas (4 pzas.),Quesadilla,ORDEN,1.00,133.00,1,0,1,0
2026-04-01,1/2 Enchiladas Rojas,Enchilada,ORDEN,8.00,1107.00,7,5,3,0
2026-04-02,Bisquet,Otros,ORDEN,3.00,90.00,1,0,0,0
2026-06-07,1/2 Encremadas,Encremada,ORDEN,2.00,292.00,2,1,0,0
2026-07-13,Limón Vaso,Bebida,ORDEN,13.00,546.00,1,0,0,0
2026-03-05,Zanahorias p/llevar,Otros,ORDEN,5.00,0.00,1,0,0,0
2026-03-01,1/2 Enchiladas Rojas,Enchilada,ORDEN,15.00,1941.00,12,8,6,0
2026-05-25,Entomatadas,Entomatada,ORDEN,3.00,581.00,3,2,0,0
2026-07-06,Orden Huevos Estrellados,Huevos,ORDEN,1.00,120.00,1,0,0,0
2026-08-13,Porción Ensalada,Guarnicion,ORDEN,1.00,25.00,1,0,0,0
2026-07-01,Pieza de Pan Dulce,Guarnicion,ORDEN,3.00,84.00,1,0,0,0
2026-04-24,1/2 Enmoladas,Enmolada,ORDEN,2.00,225.00,2,1,0,0
2026-05-21,Tacos de Harina,Taco,PIEZA,13.00,301.00,5,0,0,13.00
2026-06-04,Refresco 600 ml.,Bebida,ORDEN,17.00,663.00,4,0,0,0
2026-04-12,Jamaica Vaso,Bebida,ORDEN,17.00,727.00,1,0,0,0
2026-03-29,Ciel 600 ml.,Bebida,ORDEN,1.00,35.00,1,0,0,0
2026-05-18,Huevos a la Mexicana,Huevos,ORDEN,3.00,360.00,1,0,0,0
2026-05-23,Jamaica Vaso,Bebida,ORDEN,23.00,966.00,1,0,0,0
2026-07-09,Gorditas Surtidas,Gordita,PIEZA,2.00,190.00,1,0,0,10.00
2026-08-05,PROMO 6 surtidas,Otros,ORDEN,5.00,540.00,1,0,0,0
2026-03-24,1/2 Enchiladas Rojas,Enchilada,ORDEN,12.00,1487.00,7,5,2,0
2026-07-10,Quesadillas (4 pzas.),Quesadilla,ORDEN,5.00,700.00,3,1,1,0
2026-05-13,Orden de Guisado Normal,Guarnicion,ORDEN,1.00,120.00,1,1,0,0
2026-07-20,Empanadas (4 pzas.),Empanada,ORDEN,3.00,432.00,3,3,0,0
2026-08-10,1/2 Enchiladas Mixtas (4 Piezas),Enchilada,ORDEN,1.00,154.00,1,1,0,0
2026-06-20,1/2 Quesadillas (2 pzas.),Quesadilla,ORDEN,4.00,344.00,1,0,0,0
2026-08-27,Plátano Frito,Otros,ORDEN,1.00,42.00,1,0,0,0
2026-06-07,Limón 1 Litro,Bebida,ORDEN,1.00,59.00,1,0,0,0
2026-03-09,Café Negro,Bebida,ORDEN,9.00,378.00,1,0,0,0
2026-03-18,Bocoles,Bocol,PIEZA,35.00,782.00,16,0,0,35.00
2026-08-08,Horchata 1 Litro,Bebida,ORDEN,2.00,138.00,1,0,0,0
2026-08-02,Bisquet,Otros,ORDEN,6.00,180.00,1,0,0,0
2026-06-27,Pieza de Pan Dulce,Guarnicion,ORDEN,7.00,196.00,1,0,0,0
2026-08-05,1/2 Quesadillas (2 pzas.),Quesadilla,ORDEN,2.00,172.00,2,0,2,0
2026-08-25,Pieza Huevo Estrellado Medio,Huevos,ORDEN,1.00,20.00,1,0,0,0
2026-03-10,Orden Huevos Revueltos,Huevos,ORDEN,1.00,120.00,1,0,0,0
2026-04-16,1/2 Enchiladas Picositas,Enchilada,ORDEN,1.00,130.00,1,1,0,0
2026-04-06,Pieza de Pan,Guarnicion,ORDEN,6.00,168.00,1,0,0,0
2026-08-04,Café Negro,Bebida,ORDEN,12.00,504.00,1,0,0,0
2026-06-22,Pieza Huevo Estrellado Cocido,Huevos,ORDEN,1.00,20.00,1,0,0,0
2026-08-15,Horchata 1 Litro,Bebida,ORDEN,2.00,159.00,1,0,0,0
2026-06-20,Horchata Vaso,Bebida,ORDEN,7.00,307.00,1,0,0,0
2026-03-31,Huevos a la Mexicana,Huevos,ORDEN,1.00,120.00,1,0,0,0
2026-06-01,Jamaica Vaso,Bebida,ORDEN,18.00,756.00,1,0,0,0
2026-03-08,Migada Guisado de Carne,Migada,PIEZA,13.00,1915.00,13,0,9,13.00
2026-07-13,Gorditas de Azúcar,Gordita,PIEZA,1.00,42.00,1,0,0,1.00
2026-04-19,Enmoladas,Enmolada,ORDEN,2.00,373.00,2,1,0,0
2026-05-16,Huevos con Deshebrada,Huevos,ORDEN,1.00,135.00,1,0,0,0
2026-05-12,1/2 Encremadas,Encremada,ORDEN,1.00,133.00,1,1,0,0
2026-03-27,Migada Guisado Normal,Migada,PIEZA,1.00,133.00,1,0,0,1.00
2026-08-06,Pieza Extra Quesadilla,Quesadilla,ORDEN,1.00,35.00,1,0,0,0
2026-08-18,1/2 Empanadas (2 pzas.),Empanada,ORDEN,2.00,188.00,2,0,0,0
2026-04-25,Pieza de Pan,Guarnicion,ORDEN,9.00,252.00,1,0,0,0
2026-06-08,Café Negro,Bebida,ORDEN,14.00,588.00,1,0,0,0
2026-03-23,Limón 1 Litro,Bebida,ORDEN,2.00,118.00,1,0,0,0
2026-03-28,Salsa Verde,Guarnicion,ORDEN,1.00,0.00,1,0,0,0
2026-04-07,Gorditas,Gordita,PIEZA,214.00,4134.00,25,0,0,214.00
2026-08-14,Café con Leche,Bebida,ORDEN,29.00,1231.00,2,0,0,0
2026-04-21,PROMO 6 surtidas,Otros,ORDEN,6.00,648.00,1,0,0,0
2026-03-10,Horchata Vaso,Bebida,ORDEN,1.00,42.00,1,0,0,0
2026-04-13,Entomatadas,Entomatada,ORDEN,1.00,182.00,1,1,0,0
2026-07-25,Café Negro,Bebida,ORDEN,24.00,1008.00,1,0,0,0
2026-03-17,Plátano Frito,Otros,ORDEN,1.00,42.00,1,0,0,0
2026-07-31,Pieza Extra Quesadilla,Quesadilla,ORDEN,1.00,35.00,1,0,0,0
2026-03-08,1/2 Enmoladas,Enmolada,ORDEN,4.00,517.00,3,2,0,0
2026-03-21,Huevos Rancheros,Huevos,ORDEN,1.00,120.00,1,0,0,0
2026-07-02,Huevos a la Mexicana,Huevos,ORDEN,4.00,480.00,1,0,0,0
2026-08-25,Enchiladas Rojas,Enchilada,ORDEN,4.00,711.00,4,3,1,0
2026-03-04,Horchata Vaso,Bebida,ORDEN,3.00,126.00,1,0,0,0
2026-05-14,1/2 Entomatadas,Entomatada,ORDEN,3.00,524.00,2,2,1,0
2026-07-02,1/2 Enchiladas Rojas,Enchilada,ORDEN,7.00,881.00,6,5,1,0
2026-03-14,Ciel 600 ml.,Bebida,ORDEN,2.00,70.00,1,0,0,0
2026-05-28,Huevos a la Mexicana,Huevos,ORDEN,1.00,120.00,1,0,0,0
2026-04-30,Gorditas Surtidas,Gordita,PIEZA,2.00,114.00,1,0,0,6.00
2026-07-29,1/2 Empanadas (2 pzas.),Empanada,ORDEN,1.00,94.00,1,0,0,0
2026-09-05,1/2 Encremadas,Encremada,ORDEN,4.00,450.00,3,2,1,0
2026-03-08,Refresco 600 ml.,Bebida,ORDEN,16.00,624.00,3,0,0,0
2026-06-30,Ciel 600 ml.,Bebida,ORDEN,5.00,175.00,1,0,0,0
2026-05-01,Huevos Rancheros,Huevos,ORDEN,1.00,120.00,1,0,0,0
2026-04-13,Plátano Frito,Otros,ORDEN,2.00,84.00,2,0,0,0
2026-09-01,Pieza Huevo Estrellado Medio,Huevos,ORDEN,2.00,40.00,1,0,0,0
2026-09-05,1/2 Entomatadas,Entomatada,ORDEN,4.00,450.00,4,2,2,0
2026-06-09,Huevos con Deshebrada,Huevos,ORDEN,2.00,270.00,1,0,0,0
2026-06-28,Huevos con Deshebrada,Huevos,ORDEN,1.00,135.00,1,0,0,0
2026-08-04,Orden de Guisado Normal,Guarnicion,ORDEN,1.00,120.00,1,1,0,0
2026-06-01,1/2 Enfrijoladas,Enfrijolada,ORDEN,3.00,457.00,2,2,0,0
2026-04-16,Horchata Vaso,Bebida,ORDEN,6.00,265.00,1,0,0,0
2026-04-23,Pieza Huevo Estrellado Tierno,Huevos,ORDEN,1.00,20.00,1,0,0,0
2026-04-30,Café con Leche,Bebida,ORDEN,39.00,1664.00,1,0,0,0
2026-03-14,Tacos de Harina,Taco,PIEZA,35.00,797.00,14,1,0,35.00
2026-03-07,Empanadas (4 pzas.),Empanada,ORDEN,3.00,432.00,3,1,2,0
2026-04-17,Pieza de Pan,Guarnicion,ORDEN,4.00,112.00,1,0,0,0
2026-08-16,Plátano Frito,Otros,ORDEN,1.00,42.00,1,0,0,0
2026-08-20,Jamaica 1 Litro,Bebida,ORDEN,1.00,59.00,1,0,0,0
2026-05-30,Pieza de Pan,Guarnicion,ORDEN,10.00,280.00,1,0,0,0
2026-05-01,1/2 Enchiladas Picositas,Enchilada,ORDEN,4.00,619.00,3,2,0,0
2026-06-08,Bisquet,Otros,ORDEN,1.00,30.00,1,0,0,0
2026-07-19,Limón Vaso,Bebida,ORDEN,27.00,1134.00,1,0,0,0
2026-05-18,Jamaica Vaso,Bebida,ORDEN,18.00,756.00,1,0,0,0
2026-08-16,1/2 Entomatadas,Entomatada,ORDEN,7.00,846.00,6,5,3,0
2026-08-21,Huevos a la Mexicana,Huevos,ORDEN,2.00,240.00,1,0,0,0
2026-08-01,Tacos de Harina,Taco,PIEZA,31.00,724.00,13,0,2,31.00
2026-08-23,Refresco 355 ml.,Bebida,ORDEN,6.00,210.00,2,0,0,0
2026-08-24,Huevos a la Mexicana,Huevos,ORDEN,5.00,600.00,1,0,0,0
2026-03-09,Refresco 355 ml.,Bebida,ORDEN,1.00,35.00,1,0,0,0
2026-04-21,Tacos de Harina,Taco,PIEZA,14.00,329.00,6,0,1,14.00
2026-08-08,Horchata Vaso,Bebida,ORDEN,7.00,294.00,1,0,0,0
2026-08-24,Limón Vaso,Bebida,ORDEN,19.00,798.00,1,0,0,0
2026-06-07,Horchata Vaso,Bebida,ORDEN,8.00,336.00,1,0,0,0
2026-06-18,Jamaica Vaso,Bebida,ORDEN,13.00,546.00,1,0,0,0
2026-06-19,Enfrijoladas,Enfrijolada,ORDEN,1.00,182.00,1,1,0,0
2026-03-11,Migada Guisado Normal,Migada,PIEZA,1.00,133.00,1,0,0,1.00
2026-08-19,1/2 Enchiladas Picositas,Enchilada,ORDEN,3.00,320.00,2,1,0,0
2026-03-09,Huevo Estrellado 2 pzas.,Huevos,ORDEN,1.00,35.00,1,0,0,0
2026-03-07,Migada Guisado Normal,Migada,PIEZA,1.00,133.00,1,0,0,1.00
2026-08-04,Migada Guisado de Carne,Migada,PIEZA,10.00,1526.00,7,0,6,10.00
2026-03-24,Huevo Estrellado 2 pzas.,Huevos,ORDEN,1.00,35.00,1,0,0,0
2026-03-08,Huevos a la Mexicana,Huevos,ORDEN,2.00,240.00,1,0,0,0
2026-03-21,Tacos de Maiz,Taco,PIEZA,53.00,1171.00,17,1,1,53.00
2026-07-09,Huevos a la Mexicana,Huevos,ORDEN,1.00,120.00,1,0,0,0
2026-08-01,Porción Ensalada,Guarnicion,ORDEN,1.00,25.00,1,0,0,0
2026-06-20,Migada Guisado de Carne,Migada,PIEZA,15.00,2203.00,14,0,3,15.00
2026-05-21,Pieza Tortilla de Harina,Guarnicion,ORDEN,1.00,5.00,1,0,0,0
2026-08-17,Jamaica Vaso,Bebida,ORDEN,20.00,840.00,1,0,0,0
2026-08-30,Enchiladas Rojas,Enchilada,ORDEN,4.00,763.00,4,3,0,0
2026-07-03,1/2 Enchiladas Rojas,Enchilada,ORDEN,11.00,1494.00,8,6,3,0
2026-06-01,Café con Leche,Bebida,ORDEN,29.00,1218.00,2,0,0,0
2026-04-12,1/2 Enchiladas Rojas,Enchilada,ORDEN,20.00,2597.00,12,10,7,0
2026-03-28,Tacos de Harina,Taco,PIEZA,24.00,552.00,10,0,1,24.00
2026-06-07,Huevo Estrellado 2 pzas.,Huevos,ORDEN,2.00,70.00,1,0,0,0
2026-07-19,1/2 Entomatadas,Entomatada,ORDEN,5.00,790.00,5,5,0,0
2026-07-07,Horchata Vaso,Bebida,ORDEN,8.00,336.00,1,0,0,0
2026-03-11,Plátano Frito,Otros,ORDEN,1.00,42.00,1,0,0,0
2026-04-06,Encremadas,Encremada,ORDEN,1.00,182.00,1,1,0,0
2026-05-21,Refresco 600 ml.,Bebida,ORDEN,15.00,585.00,4,0,0,0
2026-08-29,1/2 Empanadas (2 pzas.),Empanada,ORDEN,2.00,188.00,2,0,1,0
2026-06-25,Limón Vaso,Bebida,ORDEN,19.00,798.00,1,0,0,0
2026-05-23,Huevos Rancheros,Huevos,ORDEN,1.00,120.00,1,0,0,0
2026-06-03,Jamaica Vaso,Bebida,ORDEN,20.00,840.00,1,0,0,0
2026-06-26,Gorditas,Gordita,PIEZA,216.00,4217.00,22,0,0,216.00
2026-04-01,Café con Leche,Bebida,ORDEN,35.00,1470.00,3,0,0,0
2026-07-27,Café Negro,Bebida,ORDEN,8.00,336.00,1,0,0,0
2026-08-26,Horchata Vaso,Bebida,ORDEN,11.00,462.00,1,0,0,0
2026-06-25,Migada Guisado de Carne,Migada,PIEZA,5.00,720.00,5,0,2,5.00
2026-05-28,Enchiladas Rojas,Enchilada,ORDEN,1.00,147.00,1,0,0,0
2026-06-15,Jamaica 1 Litro,Bebida,ORDEN,3.00,177.00,1,0,0,0
2026-08-11,Pieza Huevo Estrellado Medio,Huevos,ORDEN,1.00,20.00,1,0,0,0
2026-07-21,Huevos Rancheros,Huevos,ORDEN,2.00,240.00,1,0,0,0
2026-07-29,Horchata Vaso,Bebida,ORDEN,4.00,168.00,1,0,0,0
2026-05-11,Limón 1 Litro,Bebida,ORDEN,1.00,59.00,1,0,0,0
2026-06-26,Huevo Revuelto 2 pzas.,Huevos,ORDEN,1.00,35.00,1,0,0,0
2026-07-07,Encremadas,Encremada,ORDEN,1.00,182.00,1,1,0,0
2026-07-19,Pieza de Pan Dulce,Guarnicion,ORDEN,2.00,56.00,1,0,0,0
2026-03-19,Gorditas,Gordita,PIEZA,152.00,2888.00,19,0,0,152.00
2026-04-06,Quesadillas (4 pzas.),Quesadilla,ORDEN,6.00,833.00,2,1,0,0
2026-03-04,Jamaica Vaso,Bebida,ORDEN,13.00,546.00,1,0,0,0
2026-04-11,1/2 Empanadas (2 pzas.),Empanada,ORDEN,3.00,282.00,3,0,0,0
2026-04-22,Orden Huevos Estrellados,Huevos,ORDEN,2.00,240.00,2,0,0,0
2026-07-15,1/2 Encremadas,Encremada,ORDEN,1.00,130.00,1,1,0,0
2026-04-11,Migada Guisado de Carne,Migada,PIEZA,13.00,1872.00,13,0,11,13.00
2026-08-24,Pieza de Pan Dulce,Guarnicion,ORDEN,4.00,112.00,1,0,0,0
2026-04-14,Empanadas (4 pzas.),Empanada,ORDEN,2.00,331.00,2,0,3,0
2026-07-29,1/2 Enchiladas Mixtas (4 Piezas),Enchilada,ORDEN,1.00,221.00,1,1,0,0
2026-05-10,Topo Chico 600 ml.,Bebida,ORDEN,1.00,39.00,1,0,0,0
2026-05-21,Empanadas (4 pzas.),Empanada,ORDEN,3.00,475.00,3,1,4,0
2026-07-01,Refresco 355 ml.,Bebida,ORDEN,8.00,280.00,2,0,0,0
2026-06-26,Salsa Habanera,Guarnicion,ORDEN,1.00,0.00,1,0,0,0
2026-05-03,Café Negro,Bebida,ORDEN,20.00,840.00,1,0,0,0
2026-08-24,Horchata Vaso,Bebida,ORDEN,7.00,294.00,1,0,0,0
2026-07-28,Fuze Tea,Bebida,ORDEN,1.00,45.00,1,0,0,0
2026-03-17,Horchata Vaso,Bebida,ORDEN,1.00,42.00,1,0,0,0
2026-04-09,Huevos a la Mexicana,Huevos,ORDEN,4.00,480.00,1,0,0,0
2026-08-05,Café Negro,Bebida,ORDEN,8.00,336.00,1,0,0,0
2026-05-13,Refresco 355 ml.,Bebida,ORDEN,4.00,140.00,1,0,0,0
2026-07-02,Limón 1 Litro,Bebida,ORDEN,1.00,77.00,1,0,0,0
2026-04-16,Café Negro,Bebida,ORDEN,11.00,462.00,2,0,0,0
2026-06-24,Café Negro,Bebida,ORDEN,10.00,420.00,2,0,0,0
2026-03-06,Enchiladas Rojas,Enchilada,ORDEN,2.00,411.00,2,3,2,0
2026-03-14,Café con Leche,Bebida,ORDEN,51.00,2142.00,2,0,0,0
2026-08-06,Quesadillas (4 pzas.),Quesadilla,ORDEN,4.00,572.00,3,0,2,0
2026-06-05,Enchiladas Mixtas,Enchilada,ORDEN,1.00,147.00,1,0,0,0
2026-03-11,Horchata Vaso,Bebida,ORDEN,4.00,168.00,1,0,0,0
2026-07-23,1/2 Quesadillas (2 pzas.),Quesadilla,ORDEN,2.00,172.00,1,0,0,0
2026-06-17,1/2 Enchiladas Rojas,Enchilada,ORDEN,2.00,225.00,2,1,2,0
2026-04-28,Jamaica 1 Litro,Bebida,ORDEN,1.00,77.00,1,0,0,0
2026-08-27,Gorditas,Gordita,PIEZA,128.00,2507.00,21,0,4,128.00
2026-03-26,1/2 Enchiladas Picositas,Enchilada,ORDEN,1.00,130.00,1,1,1,0
2026-07-29,Refresco 600 ml.,Bebida,ORDEN,27.00,1053.00,9,0,0,0
2026-05-24,Bocoles,Bocol,PIEZA,98.00,2243.00,18,0,2,98.00
2026-06-08,Aguacate Extra,Otros,ORDEN,1.00,15.00,1,0,0,0
2026-07-12,Entomatadas,Entomatada,ORDEN,1.00,182.00,1,1,0,0
2026-05-08,1/2 Enchiladas Picositas,Enchilada,ORDEN,3.00,358.00,3,2,1,0
2026-08-23,1/2 Entomatadas,Entomatada,ORDEN,11.00,1570.00,6,7,2,0
2026-05-24,Migada Guisado Normal,Migada,PIEZA,2.00,266.00,2,0,0,2.00
2026-06-25,Limón 1 Litro,Bebida,ORDEN,1.00,59.00,1,0,0,0
2026-05-29,1/2 Enchiladas Mixtas (4 Piezas),Enchilada,ORDEN,1.00,119.00,1,0,0,0
2026-08-12,Porción Frijol con Queso,Guarnicion,ORDEN,1.00,5.00,1,0,0,0
2026-05-02,Pieza Huevo Estrellado Tierno,Huevos,ORDEN,2.00,40.00,1,0,0,0
2026-05-19,Tacos de Harina,Taco,PIEZA,26.00,617.00,11,0,0,26.00
2026-03-13,Empanadas (4 pzas.),Empanada,ORDEN,5.00,576.00,5,1,6,0
2026-05-03,Gorditas,Gordita,PIEZA,313.00,6148.00,26,2,1,313.00
2026-06-06,Salsa Verde,Guarnicion,ORDEN,1.00,0.00,1,0,0,0
2026-05-29,Enchiladas Mixtas,Enchilada,ORDEN,2.00,329.00,2,1,1,0
2026-06-24,1/2 Entomatadas,Entomatada,ORDEN,4.00,517.00,3,2,0,0
2026-07-14,1/2 Enchiladas Rojas,Enchilada,ORDEN,4.00,485.00,3,2,0,0
2026-08-24,Enchiladas Rojas,Enchilada,ORDEN,1.00,191.00,1,0,0,0
2026-04-30,Pieza de Pan,Guarnicion,ORDEN,5.00,140.00,1,0,0,0
2026-04-18,Pieza Huevo Estrellado Tierno,Huevos,ORDEN,1.00,20.00,1,0,0,0
2026-08-26,Café con Leche,Bebida,ORDEN,30.00,1260.00,2,0,0,0
2026-08-26,Tacos de Harina,Taco,PIEZA,15.00,333.00,8,0,2,15.00
2026-04-25,Horchata 1 Litro,Bebida,ORDEN,1.00,69.00,1,0,0,0
2026-06-02,1/2 Enfrijoladas,Enfrijolada,ORDEN,1.00,133.00,1,1,0,0
2026-07-09,1/2 Enmoladas,Enmolada,ORDEN,3.00,457.00,3,3,0,0
2026-07-23,1/2 Enchiladas Picositas,Enchilada,ORDEN,1.00,130.00,1,1,0,0
2026-05-18,1/2 Quesadillas (2 pzas.),Quesadilla,ORDEN,1.00,86.00,1,0,1,0
2026-07-26,Tacos de Maiz,Taco,PIEZA,49.00,1105.00,15,0,0,49.00
2026-06-22,Huevo Estrellado 2 pzas.,Huevos,ORDEN,1.00,35.00,1,0,0,0
2026-03-16,Migada Guisado Normal,Migada,PIEZA,1.00,133.00,1,0,0,1.00
2026-05-16,Pieza Huevo Estrellado Cocido,Huevos,ORDEN,1.00,20.00,1,0,0,0
2026-06-23,Bocoles,Bocol,PIEZA,62.00,1370.00,15,0,2,62.00
2026-07-05,1/2 Enmoladas,Enmolada,ORDEN,1.00,130.00,1,1,0,0
2026-03-03,Jamaica Vaso,Bebida,ORDEN,18.00,756.00,1,0,0,0
2026-05-01,Horchata Vaso,Bebida,ORDEN,6.00,252.00,1,0,0,0
2026-07-01,Salsa Verde,Guarnicion,ORDEN,1.00,0.00,1,0,0,0
2026-05-15,Orden de Guisado Normal,Guarnicion,ORDEN,2.00,240.00,1,1,0,0
2026-06-16,Gorditas Surtidas,Gordita,PIEZA,1.00,152.00,1,0,0,8.00
2026-08-06,1/2 Entomatadas,Entomatada,ORDEN,5.00,510.00,3,1,1,0
2026-04-06,Orden de Guisado de Carne,Guarnicion,ORDEN,2.00,270.00,1,0,0,0
2026-04-16,1/2 Enmoladas,Enmolada,ORDEN,1.00,197.00,1,1,0,0
2026-06-04,Té de Manzanilla,Bebida,ORDEN,1.00,33.00,1,0,0,0
2026-06-01,Pieza de Pan,Guarnicion,ORDEN,1.00,28.00,1,0,0,0
2026-06-05,Porción Ensalada,Guarnicion,ORDEN,2.00,50.00,1,0,0,0
2026-07-30,Tacos de Harina,Taco,PIEZA,22.00,506.00,10,1,3,22.00
2026-06-12,1/2 Empanadas (2 pzas.),Empanada,ORDEN,4.00,432.00,4,0,4,0
2026-08-15,Plátano Frito,Otros,ORDEN,3.00,126.00,2,0,0,0
2026-04-05,Fuze Tea,Bebida,ORDEN,2.00,90.00,1,0,0,0
2026-05-22,1/2 Encremadas,Encremada,ORDEN,1.00,95.00,1,0,0,0
2026-04-19,Jamaica 1 Litro,Bebida,ORDEN,3.00,177.00,1,0,0,0
2026-06-06,Horchata 1 Litro,Bebida,ORDEN,3.00,207.00,1,0,0,0
2026-05-09,Encremadas,Encremada,ORDEN,1.00,182.00,1,1,0,0
2026-07-16,Jamaica 1 Litro,Bebida,ORDEN,1.00,59.00,1,0,0,0
2026-06-13,Enmoladas,Enmolada,ORDEN,1.00,147.00,1,0,1,0
2026-06-29,1/2 Encremadas,Encremada,ORDEN,1.00,197.00,1,1,0,0
2026-08-25,1/2 Encremadas,Encremada,ORDEN,1.00,197.00,1,1,0,0
2026-03-26,Enchiladas Picositas,Enchilada,ORDEN,2.00,396.00,2,1,0,0
2026-05-18,Tacos de Harina,Taco,PIEZA,29.00,668.00,13,0,0,29.00
2026-08-11,Limón Vaso,Bebida,ORDEN,17.00,714.00,1,0,0,0
2026-06-30,Gorditas de Azúcar,Gordita,PIEZA,1.00,42.00,1,0,0,1.00
2026-08-16,1/2 Enmoladas,Enmolada,ORDEN,3.00,355.00,3,2,0,0
2026-07-12,Enchiladas Rojas,Enchilada,ORDEN,2.00,329.00,2,1,1,0
2026-04-29,Tacos de Maiz,Taco,PIEZA,45.00,1014.00,13,0,0,45.00
2026-04-14,PROMO 6 surtidas,Otros,ORDEN,4.00,432.00,1,0,0,0
2026-08-28,Plátano Frito,Otros,ORDEN,1.00,42.00,1,0,0,0
2026-05-15,Tacos de Harina,Taco,PIEZA,32.00,713.00,14,0,0,32.00
2026-03-23,Refresco 355 ml.,Bebida,ORDEN,2.00,70.00,1,0,0,0
2026-04-24,Refresco 355 ml.,Bebida,ORDEN,6.00,210.00,2,0,0,0
2026-07-23,Entomatadas,Entomatada,ORDEN,4.00,929.00,2,2,0,0
2026-04-01,Limón Vaso,Bebida,ORDEN,28.00,1176.00,1,0,0,0
2026-07-05,Porción Frijol con Queso,Guarnicion,ORDEN,3.00,15.00,1,0,0,0
2026-06-29,Tacos de Harina,Taco,PIEZA,13.00,298.00,6,0,0,13.00
2026-06-16,Huevos Rancheros,Huevos,ORDEN,3.00,360.00,1,0,0,0
2026-03-16,Enchiladas Mixtas,Enchilada,ORDEN,1.00,249.00,1,1,0,0
2026-06-19,1/2 Enfrijoladas,Enfrijolada,ORDEN,3.00,489.00,3,2,3,0
2026-05-02,1/2 Enchiladas Picositas,Enchilada,ORDEN,1.00,130.00,1,1,0,0
2026-08-04,1/2 Empanadas (2 pzas.),Empanada,ORDEN,2.00,188.00,2,0,0,0
2026-08-25,Bocoles,Bocol,PIEZA,32.00,710.00,15,0,0,32.00
2026-05-08,Quesadillas (4 pzas.),Quesadilla,ORDEN,1.00,173.00,1,0,0,0
2026-05-20,Café con Leche,Bebida,ORDEN,30.00,1260.00,4,0,0,0
2026-06-18,Huevos a la Mexicana,Huevos,ORDEN,1.00,120.00,1,0,0,0
2026-09-03,1/2 Entomatadas,Entomatada,ORDEN,7.00,875.00,7,4,4,0
2026-07-07,Gorditas de Azúcar,Gordita,PIEZA,4.00,168.00,1,0,0,4.00
2026-08-24,Huevos Rancheros,Huevos,ORDEN,3.00,360.00,1,0,0,0
2026-06-25,Horchata 1 Litro,Bebida,ORDEN,1.00,69.00,1,0,0,0
2026-06-21,Pieza Extra Quesadilla,Quesadilla,ORDEN,1.00,35.00,1,0,0,0
2026-05-29,Ciel 600 ml.,Bebida,ORDEN,2.00,70.00,1,0,0,0
2026-04-16,Pieza Tortilla de Maíz,Guarnicion,ORDEN,1.00,5.00,1,0,0,0
2026-07-23,Fuze Tea,Bebida,ORDEN,1.00,45.00,1,0,0,0
2026-04-04,Entomatadas,Entomatada,ORDEN,4.00,658.00,3,2,0,0
2026-05-21,Huevo Estrellado 2 pzas.,Huevos,ORDEN,1.00,35.00,1,0,0,0
2026-07-24,1/2 Quesadillas (2 pzas.),Quesadilla,ORDEN,1.00,86.00,1,0,0,0
2026-05-17,Horchata Vaso,Bebida,ORDEN,7.00,294.00,1,0,0,0
2026-07-27,1/2 Enchiladas Rojas,Enchilada,ORDEN,1.00,130.00,1,1,0,0
2026-06-02,1/2 Quesadillas (2 pzas.),Quesadilla,ORDEN,5.00,465.00,2,1,2,0
2026-08-21,1/2 Empanadas (2 pzas.),Empanada,ORDEN,2.00,188.00,2,0,0,0
2026-08-15,Huevo Estrellado 2 pzas.,Huevos,ORDEN,1.00,35.00,1,0,0,0
2026-03-11,1/2 Enfrijoladas,Enfrijolada,ORDEN,1.00,130.00,1,1,0,0
2026-04-14,Jamaica Vaso,Bebida,ORDEN,9.00,378.00,1,0,0,0
2026-07-31,1/2 Enchiladas Mixtas (4 Piezas),Enchilada,ORDEN,3.00,532.00,3,3,0,0
2026-06-01,Gorditas,Gordita,PIEZA,186.00,3644.00,27,3,2,186.00
2026-04-05,Orden Huevos Revueltos,Huevos,ORDEN,1.00,120.00,1,0,0,0
2026-04-18,1/2 Enchiladas Rojas,Enchilada,ORDEN,7.00,802.00,6,3,9,0
2026-07-26,Horchata 1 Litro,Bebida,ORDEN,1.00,69.00,1,0,0,0
2026-05-14,Tacos de Maiz,Taco,PIEZA,25.00,571.00,9,0,0,25.00
2026-04-09,1/2 Encremadas,Encremada,ORDEN,3.00,422.00,2,2,0,0
2026-04-28,Bocoles,Bocol,PIEZA,36.00,832.00,15,0,3,36.00
2026-07-18,1/2 Empanadas (2 pzas.),Empanada,ORDEN,2.00,188.00,1,0,0,0
2026-05-13,1/2 Quesadillas (2 pzas.),Quesadilla,ORDEN,4.00,354.00,3,1,2,0
2026-05-12,Limón 1 Litro,Bebida,ORDEN,1.00,59.00,1,0,0,0
2026-07-27,Bisquet,Otros,ORDEN,6.00,180.00,1,0,0,0
2026-05-01,Porción Frijol con Queso,Guarnicion,ORDEN,1.00,5.00,1,0,0,0
2026-04-13,Refresco 600 ml.,Bebida,ORDEN,12.00,480.00,4,0,0,0
2026-08-28,1/2 Enchiladas Rojas,Enchilada,ORDEN,5.00,819.00,5,6,3,0
2026-06-03,Enchiladas Rojas,Enchilada,ORDEN,1.00,147.00,1,0,1,0
2026-04-12,1/2 Encremadas,Encremada,ORDEN,2.00,260.00,1,1,0,0
2026-07-15,Gorditas,Gordita,PIEZA,161.00,3151.00,21,0,1,161.00
2026-05-18,Empanadas (4 pzas.),Empanada,ORDEN,5.00,763.00,5,3,0,0
2026-03-04,Entomatadas,Entomatada,ORDEN,2.00,542.00,1,1,0,0
2026-05-11,Migada Guisado de Carne,Migada,PIEZA,6.00,864.00,4,0,0,6.00
2026-03-07,Huevos con Deshebrada,Huevos,ORDEN,4.00,540.00,1,0,0,0
2026-08-20,Quesadillas (4 pzas.),Quesadilla,ORDEN,2.00,306.00,1,0,0,0
2026-09-04,Bistec 1 Pza.,Otros,ORDEN,1.00,102.00,1,0,0,0
2026-03-23,Ciel 600 ml.,Bebida,ORDEN,1.00,35.00,1,0,0,0
2026-04-26,Huevo Estrellado 2 pzas.,Huevos,ORDEN,1.00,35.00,1,0,0,0
2026-04-27,Horchata Vaso,Bebida,ORDEN,1.00,42.00,1,0,0,0
2026-07-27,Orden de Guisado Normal,Guarnicion,ORDEN,1.00,120.00,1,1,0,0
2026-08-12,Pieza de Pan Dulce,Guarnicion,ORDEN,2.00,56.00,1,0,0,0
2026-08-24,1/2 Entomatadas,Entomatada,ORDEN,8.00,973.00,6,4,6,0
2026-07-30,Pieza Huevo Estrellado Ciego,Huevos,ORDEN,1.00,20.00,1,0,0,0
2026-06-28,Horchata 1 Litro,Bebida,ORDEN,3.00,207.00,1,0,0,0
2026-07-20,Bocoles,Bocol,PIEZA,37.00,814.00,15,0,2,37.00
2026-08-01,1/2 Encremadas,Encremada,ORDEN,1.00,95.00,1,0,0,0
2026-07-24,Plátano Frito,Otros,ORDEN,1.00,42.00,1,0,0,0
2026-04-04,Pieza Tortilla de Maíz,Guarnicion,ORDEN,2.00,10.00,1,0,0,0
2026-06-04,1/2 Enmoladas,Enmolada,ORDEN,1.00,197.00,1,1,2,0
2026-03-31,Enchiladas Rojas,Enchilada,ORDEN,4.00,588.00,1,0,0,0
2026-03-27,1/2 Quesadillas (2 pzas.),Quesadilla,ORDEN,7.00,637.00,4,1,3,0
2026-03-31,Enfrijoladas,Enfrijolada,ORDEN,2.00,376.00,2,3,3,0
2026-07-20,1/2 Enchiladas Rojas,Enchilada,ORDEN,3.00,349.00,2,1,0,0
2026-06-04,Refresco 355 ml.,Bebida,ORDEN,3.00,105.00,2,0,0,0
2026-05-02,Bisquet,Otros,ORDEN,9.00,270.00,1,0,0,0
2026-06-25,1/2 Enfrijoladas,Enfrijolada,ORDEN,4.00,450.00,3,2,0,0
2026-06-23,Pieza Tortilla de Maíz,Guarnicion,ORDEN,1.00,5.00,1,0,0,0
2026-07-13,Bisquet,Otros,ORDEN,3.00,90.00,1,0,0,0
2026-03-01,Huevo Revuelto 2 pzas.,Huevos,ORDEN,2.00,72.00,1,0,0,0
2026-06-10,Enmoladas,Enmolada,ORDEN,1.00,147.00,1,0,0,0
2026-05-09,Limón 1 Litro,Bebida,ORDEN,3.00,177.00,1,0,0,0
2026-03-21,1/2 Enmoladas,Enmolada,ORDEN,4.00,517.00,3,2,0,0
2026-08-29,Café con Leche,Bebida,ORDEN,37.00,1554.00,3,0,0,0
2026-03-07,Bocoles,Bocol,PIEZA,89.00,2092.00,22,4,3,89.00
2026-08-30,Refresco 600 ml.,Bebida,ORDEN,28.00,1092.00,10,0,0,0
2026-03-08,Gorditas,Gordita,PIEZA,341.00,6569.00,20,0,0,341.00
2026-05-08,Porción Ensalada,Guarnicion,ORDEN,2.00,50.00,1,0,0,0
2026-07-22,Gorditas,Gordita,PIEZA,196.00,3790.00,24,2,2,196.00
2026-03-08,Migada Guisado Normal,Migada,PIEZA,1.00,133.00,1,0,0,1.00
2026-07-14,Plátano Frito,Otros,ORDEN,1.00,42.00,1,0,0,0
2026-06-22,Enchiladas Picositas,Enchilada,ORDEN,2.00,329.00,2,1,2,0
2026-05-30,Jamaica 1 Litro,Bebida,ORDEN,2.00,118.00,1,0,0,0
2026-08-22,Pieza de Pan Dulce,Guarnicion,ORDEN,3.00,84.00,1,0,0,0
2026-06-02,1/2 Empanadas (2 pzas.),Empanada,ORDEN,3.00,282.00,3,0,1,0
2026-06-07,Ciel 600 ml.,Bebida,ORDEN,6.00,210.00,1,0,0,0
2026-06-17,1/2 Encremadas,Encremada,ORDEN,3.00,425.00,3,2,0,0
2026-03-22,1/2 Encremadas,Encremada,ORDEN,1.00,95.00,1,0,0,0
2026-04-25,Enchiladas Rojas,Enchilada,ORDEN,2.00,364.00,2,2,0,0
2026-03-27,Café con Leche,Bebida,ORDEN,39.00,1651.00,4,0,0,0
2026-08-09,Empanadas (4 pzas.),Empanada,ORDEN,9.00,1359.00,9,2,0,0
2026-05-16,Limón Vaso,Bebida,ORDEN,17.00,714.00,1,0,0,0
2026-07-07,Huevos Rancheros,Huevos,ORDEN,2.00,240.00,1,0,0,0
2026-04-11,Enchiladas Rojas,Enchilada,ORDEN,2.00,431.00,2,2,0,0
2026-05-27,1/2 Encremadas,Encremada,ORDEN,2.00,394.00,1,1,0,0
2026-06-21,Empanadas (4 pzas.),Empanada,ORDEN,5.00,763.00,5,1,2,0
2026-07-31,Empanadas (4 pzas.),Empanada,ORDEN,3.00,432.00,3,0,1,0
2026-04-08,Ciel 600 ml.,Bebida,ORDEN,1.00,35.00,1,0,0,0
2026-04-07,Pieza Huevo Estrellado Cocido,Huevos,ORDEN,1.00,20.00,1,0,0,0
2026-08-26,PROMO 6 surtidas,Otros,ORDEN,12.00,1296.00,1,0,0,0
2026-04-05,1/2 Entomatadas,Entomatada,ORDEN,10.00,1227.00,7,6,2,0
2026-06-04,Pieza Tortilla de Harina,Guarnicion,ORDEN,2.00,10.00,1,0,0,0
2026-06-19,1/2 Encremadas,Encremada,ORDEN,2.00,225.00,2,1,0,0
2026-07-28,Jamaica 1 Litro,Bebida,ORDEN,1.00,59.00,1,0,0,0
2026-06-14,Jamaica Vaso,Bebida,ORDEN,25.00,1050.00,1,0,0,0
2026-08-25,Refresco 355 ml.,Bebida,ORDEN,3.00,105.00,2,0,0,0
2026-04-17,Pieza Huevo Estrellado Medio,Huevos,ORDEN,2.00,40.00,1,0,0,0
2026-09-02,Bisquet,Otros,ORDEN,1.00,30.00,1,0,0,0
2026-05-01,Jamaica Vaso,Bebida,ORDEN,28.00,1176.00,1,0,0,0
2026-05-21,Gorditas,Gordita,PIEZA,153.00,3015.00,20,0,0,153.00
2026-04-26,Fuze Tea,Bebida,ORDEN,1.00,45.00,1,0,0,0
2026-06-14,Pieza Extra Quesadilla,Quesadilla,ORDEN,1.00,35.00,1,0,0,0
2026-04-08,Gorditas de Azúcar,Gordita,PIEZA,1.00,42.00,1,0,0,1.00
2026-06-08,Tacos de Maiz,Taco,PIEZA,16.00,355.00,10,0,0,16.00
2026-09-05,Huevos Rancheros,Huevos,ORDEN,4.00,480.00,1,0,0,0
2026-07-28,Gorditas Surtidas,Gordita,PIEZA,4.00,361.00,2,0,0,19.00
2026-04-10,Limón Vaso,Bebida,ORDEN,23.00,966.00,1,0,0,0
2026-03-18,Tacos de Harina,Taco,PIEZA,24.00,549.00,10,0,0,24.00
2026-07-18,1/2 Quesadillas (2 pzas.),Quesadilla,ORDEN,11.00,981.00,7,1,6,0
2026-05-10,Enchiladas Rojas,Enchilada,ORDEN,1.00,249.00,1,1,0,0
2026-08-11,Enmoladas,Enmolada,ORDEN,1.00,182.00,1,1,1,0
2026-08-30,Horchata 1 Litro,Bebida,ORDEN,4.00,276.00,1,0,0,0
2026-05-18,Café Negro,Bebida,ORDEN,4.00,168.00,1,0,0,0
2026-06-14,Pieza Tortilla de Harina,Guarnicion,ORDEN,2.00,10.00,1,0,0,0
2026-04-25,1/2 Enchiladas Picositas,Enchilada,ORDEN,3.00,457.00,3,3,1,0
2026-05-20,1/2 Quesadillas (2 pzas.),Quesadilla,ORDEN,6.00,542.00,3,0,3,0
2026-08-27,Bocoles,Bocol,PIEZA,64.00,1429.00,18,0,4,64.00
2026-03-29,1/2 Enchiladas Picositas,Enchilada,ORDEN,1.00,130.00,1,1,0,0
2026-06-28,Orden de Guisado Normal,Guarnicion,ORDEN,1.00,120.00,1,1,0,0
2026-08-30,Huevo Estrellado 2 pzas.,Huevos,ORDEN,1.00,35.00,1,0,0,0
2026-05-25,1/2 Quesadillas (2 pzas.),Quesadilla,ORDEN,4.00,344.00,4,0,2,0
2026-05-17,Entomatadas,Entomatada,ORDEN,6.00,1154.00,6,7,4,0
2026-08-20,Refresco 355 ml.,Bebida,ORDEN,5.00,175.00,2,0,0,0
2026-07-19,1/2 Enchiladas Mixtas (4 Piezas),Enchilada,ORDEN,2.00,308.00,2,2,1,0
2026-03-03,1/2 Enchiladas Picositas,Enchilada,ORDEN,6.00,812.00,6,5,1,0
2026-09-05,1/2 Quesadillas (2 pzas.),Quesadilla,ORDEN,7.00,602.00,3,0,2,0
2026-04-17,1/2 Encremadas,Encremada,ORDEN,2.00,292.00,2,1,0,0
2026-07-30,Migada Guisado Normal,Migada,PIEZA,2.00,266.00,2,0,1,2.00
2026-05-23,Empanadas (4 pzas.),Empanada,ORDEN,9.00,1339.00,9,0,2,0
2026-08-19,Pieza de Pan Dulce,Guarnicion,ORDEN,4.00,112.00,1,0,0,0
2026-05-03,Enchiladas Rojas,Enchilada,ORDEN,3.00,476.00,3,1,1,0
2026-06-17,Topo Chico 600 ml.,Bebida,ORDEN,1.00,39.00,1,0,0,0
2026-04-11,Ciel 600 ml.,Bebida,ORDEN,6.00,210.00,1,0,0,0
2026-07-07,Fuze Tea,Bebida,ORDEN,2.00,90.00,1,0,0,0
2026-08-26,1/2 Quesadillas (2 pzas.),Quesadilla,ORDEN,2.00,172.00,2,0,4,0
2026-03-31,Plátano Frito,Otros,ORDEN,3.00,126.00,2,0,0,0
2026-04-11,1/2 Enmoladas,Enmolada,ORDEN,5.00,787.00,4,4,0,0
2026-03-30,Tacos de Maiz,Taco,PIEZA,31.00,691.00,11,0,0,31.00
2026-04-05,Café con Leche,Bebida,ORDEN,59.00,2478.00,4,0,0,0
2026-05-20,Limón Vaso,Bebida,ORDEN,15.00,630.00,1,0,0,0
2026-06-26,1/2 Enmoladas,Enmolada,ORDEN,1.00,133.00,1,1,0,0
2026-08-01,Pieza Extra Empanada,Empanada,ORDEN,1.00,38.00,1,0,0,0
2026-03-07,Huevos a la Mexicana,Huevos,ORDEN,4.00,480.00,1,0,0,0
2026-07-03,Empanadas (4 pzas.),Empanada,ORDEN,3.00,432.00,3,1,1,0
2026-06-23,Café con Leche,Bebida,ORDEN,28.00,1189.00,3,0,0,0
2026-07-26,Salsa Verde,Guarnicion,ORDEN,4.00,40.00,1,0,0,0
2026-04-24,Gorditas Surtidas,Gordita,PIEZA,1.00,114.00,1,0,0,6.00
2026-05-17,Enfrijoladas,Enfrijolada,ORDEN,1.00,147.00,1,0,0,0
2026-03-13,Tacos de Harina,Taco,PIEZA,18.00,392.00,7,0,0,18.00
2026-06-20,1/2 Empanadas (2 pzas.),Empanada,ORDEN,2.00,216.00,2,0,1,0
2026-03-04,Porción Frijol con Queso,Guarnicion,ORDEN,1.00,5.00,1,0,0,0
2026-09-04,Guisado Infantil,Otros,ORDEN,2.00,76.00,2,0,0,0
2026-06-09,Bocoles,Bocol,PIEZA,54.00,1203.00,16,0,0,54.00
2026-05-11,1/2 Empanadas (2 pzas.),Empanada,ORDEN,1.00,94.00,1,0,1,0
2026-04-04,Plátano Frito,Otros,ORDEN,3.00,126.00,2,0,0,0
2026-05-15,Plátano Frito,Otros,ORDEN,1.00,42.00,1,0,0,0
2026-05-20,Huevos con Deshebrada,Huevos,ORDEN,1.00,135.00,1,0,0,0
2026-06-05,Ciel 600 ml.,Bebida,ORDEN,1.00,35.00,1,0,0,0
2026-03-06,Huevos Rancheros,Huevos,ORDEN,3.00,360.00,1,0,0,0
2026-05-24,Horchata Vaso,Bebida,ORDEN,6.00,265.00,1,0,0,0
2026-06-26,Limón Vaso,Bebida,ORDEN,11.00,462.00,1,0,0,0
2026-05-31,Tacos de Maiz,Taco,PIEZA,50.00,1123.00,15,0,0,50.00
2026-05-15,Pieza Tortilla de Harina,Guarnicion,ORDEN,1.00,5.00,1,0,0,0
2026-07-24,1/2 Enchiladas Rojas,Enchilada,ORDEN,7.00,770.00,4,2,1,0
2026-03-11,Tacos de Maiz,Taco,PIEZA,14.00,308.00,8,0,0,14.00
2026-08-25,Tacos de Maiz,Taco,PIEZA,13.00,286.00,8,0,0,13.00
2026-07-20,Huevos a la Mexicana,Huevos,ORDEN,3.00,360.00,1,0,0,0
2026-05-11,Horchata Vaso,Bebida,ORDEN,3.00,126.00,1,0,0,0
2026-07-05,Huevos Rancheros,Huevos,ORDEN,5.00,600.00,1,0,0,0
2026-07-28,Enchiladas Rojas,Enchilada,ORDEN,1.00,182.00,1,1,0,0
2026-06-23,Huevos Rancheros,Huevos,ORDEN,1.00,120.00,1,0,0,0
2026-05-04,Fuze Tea,Bebida,ORDEN,4.00,180.00,1,0,0,0
2026-08-29,Limón Vaso,Bebida,ORDEN,24.00,1008.00,1,0,0,0
2026-05-05,Tacos de Maiz,Taco,PIEZA,15.00,354.00,9,0,0,15.00
2026-05-16,Refresco 355 ml.,Bebida,ORDEN,9.00,315.00,2,0,0,0
2026-06-25,Huevo Revuelto 2 pzas.,Huevos,ORDEN,1.00,35.00,1,0,0,0
2026-06-18,1/2 Enchiladas Rojas,Enchilada,ORDEN,8.00,935.00,5,3,1,0
2026-03-31,Horchata 1 Litro,Bebida,ORDEN,3.00,207.00,1,0,0,0
2026-03-01,Jamaica Vaso,Bebida,ORDEN,40.00,1693.00,1,0,0,0
2026-07-02,1/2 Enchiladas Mixtas (4 Piezas),Enchilada,ORDEN,1.00,154.00,1,1,0,0
2026-09-02,Ciel 600 ml.,Bebida,ORDEN,1.00,35.00,1,0,0,0
2026-07-26,1/2 Empanadas (2 pzas.),Empanada,ORDEN,6.00,599.00,6,1,2,0
2026-05-10,Café con Leche,Bebida,ORDEN,64.00,2688.00,3,0,0,0
2026-08-20,Empanadas (4 pzas.),Empanada,ORDEN,2.00,288.00,2,1,0,0
2026-08-05,1/2 Enmoladas,Enmolada,ORDEN,3.00,387.00,3,1,1,0
2026-07-01,Quesadillas (4 pzas.),Quesadilla,ORDEN,5.00,665.00,2,0,1,0
2026-05-13,1/2 Encremadas,Encremada,ORDEN,1.00,95.00,1,0,0,0
2026-08-28,Zanahorias p/llevar,Otros,ORDEN,1.00,10.00,1,0,0,0
2026-06-11,1/2 Encremadas,Encremada,ORDEN,1.00,133.00,1,1,0,0
2026-08-14,1/2 Empanadas (2 pzas.),Empanada,ORDEN,4.00,376.00,4,0,1,0
2026-04-19,Café Negro,Bebida,ORDEN,14.00,588.00,1,0,0,0
2026-03-05,Enmoladas,Enmolada,ORDEN,1.00,147.00,1,0,0,0
2026-03-28,1/2 Enmoladas,Enmolada,ORDEN,3.00,489.00,2,1,0,0
2026-03-21,Bocoles Surtidos,Bocol,PIEZA,2.00,198.00,2,0,0,9.00
2026-06-02,1/2 Enmoladas,Enmolada,ORDEN,1.00,197.00,1,1,0,0
2026-09-05,Salsa Roja,Guarnicion,ORDEN,2.00,20.00,1,0,0,0
2026-06-05,Enchiladas Rojas,Enchilada,ORDEN,2.00,364.00,2,2,1,0
2026-06-05,Empanadas (4 pzas.),Empanada,ORDEN,3.00,432.00,3,1,0,0
2026-03-14,Gorditas de Azúcar,Gordita,PIEZA,1.00,42.00,1,0,0,1.00
2026-04-28,Entomatadas,Entomatada,ORDEN,1.00,249.00,1,1,0,0
2026-04-03,Jamaica 1 Litro,Bebida,ORDEN,1.00,59.00,1,0,0,0
2026-09-01,Fuze Tea,Bebida,ORDEN,1.00,45.00,1,0,0,0
2026-08-01,1/2 Entomatadas,Entomatada,ORDEN,4.00,587.00,4,4,0,0
2026-08-02,Migada Guisado Normal,Migada,PIEZA,1.00,133.00,1,0,0,1.00
2026-04-17,Horchata 1 Litro,Bebida,ORDEN,2.00,138.00,1,0,0,0
2026-07-08,Pieza Extra Empanada,Empanada,ORDEN,1.00,38.00,1,0,0,0
2026-08-01,Café Negro,Bebida,ORDEN,24.00,1008.00,1,0,0,0
2026-06-16,Huevos a la Mexicana,Huevos,ORDEN,2.00,240.00,1,0,0,0
2026-05-01,Orden de Guisado de Carne,Guarnicion,ORDEN,1.00,135.00,1,0,0,0
2026-08-05,Tacos de Maiz,Taco,PIEZA,15.00,333.00,10,0,0,15.00
2026-07-02,Refresco 600 ml.,Bebida,ORDEN,20.00,780.00,5,0,0,0
2026-06-12,Pieza Extra Quesadilla,Quesadilla,ORDEN,1.00,35.00,1,0,0,0
2026-03-04,Limón Vaso,Bebida,ORDEN,13.00,546.00,1,0,0,0
2026-03-04,Huevos Rancheros,Huevos,ORDEN,1.00,120.00,1,0,0,0
2026-06-14,Refresco 355 ml.,Bebida,ORDEN,2.00,70.00,1,0,0,0
2026-04-30,1/2 Enfrijoladas,Enfrijolada,ORDEN,3.00,457.00,3,3,2,0
2026-07-28,Topo Chico 600 ml.,Bebida,ORDEN,2.00,78.00,1,0,0,0
2026-09-03,Empanadas (4 pzas.),Empanada,ORDEN,7.00,1071.00,7,3,2,0
2026-03-16,Ciel 600 ml.,Bebida,ORDEN,1.00,35.00,1,0,0,0
2026-05-10,Refresco 600 ml.,Bebida,ORDEN,24.00,936.00,6,0,0,0
2026-04-03,Enmoladas,Enmolada,ORDEN,2.00,338.00,1,0,0,0
2026-04-28,Quesadillas (4 pzas.),Quesadilla,ORDEN,4.00,572.00,3,0,3,0
2026-03-28,Horchata 1 Litro,Bebida,ORDEN,4.00,276.00,1,0,0,0
2026-05-03,Plátano Frito,Otros,ORDEN,2.00,84.00,2,0,0,0
2026-08-02,Topo Chico 600 ml.,Bebida,ORDEN,2.00,78.00,1,0,0,0
2026-05-02,1/2 Encremadas,Encremada,ORDEN,1.00,95.00,1,0,0,0
2026-03-23,Migada Guisado Normal,Migada,PIEZA,2.00,266.00,2,0,0,2.00
2026-05-27,1/2 Enmoladas,Enmolada,ORDEN,3.00,422.00,3,2,0,0
2026-04-17,Quesadillas (4 pzas.),Quesadilla,ORDEN,3.00,399.00,1,0,0,0
2026-04-27,1/2 Entomatadas,Entomatada,ORDEN,1.00,130.00,1,1,0,0
2026-05-23,1/2 Empanadas (2 pzas.),Empanada,ORDEN,3.00,282.00,3,0,0,0
2026-05-17,1/2 Enchiladas Rojas,Enchilada,ORDEN,8.00,1034.00,4,3,0,0
2026-04-30,Enchiladas Picositas,Enchilada,ORDEN,2.00,478.00,2,3,0,0
2026-05-13,1/2 Enchiladas Rojas,Enchilada,ORDEN,8.00,1008.00,5,4,1,0
2026-09-05,Horchata 1 Litro,Bebida,ORDEN,2.00,159.00,1,0,0,0
2026-03-09,Pieza de Pan,Guarnicion,ORDEN,1.00,28.00,1,0,0,0
2026-06-04,Pieza Huevo Estrellado Cocido,Huevos,ORDEN,1.00,20.00,1,0,0,0
2026-09-03,Limón 1 Litro,Bebida,ORDEN,2.00,118.00,1,0,0,0
2026-03-10,Guisado Infantil,Otros,ORDEN,1.00,38.00,1,0,0,0
2026-08-28,Café con Leche,Bebida,ORDEN,21.00,895.00,3,0,0,0
2026-04-23,Horchata 1 Litro,Bebida,ORDEN,2.00,138.00,1,0,0,0
2026-04-01,Enmoladas,Enmolada,ORDEN,2.00,498.00,1,1,0,0
2026-08-01,Quesadillas (4 pzas.),Quesadilla,ORDEN,9.00,1477.00,4,0,6,0
2026-05-17,Empanadas (4 pzas.),Empanada,ORDEN,12.00,1857.00,12,3,1,0
2026-08-03,Migada Guisado Normal,Migada,PIEZA,1.00,133.00,1,0,0,1.00
2026-03-27,Enchiladas Mixtas,Enchilada,ORDEN,3.00,616.00,3,3,1,0
2026-03-17,Entomatadas,Entomatada,ORDEN,1.00,147.00,1,0,0,0
2026-07-22,1/2 Encremadas,Encremada,ORDEN,1.00,130.00,1,1,0,0
2026-08-10,Enfrijoladas,Enfrijolada,ORDEN,1.00,249.00,1,1,0,0
2026-08-06,Zanahorias p/llevar,Otros,ORDEN,1.00,10.00,1,0,0,0
2026-04-03,Bocoles,Bocol,PIEZA,136.00,3074.00,20,1,0,136.00
2026-05-30,Quesadillas (4 pzas.),Quesadilla,ORDEN,7.00,1148.00,4,2,3,0
2026-07-03,Ciel 600 ml.,Bebida,ORDEN,2.00,70.00,1,0,0,0
2026-03-21,1/2 Quesadillas (2 pzas.),Quesadilla,ORDEN,4.00,405.00,3,1,1,0
2026-04-22,1/2 Enchiladas Picositas,Enchilada,ORDEN,1.00,197.00,1,1,0,0
2026-03-21,1/2 Entomatadas,Entomatada,ORDEN,7.00,840.00,5,3,1,0
2026-04-07,Orden Huevos Revueltos,Huevos,ORDEN,1.00,120.00,1,0,0,0
2026-05-29,Topo Chico 600 ml.,Bebida,ORDEN,1.00,39.00,1,0,0,0
2026-03-02,Pieza de Pan,Guarnicion,ORDEN,1.00,28.00,1,0,0,0
2026-04-11,Bocoles,Bocol,PIEZA,82.00,1761.00,21,1,2,82.00
2026-07-22,1/2 Entomatadas,Entomatada,ORDEN,2.00,327.00,2,2,2,0
2026-05-20,1/2 Encremadas,Encremada,ORDEN,1.00,197.00,1,1,0,0
2026-07-30,Gorditas,Gordita,PIEZA,173.00,3299.00,22,0,2,173.00
2026-03-25,Orden Huevos Estrellados,Huevos,ORDEN,1.00,120.00,1,0,0,0
2026-03-01,Porción Frijol con Queso,Guarnicion,ORDEN,1.00,5.00,1,0,0,0
2026-09-05,Enmoladas,Enmolada,ORDEN,1.00,191.00,1,0,0,0
2026-05-20,Tacos de Harina,Taco,PIEZA,21.00,474.00,6,0,0,21.00
2026-05-30,Café Negro,Bebida,ORDEN,11.00,462.00,1,0,0,0
2026-04-01,1/2 Quesadillas (2 pzas.),Quesadilla,ORDEN,6.00,542.00,4,0,3,0
2026-06-08,Huevos Rancheros,Huevos,ORDEN,2.00,240.00,1,0,0,0
2026-05-16,Gorditas,Gordita,PIEZA,245.00,4880.00,25,2,0,245.00
2026-03-17,Refresco 355 ml.,Bebida,ORDEN,3.00,105.00,1,0,0,0
2026-03-02,1/2 Empanadas (2 pzas.),Empanada,ORDEN,3.00,282.00,3,1,1,0
2026-04-23,Refresco 600 ml.,Bebida,ORDEN,20.00,780.00,5,0,0,0
2026-09-01,Huevos a la Mexicana,Huevos,ORDEN,3.00,360.00,1,0,0,0
2026-03-29,Entomatadas,Entomatada,ORDEN,1.00,226.00,1,1,1,0
2026-04-17,Huevos con Deshebrada,Huevos,ORDEN,1.00,135.00,1,0,0,0
2026-04-03,Pieza Huevo Estrellado Medio,Huevos,ORDEN,1.00,20.00,1,0,0,0
2026-05-25,Tacos de Maiz,Taco,PIEZA,41.00,935.00,13,0,0,41.00
2026-04-03,Enfrijoladas,Enfrijolada,ORDEN,1.00,229.00,1,1,1,0
2026-06-14,Enchiladas Picositas,Enchilada,ORDEN,1.00,249.00,1,1,1,0
2026-03-08,1/2 Enchiladas Rojas,Enchilada,ORDEN,7.00,1006.00,4,3,1,0
2026-06-04,Migada Guisado de Carne,Migada,PIEZA,9.00,1339.00,9,0,8,9.00
2026-04-15,Pieza Huevo Estrellado Medio,Huevos,ORDEN,1.00,20.00,1,0,0,0
2026-04-19,Enchiladas Rojas,Enchilada,ORDEN,3.00,613.00,3,3,2,0
2026-07-20,Enfrijoladas,Enfrijolada,ORDEN,1.00,147.00,1,0,2,0
2026-08-10,Refresco 600 ml.,Bebida,ORDEN,24.00,936.00,6,0,0,0
2026-07-11,Pieza Huevo Estrellado Medio,Huevos,ORDEN,3.00,60.00,1,0,0,0
2026-08-07,1/2 Encremadas,Encremada,ORDEN,2.00,190.00,1,0,0,0
2026-03-15,1/2 Enmoladas,Enmolada,ORDEN,4.00,495.00,4,4,0,0
2026-07-16,Aguacate Extra,Otros,ORDEN,1.00,15.00,1,0,0,0
2026-05-06,Café Negro,Bebida,ORDEN,13.00,546.00,1,0,0,0
2026-07-18,Limón Vaso,Bebida,ORDEN,13.00,546.00,1,0,0,0
2026-03-03,Tacos de Maiz,Taco,PIEZA,20.00,440.00,10,0,0,20.00
2026-03-28,1/2 Enchiladas Picositas,Enchilada,ORDEN,1.00,130.00,1,1,0,0
2026-06-10,Gorditas Surtidas,Gordita,PIEZA,2.00,380.00,1,0,0,20.00
2026-05-09,Pieza Huevo Estrellado Medio,Huevos,ORDEN,1.00,20.00,1,0,0,0
2026-05-18,1/2 Enchiladas Picositas,Enchilada,ORDEN,2.00,327.00,2,2,0,0
2026-07-24,Jamaica Vaso,Bebida,ORDEN,19.00,798.00,1,0,0,0
2026-07-25,Huevo Estrellado 2 pzas.,Huevos,ORDEN,1.00,35.00,1,0,0,0
2026-08-02,Horchata Vaso,Bebida,ORDEN,8.00,336.00,1,0,0,0
2026-08-05,Migada Guisado de Carne,Migada,PIEZA,2.00,288.00,2,0,1,2.00
2026-03-08,Horchata Vaso,Bebida,ORDEN,5.00,210.00,1,0,0,0
2026-06-29,Enchiladas Rojas,Enchilada,ORDEN,1.00,182.00,1,1,0,0
2026-06-02,Huevo Estrellado 2 pzas.,Huevos,ORDEN,1.00,35.00,1,0,0,0
2026-07-03,Bocoles,Bocol,PIEZA,112.00,2506.00,22,1,0,112.00
2026-07-11,Bocoles,Bocol,PIEZA,68.00,1523.50,18,0,4,68.00
2026-08-04,Encremadas,Encremada,ORDEN,1.00,182.00,1,1,0,0
2026-03-04,1/2 Encremadas,Encremada,ORDEN,1.00,130.00,1,1,0,0
2026-07-23,Pieza Huevo Estrellado Tierno,Huevos,ORDEN,1.00,20.00,1,0,0,0
2026-07-11,Café Negro,Bebida,ORDEN,10.00,420.00,2,0,0,0
2026-04-01,Gorditas de Azúcar,Gordita,PIEZA,2.00,84.00,1,0,0,2.00
2026-03-16,Refresco 355 ml.,Bebida,ORDEN,5.00,175.00,2,0,0,0
2026-06-21,Bistec 1 Pza.,Otros,ORDEN,2.00,204.00,1,0,0,0
2026-09-01,Refresco 355 ml.,Bebida,ORDEN,8.00,280.00,2,0,0,0
2026-08-13,Café Negro,Bebida,ORDEN,9.00,378.00,1,0,0,0
2026-06-19,Empanadas (4 pzas.),Empanada,ORDEN,3.00,432.00,3,1,0,0
2026-04-28,Gorditas de Azúcar,Gordita,PIEZA,1.00,42.00,1,0,0,1.00
2026-07-02,1/2 Encremadas,Encremada,ORDEN,3.00,387.00,2,1,0,0
2026-07-07,Huevos a la Mexicana,Huevos,ORDEN,2.00,240.00,1,0,0,0
2026-03-04,PROMO 6 surtidas,Otros,ORDEN,3.00,324.00,1,0,0,0
2026-05-03,Orden de Guisado Normal,Guarnicion,ORDEN,2.00,240.00,2,2,0,0
2026-04-15,Refresco 355 ml.,Bebida,ORDEN,2.00,70.00,1,0,0,0
2026-04-18,Horchata 1 Litro,Bebida,ORDEN,1.00,69.00,1,0,0,0
2026-06-16,Plátano Frito,Otros,ORDEN,2.00,84.00,2,0,0,0
2026-07-31,Bistec 1 Pza.,Otros,ORDEN,1.00,102.00,1,0,0,0
2026-05-29,Pieza Huevo Estrellado Tierno,Huevos,ORDEN,1.00,20.00,1,0,0,0
2026-07-21,Gorditas,Gordita,PIEZA,143.00,2752.00,21,0,0,143.00
2026-05-05,Enchiladas Picositas,Enchilada,ORDEN,1.00,249.00,1,1,0,0
2026-07-09,Plátano Frito,Otros,ORDEN,1.00,42.00,1,0,0,0
2026-08-06,Topo Chico 600 ml.,Bebida,ORDEN,1.00,39.00,1,0,0,0
2026-08-15,Enchiladas Picositas,Enchilada,ORDEN,2.00,338.00,2,1,2,0
2026-04-03,1/2 Enchiladas Mixtas (4 Piezas),Enchilada,ORDEN,3.00,459.00,3,1,0,0
2026-05-01,Bisquet,Otros,ORDEN,9.00,270.00,1,0,0,0
2026-05-22,Migada Guisado de Carne,Migada,PIEZA,6.00,864.00,6,0,2,6.00
2026-04-30,1/2 Entomatadas,Entomatada,ORDEN,2.00,292.00,2,1,1,0
2026-07-03,Migada Guisado de Carne,Migada,PIEZA,7.00,1008.00,7,0,7,7.00
2026-06-21,Enfrijoladas,Enfrijolada,ORDEN,1.00,182.00,1,1,0,0
2026-04-22,Horchata 1 Litro,Bebida,ORDEN,1.00,69.00,1,0,0,0
2026-03-10,PROMO 6 surtidas,Otros,ORDEN,6.00,648.00,1,0,0,0
2026-05-30,1/2 Empanadas (2 pzas.),Empanada,ORDEN,4.00,376.00,4,0,6,0
2026-05-06,1/2 Enmoladas,Enmolada,ORDEN,2.00,190.00,1,0,0,0
2026-04-13,Migada Guisado de Carne,Migada,PIEZA,2.00,288.00,2,0,3,2.00
2026-05-18,Jamaica 1 Litro,Bebida,ORDEN,1.00,77.00,1,0,0,0
2026-03-25,PROMO 6 surtidas,Otros,ORDEN,5.00,540.00,1,0,0,0
2026-04-03,Aguacate Extra,Otros,ORDEN,1.00,15.00,1,0,0,0
2026-08-03,Empanadas (4 pzas.),Empanada,ORDEN,5.00,763.00,5,2,0,0
2026-08-21,Huevos Rancheros,Huevos,ORDEN,1.00,120.00,1,0,0,0
2026-07-31,Tacos de Harina,Taco,PIEZA,16.00,355.00,9,0,0,16.00
2026-03-08,Enmoladas,Enmolada,ORDEN,1.00,191.00,1,0,0,0
2026-07-28,Plátano Frito,Otros,ORDEN,1.00,42.00,1,0,0,0
2026-06-22,Fuze Tea,Bebida,ORDEN,1.00,45.00,1,0,0,0
2026-04-15,1/2 Empanadas (2 pzas.),Empanada,ORDEN,2.00,188.00,2,0,2,0
2026-06-25,Horchata Vaso,Bebida,ORDEN,5.00,236.00,1,0,0,0
2026-07-07,Pieza Huevo Estrellado Medio,Huevos,ORDEN,2.00,40.00,1,0,0,0
2026-03-01,Tacos de Harina,Taco,PIEZA,37.00,817.00,10,0,0,37.00
2026-05-11,Bisquet,Otros,ORDEN,2.00,60.00,1,0,0,0
2026-05-23,Bisquet,Otros,ORDEN,9.00,270.00,1,0,0,0
2026-07-09,Migada Guisado de Carne,Migada,PIEZA,5.00,763.00,5,0,4,5.00
2026-08-13,Aguacate Extra,Otros,ORDEN,1.00,15.00,1,0,0,0
2026-08-30,Pieza Huevo Estrellado Medio,Huevos,ORDEN,1.00,20.00,1,0,0,0
2026-06-02,Orden de Guisado de Carne,Guarnicion,ORDEN,1.00,135.00,1,1,0,0
2026-06-11,Quesadillas (4 pzas.),Quesadilla,ORDEN,2.00,266.00,1,0,0,0
2026-09-05,Migada Guisado de Carne,Migada,PIEZA,18.00,2678.00,15,0,12,18.00
2026-08-31,Quesadillas (4 pzas.),Quesadilla,ORDEN,3.00,439.00,2,0,2,0
2026-07-04,Porción Ensalada,Guarnicion,ORDEN,1.00,25.00,1,0,0,0
2026-06-12,Limón Vaso,Bebida,ORDEN,18.00,756.00,1,0,0,0
2026-08-22,1/2 Enmoladas,Enmolada,ORDEN,3.00,524.00,3,3,1,0
2026-07-15,Bisquet,Otros,ORDEN,7.00,210.00,2,0,0,0
2026-08-25,Enchiladas Mixtas,Enchilada,ORDEN,2.00,498.00,2,2,0,0
2026-08-10,Salsa Habanera,Guarnicion,ORDEN,2.00,20.00,1,0,0,0
2026-03-27,Refresco 355 ml.,Bebida,ORDEN,5.00,175.00,2,0,0,0
2026-03-13,Migada Guisado de Carne,Migada,PIEZA,3.00,432.00,3,0,2,3.00
2026-03-01,Enfrijoladas,Enfrijolada,ORDEN,1.00,229.00,1,1,0,0
2026-05-28,Quesadillas (4 pzas.),Quesadilla,ORDEN,4.00,612.00,2,0,1,0
2026-06-11,Gorditas Surtidas,Gordita,PIEZA,4.00,437.00,2,0,0,23.00
2026-08-28,1/2 Quesadillas (2 pzas.),Quesadilla,ORDEN,4.00,379.00,3,1,3,0
2026-05-26,Bocoles,Bocol,PIEZA,32.00,719.00,11,1,0,32.00
2026-09-01,Topo Chico 600 ml.,Bebida,ORDEN,1.00,39.00,1,0,0,0
2026-07-01,Pieza Huevo Estrellado Medio,Huevos,ORDEN,1.00,20.00,1,0,0,0
2026-07-11,Huevos con Deshebrada,Huevos,ORDEN,3.00,405.00,1,0,0,0
2026-07-22,Fuze Tea,Bebida,ORDEN,2.00,90.00,1,0,0,0
2026-08-13,Enmoladas,Enmolada,ORDEN,1.00,182.00,1,1,1,0
2026-08-22,Huevo Estrellado 2 pzas.,Huevos,ORDEN,1.00,35.00,1,0,0,0
2026-04-29,Enchiladas Rojas,Enchilada,ORDEN,1.00,249.00,1,1,0,0
2026-08-01,Gorditas,Gordita,PIEZA,284.00,5479.00,29,1,7,284.00
2026-07-27,Porción Ensalada,Guarnicion,ORDEN,1.00,25.00,1,0,0,0
2026-03-06,Refresco 600 ml.,Bebida,ORDEN,19.00,741.00,6,0,0,0
2026-04-20,Huevos con Deshebrada,Huevos,ORDEN,3.00,405.00,1,0,0,0
2026-07-30,Refresco 600 ml.,Bebida,ORDEN,7.00,273.00,4,0,0,0
2026-05-30,Enchiladas Picositas,Enchilada,ORDEN,3.00,680.00,3,3,1,0
2026-07-26,Gorditas de Azúcar,Gordita,PIEZA,3.00,126.00,1,0,0,3.00
2026-08-18,Enmoladas,Enmolada,ORDEN,2.00,332.00,2,1,0,0
2026-06-08,Huevos con Deshebrada,Huevos,ORDEN,5.00,716.00,1,0,0,0
2026-07-30,Horchata 1 Litro,Bebida,ORDEN,1.00,90.00,1,0,0,0
2026-05-21,Plátano Frito,Otros,ORDEN,2.00,84.00,1,0,0,0
2026-04-15,Huevos a la Mexicana,Huevos,ORDEN,1.00,120.00,1,0,0,0
2026-04-07,1/2 Empanadas (2 pzas.),Empanada,ORDEN,2.00,188.00,2,0,0,0
2026-07-12,Pieza Huevo Estrellado Cocido,Huevos,ORDEN,1.00,20.00,1,0,0,0
2026-04-11,Té de Manzanilla,Bebida,ORDEN,1.00,33.00,1,0,0,0
2026-03-17,Ciel 600 ml.,Bebida,ORDEN,3.00,105.00,1,0,0,0
2026-07-14,Empanadas (4 pzas.),Empanada,ORDEN,5.00,892.00,5,5,2,0
2026-08-26,1/2 Entomatadas,Entomatada,ORDEN,2.00,292.00,2,1,0,0
2026-08-10,Huevos Rancheros,Huevos,ORDEN,4.00,480.00,1,0,0,0
2026-04-28,Horchata Vaso,Bebida,ORDEN,5.00,210.00,1,0,0,0
2026-03-07,Té de Manzanilla,Bebida,ORDEN,1.00,33.00,1,0,0,0
2026-08-15,Limón Vaso,Bebida,ORDEN,25.00,1050.00,1,0,0,0
2026-06-18,1/2 Enfrijoladas,Enfrijolada,ORDEN,2.00,394.00,1,1,1,0
2026-08-20,Pieza Huevo Estrellado Cocido,Huevos,ORDEN,1.00,20.00,1,0,0,0
2026-05-22,Jamaica Vaso,Bebida,ORDEN,12.00,504.00,1,0,0,0
2026-05-08,Horchata 1 Litro,Bebida,ORDEN,1.00,69.00,1,0,0,0
2026-06-20,Café con Leche,Bebida,ORDEN,36.00,1512.00,3,0,0,0
2026-07-04,Empanadas (4 pzas.),Empanada,ORDEN,2.00,288.00,2,0,1,0
2026-07-21,1/2 Entomatadas,Entomatada,ORDEN,5.00,615.00,4,2,3,0
2026-08-23,1/2 Enchiladas Picositas,Enchilada,ORDEN,2.00,260.00,2,2,1,0
2026-05-31,1/2 Empanadas (2 pzas.),Empanada,ORDEN,10.00,968.00,8,1,4,0
2026-06-04,Limón Vaso,Bebida,ORDEN,17.00,714.00,1,0,0,0
2026-06-15,Enchiladas Mixtas,Enchilada,ORDEN,2.00,332.00,2,1,0,0
2026-08-03,Jamaica 1 Litro,Bebida,ORDEN,2.00,136.00,1,0,0,0
2026-04-25,Salsa Verde,Guarnicion,ORDEN,2.00,0.00,1,0,0,0
2026-05-01,1/2 Encremadas,Encremada,ORDEN,2.00,266.00,2,2,0,0
2026-05-15,Quesadillas (4 pzas.),Quesadilla,ORDEN,1.00,173.00,1,0,0,0
2026-05-15,Gorditas,Gordita,PIEZA,268.00,5193.00,23,0,0,268.00
2026-08-06,Horchata 1 Litro,Bebida,ORDEN,1.00,69.00,1,0,0,0
2026-04-04,Orden Huevos Estrellados,Huevos,ORDEN,1.00,120.00,1,0,0,0
2026-07-17,Pieza Huevo Estrellado Tierno,Huevos,ORDEN,1.00,20.00,1,0,0,0
2026-08-23,1/2 Enmoladas,Enmolada,ORDEN,1.00,130.00,1,1,0,0
2026-08-03,Café con Leche,Bebida,ORDEN,24.00,1008.00,2,0,0,0
2026-08-16,Ciel 600 ml.,Bebida,ORDEN,7.00,245.00,1,0,0,0
2026-03-18,1/2 Entomatadas,Entomatada,ORDEN,1.00,130.00,1,1,0,0
2026-03-28,1/2 Encremadas,Encremada,ORDEN,1.00,130.00,1,1,0,0
2026-04-11,Empanadas (4 pzas.),Empanada,ORDEN,5.00,576.00,5,2,1,0
2026-03-08,Gorditas Surtidas,Gordita,PIEZA,2.00,171.00,2,0,0,9.00
2026-08-20,Bistec 1 Pza.,Otros,ORDEN,1.00,102.00,1,0,0,0
2026-03-23,Gorditas,Gordita,PIEZA,125.00,2588.00,28,7,0,125.00
2026-07-25,Aguacate Extra,Otros,ORDEN,2.00,30.00,1,0,0,0
2026-04-10,Jamaica Vaso,Bebida,ORDEN,12.00,504.00,1,0,0,0
2026-04-10,Gorditas,Gordita,PIEZA,227.00,4160.00,22,1,0,227.00
2026-06-15,Refresco 355 ml.,Bebida,ORDEN,1.00,35.00,1,0,0,0
2026-03-07,1/2 Enchiladas Mixtas (4 Piezas),Enchilada,ORDEN,3.00,698.00,3,4,1,0
2026-09-03,Enchiladas Rojas,Enchilada,ORDEN,2.00,367.00,2,2,0,0
2026-04-01,Refresco 600 ml.,Bebida,ORDEN,14.00,558.00,4,0,0,0
2026-07-28,Gorditas de Azúcar,Gordita,PIEZA,1.00,42.00,1,0,0,1.00
2026-06-12,Pieza Extra Empanada,Empanada,ORDEN,2.00,76.00,1,0,0,0
2026-08-29,Gorditas de Azúcar,Gordita,PIEZA,3.00,126.00,1,0,0,3.00
2026-07-07,Tacos de Harina,Taco,PIEZA,27.00,594.00,11,0,1,27.00
2026-06-18,Tacos de Maiz,Taco,PIEZA,20.00,440.00,8,0,0,20.00
2026-07-08,Refresco 355 ml.,Bebida,ORDEN,7.00,245.00,2,0,0,0
2026-03-01,Huevos a la Mexicana,Huevos,ORDEN,1.00,120.00,1,0,0,0
2026-06-30,Jamaica 1 Litro,Bebida,ORDEN,1.00,59.00,1,0,0,0
2026-07-14,1/2 Enmoladas,Enmolada,ORDEN,1.00,197.00,1,1,0,0
2026-08-30,Topo Chico 600 ml.,Bebida,ORDEN,1.00,39.00,1,0,0,0
2026-06-10,Horchata 1 Litro,Bebida,ORDEN,2.00,138.00,1,0,0,0
2026-04-14,Huevos Rancheros,Huevos,ORDEN,1.00,120.00,1,0,0,0
2026-05-02,1/2 Entomatadas,Entomatada,ORDEN,3.00,355.00,3,2,0,0
2026-06-18,Pieza Enmolada,Enmolada,ORDEN,1.00,30.00,1,0,0,0
2026-05-27,1/2 Empanadas (2 pzas.),Empanada,ORDEN,4.00,421.00,4,2,2,0
2026-05-01,Enfrijoladas,Enfrijolada,ORDEN,1.00,147.00,1,0,2,0
2026-06-24,Enchiladas Picositas,Enchilada,ORDEN,1.00,147.00,1,0,0,0
2026-03-23,Tacos de Harina,Taco,PIEZA,3.00,66.00,1,0,0,3.00
2026-05-11,1/2 Encremadas,Encremada,ORDEN,1.00,197.00,1,1,0,0
2026-08-21,Bocoles,Bocol,PIEZA,57.00,1266.00,15,0,1,57.00
2026-07-21,PROMO 6 surtidas,Otros,ORDEN,7.00,756.00,1,0,0,0
2026-03-02,Enmoladas,Enmolada,ORDEN,1.00,182.00,1,1,0,0
2026-05-15,Entomatadas,Entomatada,ORDEN,1.00,147.00,1,0,1,0
2026-07-17,1/2 Enchiladas Rojas,Enchilada,ORDEN,5.00,650.00,5,4,2,0
2026-08-15,Huevos a la Mexicana,Huevos,ORDEN,5.00,600.00,1,0,0,0
2026-06-16,Gorditas,Gordita,PIEZA,160.00,3069.00,21,0,0,160.00
2026-05-04,Pieza Huevo Estrellado Cocido,Huevos,ORDEN,1.00,20.00,1,0,0,0
2026-06-03,Pieza Extra Empanada,Empanada,ORDEN,1.00,38.00,1,0,0,0
2026-06-09,Quesadillas (4 pzas.),Quesadilla,ORDEN,5.00,705.00,2,0,2,0
2026-07-25,Gorditas,Gordita,PIEZA,295.00,5756.00,24,1,1,295.00
2026-05-09,Horchata Vaso,Bebida,ORDEN,7.00,307.00,1,0,0,0
2026-03-17,Orden de Guisado de Carne,Guarnicion,ORDEN,2.00,270.00,2,0,0,0
2026-08-28,Tacos de Maiz,Taco,PIEZA,37.00,814.00,11,0,0,37.00
2026-03-20,Quesadillas (4 pzas.),Quesadilla,ORDEN,5.00,745.00,2,0,3,0
2026-08-07,Enchiladas Rojas,Enchilada,ORDEN,2.00,370.00,2,2,0,0
2026-08-19,1/2 Enchiladas Mixtas (4 Piezas),Enchilada,ORDEN,1.00,119.00,1,0,0,0
2026-05-25,Encremadas,Encremada,ORDEN,1.00,249.00,1,1,0,0
2026-05-15,Huevos Rancheros,Huevos,ORDEN,1.00,120.00,1,0,0,0
2026-08-05,Encremadas,Encremada,ORDEN,2.00,396.00,2,1,0,0
2026-05-27,Empanadas (4 pzas.),Empanada,ORDEN,5.00,720.00,5,1,0,0
2026-06-28,Ciel 600 ml.,Bebida,ORDEN,2.00,70.00,1,0,0,0
2026-05-31,Café con Leche,Bebida,ORDEN,56.00,2352.00,4,0,0,0
2026-03-25,Tacos de Maiz,Taco,PIEZA,18.00,396.00,8,0,0,18.00
2026-07-10,1/2 Empanadas (2 pzas.),Empanada,ORDEN,1.00,94.00,1,0,0,0
2026-04-03,Tacos de Maiz,Taco,PIEZA,21.00,480.00,11,1,0,21.00
2026-04-08,1/2 Enmoladas,Enmolada,ORDEN,3.00,320.00,2,1,0,0
2026-03-24,1/2 Encremadas,Encremada,ORDEN,4.00,555.00,4,3,0,0
2026-08-04,Café con Leche,Bebida,ORDEN,23.00,966.00,2,0,0,0
2026-03-17,Porción Frijol con Queso,Guarnicion,ORDEN,1.00,5.00,1,0,0,0
2026-05-31,Jamaica 1 Litro,Bebida,ORDEN,3.00,195.00,1,0,0,0
2026-07-28,Café con Leche,Bebida,ORDEN,42.00,1764.00,3,0,0,0
2026-04-16,1/2 Enchiladas Mixtas (4 Piezas),Enchilada,ORDEN,1.00,221.00,1,1,1,0
2026-08-04,Pieza Huevo Estrellado Tierno,Huevos,ORDEN,1.00,20.00,1,0,0,0
2026-09-02,1/2 Enchiladas Rojas,Enchilada,ORDEN,3.00,387.00,3,1,3,0
2026-03-03,Pieza de Pan,Guarnicion,ORDEN,1.00,28.00,1,0,0,0
2026-03-17,Gorditas,Gordita,PIEZA,147.00,2879.00,21,0,1,147.00
2026-05-26,Huevos con Deshebrada,Huevos,ORDEN,4.00,581.00,1,0,0,0
2026-05-08,Migada Guisado Normal,Migada,PIEZA,3.00,399.00,3,0,2,3.00
2026-03-26,Gorditas,Gordita,PIEZA,155.00,2996.00,23,1,0,155.00
2026-06-07,1/2 Enmoladas,Enmolada,ORDEN,4.00,590.00,3,3,1,0
2026-03-08,Café Negro,Bebida,ORDEN,13.00,546.00,1,0,0,0
2026-08-22,Tacos de Harina,Taco,PIEZA,34.00,772.00,13,0,0,34.00
2026-04-04,Pieza Huevo Estrellado Cocido,Huevos,ORDEN,1.00,20.00,1,0,0,0
2026-06-20,Tacos de Harina,Taco,PIEZA,32.00,743.00,9,0,0,32.00
2026-07-24,Limón Vaso,Bebida,ORDEN,25.00,1050.00,1,0,0,0
2026-04-12,Plátano Frito,Otros,ORDEN,1.00,42.00,1,0,0,0
2026-05-04,Ciel 600 ml.,Bebida,ORDEN,1.00,35.00,1,0,0,0
2026-06-28,Gorditas,Gordita,PIEZA,308.00,5956.00,23,0,0,308.00
2026-07-26,Refresco 600 ml.,Bebida,ORDEN,28.00,1092.00,4,0,0,0
2026-03-02,Bocoles,Bocol,PIEZA,50.00,1142.00,15,0,2,50.00
2026-05-04,Tacos de Maiz,Taco,PIEZA,45.00,990.00,14,0,1,45.00
2026-06-26,Bisquet,Otros,ORDEN,6.00,180.00,1,0,0,0
2026-08-12,1/2 Enmoladas,Enmolada,ORDEN,1.00,133.00,1,1,0,0
2026-04-23,Café Negro,Bebida,ORDEN,9.00,378.00,1,0,0,0
2026-04-21,Quesadillas (4 pzas.),Quesadilla,ORDEN,4.00,572.00,1,0,0,0
2026-04-11,Café Negro,Bebida,ORDEN,12.00,504.00,2,0,0,0
2026-04-22,Entomatadas,Entomatada,ORDEN,2.00,498.00,2,2,1,0
2026-06-24,Entomatadas,Entomatada,ORDEN,2.00,542.00,1,1,0,0
2026-03-12,Tacos de Harina,Taco,PIEZA,27.00,609.00,8,0,1,27.00
2026-03-02,Tacos de Harina,Taco,PIEZA,32.00,716.00,9,0,0,32.00
2026-03-07,Ciel 600 ml.,Bebida,ORDEN,5.00,175.00,1,0,0,0
2026-07-08,Entomatadas,Entomatada,ORDEN,3.00,555.00,3,2,1,0
2026-04-08,Encremadas,Encremada,ORDEN,1.00,229.00,1,2,0,0
2026-04-15,1/2 Enmoladas,Enmolada,ORDEN,1.00,130.00,1,1,0,0
2026-08-10,Tacos de Harina,Taco,PIEZA,32.00,768.00,11,1,1,32.00
2026-05-17,1/2 Quesadillas (2 pzas.),Quesadilla,ORDEN,6.00,551.00,4,1,6,0
2026-09-05,Encremadas,Encremada,ORDEN,1.00,147.00,1,0,0,0
2026-03-12,Orden de Guisado de Carne,Guarnicion,ORDEN,1.00,176.00,1,0,0,0
2026-04-28,Plátano Frito,Otros,ORDEN,1.00,42.00,1,0,0,0
2026-06-14,1/2 Empanadas (2 pzas.),Empanada,ORDEN,2.00,188.00,2,0,1,0
2026-06-25,Bocoles,Bocol,PIEZA,78.00,1746.00,17,0,0,78.00
2026-04-14,Fuze Tea,Bebida,ORDEN,1.00,45.00,1,0,0,0
2026-06-06,Quesadillas (4 pzas.),Quesadilla,ORDEN,8.00,1144.00,3,0,3,0
2026-05-25,Gorditas,Gordita,PIEZA,172.00,3055.00,23,0,1,172.00
2026-07-04,Gorditas,Gordita,PIEZA,293.00,5701.00,24,1,2,293.00
2026-07-27,Quesadillas (4 pzas.),Quesadilla,ORDEN,4.00,532.00,2,0,2,0
2026-06-23,Gorditas,Gordita,PIEZA,129.00,2496.00,23,1,1,129.00
2026-06-21,Tacos de Maiz,Taco,PIEZA,75.00,1674.00,14,0,1,75.00
2026-05-15,Encremadas,Encremada,ORDEN,2.00,498.00,1,1,0,0
2026-04-05,Migada Guisado de Carne,Migada,PIEZA,17.00,2577.00,13,0,5,17.00
2026-09-04,Pieza de Pan Dulce,Guarnicion,ORDEN,1.00,28.00,1,0,0,0
2026-08-09,Enchiladas Mixtas,Enchilada,ORDEN,2.00,329.00,2,1,0,0
2026-04-30,Quesadillas (4 pzas.),Quesadilla,ORDEN,3.00,341.00,2,1,0,0
2026-03-06,Quesadillas (4 pzas.),Quesadilla,ORDEN,5.00,665.00,1,0,0,0
2026-03-07,Enchiladas Rojas,Enchilada,ORDEN,1.00,147.00,1,0,0,0
2026-08-14,1/2 Enchiladas Rojas,Enchilada,ORDEN,2.00,292.00,2,1,0,0
2026-06-08,Refresco 355 ml.,Bebida,ORDEN,1.00,35.00,1,0,0,0
2026-07-08,Tacos de Harina,Taco,PIEZA,33.00,684.00,17,0,0,33.00
2026-04-21,Pieza de Pan,Guarnicion,ORDEN,1.00,28.00,1,0,0,0
2026-06-22,Café con Leche,Bebida,ORDEN,41.00,1722.00,3,0,0,0
2026-08-22,Enchiladas Picositas,Enchilada,ORDEN,2.00,431.00,2,2,0,0
2026-07-29,1/2 Quesadillas (2 pzas.),Quesadilla,ORDEN,5.00,430.00,3,0,3,0
2026-06-12,1/2 Enchiladas Rojas,Enchilada,ORDEN,3.00,320.00,3,1,2,0
2026-07-14,Pieza Huevo Estrellado Cocido,Huevos,ORDEN,1.00,20.00,1,0,0,0
2026-04-13,1/2 Entomatadas,Entomatada,ORDEN,2.00,190.00,2,0,1,0
2026-07-06,Pieza Huevo Estrellado Tierno,Huevos,ORDEN,1.00,20.00,1,0,0,0
2026-04-16,1/2 Entomatadas,Entomatada,ORDEN,3.00,320.00,3,1,1,0
2026-06-23,Bistec 1 Pza.,Otros,ORDEN,2.00,204.00,1,0,0,0
2026-03-03,Horchata 1 Litro,Bebida,ORDEN,2.00,159.00,1,0,0,0
2026-08-01,Huevos con Deshebrada,Huevos,ORDEN,5.00,675.00,1,0,0,0
2026-03-10,1/2 Enchiladas Rojas,Enchilada,ORDEN,1.00,95.00,1,0,0,0
2026-06-14,1/2 Encremadas,Encremada,ORDEN,2.00,327.00,2,2,0,0
2026-04-04,Bisquet,Otros,ORDEN,4.00,120.00,1,0,0,0
2026-04-25,Pieza Extra Empanada,Empanada,ORDEN,1.00,38.00,1,0,0,0
2026-06-03,1/2 Empanadas (2 pzas.),Empanada,ORDEN,1.00,94.00,1,0,1,0
2026-07-17,Horchata Vaso,Bebida,ORDEN,9.00,349.00,1,0,0,0
2026-06-25,Entomatadas,Entomatada,ORDEN,3.00,645.00,2,1,2,0
2026-08-30,Tacos de Maiz,Taco,PIEZA,58.00,1285.00,19,0,2,58.00
2026-04-14,Limón Vaso,Bebida,ORDEN,9.00,391.00,1,0,0,0
2026-05-29,Refresco 355 ml.,Bebida,ORDEN,6.00,210.00,2,0,0,0
2026-03-01,Jamaica 1 Litro,Bebida,ORDEN,3.00,195.00,1,0,0,0
2026-07-18,1/2 Enfrijoladas,Enfrijolada,ORDEN,2.00,263.00,2,2,0,0
2026-04-23,Gorditas de Azúcar,Gordita,PIEZA,1.00,42.00,1,0,0,1.00
2026-05-04,1/2 Enchiladas Rojas,Enchilada,ORDEN,3.00,422.00,3,2,2,0
2026-07-05,Jamaica Vaso,Bebida,ORDEN,23.00,966.00,1,0,0,0
2026-07-31,Enchiladas Mixtas,Enchilada,ORDEN,1.00,147.00,1,0,0,0
2026-04-24,Salsa Verde,Guarnicion,ORDEN,1.00,0.00,1,0,0,0
2026-05-19,Jamaica Vaso,Bebida,ORDEN,9.00,378.00,1,0,0,0
2026-04-23,Gorditas,Gordita,PIEZA,141.00,2679.00,19,0,0,141.00
2026-09-01,Tacos de Maiz,Taco,PIEZA,37.00,836.00,15,2,1,37.00
2026-04-27,Gorditas,Gordita,PIEZA,118.00,2298.00,23,1,1,118.00
2026-05-24,Salsa Verde,Guarnicion,ORDEN,1.00,0.00,1,0,0,0
2026-07-02,Tacos de Maiz,Taco,PIEZA,28.00,619.00,10,0,0,28.00
2026-06-19,Enchiladas Mixtas,Enchilada,ORDEN,2.00,498.00,2,2,1,0
2026-04-23,1/2 Entomatadas,Entomatada,ORDEN,4.00,485.00,4,3,0,0
2026-07-13,Quesadillas (4 pzas.),Quesadilla,ORDEN,3.00,439.00,2,0,3,0
2026-06-28,1/2 Encremadas,Encremada,ORDEN,2.00,327.00,2,2,0,0
2026-04-30,Huevos con Deshebrada,Huevos,ORDEN,2.00,270.00,1,0,0,0
2026-04-10,Bocoles Surtidos,Bocol,PIEZA,1.00,88.00,1,0,0,4.00
2026-05-23,Enchiladas Picositas,Enchilada,ORDEN,2.00,434.00,2,2,1,0
2026-06-12,Tacos de Maiz,Taco,PIEZA,28.00,616.00,13,0,1,28.00
2026-07-13,Tacos de Harina,Taco,PIEZA,11.00,251.00,6,0,0,11.00
2026-04-20,Empanadas (4 pzas.),Empanada,ORDEN,3.00,442.00,3,2,0,0
2026-05-21,Limón 1 Litro,Bebida,ORDEN,1.00,59.00,1,0,0,0
2026-08-26,Ciel 600 ml.,Bebida,ORDEN,4.00,140.00,1,0,0,0
2026-08-30,Café Negro,Bebida,ORDEN,20.00,840.00,1,0,0,0
2026-08-01,Enchiladas Rojas,Enchilada,ORDEN,6.00,1060.00,5,4,1,0
2026-08-27,Quesadillas (4 pzas.),Quesadilla,ORDEN,2.00,306.00,2,0,2,0
2026-07-18,Limón 1 Litro,Bebida,ORDEN,4.00,236.00,1,0,0,0
2026-03-18,Gorditas de Azúcar,Gordita,PIEZA,1.00,42.00,1,0,0,1.00
2026-07-26,1/2 Enchiladas Mixtas (4 Piezas),Enchilada,ORDEN,1.00,195.00,1,2,1,0
2026-04-07,Gorditas de Azúcar,Gordita,PIEZA,3.00,126.00,1,0,0,3.00
2026-07-26,Enchiladas Picositas,Enchilada,ORDEN,1.00,191.00,1,0,0,0
2026-07-06,Horchata Vaso,Bebida,ORDEN,7.00,294.00,1,0,0,0
2026-03-19,Pieza Tortilla de Harina,Guarnicion,ORDEN,2.00,10.00,1,0,0,0
2026-04-08,1/2 Quesadillas (2 pzas.),Quesadilla,ORDEN,3.00,258.00,1,0,0,0
2026-07-27,Limón Vaso,Bebida,ORDEN,16.00,685.00,1,0,0,0
2026-08-22,Salsa Verde,Guarnicion,ORDEN,1.00,1.00,1,0,0,0
2026-03-14,Tacos de Maiz,Taco,PIEZA,29.00,659.00,11,0,0,29.00
2026-08-07,Huevos con Deshebrada,Huevos,ORDEN,2.00,311.00,1,0,0,0
2026-07-04,Quesadillas (4 pzas.),Quesadilla,ORDEN,3.00,399.00,1,0,0,0
2026-08-22,1/2 Enchiladas Picositas,Enchilada,ORDEN,2.00,190.00,1,0,0,0
2026-05-03,1/2 Entomatadas,Entomatada,ORDEN,8.00,1264.00,4,4,1,0
2026-07-05,Quesadillas (4 pzas.),Quesadilla,ORDEN,10.00,1415.00,5,1,5,0
2026-04-29,Orden de Guisado Normal,Guarnicion,ORDEN,1.00,120.00,1,0,0,0
2026-04-30,Jamaica Vaso,Bebida,ORDEN,19.00,798.00,1,0,0,0
2026-07-04,Bocoles Surtidos,Bocol,PIEZA,1.00,110.00,1,0,0,5.00
2026-05-05,Entomatadas,Entomatada,ORDEN,1.00,185.00,1,1,2,0
2026-05-03,Café con Leche,Bebida,ORDEN,63.00,2617.00,4,0,0,0
2026-03-13,Orden de Guisado de Carne,Guarnicion,ORDEN,1.00,135.00,1,0,0,0
2026-05-23,Gorditas de Azúcar,Gordita,PIEZA,3.00,126.00,1,0,0,3.00
2026-03-18,1/2 Empanadas (2 pzas.),Empanada,ORDEN,2.00,216.00,2,0,2,0
2026-08-16,1/2 Encremadas,Encremada,ORDEN,1.00,133.00,1,1,0,0
2026-04-10,Horchata 1 Litro,Bebida,ORDEN,2.00,138.00,1,0,0,0
2026-06-27,Orden Huevos Revueltos,Huevos,ORDEN,1.00,120.00,1,0,0,0
2026-05-04,Enchiladas Rojas,Enchilada,ORDEN,2.00,396.00,2,1,0,0
2026-07-17,Pieza de Pan Dulce,Guarnicion,ORDEN,7.00,196.00,1,0,0,0
2026-08-11,Café con Leche,Bebida,ORDEN,29.00,1218.00,2,0,0,0
2026-07-24,Café con Leche,Bebida,ORDEN,30.00,1260.00,3,0,0,0
2026-06-26,Quesadillas (4 pzas.),Quesadilla,ORDEN,10.00,1370.00,2,0,1,0
2026-03-13,Horchata 1 Litro,Bebida,ORDEN,1.00,69.00,1,0,0,0
2026-04-05,Refresco 600 ml.,Bebida,ORDEN,25.00,897.00,7,0,0,0
2026-04-12,Bocoles,Bocol,PIEZA,89.00,1982.00,18,0,1,89.00
2026-05-16,Gorditas de Azúcar,Gordita,PIEZA,2.00,84.00,1,0,0,2.00
2026-07-08,Migada Guisado de Carne,Migada,PIEZA,6.00,907.00,6,0,9,6.00
2026-06-20,Empanadas (4 pzas.),Empanada,ORDEN,4.00,619.00,4,3,1,0
2026-06-07,Refresco 600 ml.,Bebida,ORDEN,26.00,1026.00,9,0,0,0
2026-08-26,Jamaica Vaso,Bebida,ORDEN,26.00,1092.00,1,0,0,0
2026-08-17,Refresco 355 ml.,Bebida,ORDEN,6.00,210.00,2,0,0,0
2026-05-10,Migada Guisado de Carne,Migada,PIEZA,15.00,2246.00,14,0,6,15.00
2026-07-28,1/2 Enmoladas,Enmolada,ORDEN,3.00,320.00,2,1,0,0
2026-05-22,Plátano Frito,Otros,ORDEN,1.00,42.00,1,0,0,0
2026-06-20,Quesadillas (4 pzas.),Quesadilla,ORDEN,6.00,798.00,4,0,3,0
2026-07-01,Migada Guisado de Carne,Migada,PIEZA,13.00,1958.00,12,0,10,13.00
2026-05-28,Refresco 355 ml.,Bebida,ORDEN,5.00,175.00,2,0,0,0
2026-08-25,Entomatadas,Entomatada,ORDEN,2.00,382.00,2,1,6,0
2026-04-08,Limón Vaso,Bebida,ORDEN,10.00,420.00,1,0,0,0
2026-08-09,Aguacate Extra,Otros,ORDEN,1.00,15.00,1,0,0,0
2026-08-16,Migada Guisado de Carne,Migada,PIEZA,24.00,3542.00,19,0,5,24.00
2026-03-15,Ciel 600 ml.,Bebida,ORDEN,3.00,105.00,1,0,0,0
2026-08-29,Enchiladas Rojas,Enchilada,ORDEN,1.00,226.00,1,1,0,0
2026-04-16,Refresco 355 ml.,Bebida,ORDEN,5.00,175.00,2,0,0,0
2026-06-23,1/2 Enmoladas,Enmolada,ORDEN,1.00,130.00,1,1,0,0
2026-04-02,Horchata Vaso,Bebida,ORDEN,4.00,168.00,1,0,0,0
2026-04-29,1/2 Enmoladas,Enmolada,ORDEN,1.00,95.00,1,0,0,0
2026-05-17,Bisquet,Otros,ORDEN,11.00,330.00,2,0,0,0
2026-06-27,Empanadas (4 pzas.),Empanada,ORDEN,4.00,576.00,4,0,2,0
2026-06-23,1/2 Enchiladas Rojas,Enchilada,ORDEN,4.00,587.00,3,3,0,0
2026-07-18,Horchata Vaso,Bebida,ORDEN,5.00,210.00,1,0,0,0
2026-07-30,Enchiladas Mixtas,Enchilada,ORDEN,1.00,182.00,1,1,0,0
2026-07-19,Enfrijoladas,Enfrijolada,ORDEN,1.00,147.00,1,0,0,0
2026-08-23,Pieza de Pan Dulce,Guarnicion,ORDEN,3.00,84.00,1,0,0,0
2026-07-04,Jamaica 1 Litro,Bebida,ORDEN,1.00,59.00,1,0,0,0
2026-05-30,Refresco 600 ml.,Bebida,ORDEN,28.00,1116.00,6,0,0,0
2026-08-09,Enchiladas Rojas,Enchilada,ORDEN,4.00,725.00,3,2,0,0
2026-03-21,Empanadas (4 pzas.),Empanada,ORDEN,7.00,1051.00,7,1,0,0
2026-04-24,Limón Vaso,Bebida,ORDEN,14.00,601.00,1,0,0,0
2026-07-11,Orden Huevos Revueltos,Huevos,ORDEN,1.00,120.00,1,0,0,0
2026-06-03,Bisquet,Otros,ORDEN,2.00,60.00,1,0,0,0
2026-08-07,Limón Vaso,Bebida,ORDEN,21.00,882.00,1,0,0,0
2026-06-16,Gorditas de Azúcar,Gordita,PIEZA,2.00,84.00,1,0,0,2.00
2026-03-15,Gorditas,Gordita,PIEZA,240.00,4533.00,21,0,0,240.00
2026-08-01,1/2 Empanadas (2 pzas.),Empanada,ORDEN,5.00,480.00,5,1,1,0
2026-05-30,Plátano Frito,Otros,ORDEN,1.00,42.00,1,0,0,0
2026-07-24,Ciel 600 ml.,Bebida,ORDEN,3.00,105.00,1,0,0,0
2026-03-21,Fuze Tea,Bebida,ORDEN,2.00,90.00,1,0,0,0
2026-03-01,1/2 Empanadas (2 pzas.),Empanada,ORDEN,3.00,282.00,3,1,1,0
2026-07-01,Plátano Frito,Otros,ORDEN,2.00,84.00,2,0,0,0
2026-05-05,1/2 Enmoladas,Enmolada,ORDEN,2.00,190.00,1,0,0,0
2026-08-02,1/2 Enchiladas Rojas,Enchilada,ORDEN,14.00,1963.00,11,9,4,0
2026-05-05,Café con Leche,Bebida,ORDEN,35.00,1470.00,3,0,0,0
2026-05-27,1/2 Enchiladas Picositas,Enchilada,ORDEN,1.00,133.00,1,1,0,0
2026-08-08,Refresco 355 ml.,Bebida,ORDEN,5.00,175.00,2,0,0,0
2026-06-21,Bisquet,Otros,ORDEN,12.00,360.00,1,0,0,0
2026-05-07,Pieza Tortilla de Maíz,Guarnicion,ORDEN,1.00,5.00,1,0,0,0
2026-07-05,Café con Leche,Bebida,ORDEN,61.00,2562.00,3,0,0,0
2026-03-18,Quesadillas (4 pzas.),Quesadilla,ORDEN,3.00,474.00,2,1,2,0
2026-06-05,Jamaica Vaso,Bebida,ORDEN,9.00,378.00,1,0,0,0
2026-06-30,Empanadas (4 pzas.),Empanada,ORDEN,11.00,1670.00,11,3,2,0
2026-05-31,1/2 Entomatadas,Entomatada,ORDEN,13.00,1515.00,9,6,4,0
2026-04-10,Tacos de Harina,Taco,PIEZA,36.00,804.00,10,0,0,36.00
2026-05-19,Limón Vaso,Bebida,ORDEN,13.00,559.00,1,0,0,0
2026-07-10,1/2 Quesadillas (2 pzas.),Quesadilla,ORDEN,5.00,430.00,2,0,1,0
2026-07-22,Migada Guisado de Carne,Migada,PIEZA,5.00,763.00,5,0,3,5.00
2026-08-24,Empanadas (4 pzas.),Empanada,ORDEN,4.00,576.00,4,0,2,0
2026-04-06,Huevos Rancheros,Huevos,ORDEN,2.00,240.00,1,0,0,0
2026-07-08,1/2 Enfrijoladas,Enfrijolada,ORDEN,2.00,190.00,1,0,2,0
2026-04-15,Entomatadas,Entomatada,ORDEN,2.00,329.00,2,1,0,0
2026-08-09,1/2 Enchiladas Rojas,Enchilada,ORDEN,9.00,1164.00,6,4,3,0
2026-07-27,Enchiladas Rojas,Enchilada,ORDEN,1.00,182.00,1,1,1,0
2026-07-16,Gorditas,Gordita,PIEZA,239.00,4636.00,28,0,7,239.00
2026-05-09,Huevo Revuelto 2 pzas.,Huevos,ORDEN,1.00,35.00,1,0,0,0
2026-04-17,1/2 Enmoladas,Enmolada,ORDEN,4.00,552.00,3,2,0,0
2026-04-28,Orden Huevos Estrellados,Huevos,ORDEN,1.00,120.00,1,0,0,0
2026-03-12,Ciel 600 ml.,Bebida,ORDEN,1.00,35.00,1,0,0,0
2026-05-13,Jamaica Vaso,Bebida,ORDEN,26.00,1092.00,1,0,0,0
2026-08-26,Pieza de Pan Dulce,Guarnicion,ORDEN,1.00,28.00,1,0,0,0
2026-06-05,Encremadas,Encremada,ORDEN,1.00,147.00,1,0,0,0
2026-08-13,Tacos de Harina,Taco,PIEZA,36.00,836.00,19,1,7,36.00
2026-04-29,1/2 Enchiladas Mixtas (4 Piezas),Enchilada,ORDEN,4.00,581.00,4,3,3,0
2026-08-09,Migada Guisado de Carne,Migada,PIEZA,16.00,2433.00,15,0,9,16.00
2026-07-12,1/2 Encremadas,Encremada,ORDEN,2.00,190.00,1,0,0,0
2026-07-20,Pieza Tortilla de Maíz,Guarnicion,ORDEN,1.00,5.00,1,0,0,0
2026-05-10,1/2 Enchiladas Picositas,Enchilada,ORDEN,3.00,393.00,3,3,0,0
2026-07-04,Horchata Vaso,Bebida,ORDEN,10.00,420.00,1,0,0,0
2026-04-18,Pieza de Pan,Guarnicion,ORDEN,7.00,196.00,1,0,0,0
2026-07-31,Gorditas Surtidas,Gordita,PIEZA,2.00,152.00,1,0,0,8.00
2026-08-09,Ciel 600 ml.,Bebida,ORDEN,5.00,175.00,1,0,0,0
2026-04-19,Empanadas (4 pzas.),Empanada,ORDEN,10.00,1440.00,10,2,7,0
2026-06-04,Horchata Vaso,Bebida,ORDEN,3.00,126.00,1,0,0,0
2026-06-14,Pieza de Pan Dulce,Guarnicion,ORDEN,7.00,196.00,1,0,0,0
2026-06-07,Café con Leche,Bebida,ORDEN,40.00,1680.00,4,0,0,0
2026-04-26,Huevos con Deshebrada,Huevos,ORDEN,1.00,135.00,1,0,0,0
2026-06-21,1/2 Enchiladas Picositas,Enchilada,ORDEN,3.00,320.00,2,1,0,0
2026-08-01,Horchata Vaso,Bebida,ORDEN,9.00,378.00,1,0,0,0
2026-07-30,1/2 Enmoladas,Enmolada,ORDEN,5.00,714.00,3,2,1,0
2026-08-31,Orden de Guisado Normal,Guarnicion,ORDEN,1.00,120.00,1,1,0,0
2026-07-28,PROMO 6 surtidas,Otros,ORDEN,8.00,864.00,1,0,0,0
2026-06-16,Ciel 600 ml.,Bebida,ORDEN,1.00,35.00,1,0,0,0
2026-06-06,Plátano Frito,Otros,ORDEN,3.00,126.00,2,0,0,0
2026-07-02,Gorditas Surtidas,Gordita,PIEZA,1.00,114.00,1,0,0,6.00
2026-05-15,Enmoladas,Enmolada,ORDEN,1.00,249.00,1,1,0,0
2026-09-03,Horchata 1 Litro,Bebida,ORDEN,1.00,69.00,1,0,0,0
2026-06-17,Huevo Estrellado 2 pzas.,Huevos,ORDEN,1.00,35.00,1,0,0,0
2026-07-16,Refresco 355 ml.,Bebida,ORDEN,9.00,315.00,2,0,0,0
2026-05-08,Enchiladas Rojas,Enchilada,ORDEN,7.00,1517.00,5,5,0,0
2026-03-09,1/2 Empanadas (2 pzas.),Empanada,ORDEN,3.00,282.00,3,1,0,0
2026-07-22,Pieza de Pan Dulce,Guarnicion,ORDEN,6.00,168.00,1,0,0,0
2026-07-14,Enfrijoladas,Enfrijolada,ORDEN,1.00,229.00,1,1,5,0
2026-04-28,1/2 Quesadillas (2 pzas.),Quesadilla,ORDEN,5.00,430.00,2,0,1,0
2026-05-10,1/2 Enchiladas Rojas,Enchilada,ORDEN,8.00,1002.00,7,5,7,0
2026-08-23,Jamaica 1 Litro,Bebida,ORDEN,1.00,77.00,1,0,0,0
2026-06-13,Enchiladas Picositas,Enchilada,ORDEN,1.00,182.00,1,1,0,0
2026-06-17,Pieza Huevo Estrellado Cocido,Huevos,ORDEN,2.00,40.00,1,0,0,0
2026-03-05,Refresco 600 ml.,Bebida,ORDEN,18.00,702.00,5,0,0,0
2026-08-04,Migada Guisado Normal,Migada,PIEZA,1.00,133.00,1,0,1,1.00
2026-08-19,Enchiladas Rojas,Enchilada,ORDEN,2.00,364.00,2,2,0,0
2026-03-25,Café Negro,Bebida,ORDEN,5.00,210.00,1,0,0,0
2026-05-03,Refresco 600 ml.,Bebida,ORDEN,14.00,546.00,6,0,0,0
2026-05-25,Horchata 1 Litro,Bebida,ORDEN,2.00,138.00,1,0,0,0
2026-03-12,Huevo Estrellado 2 pzas.,Huevos,ORDEN,1.00,35.00,1,0,0,0
2026-03-05,1/2 Enchiladas Rojas,Enchilada,ORDEN,1.00,130.00,1,1,0,0
2026-08-15,Quesadillas (4 pzas.),Quesadilla,ORDEN,4.00,612.00,2,0,3,0
2026-07-09,Horchata Vaso,Bebida,ORDEN,3.00,126.00,1,0,0,0
2026-04-13,Horchata Vaso,Bebida,ORDEN,2.00,84.00,1,0,0,0
2026-06-15,Empanadas (4 pzas.),Empanada,ORDEN,2.00,288.00,2,1,1,0
2026-06-18,Orden de Guisado Normal,Guarnicion,ORDEN,1.00,120.00,1,1,0,0
2026-03-03,1/2 Quesadillas (2 pzas.),Quesadilla,ORDEN,3.00,258.00,2,0,1,0
2026-05-14,Pieza de Pan,Guarnicion,ORDEN,2.00,56.00,1,0,0,0
2026-06-25,1/2 Empanadas (2 pzas.),Empanada,ORDEN,6.00,599.00,6,1,1,0
2026-07-20,Gorditas,Gordita,PIEZA,150.00,2921.00,26,4,0,150.00
2026-05-11,Limón Vaso,Bebida,ORDEN,9.00,378.00,1,0,0,0
2026-05-29,Jamaica Vaso,Bebida,ORDEN,15.00,630.00,1,0,0,0
2026-04-14,Bisquet,Otros,ORDEN,5.00,150.00,2,0,0,0
2026-08-10,Ciel 600 ml.,Bebida,ORDEN,5.00,175.00,1,0,0,0
2026-05-01,Limón Vaso,Bebida,ORDEN,27.00,1134.00,1,0,0,0
2026-06-16,Refresco 355 ml.,Bebida,ORDEN,2.00,70.00,1,0,0,0
2026-07-25,Entomatadas,Entomatada,ORDEN,3.00,608.00,3,4,0,0
2026-08-25,Aguacate Extra,Otros,ORDEN,1.00,15.00,1,0,0,0
2026-03-22,1/2 Enfrijoladas,Enfrijolada,ORDEN,1.00,95.00,1,0,0,0
2026-03-10,Huevos a la Mexicana,Huevos,ORDEN,3.00,360.00,1,0,0,0
2026-06-06,Encremadas,Encremada,ORDEN,1.00,147.00,1,0,0,0
2026-04-15,Empanadas (4 pzas.),Empanada,ORDEN,1.00,144.00,1,0,1,0
2026-06-10,Bisquet,Otros,ORDEN,3.00,90.00,1,0,0,0
2026-03-03,Ciel 600 ml.,Bebida,ORDEN,1.00,35.00,1,0,0,0
2026-03-08,Huevos con Deshebrada,Huevos,ORDEN,2.00,311.00,1,0,0,0
2026-08-12,Refresco 355 ml.,Bebida,ORDEN,12.00,420.00,1,0,0,0
2026-08-12,Encremadas,Encremada,ORDEN,2.00,382.00,2,1,1,0
2026-08-22,Horchata 1 Litro,Bebida,ORDEN,3.00,207.00,1,0,0,0
2026-06-22,Pieza de Pan Dulce,Guarnicion,ORDEN,6.00,168.00,1,0,0,0
2026-07-04,Bocoles,Bocol,PIEZA,112.00,2498.00,22,1,0,112.00
2026-08-01,Empanadas (4 pzas.),Empanada,ORDEN,6.00,884.00,6,2,1,0
2026-03-01,Pieza Huevo Estrellado Tierno,Huevos,ORDEN,3.00,60.00,1,0,0,0
2026-03-16,Jamaica Vaso,Bebida,ORDEN,11.00,462.00,1,0,0,0
2026-08-20,Jamaica Vaso,Bebida,ORDEN,8.00,336.00,1,0,0,0
2026-05-10,Tacos de Harina,Taco,PIEZA,66.00,1539.00,15,0,0,66.00
2026-06-26,1/2 Enchiladas Mixtas (4 Piezas),Enchilada,ORDEN,1.00,221.00,1,1,0,0
2026-08-26,Porción Ensalada,Guarnicion,ORDEN,2.00,50.00,1,0,0,0
2026-04-30,Fuze Tea,Bebida,ORDEN,1.00,45.00,1,0,0,0
2026-05-25,Porción Frijol con Queso,Guarnicion,ORDEN,1.00,5.00,1,0,0,0
2026-07-24,Huevos a la Mexicana,Huevos,ORDEN,2.00,240.00,1,0,0,0
2026-03-24,Bisquet,Otros,ORDEN,3.00,90.00,1,0,0,0
2026-03-09,1/2 Quesadillas (2 pzas.),Quesadilla,ORDEN,2.00,172.00,2,0,0,0
2026-03-12,Enchiladas Rojas,Enchilada,ORDEN,1.00,147.00,1,0,1,0
2026-05-14,Refresco 355 ml.,Bebida,ORDEN,5.00,175.00,2,0,0,0
2026-06-17,Entomatadas,Entomatada,ORDEN,2.00,475.00,2,2,0,0
2026-09-03,Porción Ensalada,Guarnicion,ORDEN,1.00,25.00,1,0,0,0
2026-08-21,1/2 Entomatadas,Entomatada,ORDEN,2.00,327.00,2,2,0,0
2026-03-31,Tacos de Maiz,Taco,PIEZA,5.00,119.00,3,0,0,5.00
2026-07-24,Enfrijoladas,Enfrijolada,ORDEN,3.00,581.00,3,2,0,0
2026-04-16,PROMO 6 surtidas,Otros,ORDEN,1.00,108.00,1,0,0,0
2026-07-26,Pieza Extra Empanada,Empanada,ORDEN,1.00,38.00,1,0,0,0
2026-05-10,Tacos de Maiz,Taco,PIEZA,59.00,1298.00,13,0,1,59.00
2026-07-12,1/2 Enchiladas Rojas,Enchilada,ORDEN,14.00,2176.00,13,16,2,0
2026-08-06,Gorditas,Gordita,PIEZA,159.00,3080.00,21,1,1,159.00
2026-04-25,Quesadillas (4 pzas.),Quesadilla,ORDEN,2.00,306.00,1,0,0,0
2026-03-16,1/2 Enchiladas Picositas,Enchilada,ORDEN,2.00,292.00,2,1,0,0
2026-06-26,Pieza de Pan Dulce,Guarnicion,ORDEN,4.00,112.00,1,0,0,0
2026-04-25,Limón Vaso,Bebida,ORDEN,13.00,559.00,1,0,0,0
2026-03-12,1/2 Enmoladas,Enmolada,ORDEN,1.00,197.00,1,1,0,0
2026-03-26,Café Negro,Bebida,ORDEN,11.00,462.00,2,0,0,0
2026-03-19,1/2 Enchiladas Picositas,Enchilada,ORDEN,2.00,190.00,1,0,0,0
2026-05-08,1/2 Quesadillas (2 pzas.),Quesadilla,ORDEN,8.00,714.00,3,0,2,0
2026-03-08,Entomatadas,Entomatada,ORDEN,4.00,667.00,2,1,1,0
2026-06-18,1/2 Empanadas (2 pzas.),Empanada,ORDEN,2.00,188.00,2,0,0,0
2026-07-23,Huevos con Deshebrada,Huevos,ORDEN,2.00,270.00,1,0,0,0
2026-04-19,Bisquet,Otros,ORDEN,4.00,120.00,1,0,0,0
2026-06-25,Pieza Huevo Estrellado Cocido,Huevos,ORDEN,1.00,20.00,1,0,0,0
2026-03-30,Guisado Infantil,Otros,ORDEN,1.00,38.00,1,0,0,0
2026-04-26,1/2 Entomatadas,Entomatada,ORDEN,9.00,1132.00,6,5,3,0
2026-08-12,Pieza Huevo Estrellado Medio,Huevos,ORDEN,1.00,20.00,1,0,0,0
2026-03-16,Aguacate Extra,Otros,ORDEN,1.00,15.00,1,0,0,0
2026-04-05,Tacos de Harina,Taco,PIEZA,51.00,1167.00,13,0,0,51.00
2026-07-16,1/2 Enmoladas,Enmolada,ORDEN,2.00,327.00,2,2,0,0
2026-07-25,Huevos con Deshebrada,Huevos,ORDEN,4.00,540.00,1,0,0,0
2026-08-14,Huevos Rancheros,Huevos,ORDEN,1.00,120.00,1,0,0,0
2026-05-21,Huevos a la Mexicana,Huevos,ORDEN,4.00,480.00,1,0,0,0
2026-07-23,Limón Vaso,Bebida,ORDEN,22.00,924.00,1,0,0,0
2026-06-11,Porción Frijol con Queso,Guarnicion,ORDEN,1.00,5.00,1,0,0,0
2026-04-20,Tacos de Harina,Taco,PIEZA,28.00,655.00,8,0,0,28.00
2026-06-04,Entomatadas,Entomatada,ORDEN,1.00,147.00,1,0,0,0
2026-07-17,Enmoladas,Enmolada,ORDEN,1.00,284.00,1,2,0,0
2026-07-18,Huevos con Deshebrada,Huevos,ORDEN,4.00,540.00,1,0,0,0
2026-08-24,Plátano Frito,Otros,ORDEN,1.00,42.00,1,0,0,0
2026-05-14,Bocoles,Bocol,PIEZA,52.00,1198.00,15,2,0,52.00
2026-05-17,Enchiladas Rojas,Enchilada,ORDEN,6.00,1156.00,5,3,2,0
2026-08-29,Limón 1 Litro,Bebida,ORDEN,4.00,236.00,1,0,0,0
2026-05-09,Migada Guisado de Carne,Migada,PIEZA,5.00,720.00,5,0,7,5.00
2026-08-24,Orden de Guisado Normal,Guarnicion,ORDEN,2.00,240.00,2,2,0,0
2026-04-10,Bistec 1 Pza.,Otros,ORDEN,1.00,102.00,1,0,0,0
2026-04-01,Guisado Infantil,Otros,ORDEN,1.00,38.00,1,0,0,0
2026-04-05,Pieza Encremada,Encremada,ORDEN,1.00,30.00,1,0,0,0
2026-05-07,PROMO 6 surtidas,Otros,ORDEN,3.00,0.00,1,0,0,0
2026-03-02,Salsa Roja,Guarnicion,ORDEN,2.00,0.00,1,0,0,0
2026-04-20,Bisquet,Otros,ORDEN,4.00,120.00,1,0,0,0
2026-07-26,Jamaica Vaso,Bebida,ORDEN,25.00,1050.00,1,0,0,0
2026-08-26,Bistec 1 Pza.,Otros,ORDEN,2.00,204.00,1,0,0,0
2026-05-12,1/2 Entomatadas,Entomatada,ORDEN,2.00,190.00,2,0,1,0
2026-03-28,Refresco 355 ml.,Bebida,ORDEN,1.00,35.00,1,0,0,0
2026-05-09,Enmoladas,Enmolada,ORDEN,2.00,338.00,1,0,0,0
2026-07-05,Entomatadas,Entomatada,ORDEN,8.00,1465.00,6,6,1,0
2026-07-16,Ciel 600 ml.,Bebida,ORDEN,5.00,175.00,1,0,0,0
2026-04-15,Plátano Frito,Otros,ORDEN,1.00,42.00,1,0,0,0
2026-08-17,Café con Leche,Bebida,ORDEN,28.00,1176.00,2,0,0,0
2026-06-20,Entomatadas,Entomatada,ORDEN,8.00,1450.00,5,4,2,0
2026-03-11,1/2 Enmoladas,Enmolada,ORDEN,1.00,95.00,1,0,0,0
2026-07-25,Limón 1 Litro,Bebida,ORDEN,1.00,59.00,1,0,0,0
2026-06-11,1/2 Enchiladas Rojas,Enchilada,ORDEN,3.00,320.00,3,1,1,0
2026-07-21,Bocoles,Bocol,PIEZA,43.00,946.00,13,0,0,43.00
2026-04-29,1/2 Enchiladas Rojas,Enchilada,ORDEN,4.00,485.00,4,3,4,0
2026-05-17,Salsa Roja,Guarnicion,ORDEN,1.00,0.00,1,0,0,0
2026-03-16,Jamaica 1 Litro,Bebida,ORDEN,2.00,118.00,1,0,0,0
2026-06-30,Migada Guisado de Carne,Migada,PIEZA,5.00,720.00,5,0,4,5.00
2026-05-01,Enchiladas Mixtas,Enchilada,ORDEN,2.00,367.00,2,2,0,0
2026-05-29,Refresco 600 ml.,Bebida,ORDEN,26.00,1014.00,6,0,0,0
2026-04-06,Empanadas (4 pzas.),Empanada,ORDEN,7.00,1008.00,7,3,1,0
2026-06-30,Pieza Enfrijolada,Guarnicion,ORDEN,1.00,30.00,1,0,0,0
2026-04-09,1/2 Enmoladas,Enmolada,ORDEN,3.00,393.00,3,3,0,0
2026-06-16,Bisquet,Otros,ORDEN,10.00,300.00,1,0,0,0
2026-03-19,Gorditas de Azúcar,Gordita,PIEZA,1.00,42.00,1,0,0,1.00
2026-07-27,Gorditas,Gordita,PIEZA,203.00,3964.00,27,1,0,203.00
2026-06-27,Gorditas,Gordita,PIEZA,334.00,6519.00,28,3,3,334.00
2026-08-22,Limón Vaso,Bebida,ORDEN,29.00,1218.00,1,0,0,0
2026-05-23,Migada Guisado de Carne,Migada,PIEZA,14.00,2188.00,12,0,4,14.00
2026-06-21,Enchiladas Mixtas,Enchilada,ORDEN,3.00,558.00,3,2,0,0
2026-05-25,Horchata Vaso,Bebida,ORDEN,1.00,55.00,1,0,0,0
2026-06-02,Pieza Extra Quesadilla,Quesadilla,ORDEN,1.00,35.00,1,0,0,0
2026-07-06,Orden de Guisado de Carne,Guarnicion,ORDEN,1.00,135.00,1,1,0,0
2026-06-06,1/2 Enmoladas,Enmolada,ORDEN,4.00,622.00,3,2,0,0
2026-09-01,Jamaica Vaso,Bebida,ORDEN,13.00,546.00,1,0,0,0
2026-07-09,1/2 Enchiladas Mixtas (4 Piezas),Enchilada,ORDEN,2.00,308.00,2,2,0,0
2026-04-13,Empanadas (4 pzas.),Empanada,ORDEN,1.00,144.00,1,0,0,0
2026-04-03,Huevos Rancheros,Huevos,ORDEN,3.00,360.00,1,0,0,0
2026-03-11,Orden Huevos Estrellados,Huevos,ORDEN,1.00,120.00,1,0,0,0
2026-06-19,Enchiladas Rojas,Enchilada,ORDEN,1.00,182.00,1,1,0,0
2026-07-17,Pieza Extra Quesadilla,Quesadilla,ORDEN,1.00,35.00,1,0,0,0
2026-06-06,Tacos de Maiz,Taco,PIEZA,64.00,1457.00,15,1,1,64.00
2026-06-11,Bisquet,Otros,ORDEN,2.00,60.00,1,0,0,0
2026-03-22,Horchata 1 Litro,Bebida,ORDEN,1.00,69.00,1,0,0,0
2026-03-05,Tacos de Harina,Taco,PIEZA,21.00,498.00,10,0,0,21.00
2026-03-27,Pieza de Pan,Guarnicion,ORDEN,4.00,112.00,1,0,0,0
2026-05-16,Migada Guisado de Carne,Migada,PIEZA,16.00,2304.00,15,0,6,16.00
2026-06-24,Horchata 1 Litro,Bebida,ORDEN,1.00,69.00,1,0,0,0
2026-06-19,Refresco 355 ml.,Bebida,ORDEN,4.00,140.00,1,0,0,0
2026-08-22,Pieza Tortilla de Harina,Guarnicion,ORDEN,4.00,20.00,1,0,0,0
2026-05-16,Horchata 1 Litro,Bebida,ORDEN,1.00,69.00,1,0,0,0
2026-08-12,Empanadas (4 pzas.),Empanada,ORDEN,3.00,432.00,3,0,0,0
2026-07-31,Refresco 355 ml.,Bebida,ORDEN,6.00,210.00,2,0,0,0
2026-03-19,Tacos de Harina,Taco,PIEZA,28.00,637.00,10,0,0,28.00
2026-09-02,Refresco 355 ml.,Bebida,ORDEN,9.00,315.00,2,0,0,0
2026-04-14,Pieza Tortilla de Harina,Guarnicion,ORDEN,3.00,15.00,1,0,0,0
2026-06-28,Jamaica Vaso,Bebida,ORDEN,26.00,1105.00,1,0,0,0
2026-08-12,Café Negro,Bebida,ORDEN,7.00,294.00,1,0,0,0
2026-06-17,Horchata Vaso,Bebida,ORDEN,5.00,223.00,1,0,0,0
2026-04-08,Bocoles,Bocol,PIEZA,49.00,1087.00,18,0,2,49.00
2026-03-01,Enmoladas,Enmolada,ORDEN,2.00,294.00,2,0,1,0
2026-05-30,Jamaica Vaso,Bebida,ORDEN,17.00,714.00,1,0,0,0
2026-05-04,Bocoles,Bocol,PIEZA,96.00,2126.00,20,0,0,96.00
2026-04-09,Migada Guisado de Carne,Migada,PIEZA,10.00,1483.00,9,0,4,10.00
2026-03-18,Tacos de Maiz,Taco,PIEZA,27.00,621.00,11,0,0,27.00
2026-04-22,Porción Frijol con Queso,Guarnicion,ORDEN,1.00,5.00,1,0,0,0
2026-05-05,Empanadas (4 pzas.),Empanada,ORDEN,3.00,432.00,3,2,0,0
2026-06-20,Zanahorias p/llevar,Otros,ORDEN,2.00,0.00,1,0,0,0
2026-06-16,Salsa Roja,Guarnicion,ORDEN,1.00,0.00,1,0,0,0
2026-08-18,PROMO 6 surtidas,Otros,ORDEN,5.00,540.00,1,0,0,0
2026-05-01,Pieza de Pan,Guarnicion,ORDEN,12.00,336.00,1,0,0,0
2026-04-01,1/2 Encremadas,Encremada,ORDEN,2.00,228.00,2,1,0,0
2026-06-19,Gorditas,Gordita,PIEZA,190.00,3702.00,20,0,0,190.00
2026-07-01,Pieza Huevo Estrellado Tierno,Huevos,ORDEN,1.00,20.00,1,0,0,0
2026-09-02,PROMO 6 surtidas,Otros,ORDEN,8.00,864.00,1,0,0,0
2026-04-21,Café con Leche,Bebida,ORDEN,26.00,1092.00,2,0,0,0
2026-03-18,1/2 Enmoladas,Enmolada,ORDEN,5.00,708.00,2,1,0,0
2026-07-31,Pieza de Pan Dulce,Guarnicion,ORDEN,4.00,112.00,1,0,0,0
2026-04-11,Refresco 355 ml.,Bebida,ORDEN,3.00,105.00,1,0,0,0
2026-07-21,Tacos de Maiz,Taco,PIEZA,39.00,873.00,13,2,0,39.00
2026-08-02,Huevos con Deshebrada,Huevos,ORDEN,3.00,405.00,1,0,0,0
2026-07-22,Gorditas de Azúcar,Gordita,PIEZA,2.00,84.00,1,0,0,2.00
2026-06-07,Huevos Rancheros,Huevos,ORDEN,2.00,240.00,1,0,0,0
2026-07-19,Porción Frijol con Queso,Guarnicion,ORDEN,1.00,5.00,1,0,0,0
2026-08-16,1/2 Enfrijoladas,Enfrijolada,ORDEN,1.00,130.00,1,1,0,0
2026-06-18,1/2 Enmoladas,Enmolada,ORDEN,3.00,320.00,2,1,0,0
2026-06-03,Migada Guisado de Carne,Migada,PIEZA,4.00,576.00,3,0,0,4.00
2026-05-04,Orden de Guisado Normal,Guarnicion,ORDEN,1.00,120.00,1,1,0,0
2026-06-22,Entomatadas,Entomatada,ORDEN,4.00,683.00,3,2,0,0
2026-04-17,Refresco 600 ml.,Bebida,ORDEN,14.00,546.00,5,0,0,0
2026-03-06,Café con Leche,Bebida,ORDEN,46.00,1932.00,2,0,0,0
2026-03-26,Tacos de Harina,Taco,PIEZA,35.00,825.00,10,1,0,35.00
2026-08-05,1/2 Enfrijoladas,Enfrijolada,ORDEN,2.00,225.00,2,1,1,0
2026-05-30,Refresco 355 ml.,Bebida,ORDEN,5.00,175.00,2,0,0,0
2026-05-02,1/2 Empanadas (2 pzas.),Empanada,ORDEN,5.00,470.00,5,0,3,0
2026-06-08,Migada Guisado Normal,Migada,PIEZA,2.00,266.00,2,0,0,2.00
2026-04-23,Entomatadas,Entomatada,ORDEN,1.00,249.00,1,1,2,0
2026-08-01,Café con Leche,Bebida,ORDEN,46.00,1945.00,3,0,0,0
2026-05-17,Pieza de Pan,Guarnicion,ORDEN,10.00,280.00,1,0,0,0
2026-06-16,Porción Frijol con Queso,Guarnicion,ORDEN,1.00,5.00,1,0,0,0
2026-03-29,Tacos de Harina,Taco,PIEZA,33.00,747.00,11,0,3,33.00
2026-07-01,1/2 Entomatadas,Entomatada,ORDEN,2.00,263.00,2,2,0,0
2026-07-25,Bocoles,Bocol,PIEZA,154.00,3482.00,30,3,7,154.00
2026-07-06,1/2 Enfrijoladas,Enfrijolada,ORDEN,3.00,425.00,3,2,2,0
2026-04-26,Bocoles,Bocol,PIEZA,130.00,2917.00,22,0,2,130.00
2026-06-14,Pieza Enmolada,Enmolada,ORDEN,1.00,30.00,1,0,0,0
2026-08-03,Pieza Huevo Estrellado Tierno,Huevos,ORDEN,1.00,20.00,1,0,0,0
2026-04-14,Orden Huevos Estrellados,Huevos,ORDEN,1.00,120.00,1,0,0,0
2026-05-17,Porción Ensalada,Guarnicion,ORDEN,1.00,25.00,1,0,0,0
2026-05-26,Gorditas,Gordita,PIEZA,97.00,1890.00,20,0,0,97.00
2026-06-19,Pieza Extra Quesadilla,Quesadilla,ORDEN,1.00,35.00,1,0,0,0
2026-08-24,1/2 Enchiladas Picositas,Enchilada,ORDEN,3.00,457.00,3,3,0,0
2026-06-21,Pieza Enchilada Roja,Enchilada,ORDEN,1.00,30.00,1,0,0,0
2026-03-06,Ciel 600 ml.,Bebida,ORDEN,2.00,70.00,1,0,0,0
2026-05-22,Tacos de Harina,Taco,PIEZA,31.00,697.00,10,0,0,31.00
2026-04-16,Huevos Rancheros,Huevos,ORDEN,2.00,240.00,1,0,0,0
2026-08-17,Gorditas de Azúcar,Gordita,PIEZA,1.00,42.00,1,0,0,1.00
2026-04-12,Huevos con Deshebrada,Huevos,ORDEN,1.00,135.00,1,0,0,0
2026-05-16,Porción Frijol con Queso,Guarnicion,ORDEN,1.00,5.00,1,0,0,0
2026-06-24,Refresco 600 ml.,Bebida,ORDEN,11.00,441.00,4,0,0,0
2026-06-04,Huevos a la Mexicana,Huevos,ORDEN,3.00,360.00,1,0,0,0
2026-06-29,Refresco 355 ml.,Bebida,ORDEN,2.00,70.00,1,0,0,0
2026-04-02,Huevo Estrellado 2 pzas.,Huevos,ORDEN,1.00,35.00,1,0,0,0
2026-06-08,Plátano Frito,Otros,ORDEN,1.00,42.00,1,0,0,0
2026-03-28,Entomatadas,Entomatada,ORDEN,2.00,408.00,2,2,2,0
2026-05-11,Huevos con Deshebrada,Huevos,ORDEN,1.00,135.00,1,0,0,0
2026-08-22,1/2 Enchiladas Rojas,Enchilada,ORDEN,8.00,1116.00,8,9,2,0
2026-03-31,Café Negro,Bebida,ORDEN,19.00,798.00,2,0,0,0
2026-07-10,Refresco 600 ml.,Bebida,ORDEN,11.00,429.00,3,0,0,0
2026-07-29,Horchata 1 Litro,Bebida,ORDEN,4.00,297.00,1,0,0,0
2026-06-12,Migada Guisado de Carne,Migada,PIEZA,6.00,864.00,6,0,6,6.00
2026-08-20,1/2 Enfrijoladas,Enfrijolada,ORDEN,1.00,95.00,1,0,1,0
2026-03-31,Gorditas de Azúcar,Gordita,PIEZA,1.00,42.00,1,0,0,1.00
2026-05-13,Gorditas,Gordita,PIEZA,132.00,2570.00,20,0,1,132.00
2026-03-21,Huevos con Deshebrada,Huevos,ORDEN,1.00,135.00,1,0,0,0
2026-05-08,Jamaica Vaso,Bebida,ORDEN,7.00,294.00,1,0,0,0
2026-05-25,Bocoles,Bocol,PIEZA,39.00,882.00,14,1,0,39.00
2026-07-06,Pieza Extra Empanada,Empanada,ORDEN,1.00,38.00,1,0,0,0
2026-04-06,1/2 Empanadas (2 pzas.),Empanada,ORDEN,4.00,376.00,4,0,0,0
2026-03-13,Horchata Vaso,Bebida,ORDEN,7.00,294.00,1,0,0,0
2026-08-31,Pieza Huevo Estrellado Medio,Huevos,ORDEN,1.00,20.00,1,0,0,0
2026-06-12,1/2 Quesadillas (2 pzas.),Quesadilla,ORDEN,5.00,430.00,2,0,1,0
2026-08-25,Migada Guisado de Carne,Migada,PIEZA,8.00,1324.00,7,0,8,8.00
2026-08-15,Jamaica Vaso,Bebida,ORDEN,20.00,840.00,1,0,0,0
2026-07-14,Refresco 355 ml.,Bebida,ORDEN,2.00,70.00,1,0,0,0
2026-07-12,1/2 Enfrijoladas,Enfrijolada,ORDEN,1.00,95.00,1,0,1,0
2026-08-10,Pieza de Pan Dulce,Guarnicion,ORDEN,8.00,224.00,1,0,0,0
2026-08-07,Pieza Extra Quesadilla,Quesadilla,ORDEN,3.00,105.00,1,0,0,0
2026-08-10,Jamaica Vaso,Bebida,ORDEN,24.00,1008.00,1,0,0,0
2026-08-17,Quesadillas (4 pzas.),Quesadilla,ORDEN,7.00,931.00,5,0,8,0
2026-06-30,PROMO 6 surtidas,Otros,ORDEN,6.00,648.00,1,0,0,0
2026-03-07,Porción Ensalada,Guarnicion,ORDEN,1.00,25.00,1,0,0,0
2026-06-22,1/2 Enchiladas Picositas,Enchilada,ORDEN,2.00,260.00,2,2,1,0
2026-07-10,Salsa Habanera,Guarnicion,ORDEN,1.00,10.00,1,0,0,0
2026-03-06,Migada Guisado de Carne,Migada,PIEZA,11.00,1627.00,11,0,10,11.00
2026-05-12,Migada Guisado Normal,Migada,PIEZA,1.00,133.00,1,0,0,1.00
2026-04-29,Limón Vaso,Bebida,ORDEN,15.00,630.00,1,0,0,0
2026-07-17,Gorditas Surtidas,Gordita,PIEZA,1.00,114.00,1,0,0,6.00
2026-04-02,Huevos con Deshebrada,Huevos,ORDEN,2.00,270.00,1,0,0,0
2026-06-24,Enmoladas,Enmolada,ORDEN,3.00,707.00,3,5,1,0
2026-08-31,Jamaica Vaso,Bebida,ORDEN,15.00,630.00,1,0,0,0
2026-07-25,Huevos a la Mexicana,Huevos,ORDEN,3.00,360.00,1,0,0,0
2026-04-10,Enmoladas,Enmolada,ORDEN,1.00,182.00,1,1,0,0
2026-03-14,Horchata 1 Litro,Bebida,ORDEN,3.00,228.00,1,0,0,0
2026-07-02,Migada Guisado de Carne,Migada,PIEZA,4.00,576.00,2,0,2,4.00
2026-07-09,1/2 Quesadillas (2 pzas.),Quesadilla,ORDEN,5.00,456.00,2,0,1,0
2026-04-16,Gorditas de Azúcar,Gordita,PIEZA,1.00,42.00,1,0,0,1.00
2026-06-02,Tacos de Maiz,Taco,PIEZA,26.00,606.00,9,1,0,26.00
2026-03-28,Gorditas Surtidas,Gordita,PIEZA,2.00,152.00,1,0,0,8.00
2026-05-21,Enmoladas,Enmolada,ORDEN,2.00,440.00,2,1,2,0
2026-07-15,Refresco 600 ml.,Bebida,ORDEN,8.00,312.00,3,0,0,0
2026-03-20,Enchiladas Mixtas,Enchilada,ORDEN,3.00,441.00,2,0,0,0
2026-05-26,1/2 Enchiladas Rojas,Enchilada,ORDEN,3.00,390.00,2,2,0,0
2026-04-04,Enchiladas Rojas,Enchilada,ORDEN,5.00,840.00,3,2,0,0
2026-07-21,Enchiladas Rojas,Enchilada,ORDEN,2.00,294.00,2,0,1,0
2026-07-22,1/2 Enchiladas Rojas,Enchilada,ORDEN,7.00,805.00,6,4,2,0
2026-08-28,Encremadas,Encremada,ORDEN,3.00,625.00,3,2,0,0
2026-08-04,Refresco 600 ml.,Bebida,ORDEN,16.00,624.00,9,0,0,0
2026-05-15,Guisado Infantil,Otros,ORDEN,1.00,38.00,1,0,0,0
2026-05-06,Encremadas,Encremada,ORDEN,1.00,182.00,1,1,0,0
2026-06-23,Pieza Huevo Estrellado Medio,Huevos,ORDEN,2.00,40.00,1,0,0,0
2026-08-23,Enfrijoladas,Enfrijolada,ORDEN,1.00,182.00,1,1,0,0
2026-08-31,1/2 Enfrijoladas,Enfrijolada,ORDEN,1.00,133.00,1,2,0,0
2026-03-16,1/2 Entomatadas,Entomatada,ORDEN,3.00,489.00,3,2,1,0
2026-04-15,Tacos de Maiz,Taco,PIEZA,7.00,154.00,4,0,0,7.00
2026-05-19,1/2 Enchiladas Picositas,Enchilada,ORDEN,2.00,190.00,1,0,0,0
2026-03-27,Horchata Vaso,Bebida,ORDEN,4.00,168.00,1,0,0,0
2026-03-03,Aguacate Extra,Otros,ORDEN,1.00,15.00,1,0,0,0
2026-08-13,Salsa Habanera,Guarnicion,ORDEN,1.00,10.00,1,0,0,0
2026-05-17,Migada Guisado de Carne,Migada,PIEZA,17.00,2577.00,15,0,8,17.00
2026-05-15,Gorditas Surtidas,Gordita,PIEZA,1.00,114.00,1,0,0,6.00
2026-06-29,Tacos de Maiz,Taco,PIEZA,33.00,750.00,10,0,0,33.00
2026-08-31,1/2 Empanadas (2 pzas.),Empanada,ORDEN,2.00,188.00,2,0,1,0
2026-07-22,Orden Huevos Estrellados,Huevos,ORDEN,1.00,120.00,1,0,0,0
2026-09-01,Café con Leche,Bebida,ORDEN,29.00,1218.00,4,0,0,0
2026-08-27,1/2 Enchiladas Picositas,Enchilada,ORDEN,4.00,660.00,3,3,1,0
2026-04-02,Refresco 355 ml.,Bebida,ORDEN,4.00,140.00,2,0,0,0
2026-07-16,Bisquet,Otros,ORDEN,3.00,90.00,1,0,0,0
2026-04-01,Bisquet,Otros,ORDEN,5.00,150.00,1,0,0,0
2026-04-03,1/2 Enchiladas Picositas,Enchilada,ORDEN,4.00,450.00,3,2,1,0
2026-05-13,Guisado Infantil,Otros,ORDEN,2.00,76.00,2,0,0,0
2026-09-05,1/2 Enchiladas Picositas,Enchilada,ORDEN,2.00,260.00,2,2,0,0
2026-05-27,Pieza Tortilla de Maíz,Guarnicion,ORDEN,3.00,15.00,1,0,0,0
2026-08-12,Migada Guisado de Carne,Migada,PIEZA,8.00,1152.00,8,0,3,8.00
2026-03-12,1/2 Enchiladas Mixtas (4 Piezas),Enchilada,ORDEN,1.00,154.00,1,1,0,0
2026-05-14,Café Negro,Bebida,ORDEN,5.00,210.00,1,0,0,0
2026-07-22,Orden de Guisado Normal,Guarnicion,ORDEN,1.00,120.00,1,1,0,0
2026-05-16,1/2 Enchiladas Rojas,Enchilada,ORDEN,5.00,583.00,5,3,3,0
2026-07-22,Café con Leche,Bebida,ORDEN,35.00,1470.00,2,0,0,0
2026-04-19,Café con Leche,Bebida,ORDEN,70.00,2940.00,4,0,0,0
2026-06-03,1/2 Enchiladas Picositas,Enchilada,ORDEN,2.00,225.00,2,1,0,0
2026-03-05,Bocoles,Bocol,PIEZA,45.00,1037.00,16,1,0,45.00
2026-05-06,Huevos Rancheros,Huevos,ORDEN,1.00,120.00,1,0,0,0
2026-06-03,Huevos a la Mexicana,Huevos,ORDEN,2.00,240.00,1,0,0,0
2026-06-20,Huevos Rancheros,Huevos,ORDEN,1.00,120.00,1,0,0,0
2026-06-11,Empanadas (4 pzas.),Empanada,ORDEN,5.00,720.00,5,1,0,0
2026-08-26,Porción Frijol con Queso,Guarnicion,ORDEN,1.00,5.00,1,0,0,0
2026-06-27,Porción Ensalada,Guarnicion,ORDEN,3.00,75.00,1,0,0,0
2026-08-10,Migada Guisado de Carne,Migada,PIEZA,8.00,1195.00,8,0,7,8.00
2026-06-08,Fuze Tea,Bebida,ORDEN,1.00,45.00,1,0,0,0
2026-03-01,1/2 Enmoladas,Enmolada,ORDEN,5.00,883.00,5,5,8,0
2026-05-13,Refresco 600 ml.,Bebida,ORDEN,12.00,468.00,4,0,0,0
2026-03-12,Quesadillas (4 pzas.),Quesadilla,ORDEN,4.00,572.00,1,0,0,0
2026-04-12,Empanadas (4 pzas.),Empanada,ORDEN,4.00,619.00,4,2,0,0
2026-04-18,1/2 Encremadas,Encremada,ORDEN,1.00,95.00,1,0,0,0
2026-04-09,Pieza Extra Empanada,Empanada,ORDEN,1.00,58.00,1,1,0,0
2026-06-19,1/2 Enchiladas Picositas,Enchilada,ORDEN,2.00,263.00,2,2,0,0
2026-07-27,Entomatadas,Entomatada,ORDEN,2.00,396.00,2,1,0,0
2026-05-06,Huevos a la Mexicana,Huevos,ORDEN,4.00,480.00,1,0,0,0
2026-08-20,Refresco 600 ml.,Bebida,ORDEN,11.00,429.00,4,0,0,0
2026-07-17,1/2 Enchiladas Picositas,Enchilada,ORDEN,4.00,482.00,3,1,1,0
2026-07-13,Migada Guisado de Carne,Migada,PIEZA,4.00,576.00,4,0,1,4.00
2026-03-09,Tacos de Maiz,Taco,PIEZA,40.00,922.00,18,4,0,40.00
2026-03-17,Migada Guisado Normal,Migada,PIEZA,2.00,266.00,2,0,2,2.00
2026-07-29,Enchiladas Mixtas,Enchilada,ORDEN,2.00,431.00,2,2,0,0
2026-05-30,Horchata 1 Litro,Bebida,ORDEN,2.00,138.00,1,0,0,0
2026-03-06,1/2 Empanadas (2 pzas.),Empanada,ORDEN,1.00,129.00,1,1,0,0
2026-04-09,Gorditas de Azúcar,Gordita,PIEZA,2.00,84.00,1,0,0,2.00
2026-06-21,Jamaica Vaso,Bebida,ORDEN,33.00,1386.00,1,0,0,0
2026-08-19,Enchiladas Picositas,Enchilada,ORDEN,1.00,185.00,1,1,0,0
2026-09-04,1/2 Enchiladas Mixtas (4 Piezas),Enchilada,ORDEN,1.00,154.00,1,1,0,0
2026-06-23,Refresco 355 ml.,Bebida,ORDEN,1.00,35.00,1,0,0,0
2026-08-16,Refresco 600 ml.,Bebida,ORDEN,24.00,936.00,9,0,0,0
2026-03-03,Refresco 600 ml.,Bebida,ORDEN,10.00,390.00,5,0,0,0
2026-03-23,Empanadas (4 pzas.),Empanada,ORDEN,4.00,596.00,4,2,0,0
2026-04-09,Horchata Vaso,Bebida,ORDEN,5.00,210.00,1,0,0,0
2026-05-01,Quesadillas (4 pzas.),Quesadilla,ORDEN,6.00,838.00,4,0,4,0
2026-04-23,Pieza Huevo Estrellado Medio,Huevos,ORDEN,1.00,20.00,1,0,0,0
2026-03-31,Refresco 600 ml.,Bebida,ORDEN,14.00,570.00,7,0,0,0
2026-06-18,Gorditas,Gordita,PIEZA,150.00,2917.00,22,1,1,150.00
2026-08-11,Refresco 355 ml.,Bebida,ORDEN,1.00,35.00,1,0,0,0
2026-03-17,Pieza de Pan,Guarnicion,ORDEN,3.00,84.00,1,0,0,0
2026-04-14,Horchata Vaso,Bebida,ORDEN,1.00,42.00,1,0,0,0
2026-04-16,Salsa Roja,Guarnicion,ORDEN,1.00,0.00,1,0,0,0
2026-08-10,Huevos a la Mexicana,Huevos,ORDEN,2.00,240.00,1,0,0,0
2026-05-24,Limón Vaso,Bebida,ORDEN,25.00,1050.00,1,0,0,0
2026-03-26,Migada Guisado Normal,Migada,PIEZA,1.00,133.00,1,0,1,1.00
2026-03-04,Ciel 600 ml.,Bebida,ORDEN,1.00,35.00,1,0,0,0
2026-09-04,Huevos Rancheros,Huevos,ORDEN,1.00,120.00,1,0,0,0
2026-06-19,Huevo Estrellado 2 pzas.,Huevos,ORDEN,1.00,35.00,1,0,0,0
2026-05-26,Ciel 600 ml.,Bebida,ORDEN,2.00,70.00,1,0,0,0
2026-08-23,1/2 Enchiladas Rojas,Enchilada,ORDEN,9.00,1103.00,6,5,2,0
2026-05-18,Enchiladas Rojas,Enchilada,ORDEN,4.00,772.00,4,4,0,0
2026-07-27,Migada Guisado de Carne,Migada,PIEZA,5.00,763.00,5,0,3,5.00
2026-08-08,Limón Vaso,Bebida,ORDEN,37.00,1554.00,1,0,0,0
2026-06-23,Bisquet,Otros,ORDEN,4.00,120.00,1,0,0,0
2026-03-07,Café con Leche,Bebida,ORDEN,49.00,2058.00,4,0,0,0
2026-06-21,Huevos Rancheros,Huevos,ORDEN,3.00,360.00,1,0,0,0
2026-06-30,1/2 Empanadas (2 pzas.),Empanada,ORDEN,4.00,376.00,3,0,0,0
2026-07-29,Plátano Frito,Otros,ORDEN,3.00,126.00,2,0,0,0
2026-08-01,1/2 Quesadillas (2 pzas.),Quesadilla,ORDEN,10.00,1023.00,6,2,3,0
2026-07-22,Limón 1 Litro,Bebida,ORDEN,2.00,154.00,1,0,0,0
2026-08-08,Gorditas,Gordita,PIEZA,254.00,4865.00,25,0,3,254.00
2026-03-12,Empanadas (4 pzas.),Empanada,ORDEN,3.00,432.00,3,0,0,0
2026-06-25,Empanadas (4 pzas.),Empanada,ORDEN,2.00,288.00,2,1,0,0
2026-03-14,Bisquet,Otros,ORDEN,1.00,30.00,1,0,0,0
2026-07-26,Café Negro,Bebida,ORDEN,13.00,546.00,1,0,0,0
2026-06-13,Quesadillas (4 pzas.),Quesadilla,ORDEN,4.00,572.00,1,0,0,0
2026-07-29,Refresco 355 ml.,Bebida,ORDEN,3.00,105.00,2,0,0,0
2026-03-08,Enchiladas Picositas,Enchilada,ORDEN,2.00,373.00,2,1,1,0
2026-03-15,Migada Guisado Normal,Migada,PIEZA,1.00,133.00,1,0,0,1.00
2026-05-22,Pieza de Pan,Guarnicion,ORDEN,1.00,28.00,1,0,0,0
2026-04-26,Enfrijoladas,Enfrijolada,ORDEN,2.00,364.00,2,2,0,0
2026-05-22,1/2 Enchiladas Rojas,Enchilada,ORDEN,8.00,900.00,4,2,1,0
2026-08-02,Salsa Roja,Guarnicion,ORDEN,2.00,20.00,1,0,0,0
2026-03-16,Gorditas,Gordita,PIEZA,258.00,5133.00,23,0,2,258.00
2026-05-09,Gorditas de Azúcar,Gordita,PIEZA,2.00,84.00,1,0,0,2.00
2026-08-01,Jamaica Vaso,Bebida,ORDEN,18.00,769.00,1,0,0,0
2026-05-29,Bisquet,Otros,ORDEN,4.00,120.00,1,0,0,0
2026-06-14,Enchiladas Mixtas,Enchilada,ORDEN,3.00,549.00,3,3,1,0
2026-07-17,Huevo Revuelto 2 pzas.,Huevos,ORDEN,1.00,35.00,1,0,0,0
2026-08-23,Horchata 1 Litro,Bebida,ORDEN,2.00,138.00,1,0,0,0
2026-07-22,Salsa Habanera,Guarnicion,ORDEN,1.00,10.00,1,0,0,0
2026-06-07,Horchata 1 Litro,Bebida,ORDEN,5.00,345.00,1,0,0,0
2026-07-01,1/2 Enfrijoladas,Enfrijolada,ORDEN,2.00,219.00,1,0,0,0
2026-05-10,Pieza Extra Empanada,Empanada,ORDEN,2.00,76.00,2,0,0,0
2026-05-29,Pieza Huevo Estrellado Ciego,Huevos,ORDEN,1.00,20.00,1,0,0,0
2026-05-08,Pieza Huevo Estrellado Cocido,Huevos,ORDEN,2.00,40.00,1,0,0,0
2026-05-22,Gorditas de Azúcar,Gordita,PIEZA,1.00,42.00,1,0,0,1.00
2026-06-23,Gorditas de Azúcar,Gordita,PIEZA,1.00,42.00,1,0,0,1.00
2026-04-19,Quesadillas (4 pzas.),Quesadilla,ORDEN,9.00,1357.00,1,0,0,0
2026-03-10,Huevos con Deshebrada,Huevos,ORDEN,1.00,135.00,1,0,0,0
2026-08-28,Quesadillas (4 pzas.),Quesadilla,ORDEN,4.00,532.00,4,0,2,0
2026-08-10,1/2 Enchiladas Rojas,Enchilada,ORDEN,4.00,450.00,3,2,2,0
2026-03-07,1/2 Empanadas (2 pzas.),Empanada,ORDEN,3.00,282.00,2,0,2,0
2026-06-18,Orden Huevos Estrellados,Huevos,ORDEN,1.00,120.00,1,0,0,0
2026-08-09,Huevos Rancheros,Huevos,ORDEN,1.00,120.00,1,0,0,0
2026-07-24,Migada Guisado de Carne,Migada,PIEZA,8.00,1195.00,7,0,5,8.00
2026-04-07,Horchata 1 Litro,Bebida,ORDEN,1.00,69.00,1,0,0,0
2026-05-10,1/2 Empanadas (2 pzas.),Empanada,ORDEN,6.00,564.00,5,1,1,0
2026-05-23,Huevos a la Mexicana,Huevos,ORDEN,2.00,276.00,1,0,0,0
2026-08-03,Gorditas,Gordita,PIEZA,191.00,3778.00,28,3,0,191.00
2026-03-14,Huevos con Deshebrada,Huevos,ORDEN,2.00,270.00,1,0,0,0
2026-04-29,Enchiladas Mixtas,Enchilada,ORDEN,1.00,293.00,1,1,0,0
2026-07-20,Jamaica Vaso,Bebida,ORDEN,14.00,601.00,1,0,0,0
2026-09-05,Quesadillas (4 pzas.),Quesadilla,ORDEN,5.00,825.00,3,0,5,0
2026-07-11,Enchiladas Picositas,Enchilada,ORDEN,1.00,249.00,1,1,0,0
2026-05-09,Huevo Estrellado 2 pzas.,Huevos,ORDEN,1.00,35.00,1,0,0,0
2026-06-25,1/2 Entomatadas,Entomatada,ORDEN,4.00,587.00,4,4,0,0
2026-04-02,Gorditas,Gordita,PIEZA,136.00,2677.00,24,0,4,136.00
2026-05-29,Huevos a la Mexicana,Huevos,ORDEN,2.00,240.00,1,0,0,0
2026-06-07,Fuze Tea,Bebida,ORDEN,3.00,135.00,1,0,0,0
2026-04-10,1/2 Entomatadas,Entomatada,ORDEN,3.00,285.00,3,0,3,0
2026-07-30,Enmoladas,Enmolada,ORDEN,3.00,543.00,2,1,0,0
2026-08-17,1/2 Enfrijoladas,Enfrijolada,ORDEN,1.00,95.00,1,0,2,0
2026-04-11,Encremadas,Encremada,ORDEN,2.00,431.00,2,2,0,0
2026-04-07,Guisado Infantil,Otros,ORDEN,1.00,38.00,1,0,0,0
2026-04-27,Tacos de Maiz,Taco,PIEZA,9.00,201.00,6,0,0,9.00
2026-05-03,Jamaica Vaso,Bebida,ORDEN,5.00,210.00,1,0,0,0
2026-07-20,Orden de Guisado Normal,Guarnicion,ORDEN,1.00,120.00,1,1,0,0
2026-08-19,1/2 Quesadillas (2 pzas.),Quesadilla,ORDEN,4.00,344.00,3,0,1,0
2026-07-07,Huevos con Deshebrada,Huevos,ORDEN,3.00,446.00,1,0,0,0
2026-08-18,1/2 Enchiladas Rojas,Enchilada,ORDEN,1.00,95.00,1,0,1,0
2026-05-26,Enchiladas Rojas,Enchilada,ORDEN,2.00,396.00,2,1,0,0
2026-06-23,Enfrijoladas,Enfrijolada,ORDEN,1.00,182.00,1,1,0,0
2026-08-16,Café Negro,Bebida,ORDEN,18.00,756.00,1,0,0,0
2026-07-08,Pieza Tortilla de Harina,Guarnicion,ORDEN,2.00,10.00,1,0,0,0
2026-08-25,Ciel 600 ml.,Bebida,ORDEN,4.00,140.00,1,0,0,0
2026-07-10,Enchiladas Picositas,Enchilada,ORDEN,1.00,249.00,1,1,0,0
2026-04-02,1/2 Entomatadas,Entomatada,ORDEN,5.00,720.00,4,5,1,0
2026-05-19,Enchiladas Rojas,Enchilada,ORDEN,3.00,616.00,3,3,3,0
2026-03-28,Horchata Vaso,Bebida,ORDEN,2.00,84.00,1,0,0,0
2026-04-02,Huevos Rancheros,Huevos,ORDEN,2.00,240.00,1,0,0,0
2026-07-28,Café Negro,Bebida,ORDEN,19.00,798.00,1,0,0,0
2026-03-18,Limón Vaso,Bebida,ORDEN,8.00,336.00,1,0,0,0
2026-05-08,Ciel 600 ml.,Bebida,ORDEN,2.00,70.00,1,0,0,0
2026-06-07,Tacos de Harina,Taco,PIEZA,43.00,994.00,12,0,1,43.00
2026-04-03,Horchata Vaso,Bebida,ORDEN,9.00,391.00,1,0,0,0
2026-05-19,Huevos con Deshebrada,Huevos,ORDEN,2.00,270.00,1,0,0,0
2026-06-18,Refresco 355 ml.,Bebida,ORDEN,1.00,35.00,1,0,0,0
2026-07-08,Bisquet,Otros,ORDEN,2.00,60.00,1,0,0,0
2026-06-22,Enchiladas Rojas,Enchilada,ORDEN,5.00,840.00,5,3,2,0
2026-05-03,Enchiladas Picositas,Enchilada,ORDEN,2.00,329.00,2,1,0,0
2026-05-15,Tacos de Maiz,Taco,PIEZA,39.00,897.00,16,2,0,39.00
2026-04-02,1/2 Quesadillas (2 pzas.),Quesadilla,ORDEN,3.00,278.00,3,1,1,0
2026-04-19,Huevo Estrellado 2 pzas.,Huevos,ORDEN,2.00,70.00,1,0,0,0
2026-08-06,Limón Vaso,Bebida,ORDEN,6.00,252.00,1,0,0,0
2026-06-09,Encremadas,Encremada,ORDEN,2.00,475.00,2,2,0,0
2026-07-28,Pieza Tortilla de Maíz,Guarnicion,ORDEN,2.00,10.00,1,0,0,0
2026-05-24,Jamaica Vaso,Bebida,ORDEN,27.00,1134.00,1,0,0,0
2026-08-10,Plátano Frito,Otros,ORDEN,4.00,168.00,3,0,0,0
2026-07-24,Topo Chico 600 ml.,Bebida,ORDEN,3.00,117.00,1,0,0,0
2026-08-05,1/2 Entomatadas,Entomatada,ORDEN,5.00,918.00,3,3,1,0
2026-05-22,Limón Vaso,Bebida,ORDEN,18.00,756.00,1,0,0,0
2026-04-12,Jamaica 1 Litro,Bebida,ORDEN,3.00,213.00,1,0,0,0
2026-03-28,1/2 Entomatadas,Entomatada,ORDEN,9.00,1100.00,7,5,4,0
2026-04-19,Gorditas,Gordita,PIEZA,339.00,6525.00,24,0,2,339.00
2026-04-01,Migada Guisado Normal,Migada,PIEZA,1.00,133.00,1,0,0,1.00
2026-03-27,Bocoles,Bocol,PIEZA,83.00,1852.00,20,1,0,83.00
2026-08-20,Limón Vaso,Bebida,ORDEN,9.00,378.00,1,0,0,0
2026-03-18,Encremadas,Encremada,ORDEN,2.00,542.00,1,1,0,0
2026-05-28,1/2 Empanadas (2 pzas.),Empanada,ORDEN,2.00,208.00,2,2,0,0
2026-08-15,Gorditas,Gordita,PIEZA,210.00,4102.00,27,2,6,210.00
2026-07-14,PROMO 6 surtidas,Otros,ORDEN,1.00,108.00,1,0,0,0
2026-06-11,1/2 Entomatadas,Entomatada,ORDEN,7.00,945.00,7,5,2,0
2026-07-11,1/2 Enchiladas Rojas,Enchilada,ORDEN,3.00,422.00,3,2,2,0
2026-03-29,Pieza Enmolada,Enmolada,ORDEN,1.00,30.00,1,0,0,0
2026-07-07,1/2 Enchiladas Rojas,Enchilada,ORDEN,2.00,228.00,2,1,1,0
2026-03-12,1/2 Encremadas,Encremada,ORDEN,1.00,130.00,1,1,0,0
2026-04-16,Tacos de Maiz,Taco,PIEZA,39.00,872.00,13,1,0,39.00
2026-08-18,Bistec 1 Pza.,Otros,ORDEN,1.00,102.00,1,0,0,0
2026-04-14,Orden de Guisado Normal,Guarnicion,ORDEN,2.00,240.00,1,0,0,0
2026-09-03,Jamaica Vaso,Bebida,ORDEN,12.00,504.00,1,0,0,0
2026-07-10,Salsa Roja,Guarnicion,ORDEN,11.00,19.50,1,0,0,0
2026-07-05,Migada Guisado Normal,Migada,PIEZA,2.00,266.00,2,0,2,2.00
2026-03-21,Limón 1 Litro,Bebida,ORDEN,3.00,213.00,1,0,0,0
2026-07-15,1/2 Enchiladas Rojas,Enchilada,ORDEN,3.00,390.00,3,3,1,0
2026-07-12,Pieza Enchilada Roja,Enchilada,ORDEN,1.00,30.00,1,0,0,0
2026-09-02,Encremadas,Encremada,ORDEN,1.00,182.00,1,1,0,0
2026-03-30,1/2 Enchiladas Mixtas (4 Piezas),Enchilada,ORDEN,1.00,154.00,1,1,0,0
2026-08-18,Migada Guisado de Carne,Migada,PIEZA,12.00,1814.00,9,0,2,12.00
2026-07-03,Huevos Rancheros,Huevos,ORDEN,2.00,240.00,1,0,0,0
2026-04-30,Café Negro,Bebida,ORDEN,10.00,420.00,2,0,0,0
2026-06-29,Pieza Huevo Estrellado Cocido,Huevos,ORDEN,1.00,20.00,1,0,0,0
2026-03-10,Migada Guisado Normal,Migada,PIEZA,1.00,173.00,1,0,4,1.00
2026-06-06,1/2 Empanadas (2 pzas.),Empanada,ORDEN,2.00,188.00,2,1,1,0
2026-08-02,Tacos de Maiz,Taco,PIEZA,67.00,1486.00,16,0,0,67.00
2026-05-15,Refresco 600 ml.,Bebida,ORDEN,21.00,819.00,7,0,0,0
2026-04-28,Bisquet,Otros,ORDEN,8.00,240.00,1,0,0,0
2026-05-25,Bisquet,Otros,ORDEN,6.00,180.00,1,0,0,0
2026-07-18,Huevo Estrellado 2 pzas.,Huevos,ORDEN,1.00,35.00,1,0,0,0
2026-08-18,1/2 Quesadillas (2 pzas.),Quesadilla,ORDEN,4.00,344.00,3,0,2,0
2026-06-05,1/2 Enchiladas Rojas,Enchilada,ORDEN,3.00,355.00,3,2,3,0
2026-07-27,Salsa Verde,Guarnicion,ORDEN,2.00,20.00,1,0,0,0
2026-04-08,Huevos Rancheros,Huevos,ORDEN,1.00,120.00,1,0,0,0
2026-08-28,Bisquet,Otros,ORDEN,1.00,30.00,1,0,0,0
2026-05-23,Café con Leche,Bebida,ORDEN,45.00,1890.00,3,0,0,0
2026-07-24,Horchata Vaso,Bebida,ORDEN,6.00,252.00,1,0,0,0
2026-08-30,Enfrijoladas,Enfrijolada,ORDEN,1.00,229.00,1,1,0,0
2026-03-09,Gorditas,Gordita,PIEZA,161.00,3113.00,22,1,0,161.00
2026-04-25,Entomatadas,Entomatada,ORDEN,2.00,431.00,2,2,0,0
2026-07-02,Plátano Frito,Otros,ORDEN,1.00,42.00,1,0,0,0
2026-08-22,Jamaica Vaso,Bebida,ORDEN,26.00,1092.00,1,0,0,0
2026-06-08,Limón Vaso,Bebida,ORDEN,20.00,840.00,1,0,0,0
2026-07-02,Café Negro,Bebida,ORDEN,12.00,504.00,2,0,0,0
2026-03-08,Gorditas de Azúcar,Gordita,PIEZA,1.00,42.00,1,0,0,1.00
2026-04-06,Tacos de Harina,Taco,PIEZA,17.00,390.00,7,1,0,17.00
2026-07-08,Jamaica 1 Litro,Bebida,ORDEN,1.00,59.00,1,0,0,0
2026-06-22,1/2 Enchiladas Rojas,Enchilada,ORDEN,3.00,285.00,1,0,0,0
2026-03-02,Enchiladas Rojas,Enchilada,ORDEN,1.00,229.00,1,2,4,0
2026-03-31,1/2 Enchiladas Rojas,Enchilada,ORDEN,3.00,320.00,3,1,1,0
2026-04-29,1/2 Encremadas,Encremada,ORDEN,3.00,498.00,3,4,0,0
2026-04-11,Café con Leche,Bebida,ORDEN,51.00,2142.00,4,0,0,0
2026-05-05,1/2 Enchiladas Mixtas (4 Piezas),Enchilada,ORDEN,1.00,154.00,1,1,0,0
2026-05-18,Tacos de Maiz,Taco,PIEZA,21.00,480.00,10,0,0,21.00
2026-07-15,Refresco 355 ml.,Bebida,ORDEN,7.00,245.00,2,0,0,0
2026-03-22,Quesadillas (4 pzas.),Quesadilla,ORDEN,11.00,1503.00,1,0,0,0
2026-06-29,Huevo Revuelto 2 pzas.,Huevos,ORDEN,1.00,35.00,1,0,0,0
2026-03-28,Refresco 600 ml.,Bebida,ORDEN,20.00,780.00,2,0,0,0
2026-07-31,Ciel 600 ml.,Bebida,ORDEN,2.00,70.00,1,0,0,0
2026-08-05,Gorditas Surtidas,Gordita,PIEZA,1.00,190.00,1,0,0,10.00
2026-05-02,1/2 Enchiladas Mixtas (4 Piezas),Enchilada,ORDEN,2.00,340.00,2,1,0,0
2026-08-20,Gorditas de Azúcar,Gordita,PIEZA,3.00,126.00,1,0,0,3.00
2026-05-19,Tacos de Maiz,Taco,PIEZA,6.00,150.00,3,0,0,6.00
2026-07-05,Empanadas (4 pzas.),Empanada,ORDEN,6.00,864.00,6,0,1,0
2026-03-08,1/2 Encremadas,Encremada,ORDEN,2.00,225.00,2,1,0,0
2026-04-17,1/2 Enchiladas Rojas,Enchilada,ORDEN,11.00,1698.00,11,11,6,0
2026-07-22,Empanadas (4 pzas.),Empanada,ORDEN,1.00,144.00,1,0,1,0
2026-08-03,1/2 Enchiladas Mixtas (4 Piezas),Enchilada,ORDEN,4.00,476.00,4,0,1,0
2026-06-06,Bisquet,Otros,ORDEN,8.00,240.00,1,0,0,0
2026-07-12,Enchiladas Mixtas,Enchilada,ORDEN,1.00,182.00,1,1,0,0
2026-07-10,Horchata 1 Litro,Bebida,ORDEN,3.00,207.00,1,0,0,0
2026-05-24,Plátano Frito,Otros,ORDEN,6.00,252.00,4,0,0,0
2026-07-29,Tacos de Maiz,Taco,PIEZA,33.00,726.00,12,0,0,33.00
2026-08-26,Bisquet,Otros,ORDEN,3.00,90.00,1,0,0,0
2026-04-02,Tacos de Harina,Taco,PIEZA,36.00,840.00,11,0,0,36.00
2026-07-02,Jamaica Vaso,Bebida,ORDEN,22.00,924.00,1,0,0,0
2026-06-02,Limón 1 Litro,Bebida,ORDEN,2.00,136.00,1,0,0,0
2026-06-01,Café Negro,Bebida,ORDEN,12.00,504.00,1,0,0,0
2026-08-03,Refresco 355 ml.,Bebida,ORDEN,6.00,210.00,2,0,0,0
2026-03-28,Porción Frijol con Queso,Guarnicion,ORDEN,1.00,5.00,1,0,0,0
2026-04-07,Porción Ensalada,Guarnicion,ORDEN,1.00,25.00,1,0,0,0
2026-06-23,1/2 Quesadillas (2 pzas.),Quesadilla,ORDEN,2.00,172.00,2,0,1,0
2026-04-07,Enchiladas Rojas,Enchilada,ORDEN,2.00,396.00,2,1,1,0
2026-07-06,Huevos Rancheros,Huevos,ORDEN,3.00,360.00,1,0,0,0
2026-06-15,Limón Vaso,Bebida,ORDEN,16.00,672.00,1,0,0,0
2026-04-18,Empanadas (4 pzas.),Empanada,ORDEN,4.00,662.00,4,2,6,0
2026-07-25,1/2 Empanadas (2 pzas.),Empanada,ORDEN,5.00,470.00,5,1,1,0
2026-07-01,Empanadas (4 pzas.),Empanada,ORDEN,4.00,619.00,4,0,3,0
2026-07-25,Pieza de Pan Dulce,Guarnicion,ORDEN,7.00,196.00,1,0,0,0
2026-03-25,Quesadillas (4 pzas.),Quesadilla,ORDEN,5.00,710.00,2,1,0,0
2026-04-10,Café con Leche,Bebida,ORDEN,22.00,924.00,3,0,0,0
2026-08-15,1/2 Enmoladas,Enmolada,ORDEN,3.00,489.00,2,1,0,0
2026-05-29,Migada Guisado de Carne,Migada,PIEZA,18.00,2721.00,14,0,9,18.00
2026-05-05,PROMO 6 surtidas,Otros,ORDEN,4.00,432.00,1,0,0,0
2026-08-10,Pieza Extra Empanada,Empanada,ORDEN,1.00,38.00,1,0,0,0
2026-04-23,Ciel 600 ml.,Bebida,ORDEN,1.00,35.00,1,0,0,0
2026-03-22,Encremadas,Encremada,ORDEN,1.00,264.00,1,2,0,0
2026-03-11,Limón Vaso,Bebida,ORDEN,1.00,42.00,1,0,0,0
2026-03-26,Pieza Huevo Estrellado Cocido,Huevos,ORDEN,2.00,40.00,1,0,0,0
2026-04-27,Café con Leche,Bebida,ORDEN,24.00,1008.00,2,0,0,0
2026-06-16,Enchiladas Picositas,Enchilada,ORDEN,1.00,147.00,1,0,2,0
2026-06-24,Gorditas,Gordita,PIEZA,200.00,3877.00,21,0,0,200.00
2026-04-17,Horchata Vaso,Bebida,ORDEN,2.00,84.00,1,0,0,0
2026-03-16,Bocoles Surtidos,Bocol,PIEZA,1.00,88.00,1,0,0,4.00
2026-05-09,Pieza Huevo Estrellado Cocido,Huevos,ORDEN,1.00,20.00,1,0,0,0
2026-04-06,1/2 Enchiladas Mixtas (4 Piezas),Enchilada,ORDEN,2.00,308.00,2,2,0,0
2026-06-06,Ciel 600 ml.,Bebida,ORDEN,7.00,245.00,1,0,0,0
2026-08-28,Bistec 1 Pza.,Otros,ORDEN,1.00,102.00,1,0,0,0
2026-07-13,1/2 Entomatadas,Entomatada,ORDEN,3.00,285.00,2,0,2,0
2026-05-29,Enfrijoladas,Enfrijolada,ORDEN,1.00,147.00,1,0,0,0
2026-08-29,Huevos con Deshebrada,Huevos,ORDEN,1.00,135.00,1,0,0,0
2026-06-09,Pieza de Pan Dulce,Guarnicion,ORDEN,3.00,84.00,1,0,0,0
2026-07-05,Salsa Verde,Guarnicion,ORDEN,1.00,10.00,1,0,0,0
2026-08-22,Jamaica 1 Litro,Bebida,ORDEN,3.00,177.00,1,0,0,0
2026-07-06,Refresco 355 ml.,Bebida,ORDEN,5.00,175.00,2,0,0,0
2026-08-23,Salsa Habanera,Guarnicion,ORDEN,1.00,10.00,1,0,0,0
2026-06-03,Empanadas (4 pzas.),Empanada,ORDEN,1.00,144.00,1,0,0,0
2026-05-29,Empanadas (4 pzas.),Empanada,ORDEN,6.00,950.00,6,3,2,0
2026-05-18,Porción Ensalada,Guarnicion,ORDEN,1.00,25.00,1,0,0,0
2026-08-25,Quesadillas (4 pzas.),Quesadilla,ORDEN,1.00,133.00,1,0,0,0
2026-06-30,Fuze Tea,Bebida,ORDEN,1.00,45.00,1,0,0,0
2026-08-25,Bisquet,Otros,ORDEN,3.00,90.00,1,0,0,0
2026-06-14,Pieza Huevo Estrellado Cocido,Huevos,ORDEN,2.00,40.00,1,0,0,0
2026-08-16,Refresco 355 ml.,Bebida,ORDEN,7.00,245.00,2,0,0,0
2026-07-17,Gorditas,Gordita,PIEZA,213.00,4152.00,25,1,0,213.00
2026-03-21,Gorditas,Gordita,PIEZA,245.00,4721.00,21,0,0,245.00
2026-09-04,Ciel 600 ml.,Bebida,ORDEN,2.00,81.00,1,0,0,0
2026-08-08,Tacos de Maiz,Taco,PIEZA,51.00,1138.00,14,2,1,51.00
2026-05-20,Porción Leche,Guarnicion,ORDEN,1.00,15.00,1,0,0,0
2026-07-13,1/2 Quesadillas (2 pzas.),Quesadilla,ORDEN,3.00,258.00,3,0,3,0
2026-03-24,Entomatadas,Entomatada,ORDEN,2.00,580.00,2,4,2,0
2026-05-29,Quesadillas (4 pzas.),Quesadilla,ORDEN,7.00,1011.00,1,0,0,0
2026-08-07,Refresco 355 ml.,Bebida,ORDEN,4.00,140.00,1,0,0,0
2026-03-13,Gorditas de Azúcar,Gordita,PIEZA,1.00,42.00,1,0,0,1.00
2026-03-20,Ciel 600 ml.,Bebida,ORDEN,2.00,70.00,1,0,0,0
2026-04-05,Gorditas,Gordita,PIEZA,328.00,6304.00,23,1,0,328.00
2026-05-08,Limón 1 Litro,Bebida,ORDEN,2.00,136.00,1,0,0,0
2026-03-19,Quesadillas (4 pzas.),Quesadilla,ORDEN,3.00,439.00,3,0,7,0
2026-07-08,Orden de Guisado Normal,Guarnicion,ORDEN,1.00,120.00,1,1,0,0
2026-05-05,Huevos Rancheros,Huevos,ORDEN,1.00,120.00,1,0,0,0
2026-08-13,Gorditas Surtidas,Gordita,PIEZA,2.00,152.00,1,0,0,8.00
2026-04-25,Salsa Habanera,Guarnicion,ORDEN,1.00,0.00,1,0,0,0
2026-04-19,Pieza Huevo Estrellado Ciego,Huevos,ORDEN,1.00,20.00,1,0,0,0
2026-06-27,Enchiladas Mixtas,Enchilada,ORDEN,3.00,552.00,3,4,0,0
2026-06-12,Empanadas (4 pzas.),Empanada,ORDEN,3.00,475.00,3,0,0,0
2026-04-09,Pieza Huevo Estrellado Tierno,Huevos,ORDEN,2.00,40.00,1,0,0,0
2026-07-17,Porción Ensalada,Guarnicion,ORDEN,1.00,25.00,1,0,0,0
2026-07-02,Horchata Vaso,Bebida,ORDEN,7.00,294.00,1,0,0,0
2026-04-16,Té de Manzanilla,Bebida,ORDEN,2.00,66.00,1,0,0,0
2026-08-24,Bocoles,Bocol,PIEZA,55.00,1210.00,13,0,0,55.00
2026-08-29,Salsa Roja,Guarnicion,ORDEN,1.00,10.00,1,0,0,0
2026-06-15,Tacos de Harina,Taco,PIEZA,25.00,559.00,7,0,0,25.00
2026-07-10,1/2 Enmoladas,Enmolada,ORDEN,4.00,517.00,4,2,1,0
2026-04-25,Enchiladas Mixtas,Enchilada,ORDEN,4.00,792.00,4,2,0,0
2026-03-29,Bocoles,Bocol,PIEZA,95.00,2120.00,19,0,1,95.00
2026-08-23,Gorditas de Azúcar,Gordita,PIEZA,1.00,42.00,1,0,0,1.00
2026-05-15,Limón Vaso,Bebida,ORDEN,21.00,882.00,1,0,0,0
2026-09-03,Entomatadas,Entomatada,ORDEN,1.00,182.00,1,1,0,0
2026-03-14,Porción Ensalada,Guarnicion,ORDEN,1.00,25.00,1,0,0,0
2026-07-06,Jamaica Vaso,Bebida,ORDEN,24.00,1021.00,1,0,0,0
2026-09-03,Refresco 600 ml.,Bebida,ORDEN,11.00,429.00,6,0,0,0
2026-06-24,Empanadas (4 pzas.),Empanada,ORDEN,3.00,518.00,3,1,1,0
2026-03-09,Café con Leche,Bebida,ORDEN,54.00,2268.00,2,0,0,0
2026-04-27,Bisquet,Otros,ORDEN,6.00,180.00,2,0,0,0
2026-04-18,Plátano Frito,Otros,ORDEN,4.00,168.00,4,0,0,0
2026-03-22,Pieza Huevo Estrellado Medio,Huevos,ORDEN,1.00,20.00,1,0,0,0
2026-07-25,Tacos de Maiz,Taco,PIEZA,43.00,969.00,12,0,0,43.00
2026-06-13,Gorditas Surtidas,Gordita,PIEZA,1.00,114.00,1,0,0,6.00
2026-06-19,Pieza de Pan Dulce,Guarnicion,ORDEN,2.00,56.00,1,0,0,0
2026-04-05,Encremadas,Encremada,ORDEN,2.00,598.00,1,4,0,0
2026-05-10,Bocoles Surtidos,Bocol,PIEZA,1.00,88.00,1,0,0,4.00
2026-03-12,Fuze Tea,Bebida,ORDEN,2.00,90.00,1,0,0,0
2026-03-25,Horchata Vaso,Bebida,ORDEN,4.00,168.00,1,0,0,0
2026-03-21,Huevo Estrellado 2 pzas.,Huevos,ORDEN,1.00,35.00,1,0,0,0
2026-04-11,Tacos de Maiz,Taco,PIEZA,29.00,666.00,12,2,0,29.00
2026-03-07,Café Negro,Bebida,ORDEN,17.00,714.00,1,0,0,0
2026-06-05,Entomatadas,Entomatada,ORDEN,1.00,293.00,1,1,0,0
2026-08-14,Plátano Frito,Otros,ORDEN,1.00,42.00,1,0,0,0
2026-06-23,Refresco 600 ml.,Bebida,ORDEN,14.00,558.00,6,0,0,0
2026-08-12,1/2 Encremadas,Encremada,ORDEN,1.00,197.00,1,1,0,0
2026-05-12,1/2 Enfrijoladas,Enfrijolada,ORDEN,1.00,133.00,1,1,0,0
2026-07-04,Café con Leche,Bebida,ORDEN,48.00,2016.00,3,0,0,0
2026-08-17,Gorditas,Gordita,PIEZA,190.00,3676.00,23,4,0,190.00
2026-07-26,1/2 Enfrijoladas,Enfrijolada,ORDEN,2.00,190.00,1,0,0,0
2026-04-12,Quesadillas (4 pzas.),Quesadilla,ORDEN,5.00,705.00,1,0,0,0
2026-06-08,Encremadas,Encremada,ORDEN,1.00,191.00,1,0,0,0
2026-06-24,Enfrijoladas,Enfrijolada,ORDEN,1.00,182.00,1,1,0,0
2026-06-15,Jamaica Vaso,Bebida,ORDEN,5.00,210.00,1,0,0,0
2026-07-15,Entomatadas,Entomatada,ORDEN,1.00,147.00,1,0,0,0
2026-05-23,Ciel 600 ml.,Bebida,ORDEN,4.00,140.00,1,0,0,0
2026-08-14,Gorditas de Azúcar,Gordita,PIEZA,2.00,84.00,1,0,0,2.00
2026-05-03,Porción Ensalada,Guarnicion,ORDEN,2.00,50.00,1,0,0,0
2026-05-07,Pieza Extra Quesadilla,Quesadilla,ORDEN,1.00,35.00,1,0,0,0
2026-06-14,Pieza Extra Empanada,Empanada,ORDEN,1.00,38.00,1,0,0,0
2026-05-30,Gorditas de Azúcar,Gordita,PIEZA,2.00,84.00,1,0,0,2.00
2026-09-03,Pieza Huevo Estrellado Medio,Huevos,ORDEN,1.00,20.00,1,0,0,0
2026-08-09,Gorditas de Azúcar,Gordita,PIEZA,1.00,42.00,1,0,0,1.00
2026-08-15,Empanadas (4 pzas.),Empanada,ORDEN,2.00,288.00,2,1,1,0
2026-04-23,Pieza de Pan,Guarnicion,ORDEN,1.00,28.00,1,0,0,0
2026-07-24,1/2 Enmoladas,Enmolada,ORDEN,1.00,95.00,1,0,0,0
2026-06-29,Zanahorias p/llevar,Otros,ORDEN,4.00,0.00,1,0,0,0
2026-04-28,Salsa Roja,Guarnicion,ORDEN,2.00,0.00,1,0,0,0
2026-06-28,Entomatadas,Entomatada,ORDEN,3.00,558.00,3,2,1,0
2026-07-24,Café Negro,Bebida,ORDEN,10.00,420.00,1,0,0,0
2026-04-04,Gorditas,Gordita,PIEZA,259.00,5023.00,23,1,0,259.00
2026-07-09,Café con Leche,Bebida,ORDEN,19.00,811.00,2,0,0,0
2026-08-02,1/2 Empanadas (2 pzas.),Empanada,ORDEN,5.00,470.00,5,2,1,0
2026-06-25,Gorditas,Gordita,PIEZA,201.00,3904.00,23,1,0,201.00
2026-04-04,Tacos de Maiz,Taco,PIEZA,42.00,924.00,11,0,0,42.00
2026-05-03,Ciel 600 ml.,Bebida,ORDEN,1.00,35.00,1,0,0,0
2026-09-05,Guisado Infantil,Otros,ORDEN,1.00,38.00,1,0,0,0
2026-05-23,Horchata 1 Litro,Bebida,ORDEN,1.00,90.00,1,0,0,0
2026-07-19,Migada Guisado Normal,Migada,PIEZA,1.00,133.00,1,0,2,1.00
2026-06-30,1/2 Entomatadas,Entomatada,ORDEN,5.00,682.00,5,4,0,0
2026-07-20,Refresco 600 ml.,Bebida,ORDEN,9.00,351.00,4,0,0,0
2026-05-21,Bisquet,Otros,ORDEN,6.00,180.00,1,0,0,0
2026-03-25,Jamaica Vaso,Bebida,ORDEN,11.00,462.00,1,0,0,0
2026-04-15,1/2 Enchiladas Mixtas (4 Piezas),Enchilada,ORDEN,1.00,157.00,1,1,0,0
2026-05-31,Enfrijoladas,Enfrijolada,ORDEN,1.00,182.00,1,1,0,0
2026-05-05,Pieza Huevo Estrellado Tierno,Huevos,ORDEN,1.00,20.00,1,0,0,0
2026-05-26,Gorditas de Azúcar,Gordita,PIEZA,1.00,42.00,1,0,0,1.00
2026-04-02,Ciel 600 ml.,Bebida,ORDEN,3.00,105.00,1,0,0,0
2026-06-16,Limón Vaso,Bebida,ORDEN,15.00,630.00,1,0,0,0
2026-05-30,Pieza Huevo Estrellado Medio,Huevos,ORDEN,1.00,20.00,1,0,0,0
2026-04-30,Encremadas,Encremada,ORDEN,2.00,434.00,2,2,0,0
2026-08-16,Café con Leche,Bebida,ORDEN,67.00,2814.00,2,0,0,0
2026-04-17,Entomatadas,Entomatada,ORDEN,3.00,616.00,3,3,0,0
2026-03-08,Limón Vaso,Bebida,ORDEN,25.00,1050.00,1,0,0,0
2026-04-20,Gorditas de Azúcar,Gordita,PIEZA,1.00,42.00,1,0,0,1.00
2026-03-06,Gorditas de Azúcar,Gordita,PIEZA,1.00,42.00,1,0,0,1.00
2026-06-09,Plátano Frito,Otros,ORDEN,1.00,42.00,1,0,0,0
2026-05-06,Migada Guisado Normal,Migada,PIEZA,1.00,133.00,1,0,0,1.00
2026-03-25,1/2 Quesadillas (2 pzas.),Quesadilla,ORDEN,1.00,86.00,1,0,0,0
2026-07-26,1/2 Entomatadas,Entomatada,ORDEN,6.00,879.00,6,5,2,0
2026-07-01,Enchiladas Rojas,Enchilada,ORDEN,3.00,511.00,3,2,1,0
2026-05-06,Café con Leche,Bebida,ORDEN,37.00,1554.00,2,0,0,0
2026-03-10,Bocoles,Bocol,PIEZA,23.00,522.00,10,1,0,23.00
2026-09-03,Bocoles,Bocol,PIEZA,17.00,374.00,9,0,0,17.00
2026-07-17,Enchiladas Rojas,Enchilada,ORDEN,3.00,613.00,3,3,0,0
2026-04-03,Gorditas Surtidas,Gordita,PIEZA,2.00,171.00,2,0,0,9.00
2026-06-01,Pieza Huevo Estrellado Cocido,Huevos,ORDEN,1.00,20.00,1,0,0,0
2026-05-16,Bocoles,Bocol,PIEZA,92.00,2048.00,17,0,0,92.00
2026-07-22,Tacos de Harina,Taco,PIEZA,22.00,520.00,14,1,1,22.00
2026-05-09,Té de Manzanilla,Bebida,ORDEN,1.00,33.00,1,0,0,0
2026-03-22,Refresco 355 ml.,Bebida,ORDEN,1.00,35.00,1,0,0,0
2026-06-18,Gorditas Surtidas,Gordita,PIEZA,1.00,114.00,1,0,0,6.00
2026-04-28,Empanadas (4 pzas.),Empanada,ORDEN,1.00,144.00,1,0,1,0
2026-09-02,Café con Leche,Bebida,ORDEN,32.00,1344.00,3,0,0,0
2026-07-31,Jamaica 1 Litro,Bebida,ORDEN,1.00,77.00,1,0,0,0
2026-06-06,Huevos a la Mexicana,Huevos,ORDEN,1.00,120.00,1,0,0,0
2026-07-06,Huevos con Deshebrada,Huevos,ORDEN,3.00,446.00,1,0,0,0
2026-09-01,Tacos de Harina,Taco,PIEZA,33.00,812.00,8,1,0,33.00
2026-08-31,Café con Leche,Bebida,ORDEN,24.00,1008.00,2,0,0,0
2026-09-04,1/2 Enchiladas Rojas,Enchilada,ORDEN,4.00,517.00,4,2,1,0
2026-08-11,Fuze Tea,Bebida,ORDEN,2.00,90.00,1,0,0,0
2026-06-27,1/2 Entomatadas,Entomatada,ORDEN,10.00,1370.00,7,7,2,0
2026-07-27,Encremadas,Encremada,ORDEN,1.00,191.00,1,0,0,0
2026-07-09,Refresco 355 ml.,Bebida,ORDEN,4.00,140.00,2,0,0,0
2026-03-07,Pieza Huevo Estrellado Tierno,Huevos,ORDEN,1.00,20.00,1,0,0,0
2026-07-03,1/2 Enchiladas Mixtas (4 Piezas),Enchilada,ORDEN,3.00,494.00,3,2,0,0
2026-06-21,Tacos de Harina,Taco,PIEZA,30.00,634.00,13,0,0,30.00
2026-03-17,Enfrijoladas,Enfrijolada,ORDEN,1.00,229.00,1,2,2,0
2026-07-07,1/2 Empanadas (2 pzas.),Empanada,ORDEN,3.00,282.00,2,0,2,0
2026-07-21,Horchata Vaso,Bebida,ORDEN,8.00,336.00,1,0,0,0
2026-05-11,1/2 Enchiladas Rojas,Enchilada,ORDEN,2.00,190.00,1,0,0,0
2026-03-07,Quesadillas (4 pzas.),Quesadilla,ORDEN,6.00,838.00,1,0,0,0
2026-07-26,Zanahorias p/llevar,Otros,ORDEN,3.00,30.00,1,0,0,0
2026-08-09,1/2 Enchiladas Picositas,Enchilada,ORDEN,3.00,422.00,3,2,3,0
2026-05-01,Gorditas de Azúcar,Gordita,PIEZA,2.00,84.00,1,0,0,2.00
2026-06-19,Té de Manzanilla,Bebida,ORDEN,1.00,33.00,1,0,0,0
2026-06-28,Refresco 355 ml.,Bebida,ORDEN,4.00,140.00,2,0,0,0
2026-06-04,Jamaica Vaso,Bebida,ORDEN,7.00,294.00,1,0,0,0
2026-06-02,Jamaica 1 Litro,Bebida,ORDEN,1.00,59.00,1,0,0,0
2026-03-18,Refresco 355 ml.,Bebida,ORDEN,1.00,35.00,1,0,0,0
2026-04-04,Jamaica Vaso,Bebida,ORDEN,19.00,798.00,1,0,0,0
2026-06-23,1/2 Empanadas (2 pzas.),Empanada,ORDEN,2.00,188.00,2,0,0,0
2026-05-16,Migada Guisado Normal,Migada,PIEZA,2.00,266.00,2,0,1,2.00
2026-07-07,PROMO 6 surtidas,Otros,ORDEN,15.00,1620.00,1,0,0,0
2026-05-26,Encremadas,Encremada,ORDEN,1.00,147.00,1,0,0,0
2026-03-28,Enchiladas Rojas,Enchilada,ORDEN,2.00,417.00,2,1,0,0
2026-06-07,1/2 Enfrijoladas,Enfrijolada,ORDEN,2.00,190.00,2,0,1,0
2026-06-23,Porción Frijol con Queso,Guarnicion,ORDEN,2.00,10.00,1,0,0,0
2026-05-13,Huevos con Deshebrada,Huevos,ORDEN,2.00,270.00,1,0,0,0
2026-08-11,Horchata 1 Litro,Bebida,ORDEN,1.00,69.00,1,0,0,0
2026-03-07,Limón Vaso,Bebida,ORDEN,19.00,798.00,1,0,0,0
2026-05-06,Orden de Guisado de Carne,Guarnicion,ORDEN,1.00,135.00,1,1,0,0
2026-05-29,1/2 Encremadas,Encremada,ORDEN,1.00,95.00,1,0,0,0
2026-03-21,Horchata Vaso,Bebida,ORDEN,4.00,168.00,1,0,0,0
2026-05-13,Horchata 1 Litro,Bebida,ORDEN,1.00,69.00,1,0,0,0
2026-07-17,Horchata 1 Litro,Bebida,ORDEN,3.00,207.00,1,0,0,0
2026-08-15,1/2 Quesadillas (2 pzas.),Quesadilla,ORDEN,9.00,917.00,6,4,8,0
2026-06-22,Horchata Vaso,Bebida,ORDEN,4.00,168.00,1,0,0,0
2026-05-14,1/2 Empanadas (2 pzas.),Empanada,ORDEN,2.00,198.00,2,2,0,0
2026-07-30,Bocoles,Bocol,PIEZA,90.00,1983.00,14,0,0,90.00
2026-03-13,Enfrijoladas,Enfrijolada,ORDEN,2.00,370.00,2,2,0,0
2026-06-13,Café con Leche,Bebida,ORDEN,41.00,1722.00,2,0,0,0
2026-07-19,Ciel 600 ml.,Bebida,ORDEN,2.00,70.00,1,0,0,0
2026-03-11,Bocoles,Bocol,PIEZA,38.00,851.00,11,0,0,38.00
2026-07-19,Huevos con Deshebrada,Huevos,ORDEN,1.00,135.00,1,0,0,0
2026-03-11,Pieza Tortilla de Harina,Guarnicion,ORDEN,4.00,20.00,1,0,0,0
2026-04-17,Empanadas (4 pzas.),Empanada,ORDEN,2.00,288.00,2,0,0,0
2026-05-14,Migada Guisado de Carne,Migada,PIEZA,5.00,806.00,5,1,0,5.00
2026-05-06,Enmoladas,Enmolada,ORDEN,2.00,367.00,2,2,1,0
2026-05-02,Enchiladas Rojas,Enchilada,ORDEN,6.00,1121.00,5,3,2,0
2026-05-26,Café Negro,Bebida,ORDEN,8.00,336.00,1,0,0,0
2026-08-11,Gorditas Surtidas,Gordita,PIEZA,1.00,57.00,1,0,0,3.00
2026-03-06,Tacos de Harina,Taco,PIEZA,18.00,408.00,4,0,1,18.00
2026-05-21,Quesadillas (4 pzas.),Quesadilla,ORDEN,3.00,439.00,1,0,0,0
2026-06-15,Bisquet,Otros,ORDEN,1.00,30.00,1,0,0,0
2026-08-11,1/2 Enchiladas Rojas,Enchilada,ORDEN,5.00,650.00,4,3,1,0
2026-08-18,Enchiladas Rojas,Enchilada,ORDEN,2.00,364.00,1,1,1,0
2026-08-01,Jamaica 1 Litro,Bebida,ORDEN,1.00,59.00,1,0,0,0
2026-05-12,Bisquet,Otros,ORDEN,2.00,60.00,1,0,0,0
2026-08-04,Gorditas,Gordita,PIEZA,180.00,3563.00,23,1,1,180.00
2026-03-31,Bisquet,Otros,ORDEN,2.00,60.00,1,0,0,0
2026-04-02,Café con Leche,Bebida,ORDEN,29.00,1218.00,2,0,0,0
2026-07-19,Refresco 355 ml.,Bebida,ORDEN,2.00,70.00,2,0,0,0
2026-08-31,Horchata Vaso,Bebida,ORDEN,3.00,126.00,1,0,0,0
2026-06-09,Café con Leche,Bebida,ORDEN,27.00,1134.00,2,0,0,0
2026-05-16,Huevo Estrellado 2 pzas.,Huevos,ORDEN,4.00,140.00,1,0,0,0
2026-06-24,Migada Guisado de Carne,Migada,PIEZA,9.00,1511.00,9,0,9,9.00
2026-05-22,1/2 Entomatadas,Entomatada,ORDEN,3.00,320.00,2,1,0,0
2026-06-01,Fuze Tea,Bebida,ORDEN,1.00,45.00,1,0,0,0
2026-04-29,1/2 Empanadas (2 pzas.),Empanada,ORDEN,1.00,94.00,1,0,2,0
2026-07-04,1/2 Enmoladas,Enmolada,ORDEN,4.00,450.00,3,2,0,0
2026-07-22,Limón Vaso,Bebida,ORDEN,9.00,378.00,1,0,0,0
2026-03-18,Pieza de Pan,Guarnicion,ORDEN,1.00,28.00,1,0,0,0
2026-08-19,Orden de Guisado de Carne,Guarnicion,ORDEN,1.00,135.00,1,1,0,0
2026-03-03,1/2 Enchiladas Mixtas (4 Piezas),Enchilada,ORDEN,2.00,238.00,2,0,2,0
2026-04-27,Huevos con Deshebrada,Huevos,ORDEN,2.00,270.00,1,0,0,0
2026-05-30,Bisquet,Otros,ORDEN,4.00,120.00,2,0,0,0
2026-04-14,Pieza de Pan,Guarnicion,ORDEN,1.00,28.00,1,0,0,0
2026-08-03,Aguacate Extra,Otros,ORDEN,1.00,15.00,1,0,0,0
2026-05-27,Orden de Guisado Normal,Guarnicion,ORDEN,1.00,120.00,1,1,0,0
2026-09-05,Tacos de Maiz,Taco,PIEZA,31.00,682.00,13,0,0,31.00
2026-05-10,Gorditas,Gordita,PIEZA,310.00,6022.00,26,0,7,310.00
2026-07-12,Pieza Extra Empanada,Empanada,ORDEN,1.00,38.00,1,0,0,0
2026-04-21,1/2 Quesadillas (2 pzas.),Quesadilla,ORDEN,4.00,344.00,4,0,4,0
2026-08-13,Topo Chico 600 ml.,Bebida,ORDEN,1.00,39.00,1,0,0,0
2026-03-08,1/2 Empanadas (2 pzas.),Empanada,ORDEN,3.00,292.00,3,1,1,0
2026-05-24,Empanadas (4 pzas.),Empanada,ORDEN,5.00,720.00,5,2,4,0
2026-04-10,Refresco 355 ml.,Bebida,ORDEN,3.00,105.00,1,0,0,0
2026-03-06,Huevos con Deshebrada,Huevos,ORDEN,3.00,405.00,1,0,0,0
2026-04-04,Jamaica 1 Litro,Bebida,ORDEN,1.00,59.00,1,0,0,0
2026-04-27,Café Negro,Bebida,ORDEN,11.00,475.00,1,0,0,0
2026-08-18,Entomatadas,Entomatada,ORDEN,2.00,417.00,2,1,1,0
2026-09-05,Horchata Vaso,Bebida,ORDEN,5.00,223.00,1,0,0,0
2026-04-25,Bisquet,Otros,ORDEN,5.00,150.00,1,0,0,0
2026-05-21,Pieza Huevo Estrellado Cocido,Huevos,ORDEN,1.00,20.00,1,0,0,0
2026-06-12,Migada Guisado Normal,Migada,PIEZA,3.00,399.00,3,0,2,3.00
2026-06-15,Horchata Vaso,Bebida,ORDEN,1.00,42.00,1,0,0,0
2026-07-24,Quesadillas (4 pzas.),Quesadilla,ORDEN,8.00,1166.00,6,1,5,0
2026-07-27,Gorditas de Azúcar,Gordita,PIEZA,1.00,42.00,1,0,0,1.00
2026-05-23,Refresco 600 ml.,Bebida,ORDEN,16.00,624.00,5,0,0,0
2026-03-14,1/2 Quesadillas (2 pzas.),Quesadilla,ORDEN,6.00,516.00,4,0,3,0
2026-03-11,Refresco 600 ml.,Bebida,ORDEN,19.00,753.00,6,0,0,0
2026-05-25,1/2 Encremadas,Encremada,ORDEN,1.00,130.00,1,1,0,0
2026-06-18,Huevos con Deshebrada,Huevos,ORDEN,4.00,581.00,1,0,0,0
2026-03-28,Pieza Huevo Estrellado Tierno,Huevos,ORDEN,2.00,40.00,1,0,0,0
2026-08-19,Empanadas (4 pzas.),Empanada,ORDEN,4.00,576.00,4,1,2,0
2026-05-04,Empanadas (4 pzas.),Empanada,ORDEN,4.00,576.00,4,1,1,0
2026-06-25,Enchiladas Picositas,Enchilada,ORDEN,1.00,249.00,1,1,0,0
2026-03-05,Horchata Vaso,Bebida,ORDEN,3.00,126.00,1,0,0,0
2026-06-13,Pieza Huevo Estrellado Cocido,Huevos,ORDEN,1.00,20.00,1,0,0,0
2026-06-19,Huevos a la Mexicana,Huevos,ORDEN,2.00,276.00,1,0,0,0
2026-08-28,Horchata 1 Litro,Bebida,ORDEN,1.00,69.00,1,0,0,0
2026-07-04,1/2 Enchiladas Rojas,Enchilada,ORDEN,8.00,1002.00,5,4,1,0
2026-07-16,Huevo Revuelto 2 pzas.,Huevos,ORDEN,2.00,70.00,1,0,0,0
2026-07-25,1/2 Entomatadas,Entomatada,ORDEN,8.00,1046.00,6,6,1,0
2026-05-22,Enchiladas Mixtas,Enchilada,ORDEN,1.00,147.00,1,0,0,0
2026-07-01,Bisquet,Otros,ORDEN,1.00,30.00,1,0,0,0
2026-03-04,1/2 Enfrijoladas,Enfrijolada,ORDEN,1.00,95.00,1,0,0,0
2026-08-10,Aguacate Extra,Otros,ORDEN,4.00,60.00,1,0,0,0
2026-04-18,Enchiladas Rojas,Enchilada,ORDEN,1.00,249.00,1,1,0,0
2026-06-11,Tacos de Maiz,Taco,PIEZA,25.00,562.00,10,0,0,25.00
2026-03-27,Tacos de Harina,Taco,PIEZA,38.00,908.00,11,2,0,38.00
2026-07-06,Tacos de Maiz,Taco,PIEZA,21.00,465.00,8,0,0,21.00
2026-06-28,1/2 Enmoladas,Enmolada,ORDEN,2.00,292.00,2,1,0,0
2026-04-14,1/2 Enchiladas Rojas,Enchilada,ORDEN,2.00,263.00,2,2,0,0
2026-08-15,Refresco 600 ml.,Bebida,ORDEN,21.00,819.00,6,0,0,0
2026-05-28,Ciel 600 ml.,Bebida,ORDEN,2.00,70.00,1,0,0,0
2026-06-17,Bocoles,Bocol,PIEZA,26.00,578.00,12,0,0,26.00
2026-07-24,Horchata 1 Litro,Bebida,ORDEN,1.00,69.00,1,0,0,0
2026-04-10,Guisado Infantil,Otros,ORDEN,2.00,76.00,1,0,0,0
2026-06-22,Huevos con Deshebrada,Huevos,ORDEN,4.00,581.00,1,0,0,0
2026-04-19,Pieza Huevo Estrellado Medio,Huevos,ORDEN,2.00,40.00,1,0,0,0
2026-06-26,Horchata 1 Litro,Bebida,ORDEN,2.00,138.00,1,0,0,0
2026-07-29,Bisquet,Otros,ORDEN,5.00,150.00,1,0,0,0
2026-07-12,1/2 Empanadas (2 pzas.),Empanada,ORDEN,9.00,846.00,8,1,2,0
2026-05-25,Pieza Enchilada Roja,Enchilada,ORDEN,1.00,30.00,1,0,0,0
2026-07-30,Café con Leche,Bebida,ORDEN,42.00,1764.00,2,0,0,0
2026-03-17,Jamaica Vaso,Bebida,ORDEN,13.00,546.00,1,0,0,0
2026-05-05,Limón Vaso,Bebida,ORDEN,9.00,378.00,1,0,0,0
2026-07-30,Bisquet,Otros,ORDEN,2.00,60.00,1,0,0,0
2026-03-06,Refresco 355 ml.,Bebida,ORDEN,3.00,105.00,2,0,0,0
2026-03-04,Gorditas de Azúcar,Gordita,PIEZA,2.00,84.00,1,0,0,2.00
2026-08-31,Pieza de Pan Dulce,Guarnicion,ORDEN,3.00,84.00,1,0,0,0
2026-06-02,Enchiladas Rojas,Enchilada,ORDEN,5.00,907.00,5,3,5,0
2026-08-15,Zanahorias p/llevar,Otros,ORDEN,1.00,10.00,1,0,0,0
2026-08-24,Encremadas,Encremada,ORDEN,1.00,182.00,1,1,0,0
2026-08-08,Huevos Rancheros,Huevos,ORDEN,1.00,120.00,1,0,0,0
2026-03-11,1/2 Enchiladas Picositas,Enchilada,ORDEN,3.00,524.00,2,2,0,0
2026-07-25,Café con Leche,Bebida,ORDEN,39.00,1638.00,2,0,0,0
2026-04-03,Huevos a la Mexicana,Huevos,ORDEN,3.00,360.00,1,0,0,0
2026-07-28,Empanadas (4 pzas.),Empanada,ORDEN,1.00,144.00,1,0,0,0
2026-07-05,1/2 Enfrijoladas,Enfrijolada,ORDEN,1.00,197.00,1,1,0,0
2026-08-06,1/2 Enchiladas Picositas,Enchilada,ORDEN,2.00,225.00,2,1,1,0
2026-09-03,1/2 Empanadas (2 pzas.),Empanada,ORDEN,5.00,470.00,5,0,0,0
2026-06-25,Tacos de Harina,Taco,PIEZA,26.00,575.00,10,0,0,26.00
2026-07-19,Horchata 1 Litro,Bebida,ORDEN,6.00,435.00,1,0,0,0
2026-08-27,Huevo Revuelto 2 pzas.,Huevos,ORDEN,1.00,35.00,1,0,0,0
2026-06-15,Bocoles,Bocol,PIEZA,55.00,1227.00,18,1,0,55.00
2026-09-03,1/2 Enfrijoladas,Enfrijolada,ORDEN,2.00,263.00,2,2,0,0
2026-03-04,Café Negro,Bebida,ORDEN,10.00,420.00,1,0,0,0
2026-03-30,Entomatadas,Entomatada,ORDEN,4.00,807.00,3,4,0,0
2026-04-29,Huevos con Deshebrada,Huevos,ORDEN,1.00,135.00,1,0,0,0
2026-07-16,Gorditas Surtidas,Gordita,PIEZA,1.00,114.00,1,0,0,6.00
2026-03-10,Pieza Tortilla de Harina,Guarnicion,ORDEN,3.00,15.00,1,0,0,0
2026-04-09,Limón Vaso,Bebida,ORDEN,17.00,714.00,1,0,0,0
2026-03-23,Jamaica 1 Litro,Bebida,ORDEN,3.00,195.00,1,0,0,0
2026-07-08,Huevos con Deshebrada,Huevos,ORDEN,2.00,270.00,1,0,0,0
2026-03-05,Entomatadas,Entomatada,ORDEN,3.00,680.00,3,3,1,0
2026-05-07,Ciel 600 ml.,Bebida,ORDEN,2.00,70.00,1,0,0,0
2026-08-12,Huevos Rancheros,Huevos,ORDEN,1.00,120.00,1,0,0,0
2026-04-19,1/2 Empanadas (2 pzas.),Empanada,ORDEN,4.00,386.00,4,1,0,0
2026-03-22,Plátano Frito,Otros,ORDEN,3.00,126.00,3,0,0,0
2026-06-07,Orden de Guisado de Carne,Guarnicion,ORDEN,1.00,135.00,1,1,0,0
2026-07-13,Jamaica Vaso,Bebida,ORDEN,11.00,475.00,1,0,0,0
2026-03-20,Migada Guisado Normal,Migada,PIEZA,1.00,133.00,1,0,0,1.00
2026-06-26,Enchiladas Rojas,Enchilada,ORDEN,3.00,511.00,2,1,1,0
2026-04-30,Entomatadas,Entomatada,ORDEN,3.00,657.00,2,2,0,0
2026-05-10,1/2 Quesadillas (2 pzas.),Quesadilla,ORDEN,9.00,809.00,5,1,4,0
2026-08-22,Pieza Huevo Estrellado Tierno,Huevos,ORDEN,1.00,20.00,1,0,0,0
2026-06-03,Tacos de Maiz,Taco,PIEZA,23.00,548.00,10,0,0,23.00
2026-08-13,1/2 Empanadas (2 pzas.),Empanada,ORDEN,1.00,94.00,1,0,1,0
2026-05-04,Pieza Enchilada Roja,Enchilada,ORDEN,1.00,30.00,1,0,0,0
2026-05-17,Ciel 600 ml.,Bebida,ORDEN,4.00,140.00,1,0,0,0
2026-08-22,Huevos con Deshebrada,Huevos,ORDEN,1.00,135.00,1,0,0,0
2026-07-28,1/2 Quesadillas (2 pzas.),Quesadilla,ORDEN,3.00,258.00,1,0,0,0
2026-04-29,Huevo Estrellado 2 pzas.,Huevos,ORDEN,1.00,35.00,1,0,0,0
2026-04-03,Gorditas,Gordita,PIEZA,362.00,7031.00,24,0,2,362.00
2026-07-10,Pieza Extra Quesadilla,Quesadilla,ORDEN,1.00,35.00,1,0,0,0
2026-06-18,Gorditas de Azúcar,Gordita,PIEZA,1.00,42.00,1,0,0,1.00
2026-08-10,Bocoles Surtidos,Bocol,PIEZA,1.00,44.00,1,0,0,2.00
2026-03-28,Café Negro,Bebida,ORDEN,6.00,252.00,1,0,0,0
2026-07-17,Bisquet,Otros,ORDEN,2.00,60.00,1,0,0,0
2026-04-08,Pieza Tortilla de Maíz,Guarnicion,ORDEN,1.00,5.00,1,0,0,0
2026-07-04,Bistec 1 Pza.,Otros,ORDEN,1.00,102.00,1,0,0,0
2026-07-30,Fuze Tea,Bebida,ORDEN,2.00,90.00,1,0,0,0
2026-07-25,Enchiladas Rojas,Enchilada,ORDEN,7.00,1458.00,6,6,2,0
2026-05-10,Ciel 600 ml.,Bebida,ORDEN,3.00,105.00,1,0,0,0
2026-05-01,Tacos de Harina,Taco,PIEZA,33.00,732.00,11,0,2,33.00
2026-07-21,Pieza de Pan Dulce,Guarnicion,ORDEN,5.00,140.00,1,0,0,0
2026-06-23,Tacos de Harina,Taco,PIEZA,30.00,704.00,10,1,0,30.00
2026-08-21,Horchata 1 Litro,Bebida,ORDEN,1.00,69.00,1,0,0,0
2026-04-04,Limón 1 Litro,Bebida,ORDEN,1.00,77.00,1,0,0,0
2026-08-17,Huevos a la Mexicana,Huevos,ORDEN,1.00,120.00,1,0,0,0
2026-05-05,Huevos a la Mexicana,Huevos,ORDEN,1.00,120.00,1,0,0,0
2026-05-09,Bisquet,Otros,ORDEN,6.00,180.00,1,0,0,0
2026-04-04,1/2 Enmoladas,Enmolada,ORDEN,5.00,510.00,2,1,0,0
2026-05-01,Pieza Tortilla de Maíz,Guarnicion,ORDEN,6.00,30.00,1,0,0,0
2026-06-15,Pieza Huevo Estrellado Tierno,Huevos,ORDEN,1.00,20.00,1,0,0,0
2026-03-08,Quesadillas (4 pzas.),Quesadilla,ORDEN,6.00,838.00,4,0,4,0
2026-04-15,Limón 1 Litro,Bebida,ORDEN,1.00,77.00,1,0,0,0
2026-06-27,1/2 Enchiladas Rojas,Enchilada,ORDEN,9.00,1170.00,6,5,1,0
2026-05-24,Salsa Roja,Guarnicion,ORDEN,14.00,0.00,1,0,0,0
2026-06-07,Pieza de Pan Dulce,Guarnicion,ORDEN,10.00,280.00,1,0,0,0
2026-04-03,Enchiladas Rojas,Enchilada,ORDEN,6.00,1089.00,4,3,1,0
2026-04-29,1/2 Entomatadas,Entomatada,ORDEN,1.00,95.00,1,0,3,0
2026-09-04,Pieza Huevo Estrellado Cocido,Huevos,ORDEN,1.00,20.00,1,0,0,0
2026-08-21,Limón 1 Litro,Bebida,ORDEN,1.00,59.00,1,0,0,0
2026-08-19,Café con Leche,Bebida,ORDEN,28.00,1176.00,4,0,0,0
2026-05-20,Café Negro,Bebida,ORDEN,7.00,294.00,1,0,0,0
2026-03-22,Tacos de Maiz,Taco,PIEZA,46.00,1018.00,17,0,1,46.00
2026-03-09,Porción Ensalada,Guarnicion,ORDEN,1.00,25.00,1,0,0,0
2026-04-15,Bocoles Surtidos,Bocol,PIEZA,1.00,110.00,1,0,0,5.00
2026-04-12,Refresco 355 ml.,Bebida,ORDEN,2.00,70.00,1,0,0,0
2026-08-15,Ciel 600 ml.,Bebida,ORDEN,2.00,70.00,1,0,0,0
2026-04-24,Entomatadas,Entomatada,ORDEN,3.00,613.00,3,3,0,0
2026-07-10,Gorditas de Azúcar,Gordita,PIEZA,1.00,42.00,1,0,0,1.00
2026-07-10,Plátano Frito,Otros,ORDEN,1.00,42.00,1,0,0,0
2026-06-22,Bocoles,Bocol,PIEZA,69.00,1530.00,17,0,0,69.00
2026-08-14,Tacos de Harina,Taco,PIEZA,16.00,355.00,8,0,0,16.00
2026-08-31,Plátano Frito,Otros,ORDEN,1.00,42.00,1,0,0,0
2026-07-01,Bocoles,Bocol,PIEZA,57.00,1281.00,15,0,0,57.00
2026-07-26,Quesadillas (4 pzas.),Quesadilla,ORDEN,11.00,1565.00,4,1,6,0
2026-05-22,Enchiladas Picositas,Enchilada,ORDEN,2.00,396.00,2,1,0,0
2026-07-16,Migada Guisado de Carne,Migada,PIEZA,4.00,576.00,4,0,0,4.00
2026-08-08,1/2 Enchiladas Mixtas (4 Piezas),Enchilada,ORDEN,1.00,119.00,1,0,0,0
2026-04-25,Migada Guisado Normal,Migada,PIEZA,1.00,133.00,1,0,3,1.00
2026-08-21,Limón Vaso,Bebida,ORDEN,15.00,630.00,1,0,0,0
2026-08-04,1/2 Enchiladas Rojas,Enchilada,ORDEN,4.00,485.00,4,3,3,0
2026-05-08,Limón Vaso,Bebida,ORDEN,18.00,756.00,1,0,0,0
2026-04-22,Enchiladas Rojas,Enchilada,ORDEN,2.00,373.00,2,1,0,0
2026-03-15,Tacos de Maiz,Taco,PIEZA,68.00,1496.00,14,0,0,68.00
2026-03-10,Limón 1 Litro,Bebida,ORDEN,2.00,136.00,1,0,0,0
2026-05-02,Refresco 600 ml.,Bebida,ORDEN,16.00,624.00,5,0,0,0
2026-06-03,Café con Leche,Bebida,ORDEN,28.00,1189.00,4,0,0,0
2026-03-21,Enmoladas,Enmolada,ORDEN,1.00,147.00,1,0,1,0
2026-03-11,Gorditas de Azúcar,Gordita,PIEZA,2.00,84.00,1,0,0,2.00
2026-07-07,1/2 Quesadillas (2 pzas.),Quesadilla,ORDEN,4.00,344.00,2,0,3,0
2026-06-22,Migada Guisado de Carne,Migada,PIEZA,14.00,2016.00,13,0,3,14.00
2026-09-03,Huevos Rancheros,Huevos,ORDEN,5.00,600.00,1,0,0,0
2026-08-01,Bisquet,Otros,ORDEN,3.00,90.00,1,0,0,0
2026-03-07,1/2 Enfrijoladas,Enfrijolada,ORDEN,2.00,228.00,2,1,2,0
2026-06-26,Refresco 355 ml.,Bebida,ORDEN,2.00,70.00,2,0,0,0
2026-08-12,Pieza Extra Empanada,Empanada,ORDEN,1.00,38.00,1,0,0,0
2026-07-27,Huevos a la Mexicana,Huevos,ORDEN,2.00,240.00,1,0,0,0
2026-05-22,1/2 Empanadas (2 pzas.),Empanada,ORDEN,2.00,188.00,2,0,0,0
2026-08-16,Horchata Vaso,Bebida,ORDEN,6.00,278.00,1,0,0,0
2026-04-20,Huevos a la Mexicana,Huevos,ORDEN,3.00,360.00,1,0,0,0
2026-05-09,Orden Huevos Revueltos,Huevos,ORDEN,1.00,120.00,1,0,0,0
2026-06-19,1/2 Entomatadas,Entomatada,ORDEN,4.00,482.00,3,1,1,0
2026-07-18,Porción Frijol con Queso,Guarnicion,ORDEN,1.00,5.00,1,0,0,0
2026-05-31,Bisquet,Otros,ORDEN,8.00,240.00,2,0,0,0
2026-08-17,Refresco 600 ml.,Bebida,ORDEN,7.00,273.00,4,0,0,0
2026-03-23,Huevos a la Mexicana,Huevos,ORDEN,1.00,120.00,1,0,0,0
2026-08-04,1/2 Entomatadas,Entomatada,ORDEN,2.00,292.00,2,1,0,0
2026-08-17,Fuze Tea,Bebida,ORDEN,3.00,135.00,1,0,0,0
2026-07-01,Huevos Rancheros,Huevos,ORDEN,1.00,120.00,1,0,0,0
2026-07-06,1/2 Enchiladas Mixtas (4 Piezas),Enchilada,ORDEN,1.00,154.00,1,1,0,0
2026-08-02,Pieza Tortilla de Maíz,Guarnicion,ORDEN,1.00,5.00,1,0,0,0
2026-03-24,1/2 Enmoladas,Enmolada,ORDEN,1.00,95.00,1,0,0,0
2026-08-11,Entomatadas,Entomatada,ORDEN,4.00,693.00,4,3,1,0
2026-08-26,Aguacate Extra,Otros,ORDEN,1.00,15.00,1,0,0,0
2026-06-24,Fuze Tea,Bebida,ORDEN,2.00,90.00,1,0,0,0
2026-07-11,1/2 Enchiladas Mixtas (4 Piezas),Enchilada,ORDEN,2.00,308.00,1,1,0,0
2026-03-22,Jamaica Vaso,Bebida,ORDEN,19.00,798.00,1,0,0,0
2026-03-10,1/2 Encremadas,Encremada,ORDEN,2.00,327.00,2,2,0,0
2026-04-04,1/2 Quesadillas (2 pzas.),Quesadilla,ORDEN,5.00,430.00,3,0,3,0
2026-07-12,Refresco 600 ml.,Bebida,ORDEN,19.00,741.00,5,0,0,0
2026-04-19,1/2 Enchiladas Rojas,Enchilada,ORDEN,8.00,941.00,5,5,1,0
2026-08-11,1/2 Entomatadas,Entomatada,ORDEN,3.00,320.00,3,1,2,0
2026-03-15,Entomatadas,Entomatada,ORDEN,3.00,511.00,3,2,1,0
2026-04-29,Quesadillas (4 pzas.),Quesadilla,ORDEN,3.00,399.00,1,0,0,0
2026-09-05,Café con Leche,Bebida,ORDEN,40.00,1680.00,4,0,0,0
2026-05-27,Tacos de Maiz,Taco,PIEZA,14.00,318.00,7,1,0,14.00
2026-06-03,Enfrijoladas,Enfrijolada,ORDEN,1.00,182.00,1,1,0,0
2026-03-23,Enchiladas Rojas,Enchilada,ORDEN,2.00,475.00,2,2,0,0
2026-08-30,Huevos a la Mexicana,Huevos,ORDEN,1.00,120.00,1,0,0,0
2026-03-21,1/2 Enchiladas Rojas,Enchilada,ORDEN,6.00,710.00,4,3,1,0
2026-04-27,Fuze Tea,Bebida,ORDEN,1.00,45.00,1,0,0,0
2026-09-03,Orden de Guisado Normal,Guarnicion,ORDEN,1.00,120.00,1,1,0,0
2026-07-13,Huevos con Deshebrada,Huevos,ORDEN,6.00,851.00,1,0,0,0
2026-05-15,Enchiladas Rojas,Enchilada,ORDEN,2.00,329.00,2,1,2,0
2026-04-20,1/2 Enchiladas Rojas,Enchilada,ORDEN,2.00,190.00,2,0,1,0
2026-07-17,Empanadas (4 pzas.),Empanada,ORDEN,3.00,432.00,3,0,0,0
2026-08-16,1/2 Enchiladas Mixtas (4 Piezas),Enchilada,ORDEN,7.00,1110.00,7,6,0,0
2026-03-04,Refresco 600 ml.,Bebida,ORDEN,10.00,390.00,3,0,0,0
2026-06-14,Orden de Guisado de Carne,Guarnicion,ORDEN,1.00,135.00,1,1,0,0
2026-03-14,Gorditas Surtidas,Gordita,PIEZA,3.00,285.00,1,0,0,15.00
2026-04-25,Gorditas Surtidas,Gordita,PIEZA,1.00,95.00,1,0,0,5.00
2026-05-25,Orden Huevos Estrellados,Huevos,ORDEN,1.00,120.00,1,0,0,0
2026-08-13,Pieza de Pan Dulce,Guarnicion,ORDEN,1.00,28.00,1,0,0,0
2026-03-16,1/2 Quesadillas (2 pzas.),Quesadilla,ORDEN,4.00,344.00,3,0,4,0
2026-03-26,Gorditas Surtidas,Gordita,PIEZA,1.00,76.00,1,0,0,4.00
2026-04-23,Tacos de Maiz,Taco,PIEZA,26.00,584.00,9,0,0,26.00
2026-05-25,Empanadas (4 pzas.),Empanada,ORDEN,6.00,907.00,6,0,3,0
2026-07-12,Ciel 600 ml.,Bebida,ORDEN,3.00,105.00,1,0,0,0
2026-04-06,Entomatadas,Entomatada,ORDEN,2.00,411.00,2,2,1,0
2026-04-22,Café con Leche,Bebida,ORDEN,25.00,1050.00,3,0,0,0
2026-06-15,Enchiladas Rojas,Enchilada,ORDEN,2.00,475.00,2,2,0,0
2026-05-08,Refresco 600 ml.,Bebida,ORDEN,8.00,312.00,4,0,0,0
2026-03-20,Migada Guisado de Carne,Migada,PIEZA,4.00,576.00,4,0,5,4.00
2026-09-02,1/2 Entomatadas,Entomatada,ORDEN,5.00,682.00,5,4,3,0
2026-05-07,Huevos Rancheros,Huevos,ORDEN,1.00,120.00,1,0,0,0
2026-08-02,Gorditas,Gordita,PIEZA,264.00,5076.00,23,0,1,264.00
2026-05-09,1/2 Quesadillas (2 pzas.),Quesadilla,ORDEN,7.00,628.00,5,0,8,0
2026-05-25,Enmoladas,Enmolada,ORDEN,2.00,434.00,2,2,2,0
2026-08-18,Tacos de Harina,Taco,PIEZA,48.00,1177.00,13,1,11,48.00
2026-08-10,Pieza Extra Quesadilla,Quesadilla,ORDEN,1.00,35.00,1,0,0,0
2026-08-29,Pieza Huevo Estrellado Tierno,Huevos,ORDEN,1.00,20.00,1,0,0,0
2026-08-11,Jamaica 1 Litro,Bebida,ORDEN,2.00,118.00,1,0,0,0
2026-04-03,Porción Frijol con Queso,Guarnicion,ORDEN,2.00,10.00,1,0,0,0
2026-04-04,1/2 Entomatadas,Entomatada,ORDEN,13.00,1623.00,7,6,4,0
2026-05-18,Limón Vaso,Bebida,ORDEN,12.00,504.00,1,0,0,0
2026-06-21,1/2 Enmoladas,Enmolada,ORDEN,2.00,225.00,2,1,0,0
2026-03-08,Jamaica Vaso,Bebida,ORDEN,27.00,1134.00,1,0,0,0
2026-07-30,Plátano Frito,Otros,ORDEN,1.00,42.00,1,0,0,0
2026-07-25,Fuze Tea,Bebida,ORDEN,2.00,90.00,1,0,0,0
2026-03-23,Tacos de Maiz,Taco,PIEZA,14.00,308.00,7,0,0,14.00
2026-06-29,Jamaica Vaso,Bebida,ORDEN,6.00,252.00,1,0,0,0
2026-04-24,Huevos con Deshebrada,Huevos,ORDEN,1.00,135.00,1,0,0,0
2026-08-04,1/2 Quesadillas (2 pzas.),Quesadilla,ORDEN,5.00,430.00,2,0,2,0
2026-06-28,Migada Guisado de Carne,Migada,PIEZA,15.00,2246.00,14,0,15,15.00
2026-04-16,Horchata 1 Litro,Bebida,ORDEN,1.00,90.00,1,0,0,0
2026-05-05,Quesadillas (4 pzas.),Quesadilla,ORDEN,3.00,439.00,1,0,0,0
2026-07-19,Salsa Habanera,Guarnicion,ORDEN,1.00,10.00,1,0,0,0
2026-06-16,1/2 Quesadillas (2 pzas.),Quesadilla,ORDEN,6.00,551.00,4,1,3,0
2026-07-17,1/2 Enmoladas,Enmolada,ORDEN,1.00,95.00,1,0,0,0
2026-06-02,Enchiladas Mixtas,Enchilada,ORDEN,1.00,147.00,1,0,0,0
2026-08-20,Limón 1 Litro,Bebida,ORDEN,1.00,59.00,1,0,0,0
2026-04-25,Horchata Vaso,Bebida,ORDEN,4.00,168.00,1,0,0,0
2026-03-03,Café con Leche,Bebida,ORDEN,30.00,1273.00,2,0,0,0
2026-04-21,Refresco 355 ml.,Bebida,ORDEN,1.00,35.00,1,0,0,0
2026-06-16,Porción Ensalada,Guarnicion,ORDEN,1.00,25.00,1,0,0,0
2026-08-23,Gorditas,Gordita,PIEZA,246.00,4851.00,25,0,3,246.00
2026-05-01,Refresco 600 ml.,Bebida,ORDEN,22.00,858.00,7,0,0,0
2026-08-08,Pieza Huevo Estrellado Medio,Huevos,ORDEN,1.00,20.00,1,0,0,0
2026-07-26,Horchata Vaso,Bebida,ORDEN,8.00,336.00,1,0,0,0
2026-07-15,Migada Guisado Normal,Migada,PIEZA,1.00,164.35,1,0,5,1.00
2026-05-06,Refresco 355 ml.,Bebida,ORDEN,1.00,35.00,1,0,0,0
2026-08-18,Bisquet,Otros,ORDEN,4.00,120.00,1,0,0,0
2026-08-14,Gorditas Surtidas,Gordita,PIEZA,1.00,95.00,1,0,0,5.00
2026-08-04,Pieza Extra Empanada,Empanada,ORDEN,1.00,38.00,1,0,0,0
2026-08-27,Tacos de Maiz,Taco,PIEZA,17.00,374.00,7,0,0,17.00
2026-08-22,Quesadillas (4 pzas.),Quesadilla,ORDEN,15.00,2070.00,7,1,12,0
2026-07-23,Tacos de Maiz,Taco,PIEZA,48.00,1110.00,22,4,0,48.00
2026-07-23,Limón 1 Litro,Bebida,ORDEN,2.00,118.00,1,0,0,0
2026-04-29,1/2 Enfrijoladas,Enfrijolada,ORDEN,1.00,130.00,1,1,0,0
2026-03-28,Huevos Rancheros,Huevos,ORDEN,1.00,120.00,1,0,0,0
2026-04-07,Quesadillas (4 pzas.),Quesadilla,ORDEN,2.00,266.00,1,0,0,0
2026-04-23,1/2 Empanadas (2 pzas.),Empanada,ORDEN,3.00,312.00,3,2,1,0
2026-05-08,Huevos con Deshebrada,Huevos,ORDEN,2.00,270.00,1,0,0,0
2026-07-18,Orden de Guisado Normal,Guarnicion,ORDEN,1.00,120.00,1,1,0,0
2026-04-10,1/2 Empanadas (2 pzas.),Empanada,ORDEN,4.00,376.00,4,0,1,0
2026-04-17,Café con Leche,Bebida,ORDEN,24.00,1008.00,2,0,0,0
2026-05-14,Fuze Tea,Bebida,ORDEN,2.00,90.00,1,0,0,0
2026-08-18,Tacos de Maiz,Taco,PIEZA,30.00,669.00,13,0,1,30.00
2026-05-01,Orden de Guisado Normal,Guarnicion,ORDEN,2.00,240.00,1,0,0,0
2026-08-05,Pieza Huevo Estrellado Tierno,Huevos,ORDEN,1.00,20.00,1,0,0,0
2026-08-28,Refresco 600 ml.,Bebida,ORDEN,10.00,390.00,4,0,0,0
2026-09-02,Guisado Infantil,Otros,ORDEN,1.00,38.00,1,0,0,0
2026-03-14,1/2 Empanadas (2 pzas.),Empanada,ORDEN,3.00,292.00,3,1,1,0
2026-08-09,1/2 Enmoladas,Enmolada,ORDEN,4.00,552.00,4,3,1,0
2026-07-07,Enmoladas,Enmolada,ORDEN,2.00,498.00,1,1,0,0
2026-03-28,1/2 Quesadillas (2 pzas.),Quesadilla,ORDEN,5.00,465.00,3,1,2,0
2026-04-02,Plátano Frito,Otros,ORDEN,2.00,84.00,2,0,0,0
2026-07-11,Enmoladas,Enmolada,ORDEN,1.00,147.00,1,0,0,0
2026-05-20,Gorditas de Azúcar,Gordita,PIEZA,1.00,42.00,1,0,0,1.00
2026-06-21,Café con Leche,Bebida,ORDEN,53.00,2226.00,3,0,0,0
2026-07-10,Tacos de Harina,Taco,PIEZA,24.00,572.00,15,1,0,24.00
2026-05-24,Pieza Extra Quesadilla,Quesadilla,ORDEN,1.00,35.00,1,0,0,0
2026-03-14,Limón Vaso,Bebida,ORDEN,16.00,672.00,1,0,0,0
2026-07-10,Enmoladas,Enmolada,ORDEN,1.00,147.00,1,0,0,0
2026-06-23,Café Negro,Bebida,ORDEN,12.00,504.00,1,0,0,0
2026-06-11,Refresco 355 ml.,Bebida,ORDEN,1.00,35.00,1,0,0,0
2026-09-02,1/2 Enmoladas,Enmolada,ORDEN,3.00,387.00,2,1,1,0
2026-05-20,Entomatadas,Entomatada,ORDEN,1.00,249.00,1,1,0,0
2026-07-18,Huevo Revuelto 2 pzas.,Huevos,ORDEN,1.00,35.00,1,0,0,0
2026-03-19,1/2 Entomatadas,Entomatada,ORDEN,1.00,95.00,1,0,0,0
2026-07-07,Zanahorias p/llevar,Otros,ORDEN,2.00,20.00,1,0,0,0
2026-08-21,Jamaica Vaso,Bebida,ORDEN,13.00,546.00,1,0,0,0
2026-04-01,Horchata Vaso,Bebida,ORDEN,6.00,252.00,1,0,0,0
2026-06-28,Refresco 600 ml.,Bebida,ORDEN,17.00,663.00,5,0,0,0
2026-07-25,Encremadas,Encremada,ORDEN,2.00,382.00,2,0,7,0
2026-06-28,Orden de Guisado de Carne,Guarnicion,ORDEN,1.00,135.00,1,1,0,0
2026-03-30,Bisquet,Otros,ORDEN,2.00,60.00,1,0,0,0
2026-05-31,Horchata Vaso,Bebida,ORDEN,11.00,475.00,1,0,0,0
2026-04-02,Pieza Extra Quesadilla,Quesadilla,ORDEN,1.00,35.00,1,0,0,0
2026-05-31,1/2 Enchiladas Picositas,Enchilada,ORDEN,7.00,872.00,5,4,1,0
2026-08-19,1/2 Entomatadas,Entomatada,ORDEN,2.00,327.00,2,2,0,0
2026-03-12,Pieza de Pan,Guarnicion,ORDEN,4.00,112.00,1,0,0,0
2026-06-30,Enmoladas,Enmolada,ORDEN,1.00,147.00,1,0,0,0
2026-04-12,Enchiladas Rojas,Enchilada,ORDEN,4.00,623.00,3,1,4,0
2026-05-31,Enmoladas,Enmolada,ORDEN,2.00,294.00,1,0,0,0
2026-08-18,Gorditas,Gordita,PIEZA,221.00,4204.00,21,1,0,221.00
2026-08-17,Porción Frijol con Queso,Guarnicion,ORDEN,1.00,5.00,1,0,0,0
2026-04-01,Bocoles,Bocol,PIEZA,72.00,1587.00,16,0,0,72.00
2026-08-02,Tacos de Harina,Taco,PIEZA,53.00,1222.00,18,1,2,53.00
2026-08-02,Limón 1 Litro,Bebida,ORDEN,2.00,154.00,1,0,0,0
2026-05-03,Enfrijoladas,Enfrijolada,ORDEN,1.00,182.00,1,1,0,0
2026-08-08,Enchiladas Picositas,Enchilada,ORDEN,2.00,498.00,1,1,0,0
2026-04-22,Bocoles,Bocol,PIEZA,51.00,1161.00,17,0,2,51.00
2026-08-29,Jamaica Vaso,Bebida,ORDEN,26.00,1092.00,1,0,0,0
2026-08-25,Migada Guisado Normal,Migada,PIEZA,1.00,133.00,1,0,0,1.00
2026-05-26,PROMO 6 surtidas,Otros,ORDEN,6.00,648.00,1,0,0,0
2026-09-05,Enchiladas Rojas,Enchilada,ORDEN,7.00,1169.00,4,3,3,0
2026-06-04,Plátano Frito,Otros,ORDEN,2.00,84.00,2,0,0,0
2026-08-02,Café Negro,Bebida,ORDEN,17.00,714.00,3,0,0,0
2026-07-30,1/2 Enfrijoladas,Enfrijolada,ORDEN,2.00,225.00,2,1,1,0
2026-09-02,Entomatadas,Entomatada,ORDEN,3.00,511.00,3,2,1,0
2026-07-05,Limón Vaso,Bebida,ORDEN,31.00,1302.00,1,0,0,0
2026-08-27,Refresco 600 ml.,Bebida,ORDEN,16.00,624.00,6,0,0,0
2026-08-11,Migada Guisado de Carne,Migada,PIEZA,3.00,432.00,3,0,2,3.00
2026-08-20,Enchiladas Rojas,Enchilada,ORDEN,3.00,520.00,3,2,3,0
2026-04-12,Refresco 600 ml.,Bebida,ORDEN,16.00,624.00,4,0,0,0
2026-04-15,Gorditas,Gordita,PIEZA,89.00,1717.00,22,0,2,89.00
2026-08-10,Horchata 1 Litro,Bebida,ORDEN,2.00,138.00,1,0,0,0
2026-03-13,Gorditas,Gordita,PIEZA,160.00,3095.00,22,1,0,160.00
2026-08-02,Refresco 600 ml.,Bebida,ORDEN,17.00,663.00,7,0,0,0
2026-08-17,Limón Vaso,Bebida,ORDEN,12.00,504.00,1,0,0,0
2026-06-07,Migada Guisado de Carne,Migada,PIEZA,11.00,1627.00,9,0,10,11.00
2026-03-26,Enchiladas Rojas,Enchilada,ORDEN,1.00,147.00,1,0,0,0
2026-06-30,Refresco 600 ml.,Bebida,ORDEN,26.00,1014.00,5,0,0,0
2026-05-02,Té de Manzanilla,Bebida,ORDEN,1.00,33.00,1,0,0,0
2026-06-21,Enmoladas,Enmolada,ORDEN,3.00,523.00,2,1,0,0
2026-07-04,Pieza Enchilada Roja,Enchilada,ORDEN,1.00,65.00,1,1,0,0
2026-08-08,Orden de Guisado Normal,Guarnicion,ORDEN,2.00,240.00,2,2,0,0
2026-05-21,Orden Huevos Revueltos,Huevos,ORDEN,1.00,120.00,1,0,0,0
2026-08-23,Limón 1 Litro,Bebida,ORDEN,2.00,118.00,1,0,0,0
2026-08-15,Enchiladas Rojas,Enchilada,ORDEN,4.00,798.00,4,5,1,0
2026-08-05,Limón Vaso,Bebida,ORDEN,11.00,462.00,1,0,0,0
2026-07-22,Refresco 600 ml.,Bebida,ORDEN,13.00,507.00,5,0,0,0
2026-03-02,Horchata 1 Litro,Bebida,ORDEN,1.00,69.00,1,0,0,0
2026-06-13,Café Negro,Bebida,ORDEN,11.00,462.00,2,0,0,0
2026-07-12,Empanadas (4 pzas.),Empanada,ORDEN,6.00,884.00,6,1,3,0
2026-07-29,Quesadillas (4 pzas.),Quesadilla,ORDEN,1.00,133.00,1,0,2,0
2026-08-10,1/2 Enfrijoladas,Enfrijolada,ORDEN,1.00,130.00,1,1,0,0
2026-05-16,Huevos a la Mexicana,Huevos,ORDEN,1.00,120.00,1,0,0,0
2026-08-23,Salsa Roja,Guarnicion,ORDEN,1.00,10.00,1,0,0,0
2026-04-28,Tacos de Harina,Taco,PIEZA,6.00,144.00,1,0,0,6.00
2026-05-02,Entomatadas,Entomatada,ORDEN,3.00,441.00,1,0,0,0
2026-04-25,Porción Frijol con Queso,Guarnicion,ORDEN,1.00,5.00,1,0,0,0
2026-06-14,Pieza Encremada,Encremada,ORDEN,1.00,30.00,1,0,0,0
2026-07-15,1/2 Enmoladas,Enmolada,ORDEN,1.00,197.00,1,1,0,0
2026-04-26,Entomatadas,Entomatada,ORDEN,6.00,990.00,4,3,0,0
2026-03-13,Enchiladas Rojas,Enchilada,ORDEN,4.00,793.00,4,3,0,0
2026-06-26,Tacos de Harina,Taco,PIEZA,25.00,589.00,11,0,0,25.00
2026-08-06,Aguacate Extra,Otros,ORDEN,1.00,15.00,1,0,0,0
2026-07-08,Gorditas de Azúcar,Gordita,PIEZA,2.00,84.00,1,0,0,2.00
2026-03-05,Pieza de Pan,Guarnicion,ORDEN,6.00,168.00,1,0,0,0
2026-08-28,Pieza de Pan Dulce,Guarnicion,ORDEN,1.00,28.00,1,0,0,0
2026-04-29,Migada Guisado de Carne,Migada,PIEZA,4.00,576.00,4,0,3,4.00
2026-08-29,1/2 Enmoladas,Enmolada,ORDEN,1.00,130.00,1,1,0,0
2026-03-31,Limón 1 Litro,Bebida,ORDEN,4.00,272.00,1,0,0,0
2026-04-20,Huevo Revuelto 2 pzas.,Huevos,ORDEN,1.00,35.00,1,0,0,0
2026-04-27,Refresco 355 ml.,Bebida,ORDEN,3.00,105.00,1,0,0,0
2026-06-06,Tacos de Harina,Taco,PIEZA,23.00,506.00,8,0,0,23.00
2026-03-20,Empanadas (4 pzas.),Empanada,ORDEN,2.00,333.00,2,2,0,0
2026-04-04,Gorditas Surtidas,Gordita,PIEZA,2.00,209.00,2,0,0,11.00
2026-06-21,Pieza Huevo Estrellado Medio,Huevos,ORDEN,1.00,20.00,1,0,0,0
2026-08-06,Migada Guisado Normal,Migada,PIEZA,1.00,173.00,1,0,1,1.00
2026-08-03,1/2 Enchiladas Rojas,Enchilada,ORDEN,7.00,1073.00,5,3,2,0
2026-06-25,Gorditas Surtidas,Gordita,PIEZA,2.00,190.00,1,0,0,10.00
2026-03-07,Refresco 355 ml.,Bebida,ORDEN,4.00,140.00,1,0,0,0
2026-04-09,Enmoladas,Enmolada,ORDEN,2.00,396.00,2,1,0,0
2026-04-20,1/2 Enfrijoladas,Enfrijolada,ORDEN,1.00,235.00,1,2,0,0
2026-08-23,Bocoles,Bocol,PIEZA,129.00,2868.00,20,0,0,129.00
2026-08-18,Pieza Huevo Estrellado Ciego,Huevos,ORDEN,1.00,20.00,1,0,0,0
2026-05-07,Limón Vaso,Bebida,ORDEN,10.00,420.00,1,0,0,0
2026-06-26,Pieza Extra Quesadilla,Quesadilla,ORDEN,1.00,35.00,1,0,0,0
2026-06-11,1/2 Enmoladas,Enmolada,ORDEN,2.00,190.00,2,0,1,0
2026-07-13,Zanahorias p/llevar,Otros,ORDEN,1.00,10.00,1,0,0,0
2026-05-02,1/2 Quesadillas (2 pzas.),Quesadilla,ORDEN,6.00,526.00,2,1,1,0
2026-04-09,Empanadas (4 pzas.),Empanada,ORDEN,3.00,432.00,3,0,0,0
2026-07-11,Pieza Huevo Estrellado Cocido,Huevos,ORDEN,1.00,20.00,1,0,0,0
2026-07-11,Migada Guisado Normal,Migada,PIEZA,2.00,266.00,2,0,0,2.00
2026-05-22,1/2 Enchiladas Picositas,Enchilada,ORDEN,3.00,457.00,3,3,0,0
2026-04-06,Jamaica Vaso,Bebida,ORDEN,9.00,378.00,1,0,0,0
2026-07-06,Pieza de Pan Dulce,Guarnicion,ORDEN,5.00,140.00,1,0,0,0
2026-03-02,Bistec 1 Pza.,Otros,ORDEN,1.00,102.00,1,0,0,0
2026-04-21,Gorditas de Azúcar,Gordita,PIEZA,2.00,84.00,1,0,0,2.00
2026-05-30,Limón 1 Litro,Bebida,ORDEN,4.00,254.00,1,0,0,0
2026-05-10,1/2 Enmoladas,Enmolada,ORDEN,2.00,254.00,2,1,0,0
2026-03-10,Horchata 1 Litro,Bebida,ORDEN,1.00,90.00,1,0,0,0
2026-05-03,1/2 Enchiladas Picositas,Enchilada,ORDEN,1.00,197.00,1,1,1,0
2026-05-07,Enfrijoladas,Enfrijolada,ORDEN,1.00,207.00,1,1,1,0
2026-06-19,1/2 Empanadas (2 pzas.),Empanada,ORDEN,8.00,762.00,8,2,3,0
2026-03-17,Pieza Extra Empanada,Empanada,ORDEN,1.00,38.00,1,0,0,0
2026-07-30,Empanadas (4 pzas.),Empanada,ORDEN,5.00,720.00,5,1,1,0
2026-05-20,Limón 1 Litro,Bebida,ORDEN,2.00,118.00,1,0,0,0
2026-08-09,Pieza Extra Quesadilla,Quesadilla,ORDEN,1.00,35.00,1,0,0,0
2026-04-11,1/2 Enchiladas Picositas,Enchilada,ORDEN,2.00,263.00,2,2,0,0
2026-06-05,Bocoles,Bocol,PIEZA,85.00,1921.00,24,0,5,85.00
2026-06-18,Limón Vaso,Bebida,ORDEN,15.00,630.00,1,0,0,0
2026-08-27,Zanahorias p/llevar,Otros,ORDEN,2.00,20.00,1,0,0,0
2026-04-30,Jamaica 1 Litro,Bebida,ORDEN,1.00,59.00,1,0,0,0
2026-05-24,1/2 Encremadas,Encremada,ORDEN,2.00,225.00,2,1,0,0
2026-08-30,Gorditas Surtidas,Gordita,PIEZA,1.00,76.00,1,0,0,4.00
2026-07-12,Horchata 1 Litro,Bebida,ORDEN,8.00,552.00,1,0,0,0
2026-07-07,Refresco 600 ml.,Bebida,ORDEN,15.00,585.00,6,0,0,0
2026-06-09,1/2 Entomatadas,Entomatada,ORDEN,3.00,422.00,3,2,1,0
2026-08-20,1/2 Quesadillas (2 pzas.),Quesadilla,ORDEN,5.00,465.00,3,1,2,0
2026-03-31,Limón Vaso,Bebida,ORDEN,6.00,252.00,1,0,0,0
2026-04-04,Refresco 600 ml.,Bebida,ORDEN,40.00,1572.00,8,0,0,0
2026-07-07,1/2 Enmoladas,Enmolada,ORDEN,1.00,130.00,1,1,0,0
2026-05-24,Pieza Huevo Estrellado Cocido,Huevos,ORDEN,3.00,60.00,1,0,0,0
2026-05-20,1/2 Entomatadas,Entomatada,ORDEN,1.00,130.00,1,1,0,0
2026-06-06,Horchata Vaso,Bebida,ORDEN,2.00,84.00,1,0,0,0
2026-06-29,1/2 Empanadas (2 pzas.),Empanada,ORDEN,3.00,282.00,3,0,0,0
2026-05-25,Jamaica Vaso,Bebida,ORDEN,15.00,630.00,1,0,0,0
2026-06-30,Plátano Frito,Otros,ORDEN,1.00,42.00,1,0,0,0
2026-03-24,Horchata 1 Litro,Bebida,ORDEN,2.00,138.00,1,0,0,0
2026-07-13,Migada Guisado Normal,Migada,PIEZA,1.00,133.00,1,0,0,1.00
2026-05-22,Bisquet,Otros,ORDEN,2.00,60.00,1,0,0,0
2026-08-26,Enchiladas Mixtas,Enchilada,ORDEN,1.00,249.00,1,1,1,0
2026-04-19,1/2 Enfrijoladas,Enfrijolada,ORDEN,3.00,387.00,3,1,3,0
2026-07-30,Jamaica Vaso,Bebida,ORDEN,22.00,924.00,1,0,0,0
2026-06-15,Café con Leche,Bebida,ORDEN,49.00,2058.00,3,0,0,0
2026-07-09,Tacos de Maiz,Taco,PIEZA,5.00,113.00,4,0,0,5.00
2026-07-23,Tacos de Harina,Taco,PIEZA,39.00,903.00,12,0,0,39.00
2026-07-05,Zanahorias p/llevar,Otros,ORDEN,1.00,10.00,1,0,0,0
2026-07-29,1/2 Entomatadas,Entomatada,ORDEN,5.00,787.00,5,5,4,0
2026-07-14,Café Negro,Bebida,ORDEN,8.00,336.00,1,0,0,0
2026-03-19,Enchiladas Rojas,Enchilada,ORDEN,3.00,441.00,1,0,0,0
2026-07-28,1/2 Enchiladas Picositas,Enchilada,ORDEN,1.00,95.00,1,0,0,0
2026-07-07,1/2 Entomatadas,Entomatada,ORDEN,9.00,1193.00,8,5,5,0
2026-08-25,Huevo Estrellado 2 pzas.,Huevos,ORDEN,1.00,35.00,1,0,0,0
2026-05-23,Orden Huevos Revueltos,Huevos,ORDEN,1.00,120.00,1,0,0,0
2026-04-06,Bocoles,Bocol,PIEZA,88.00,1981.00,17,0,0,88.00
2026-03-28,Jamaica Vaso,Bebida,ORDEN,13.00,546.00,1,0,0,0
2026-05-17,Salsa Verde,Guarnicion,ORDEN,1.00,0.00,1,0,0,0
2026-03-02,Café con Leche,Bebida,ORDEN,41.00,1722.00,2,0,0,0
2026-03-06,Gorditas Surtidas,Gordita,PIEZA,1.00,114.00,1,0,0,6.00
2026-06-07,Jamaica 1 Litro,Bebida,ORDEN,2.00,118.00,1,0,0,0
2026-03-07,Jamaica 1 Litro,Bebida,ORDEN,2.00,118.00,1,0,0,0
2026-07-26,Pieza de Pan Dulce,Guarnicion,ORDEN,5.00,140.00,1,0,0,0
2026-08-25,Huevos a la Mexicana,Huevos,ORDEN,2.00,240.00,1,0,0,0
2026-08-24,Entomatadas,Entomatada,ORDEN,1.00,147.00,1,0,0,0
2026-03-18,Café con Leche,Bebida,ORDEN,22.00,924.00,4,0,0,0
2026-06-03,Refresco 600 ml.,Bebida,ORDEN,5.00,195.00,3,0,0,0
2026-04-04,1/2 Enfrijoladas,Enfrijolada,ORDEN,5.00,475.00,3,0,3,0
2026-07-16,Horchata Vaso,Bebida,ORDEN,5.00,210.00,1,0,0,0
2026-03-18,Enchiladas Mixtas,Enchilada,ORDEN,1.00,264.00,1,2,0,0
2026-06-21,Encremadas,Encremada,ORDEN,1.00,191.00,1,0,1,0
2026-07-19,Gorditas de Azúcar,Gordita,PIEZA,1.00,42.00,1,0,0,1.00
2026-03-19,1/2 Enchiladas Rojas,Enchilada,ORDEN,7.00,817.00,6,3,3,0
2026-07-11,Empanadas (4 pzas.),Empanada,ORDEN,6.00,864.00,6,2,0,0
2026-05-04,Quesadillas (4 pzas.),Quesadilla,ORDEN,6.00,798.00,4,0,4,0
2026-05-12,Café Negro,Bebida,ORDEN,3.00,126.00,1,0,0,0
2026-06-24,Plátano Frito,Otros,ORDEN,3.00,126.00,2,0,0,0
2026-08-23,Enchiladas Picositas,Enchilada,ORDEN,1.00,226.00,1,1,0,0
2026-06-08,Jamaica Vaso,Bebida,ORDEN,23.00,966.00,1,0,0,0
2026-03-19,Huevo Estrellado 2 pzas.,Huevos,ORDEN,1.00,35.00,1,0,0,0
2026-07-16,1/2 Entomatadas,Entomatada,ORDEN,1.00,95.00,1,0,1,0
2026-07-02,Quesadillas (4 pzas.),Quesadilla,ORDEN,8.00,1104.00,2,0,1,0
2026-06-21,1/2 Entomatadas,Entomatada,ORDEN,10.00,1786.00,5,3,3,0
2026-04-29,Jamaica Vaso,Bebida,ORDEN,7.00,294.00,1,0,0,0
2026-06-16,Salsa Verde,Guarnicion,ORDEN,2.00,0.00,1,0,0,0
2026-07-21,Huevos con Deshebrada,Huevos,ORDEN,3.00,446.00,1,0,0,0
2026-09-05,Gorditas,Gordita,PIEZA,271.00,5191.00,28,3,5,271.00
2026-04-02,1/2 Enchiladas Mixtas (4 Piezas),Enchilada,ORDEN,1.00,119.00,1,0,0,0
2026-04-21,Plátano Frito,Otros,ORDEN,1.00,42.00,1,0,0,0
2026-05-12,Gorditas de Azúcar,Gordita,PIEZA,1.00,42.00,1,0,0,1.00
2026-05-27,Café Negro,Bebida,ORDEN,6.00,252.00,1,0,0,0
2026-06-26,Orden Huevos Revueltos,Huevos,ORDEN,1.00,156.00,1,0,0,0
2026-08-08,Fuze Tea,Bebida,ORDEN,2.00,90.00,1,0,0,0
2026-05-20,Plátano Frito,Otros,ORDEN,1.00,42.00,1,0,0,0
2026-04-18,Tacos de Maiz,Taco,PIEZA,50.00,1120.00,15,1,0,50.00
2026-05-24,Quesadillas (4 pzas.),Quesadilla,ORDEN,10.00,1490.00,4,0,7,0
2026-05-27,1/2 Quesadillas (2 pzas.),Quesadilla,ORDEN,2.00,172.00,1,0,0,0
2026-07-13,Entomatadas,Entomatada,ORDEN,1.00,226.00,1,1,2,0
2026-08-05,Pieza de Pan Dulce,Guarnicion,ORDEN,3.00,84.00,1,0,0,0
2026-04-20,Ciel 600 ml.,Bebida,ORDEN,3.00,105.00,1,0,0,0
2026-07-05,Enchiladas Mixtas,Enchilada,ORDEN,6.00,1089.00,6,4,1,0
2026-06-08,Pieza de Pan Dulce,Guarnicion,ORDEN,2.00,56.00,1,0,0,0
2026-03-30,Jamaica Vaso,Bebida,ORDEN,24.00,1008.00,1,0,0,0
2026-05-30,Tacos de Maiz,Taco,PIEZA,47.00,1034.00,13,0,0,47.00
2026-03-28,Huevos a la Mexicana,Huevos,ORDEN,2.00,240.00,1,0,0,0
2026-05-21,1/2 Enfrijoladas,Enfrijolada,ORDEN,1.00,95.00,1,0,0,0
2026-03-27,Aguacate Extra,Otros,ORDEN,1.00,15.00,1,0,0,0
2026-08-23,Plátano Frito,Otros,ORDEN,7.00,294.00,5,0,0,0
2026-04-24,Enchiladas Mixtas,Enchilada,ORDEN,1.00,147.00,1,0,0,0
2026-05-23,Enchiladas Mixtas,Enchilada,ORDEN,1.00,182.00,1,1,1,0
2026-06-16,Café con Leche,Bebida,ORDEN,43.00,1819.00,3,0,0,0
2026-03-21,Pieza Huevo Estrellado Cocido,Huevos,ORDEN,1.00,20.00,1,0,0,0
2026-08-30,Entomatadas,Entomatada,ORDEN,3.00,680.00,2,2,0,0
2026-06-26,Pieza Huevo Estrellado Tierno,Huevos,ORDEN,1.00,20.00,1,0,0,0
2026-03-25,Huevos Rancheros,Huevos,ORDEN,1.00,120.00,1,0,0,0
2026-05-31,Pieza de Pan,Guarnicion,ORDEN,10.00,280.00,1,0,0,0
2026-08-05,Empanadas (4 pzas.),Empanada,ORDEN,4.00,619.00,3,1,0,0
2026-08-04,Quesadillas (4 pzas.),Quesadilla,ORDEN,3.00,439.00,1,0,0,0
2026-07-27,Refresco 355 ml.,Bebida,ORDEN,2.00,70.00,1,0,0,0
2026-07-13,Tacos de Maiz,Taco,PIEZA,1.00,22.00,1,0,0,1.00
2026-04-21,Migada Guisado de Carne,Migada,PIEZA,5.00,763.00,5,0,1,5.00
2026-07-10,Limón Vaso,Bebida,ORDEN,14.00,588.00,1,0,0,0
2026-07-22,Café Negro,Bebida,ORDEN,11.00,488.00,1,0,0,0
2026-08-21,Gorditas de Azúcar,Gordita,PIEZA,6.00,252.00,1,0,0,6.00
2026-07-28,Migada Guisado Normal,Migada,PIEZA,1.00,133.00,1,0,0,1.00
2026-08-12,Huevo Revuelto 2 pzas.,Huevos,ORDEN,1.00,35.00,1,0,0,0
2026-07-13,Pieza Huevo Estrellado Tierno,Huevos,ORDEN,1.00,20.00,1,0,0,0
2026-08-04,Tacos de Harina,Taco,PIEZA,29.00,652.00,14,1,2,29.00
2026-06-21,Pieza de Pan Dulce,Guarnicion,ORDEN,6.00,168.00,1,0,0,0
2026-03-09,Pieza Huevo Estrellado Ciego,Huevos,ORDEN,1.00,20.00,1,0,0,0
2026-04-15,Tacos de Harina,Taco,PIEZA,10.00,241.00,4,0,0,10.00
2026-08-12,Jamaica 1 Litro,Bebida,ORDEN,1.00,59.00,1,0,0,0
2026-08-02,Bocoles,Bocol,PIEZA,127.00,2863.00,17,0,0,127.00
2026-06-01,Ciel 600 ml.,Bebida,ORDEN,1.00,35.00,1,0,0,0
2026-09-05,Pieza Huevo Estrellado Medio,Huevos,ORDEN,1.00,20.00,1,0,0,0
2026-04-05,Huevos a la Mexicana,Huevos,ORDEN,1.00,120.00,1,0,0,0
2026-06-16,Bocoles,Bocol,PIEZA,69.00,1524.00,16,0,0,69.00
2026-08-13,PROMO 6 surtidas,Otros,ORDEN,1.00,108.00,1,0,0,0
2026-03-05,Jamaica Vaso,Bebida,ORDEN,3.00,126.00,1,0,0,0
2026-03-01,Empanadas (4 pzas.),Empanada,ORDEN,8.00,1238.00,8,4,7,0
2026-03-11,Gorditas,Gordita,PIEZA,114.00,2192.00,21,0,2,114.00
2026-05-01,Tacos de Maiz,Taco,PIEZA,27.00,606.00,7,0,0,27.00
2026-06-06,Empanadas (4 pzas.),Empanada,ORDEN,4.00,576.00,4,0,1,0
2026-07-12,Café Negro,Bebida,ORDEN,9.00,378.00,1,0,0,0
2026-05-08,Horchata Vaso,Bebida,ORDEN,3.00,126.00,1,0,0,0
2026-03-15,Huevos con Deshebrada,Huevos,ORDEN,1.00,135.00,1,0,0,0
2026-03-04,Refresco 355 ml.,Bebida,ORDEN,3.00,105.00,2,0,0,0
2026-08-08,Refresco 600 ml.,Bebida,ORDEN,21.00,819.00,5,0,0,0
2026-08-25,Topo Chico 600 ml.,Bebida,ORDEN,2.00,78.00,1,0,0,0
2026-03-02,Enchiladas Picositas,Enchilada,ORDEN,1.00,182.00,1,1,0,0
2026-04-27,Ciel 600 ml.,Bebida,ORDEN,1.00,35.00,1,0,0,0
2026-05-24,Enmoladas,Enmolada,ORDEN,2.00,338.00,2,0,1,0
2026-07-02,Aguacate Extra,Otros,ORDEN,1.00,15.00,1,0,0,0
2026-08-25,Plátano Frito,Otros,ORDEN,1.00,42.00,1,0,0,0
2026-05-20,Porción Ensalada,Guarnicion,ORDEN,1.00,25.00,1,0,0,0
2026-06-04,Gorditas,Gordita,PIEZA,196.00,3813.00,22,0,1,196.00
2026-06-13,Empanadas (4 pzas.),Empanada,ORDEN,9.00,1306.00,9,4,3,0
2026-07-23,1/2 Encremadas,Encremada,ORDEN,1.00,197.00,1,1,0,0
2026-06-14,Gorditas,Gordita,PIEZA,317.00,6148.00,23,0,1,317.00
2026-05-24,Bisquet,Otros,ORDEN,14.00,420.00,2,0,0,0
2026-08-15,Huevos Rancheros,Huevos,ORDEN,1.00,120.00,1,0,0,0
2026-05-02,Bocoles,Bocol,PIEZA,86.00,1958.00,25,4,3,86.00
2026-05-22,Huevos con Deshebrada,Huevos,ORDEN,1.00,135.00,1,0,0,0
2026-04-11,Gorditas,Gordita,PIEZA,262.00,5061.00,24,0,1,262.00
2026-07-25,Guisado Infantil,Otros,ORDEN,1.00,38.00,1,0,0,0
2026-06-14,1/2 Entomatadas,Entomatada,ORDEN,3.00,425.00,3,2,1,0
2026-05-01,Empanadas (4 pzas.),Empanada,ORDEN,3.00,432.00,2,1,0,0
2026-05-06,Pieza Extra Quesadilla,Quesadilla,ORDEN,1.00,35.00,1,0,0,0
2026-05-27,Pieza Tortilla de Harina,Guarnicion,ORDEN,1.00,5.00,1,0,0,0
2026-03-13,Jamaica Vaso,Bebida,ORDEN,13.00,546.00,1,0,0,0
2026-05-15,Refresco 355 ml.,Bebida,ORDEN,1.00,35.00,1,0,0,0
2026-05-22,Gorditas Surtidas,Gordita,PIEZA,3.00,133.00,2,0,0,7.00
2026-05-30,Bocoles,Bocol,PIEZA,141.00,3159.00,21,3,0,141.00
2026-03-10,Salsa Roja,Guarnicion,ORDEN,4.00,0.00,1,0,0,0
2026-06-22,Jamaica Vaso,Bebida,ORDEN,5.00,210.00,1,0,0,0
2026-03-14,Bocoles,Bocol,PIEZA,102.00,2257.00,23,0,5,102.00
2026-06-30,Horchata Vaso,Bebida,ORDEN,7.00,307.00,1,0,0,0
2026-09-04,Refresco 600 ml.,Bebida,ORDEN,19.00,741.00,5,0,0,0
2026-03-31,Orden Huevos Estrellados,Huevos,ORDEN,1.00,120.00,1,0,0,0
2026-05-16,1/2 Enfrijoladas,Enfrijolada,ORDEN,1.00,130.00,1,1,0,0
2026-08-21,1/2 Enmoladas,Enmolada,ORDEN,5.00,656.00,4,4,0,0
2026-08-17,Pieza de Pan Dulce,Guarnicion,ORDEN,9.00,252.00,1,0,0,0
2026-03-18,Migada Guisado de Carne,Migada,PIEZA,1.00,144.00,1,0,0,1.00
2026-04-30,Ciel 600 ml.,Bebida,ORDEN,4.00,140.00,1,0,0,0
2026-03-10,Enmoladas,Enmolada,ORDEN,1.00,147.00,1,0,0,0
2026-04-11,Tacos de Harina,Taco,PIEZA,57.00,1293.00,13,0,0,57.00
2026-07-12,Enfrijoladas,Enfrijolada,ORDEN,1.00,147.00,1,0,2,0
2026-03-19,Refresco 355 ml.,Bebida,ORDEN,3.00,105.00,1,0,0,0
2026-04-07,1/2 Encremadas,Encremada,ORDEN,4.00,520.00,3,2,0,0
2026-09-02,Pieza Huevo Estrellado Tierno,Huevos,ORDEN,2.00,40.00,1,0,0,0
2026-07-02,Gorditas de Azúcar,Gordita,PIEZA,3.00,126.00,1,0,0,3.00
2026-07-26,Enchiladas Mixtas,Enchilada,ORDEN,3.00,794.00,3,5,1,0
2026-08-18,Jamaica 1 Litro,Bebida,ORDEN,1.00,77.00,1,0,0,0
2026-08-01,Huevos Rancheros,Huevos,ORDEN,1.00,120.00,1,0,0,0
2026-03-02,Café Negro,Bebida,ORDEN,6.00,252.00,1,0,0,0
2026-04-28,Tacos de Maiz,Taco,PIEZA,23.00,527.00,8,0,0,23.00
2026-08-26,Horchata 1 Litro,Bebida,ORDEN,2.00,138.00,1,0,0,0
2026-08-23,Enmoladas,Enmolada,ORDEN,1.00,249.00,1,1,0,0
2026-03-02,1/2 Quesadillas (2 pzas.),Quesadilla,ORDEN,2.00,172.00,2,0,1,0
2026-08-02,Entomatadas,Entomatada,ORDEN,1.00,191.00,1,0,0,0
2026-03-05,Enchiladas Rojas,Enchilada,ORDEN,3.00,511.00,3,2,1,0
2026-06-29,Bocoles,Bocol,PIEZA,64.00,1439.00,16,1,0,64.00
2026-08-11,Porción Frijol con Queso,Guarnicion,ORDEN,1.00,5.00,1,0,0,0
2026-04-22,1/2 Enmoladas,Enmolada,ORDEN,1.00,130.00,1,1,0,0
2026-03-07,Pieza Huevo Estrellado Medio,Huevos,ORDEN,1.00,20.00,1,0,0,0
2026-07-08,Café con Leche,Bebida,ORDEN,17.00,714.00,3,0,0,0
2026-06-09,1/2 Empanadas (2 pzas.),Empanada,ORDEN,6.00,564.00,5,3,0,0
2026-07-20,Entomatadas,Entomatada,ORDEN,3.00,838.00,2,3,0,0
2026-08-26,Café Negro,Bebida,ORDEN,11.00,462.00,1,0,0,0
2026-07-16,1/2 Empanadas (2 pzas.),Empanada,ORDEN,3.00,282.00,3,0,0,0
2026-03-23,1/2 Enmoladas,Enmolada,ORDEN,1.00,95.00,1,0,0,0
2026-04-22,Jamaica Vaso,Bebida,ORDEN,12.00,504.00,1,0,0,0
2026-04-11,Quesadillas (4 pzas.),Quesadilla,ORDEN,3.00,439.00,2,0,4,0
2026-06-27,Bocoles,Bocol,PIEZA,138.00,3114.00,21,0,0,138.00
2026-03-21,Plátano Frito,Otros,ORDEN,3.00,126.00,3,0,0,0
2026-04-27,Pieza Tortilla de Maíz,Guarnicion,ORDEN,2.00,10.00,1,0,0,0
2026-04-08,Refresco 355 ml.,Bebida,ORDEN,5.00,175.00,2,0,0,0
2026-03-10,Pieza Huevo Estrellado Cocido,Huevos,ORDEN,1.00,20.00,1,0,0,0
2026-04-16,Pieza Enchilada Roja,Enchilada,ORDEN,1.00,30.00,1,0,0,0
2026-08-13,Café con Leche,Bebida,ORDEN,25.00,1063.00,3,0,0,0
2026-07-01,1/2 Enchiladas Mixtas (4 Piezas),Enchilada,ORDEN,1.00,154.00,1,1,0,0
2026-06-04,Tacos de Harina,Taco,PIEZA,5.00,122.00,3,0,1,5.00
2026-08-15,Café con Leche,Bebida,ORDEN,35.00,1470.00,3,0,0,0
2026-05-01,Café con Leche,Bebida,ORDEN,44.00,1848.00,3,0,0,0
2026-04-11,Jamaica Vaso,Bebida,ORDEN,24.00,1008.00,1,0,0,0
2026-05-10,Refresco 355 ml.,Bebida,ORDEN,12.00,420.00,2,0,0,0
2026-06-02,Zanahorias p/llevar,Otros,ORDEN,1.00,0.00,1,0,0,0
2026-06-12,Pieza Tortilla de Maíz,Guarnicion,ORDEN,2.00,10.00,1,0,0,0
2026-04-19,Jamaica Vaso,Bebida,ORDEN,31.00,1302.00,1,0,0,0
2026-03-11,1/2 Enchiladas Rojas,Enchilada,ORDEN,6.00,777.00,5,4,0,0
2026-05-22,Empanadas (4 pzas.),Empanada,ORDEN,1.00,144.00,1,0,0,0
2026-05-29,Gorditas de Azúcar,Gordita,PIEZA,2.00,84.00,1,0,0,2.00
2026-04-27,Orden de Guisado Normal,Guarnicion,ORDEN,1.00,120.00,1,0,0,0
2026-08-06,Tacos de Maiz,Taco,PIEZA,28.00,631.00,12,0,0,28.00
2026-05-16,Pieza de Pan,Guarnicion,ORDEN,5.00,140.00,1,0,0,0
2026-07-15,Café con Leche,Bebida,ORDEN,29.00,1218.00,2,0,0,0
2026-06-12,Fuze Tea,Bebida,ORDEN,1.00,45.00,1,0,0,0
2026-07-04,Enchiladas Rojas,Enchilada,ORDEN,2.00,364.00,2,2,1,0
2026-07-18,Refresco 355 ml.,Bebida,ORDEN,7.00,245.00,2,0,0,0
2026-09-03,Tacos de Maiz,Taco,PIEZA,34.00,773.00,16,2,0,34.00
2026-03-22,Zanahorias p/llevar,Otros,ORDEN,2.00,0.00,1,0,0,0
2026-03-31,Gorditas,Gordita,PIEZA,182.00,3602.00,21,1,0,182.00
2026-07-29,Huevos Rancheros,Huevos,ORDEN,2.00,240.00,1,0,0,0
2026-07-23,Orden Huevos Estrellados,Huevos,ORDEN,3.00,360.00,2,0,0,0
2026-03-25,Refresco 600 ml.,Bebida,ORDEN,6.00,258.00,4,0,0,0
2026-05-24,Limón 1 Litro,Bebida,ORDEN,3.00,213.00,1,0,0,0
2026-05-25,Huevos Rancheros,Huevos,ORDEN,2.00,240.00,1,0,0,0
2026-05-15,Orden Huevos Revueltos,Huevos,ORDEN,1.00,120.00,1,0,0,0
2026-05-19,Aguacate Extra,Otros,ORDEN,1.00,15.00,1,0,0,0
2026-04-24,Café con Leche,Bebida,ORDEN,29.00,1218.00,1,0,0,0
2026-05-08,1/2 Entomatadas,Entomatada,ORDEN,3.00,390.00,3,3,0,0
2026-06-28,Enchiladas Picositas,Enchilada,ORDEN,1.00,185.00,1,1,0,0
2026-07-27,Pieza de Pan Dulce,Guarnicion,ORDEN,2.00,56.00,1,0,0,0
2026-08-21,Horchata Vaso,Bebida,ORDEN,9.00,378.00,1,0,0,0
2026-06-04,Topo Chico 600 ml.,Bebida,ORDEN,1.00,39.00,1,0,0,0
2026-05-05,Refresco 355 ml.,Bebida,ORDEN,2.00,70.00,1,0,0,0
2026-08-16,Pieza de Pan Dulce,Guarnicion,ORDEN,4.00,112.00,1,0,0,0
2026-06-10,Gorditas de Azúcar,Gordita,PIEZA,1.00,42.00,1,0,0,1.00
2026-04-29,Bocoles,Bocol,PIEZA,66.00,1494.00,15,0,0,66.00
2026-03-28,Enchiladas Mixtas,Enchilada,ORDEN,1.00,249.00,1,1,1,0
2026-08-17,1/2 Quesadillas (2 pzas.),Quesadilla,ORDEN,3.00,360.00,3,1,3,0
2026-03-08,Encremadas,Encremada,ORDEN,3.00,485.00,1,0,0,0
2026-04-12,Salsa Verde,Guarnicion,ORDEN,2.00,0.00,1,0,0,0
2026-09-01,Bisquet,Otros,ORDEN,2.00,60.00,1,0,0,0
2026-04-24,Huevo Estrellado 2 pzas.,Huevos,ORDEN,1.00,35.00,1,0,0,0
2026-03-01,Refresco 600 ml.,Bebida,ORDEN,27.00,1053.00,7,0,0,0
2026-05-10,Café Negro,Bebida,ORDEN,10.00,420.00,1,0,0,0
2026-04-06,Café con Leche,Bebida,ORDEN,49.00,2058.00,4,0,0,0
2026-07-20,Café Negro,Bebida,ORDEN,6.00,252.00,1,0,0,0
2026-07-12,Salsa Roja,Guarnicion,ORDEN,1.00,10.00,1,0,0,0
2026-08-01,1/2 Enmoladas,Enmolada,ORDEN,1.00,130.00,1,1,0,0
2026-05-21,Orden de Guisado Normal,Guarnicion,ORDEN,2.00,240.00,2,2,0,0
2026-07-07,Enchiladas Rojas,Enchilada,ORDEN,4.00,737.00,4,3,0,0
2026-08-11,Jamaica Vaso,Bebida,ORDEN,14.00,588.00,1,0,0,0
2026-03-04,1/2 Enchiladas Rojas,Enchilada,ORDEN,5.00,688.00,5,6,2,0
2026-06-16,Migada Guisado de Carne,Migada,PIEZA,8.00,1152.00,7,0,2,8.00
2026-04-26,Plátano Frito,Otros,ORDEN,4.00,168.00,2,0,0,0
2026-08-01,1/2 Enchiladas Rojas,Enchilada,ORDEN,7.00,1012.00,6,5,4,0
2026-03-01,Plátano Frito,Otros,ORDEN,3.00,126.00,2,0,0,0
2026-08-15,Salsa Roja,Guarnicion,ORDEN,3.00,30.00,1,0,0,0
2026-06-07,1/2 Enchiladas Rojas,Enchilada,ORDEN,6.00,707.00,4,2,1,0
2026-06-13,Tacos de Maiz,Taco,PIEZA,33.00,735.00,10,0,0,33.00
2026-05-15,1/2 Empanadas (2 pzas.),Empanada,ORDEN,1.00,94.00,1,0,0,0
2026-04-03,Pieza de Pan,Guarnicion,ORDEN,5.00,140.00,1,0,0,0
2026-04-25,Limón 1 Litro,Bebida,ORDEN,2.00,118.00,1,0,0,0
2026-07-17,Fuze Tea,Bebida,ORDEN,4.00,180.00,1,0,0,0
2026-08-29,Ciel 600 ml.,Bebida,ORDEN,3.00,105.00,1,0,0,0
2026-05-08,Enmoladas,Enmolada,ORDEN,1.00,185.00,1,1,0,0
2026-08-14,1/2 Enmoladas,Enmolada,ORDEN,2.00,225.00,2,1,1,0
2026-07-21,1/2 Enchiladas Picositas,Enchilada,ORDEN,1.00,130.00,1,1,0,0
2026-06-18,Huevo Revuelto 2 pzas.,Huevos,ORDEN,1.00,35.00,1,0,0,0
2026-08-16,Tacos de Harina,Taco,PIEZA,65.00,1492.00,17,1,2,65.00
2026-06-08,Gorditas Surtidas,Gordita,PIEZA,1.00,76.00,1,0,0,4.00
2026-08-29,Gorditas,Gordita,PIEZA,356.00,6823.00,22,1,0,356.00
2026-06-03,Tacos de Harina,Taco,PIEZA,12.00,284.00,7,1,0,12.00
2026-06-14,Huevo Estrellado 2 pzas.,Huevos,ORDEN,1.00,35.00,1,0,0,0
2026-04-15,Bocoles,Bocol,PIEZA,45.00,995.00,14,1,0,45.00
2026-05-02,1/2 Enmoladas,Enmolada,ORDEN,2.00,263.00,2,2,0,0
2026-05-11,Café Negro,Bebida,ORDEN,1.00,42.00,1,0,0,0
2026-06-21,Refresco 600 ml.,Bebida,ORDEN,27.00,1053.00,7,0,0,0
2026-04-12,Café Negro,Bebida,ORDEN,16.00,672.00,1,0,0,0
2026-05-27,Gorditas de Azúcar,Gordita,PIEZA,1.00,42.00,1,0,0,1.00
2026-08-29,1/2 Entomatadas,Entomatada,ORDEN,10.00,1405.00,8,7,3,0
2026-04-12,Café con Leche,Bebida,ORDEN,36.00,1512.00,3,0,0,0
2026-05-17,1/2 Entomatadas,Entomatada,ORDEN,3.00,355.00,3,2,2,0
2026-05-07,Tacos de Harina,Taco,PIEZA,33.00,750.00,9,0,0,33.00
2026-06-04,Bisquet,Otros,ORDEN,4.00,120.00,1,0,0,0
2026-03-03,Tacos de Harina,Taco,PIEZA,17.00,383.00,7,0,1,17.00
2026-05-19,Migada Guisado Normal,Migada,PIEZA,1.00,133.00,1,0,1,1.00
2026-08-10,Limón Vaso,Bebida,ORDEN,12.00,504.00,1,0,0,0
2026-07-19,Gorditas,Gordita,PIEZA,215.00,4147.00,23,1,0,215.00
2026-06-02,Enmoladas,Enmolada,ORDEN,3.00,622.00,3,2,0,0
2026-05-08,Refresco 355 ml.,Bebida,ORDEN,2.00,70.00,2,0,0,0
2026-08-27,Enchiladas Picositas,Enchilada,ORDEN,1.00,249.00,1,1,0,0
2026-05-25,Pieza de Pan,Guarnicion,ORDEN,1.00,28.00,1,0,0,0
2026-07-03,Café con Leche,Bebida,ORDEN,18.00,782.00,3,0,0,0
2026-09-04,Enmoladas,Enmolada,ORDEN,1.00,249.00,1,1,0,0
2026-06-07,Enchiladas Mixtas,Enchilada,ORDEN,4.00,798.00,4,4,1,0
2026-05-07,Horchata Vaso,Bebida,ORDEN,5.00,210.00,1,0,0,0
2026-03-03,Horchata Vaso,Bebida,ORDEN,2.00,84.00,1,0,0,0
2026-04-19,Té de Manzanilla,Bebida,ORDEN,1.00,33.00,1,0,0,0
2026-06-13,Plátano Frito,Otros,ORDEN,1.00,42.00,1,0,0,0
2026-05-26,Café con Leche,Bebida,ORDEN,23.00,966.00,4,0,0,0
2026-03-21,Jamaica 1 Litro,Bebida,ORDEN,1.00,59.00,1,0,0,0
2026-03-09,Refresco 600 ml.,Bebida,ORDEN,18.00,702.00,4,0,0,0
2026-07-10,Enfrijoladas,Enfrijolada,ORDEN,1.00,147.00,1,0,2,0
2026-05-23,Tacos de Maiz,Taco,PIEZA,66.00,1470.00,17,0,1,66.00
2026-09-02,1/2 Enchiladas Picositas,Enchilada,ORDEN,1.00,133.00,1,1,0,0
2026-06-25,Bocoles Surtidos,Bocol,PIEZA,1.00,110.00,1,0,0,5.00
2026-07-18,Encremadas,Encremada,ORDEN,2.00,498.00,1,1,0,0
2026-03-13,Refresco 355 ml.,Bebida,ORDEN,4.00,140.00,2,0,0,0
2026-05-03,Pieza Tortilla de Harina,Guarnicion,ORDEN,2.00,10.00,1,0,0,0
2026-06-23,Huevo Estrellado 2 pzas.,Huevos,ORDEN,3.00,105.00,1,0,0,0
2026-04-05,Refresco 355 ml.,Bebida,ORDEN,3.00,105.00,2,0,0,0
2026-05-10,Pieza de Pan,Guarnicion,ORDEN,12.00,336.00,1,0,0,0
2026-03-26,Café con Leche,Bebida,ORDEN,38.00,1609.00,2,0,0,0
2026-06-21,1/2 Enchiladas Rojas,Enchilada,ORDEN,11.00,1261.00,9,7,8,0
2026-08-22,Enmoladas,Enmolada,ORDEN,2.00,431.00,2,2,0,0
2026-09-05,Refresco 600 ml.,Bebida,ORDEN,23.00,897.00,6,0,0,0
2026-03-25,Pieza Huevo Estrellado Cocido,Huevos,ORDEN,1.00,20.00,1,0,0,0
2026-06-14,Pieza Enchilada Picosa,Enchilada,ORDEN,1.00,30.00,1,0,0,0
2026-06-18,Enmoladas,Enmolada,ORDEN,1.00,147.00,1,0,1,0
2026-05-28,Café Negro,Bebida,ORDEN,11.00,462.00,1,0,0,0
2026-05-23,1/2 Encremadas,Encremada,ORDEN,2.00,304.00,2,2,0,0
2026-07-18,Enchiladas Mixtas,Enchilada,ORDEN,3.00,546.00,3,3,0,0
2026-08-08,Pieza de Pan Dulce,Guarnicion,ORDEN,3.00,84.00,1,0,0,0
2026-04-21,Migada Guisado Normal,Migada,PIEZA,1.00,133.00,1,0,0,1.00
2026-07-05,Gorditas,Gordita,PIEZA,231.00,4491.00,21,0,1,231.00
2026-03-31,Jamaica Vaso,Bebida,ORDEN,8.00,336.00,1,0,0,0
2026-03-13,Tacos de Maiz,Taco,PIEZA,10.00,223.00,6,0,0,10.00
2026-07-08,Enchiladas Mixtas,Enchilada,ORDEN,1.00,147.00,1,0,0,0
2026-07-30,Quesadillas (4 pzas.),Quesadilla,ORDEN,2.00,266.00,2,0,2,0
2026-03-28,Pieza de Pan,Guarnicion,ORDEN,9.00,252.00,1,0,0,0
2026-04-26,Tacos de Maiz,Taco,PIEZA,65.00,1433.00,15,0,0,65.00
2026-03-29,Café Negro,Bebida,ORDEN,16.00,672.00,2,0,0,0
2026-05-25,1/2 Enchiladas Rojas,Enchilada,ORDEN,3.00,320.00,3,1,1,0
2026-06-22,Tacos de Maiz,Taco,PIEZA,24.00,528.00,11,0,0,24.00
2026-06-28,Fuze Tea,Bebida,ORDEN,1.00,45.00,1,0,0,0
2026-04-15,Limón Vaso,Bebida,ORDEN,12.00,504.00,1,0,0,0
2026-03-05,Café Negro,Bebida,ORDEN,18.00,756.00,1,0,0,0
2026-04-04,1/2 Enchiladas Rojas,Enchilada,ORDEN,5.00,612.00,4,2,1,0
2026-06-30,Huevos a la Mexicana,Huevos,ORDEN,2.00,240.00,1,0,0,0
2026-07-21,Ciel 600 ml.,Bebida,ORDEN,4.00,140.00,1,0,0,0
2026-03-19,Bocoles,Bocol,PIEZA,64.00,1458.00,16,1,0,64.00
2026-06-11,Café Negro,Bebida,ORDEN,6.00,252.00,1,0,0,0
2026-05-02,Fuze Tea,Bebida,ORDEN,2.00,90.00,1,0,0,0
2026-03-16,1/2 Encremadas,Encremada,ORDEN,3.00,649.00,2,2,1,0
2026-04-23,Aguacate Extra,Otros,ORDEN,1.00,15.00,1,0,0,0
2026-05-05,Horchata 1 Litro,Bebida,ORDEN,1.00,69.00,1,0,0,0
2026-06-27,Limón Vaso,Bebida,ORDEN,41.00,1722.00,1,0,0,0
2026-08-17,Pieza Huevo Estrellado Medio,Huevos,ORDEN,1.00,20.00,1,0,0,0
2026-03-10,Café Negro,Bebida,ORDEN,8.00,336.00,1,0,0,0
2026-08-11,Empanadas (4 pzas.),Empanada,ORDEN,3.00,432.00,3,0,0,0
2026-06-06,Entomatadas,Entomatada,ORDEN,1.00,185.00,1,1,0,0
2026-07-16,Plátano Frito,Otros,ORDEN,2.00,84.00,1,0,0,0
2026-07-18,1/2 Enchiladas Mixtas (4 Piezas),Enchilada,ORDEN,3.00,465.00,2,2,0,0
2026-08-23,Huevos Rancheros,Huevos,ORDEN,1.00,120.00,1,0,0,0
2026-03-11,1/2 Entomatadas,Entomatada,ORDEN,5.00,644.00,4,3,0,0
2026-05-15,Huevo Estrellado 2 pzas.,Huevos,ORDEN,1.00,35.00,1,0,0,0
2026-04-28,Huevos con Deshebrada,Huevos,ORDEN,3.00,446.00,1,0,0,0
2026-08-13,Migada Guisado de Carne,Migada,PIEZA,7.00,1051.00,7,0,7,7.00
2026-03-12,Enchiladas Mixtas,Enchilada,ORDEN,1.00,182.00,1,1,0,0
2026-06-01,1/2 Enchiladas Mixtas (4 Piezas),Enchilada,ORDEN,5.00,804.00,5,2,2,0
2026-04-03,Ciel 600 ml.,Bebida,ORDEN,1.00,35.00,1,0,0,0
2026-05-07,Entomatadas,Entomatada,ORDEN,2.00,329.00,2,1,0,0
2026-06-15,1/2 Enchiladas Mixtas (4 Piezas),Enchilada,ORDEN,1.00,221.00,1,1,0,0
2026-06-22,Enmoladas,Enmolada,ORDEN,3.00,546.00,3,3,2,0
2026-06-07,Gorditas de Azúcar,Gordita,PIEZA,1.00,42.00,1,0,0,1.00
2026-06-14,Salsa Verde,Guarnicion,ORDEN,2.00,0.00,1,0,0,0
2026-08-13,Refresco 600 ml.,Bebida,ORDEN,17.00,663.00,6,0,0,0
2026-08-12,1/2 Enchiladas Picositas,Enchilada,ORDEN,2.00,327.00,2,2,0,0
2026-09-01,Ciel 600 ml.,Bebida,ORDEN,4.00,140.00,1,0,0,0
2026-05-15,Horchata Vaso,Bebida,ORDEN,10.00,420.00,1,0,0,0
2026-06-24,1/2 Empanadas (2 pzas.),Empanada,ORDEN,2.00,188.00,2,0,1,0
2026-03-09,Jamaica Vaso,Bebida,ORDEN,17.00,714.00,1,0,0,0
2026-08-16,1/2 Quesadillas (2 pzas.),Quesadilla,ORDEN,9.00,774.00,4,0,6,0
2026-03-25,Entomatadas,Entomatada,ORDEN,1.00,147.00,1,0,0,0
2026-04-11,Refresco 600 ml.,Bebida,ORDEN,21.00,819.00,8,0,0,0
2026-07-26,Limón Vaso,Bebida,ORDEN,27.00,1134.00,1,0,0,0
2026-05-03,Refresco 355 ml.,Bebida,ORDEN,1.00,35.00,1,0,0,0
2026-03-07,Migada Guisado de Carne,Migada,PIEZA,13.00,2001.00,12,0,7,13.00
2026-08-28,Refresco 355 ml.,Bebida,ORDEN,6.00,210.00,2,0,0,0
2026-05-14,Huevos con Deshebrada,Huevos,ORDEN,1.00,135.00,1,0,0,0
2026-05-21,1/2 Enchiladas Rojas,Enchilada,ORDEN,6.00,742.00,3,2,1,0
2026-07-18,Pieza de Pan Dulce,Guarnicion,ORDEN,6.00,168.00,1,0,0,0
2026-04-28,Café con Leche,Bebida,ORDEN,32.00,1344.00,2,0,0,0
2026-08-18,Café Negro,Bebida,ORDEN,7.00,294.00,1,0,0,0
2026-04-26,1/2 Encremadas,Encremada,ORDEN,2.00,190.00,1,0,0,0
2026-05-10,Fuze Tea,Bebida,ORDEN,1.00,45.00,1,0,0,0
2026-07-01,Zanahorias p/llevar,Otros,ORDEN,4.00,0.00,1,0,0,0
2026-05-02,Café Negro,Bebida,ORDEN,15.00,630.00,1,0,0,0
2026-09-02,1/2 Quesadillas (2 pzas.),Quesadilla,ORDEN,4.00,370.00,3,0,2,0
2026-07-25,Porción Frijol con Queso,Guarnicion,ORDEN,3.00,15.00,1,0,0,0
2026-05-17,Tacos de Maiz,Taco,PIEZA,40.00,886.00,12,0,0,40.00
2026-03-01,1/2 Quesadillas (2 pzas.),Quesadilla,ORDEN,16.00,1386.00,5,1,4,0
2026-03-12,Enchiladas Picositas,Enchilada,ORDEN,2.00,396.00,2,1,0,0
2026-04-20,Bocoles,Bocol,PIEZA,82.00,1828.00,17,0,0,82.00
2026-03-29,Pieza Huevo Estrellado Cocido,Huevos,ORDEN,1.00,20.00,1,0,0,0
2026-06-27,1/2 Encremadas,Encremada,ORDEN,2.00,292.00,2,1,0,0
2026-08-10,Café con Leche,Bebida,ORDEN,36.00,1512.00,3,0,0,0
2026-04-16,Migada Guisado de Carne,Migada,PIEZA,3.00,432.00,3,0,1,3.00
2026-04-16,1/2 Enfrijoladas,Enfrijolada,ORDEN,1.00,130.00,1,1,0,0
2026-05-18,Horchata Vaso,Bebida,ORDEN,4.00,168.00,1,0,0,0
2026-07-10,1/2 Enchiladas Rojas,Enchilada,ORDEN,22.00,2656.00,16,11,14,0
2026-03-15,Refresco 355 ml.,Bebida,ORDEN,2.00,70.00,1,0,0,0
2026-06-06,Pieza de Pan Dulce,Guarnicion,ORDEN,2.00,56.00,1,0,0,0
2026-06-11,Huevos con Deshebrada,Huevos,ORDEN,2.00,311.00,1,0,0,0
2026-08-11,Pieza de Pan Dulce,Guarnicion,ORDEN,2.00,56.00,1,0,0,0
2026-04-05,Enmoladas,Enmolada,ORDEN,3.00,440.00,3,2,0,0
2026-08-28,1/2 Enmoladas,Enmolada,ORDEN,1.00,197.00,1,1,0,0
2026-08-18,Empanadas (4 pzas.),Empanada,ORDEN,1.00,144.00,1,0,0,0
2026-08-31,Bocoles,Bocol,PIEZA,66.00,1491.00,20,3,2,66.00
2026-08-14,Fuze Tea,Bebida,ORDEN,1.00,45.00,1,0,0,0
2026-08-22,Orden Huevos Estrellados,Huevos,ORDEN,2.00,240.00,2,0,0,0
2026-05-06,Jamaica Vaso,Bebida,ORDEN,15.00,630.00,1,0,0,0
2026-06-30,1/2 Quesadillas (2 pzas.),Quesadilla,ORDEN,4.00,379.00,4,1,3,0
2026-05-15,Café Negro,Bebida,ORDEN,7.00,294.00,1,0,0,0
2026-05-30,1/2 Enmoladas,Enmolada,ORDEN,3.00,425.00,3,2,1,0
2026-06-01,Quesadillas (4 pzas.),Quesadilla,ORDEN,5.00,665.00,3,0,2,0
2026-03-06,Gorditas,Gordita,PIEZA,119.00,2312.00,21,0,1,119.00
2026-03-25,Café con Leche,Bebida,ORDEN,26.00,1092.00,3,0,0,0
2026-08-08,Bisquet,Otros,ORDEN,2.00,60.00,1,0,0,0
2026-05-28,Jamaica Vaso,Bebida,ORDEN,7.00,294.00,1,0,0,0
2026-04-04,Encremadas,Encremada,ORDEN,1.00,249.00,1,1,0,0
2026-07-10,Jamaica Vaso,Bebida,ORDEN,15.00,630.00,1,0,0,0
2026-06-23,Salsa Roja,Guarnicion,ORDEN,1.00,0.00,1,0,0,0
2026-04-10,Quesadillas (4 pzas.),Quesadilla,ORDEN,5.00,892.00,5,2,7,0
2026-04-28,Huevos a la Mexicana,Huevos,ORDEN,1.00,120.00,1,0,0,0
2026-05-31,Fuze Tea,Bebida,ORDEN,1.00,45.00,1,0,0,0
2026-09-04,Tacos de Maiz,Taco,PIEZA,21.00,462.00,9,0,0,21.00
2026-07-25,Enmoladas,Enmolada,ORDEN,1.00,249.00,1,1,0,0
2026-08-30,1/2 Quesadillas (2 pzas.),Quesadilla,ORDEN,6.00,516.00,5,0,10,0
2026-08-04,Jamaica 1 Litro,Bebida,ORDEN,1.00,59.00,1,0,0,0
2026-07-17,Café Negro,Bebida,ORDEN,12.00,504.00,1,0,0,0
2026-04-27,1/2 Enchiladas Mixtas (4 Piezas),Enchilada,ORDEN,3.00,561.00,3,2,0,0
2026-08-23,1/2 Empanadas (2 pzas.),Empanada,ORDEN,8.00,752.00,7,2,4,0
2026-08-30,Horchata Vaso,Bebida,ORDEN,9.00,391.00,1,0,0,0
2026-04-27,Porción Ensalada,Guarnicion,ORDEN,1.00,25.00,1,0,0,0
2026-07-12,Jamaica 1 Litro,Bebida,ORDEN,1.00,59.00,1,0,0,0
2026-04-08,Horchata Vaso,Bebida,ORDEN,8.00,336.00,1,0,0,0
2026-06-04,Café Negro,Bebida,ORDEN,16.00,672.00,1,0,0,0
2026-04-20,Migada Guisado de Carne,Migada,PIEZA,2.00,288.00,2,0,1,2.00
2026-05-12,Empanadas (4 pzas.),Empanada,ORDEN,2.00,288.00,2,1,0,0
2026-09-03,Gorditas de Azúcar,Gordita,PIEZA,2.00,84.00,1,0,0,2.00
2026-09-04,Pieza Huevo Estrellado Medio,Huevos,ORDEN,1.00,20.00,1,0,0,0
2026-03-23,1/2 Enfrijoladas,Enfrijolada,ORDEN,1.00,130.00,1,1,0,0
2026-07-06,Gorditas,Gordita,PIEZA,232.00,4510.00,26,1,0,232.00
2026-03-18,Bisquet,Otros,ORDEN,5.00,150.00,1,0,0,0
2026-07-14,1/2 Empanadas (2 pzas.),Empanada,ORDEN,3.00,282.00,3,1,0,0
2026-07-02,1/2 Enmoladas,Enmolada,ORDEN,2.00,190.00,1,0,0,0
2026-03-23,Bocoles,Bocol,PIEZA,25.00,565.00,14,0,1,25.00
2026-06-10,Enchiladas Mixtas,Enchilada,ORDEN,2.00,364.00,1,1,0,0
2026-07-06,Tacos de Harina,Taco,PIEZA,24.00,534.00,11,0,0,24.00
2026-07-09,1/2 Enchiladas Rojas,Enchilada,ORDEN,7.00,770.00,4,2,1,0
2026-03-30,1/2 Enchiladas Rojas,Enchilada,ORDEN,6.00,707.00,5,3,2,0
2026-05-14,Quesadillas (4 pzas.),Quesadilla,ORDEN,3.00,541.00,2,1,0,0
2026-05-23,Bocoles,Bocol,PIEZA,112.00,2547.00,21,0,2,112.00
2026-05-27,Enchiladas Rojas,Enchilada,ORDEN,1.00,147.00,1,0,1,0
2026-07-08,1/2 Enchiladas Mixtas (4 Piezas),Enchilada,ORDEN,1.00,119.00,1,0,0,0
2026-03-12,Gorditas,Gordita,PIEZA,182.00,3520.00,24,0,3,182.00
2026-03-16,Horchata Vaso,Bebida,ORDEN,1.00,42.00,1,0,0,0
2026-06-13,Enchiladas Mixtas,Enchilada,ORDEN,1.00,147.00,1,0,0,0
2026-05-26,Entomatadas,Entomatada,ORDEN,2.00,533.00,2,3,2,0
2026-04-16,Pieza Huevo Estrellado Tierno,Huevos,ORDEN,1.00,20.00,1,0,0,0
2026-06-01,Tacos de Maiz,Taco,PIEZA,38.00,872.00,16,0,0,38.00
2026-03-27,Limón Vaso,Bebida,ORDEN,15.00,630.00,1,0,0,0
2026-04-06,1/2 Entomatadas,Entomatada,ORDEN,1.00,95.00,1,0,1,0
2026-05-04,Gorditas,Gordita,PIEZA,165.00,3240.00,24,0,0,165.00
2026-05-21,Entomatadas,Entomatada,ORDEN,1.00,191.00,1,0,0,0
2026-06-21,Gorditas de Azúcar,Gordita,PIEZA,1.00,42.00,1,0,0,1.00
2026-05-24,Enfrijoladas,Enfrijolada,ORDEN,1.00,249.00,1,1,0,0
2026-05-07,1/2 Enchiladas Mixtas (4 Piezas),Enchilada,ORDEN,2.00,375.00,2,2,1,0
2026-05-25,Porción Ensalada,Guarnicion,ORDEN,1.00,25.00,1,0,0,0
2026-04-15,Migada Guisado de Carne,Migada,PIEZA,5.00,720.00,4,0,1,5.00
2026-07-08,Quesadillas (4 pzas.),Quesadilla,ORDEN,6.00,798.00,2,0,1,0
2026-06-30,Pieza Huevo Estrellado Medio,Huevos,ORDEN,1.00,20.00,1,0,0,0
2026-03-06,Enchiladas Mixtas,Enchilada,ORDEN,2.00,396.00,2,1,0,0
2026-05-02,Pieza de Pan,Guarnicion,ORDEN,5.00,140.00,1,0,0,0
2026-08-30,Migada Guisado de Carne,Migada,PIEZA,18.00,2592.00,14,0,9,18.00
2026-03-15,Horchata Vaso,Bebida,ORDEN,8.00,336.00,1,0,0,0
2026-07-09,Café Negro,Bebida,ORDEN,11.00,462.00,1,0,0,0
2026-06-07,Huevos a la Mexicana,Huevos,ORDEN,3.00,360.00,1,0,0,0
2026-06-12,Huevos Rancheros,Huevos,ORDEN,4.00,480.00,1,0,0,0
2026-07-04,Pieza Huevo Estrellado Cocido,Huevos,ORDEN,1.00,20.00,1,0,0,0
2026-06-26,1/2 Empanadas (2 pzas.),Empanada,ORDEN,1.00,94.00,1,0,0,0
2026-04-22,1/2 Enchiladas Mixtas (4 Piezas),Enchilada,ORDEN,1.00,221.00,1,1,0,0
2026-03-19,Café con Leche,Bebida,ORDEN,35.00,1470.00,4,0,0,0
2026-05-28,Orden de Guisado Normal,Guarnicion,ORDEN,5.00,600.00,4,4,0,0
2026-07-13,Gorditas,Gordita,PIEZA,179.00,3518.00,28,1,2,179.00
2026-09-04,Topo Chico 600 ml.,Bebida,ORDEN,2.00,78.00,1,0,0,0
2026-08-05,1/2 Enchiladas Mixtas (4 Piezas),Enchilada,ORDEN,1.00,154.00,1,1,0,0
2026-04-09,1/2 Enchiladas Rojas,Enchilada,ORDEN,2.00,190.00,1,0,0,0
2026-04-26,Enchiladas Rojas,Enchilada,ORDEN,7.00,1277.00,6,5,1,0
2026-07-26,Plátano Frito,Otros,ORDEN,2.00,84.00,1,0,0,0
2026-04-05,Enchiladas Rojas,Enchilada,ORDEN,1.00,185.00,1,1,0,0
2026-03-15,Orden de Guisado Normal,Guarnicion,ORDEN,2.00,240.00,2,0,0,0
2026-08-12,Jamaica Vaso,Bebida,ORDEN,19.00,798.00,1,0,0,0
2026-06-18,Enchiladas Picositas,Enchilada,ORDEN,2.00,431.00,2,2,0,0
2026-05-24,Migada Guisado de Carne,Migada,PIEZA,15.00,2160.00,15,0,9,15.00
2026-05-16,Ciel 600 ml.,Bebida,ORDEN,4.00,140.00,1,0,0,0
2026-08-05,Entomatadas,Entomatada,ORDEN,1.00,182.00,1,1,0,0
2026-08-24,Bisquet,Otros,ORDEN,1.00,30.00,1,0,0,0
2026-03-30,Porción Frijol con Queso,Guarnicion,ORDEN,1.00,5.00,1,0,0,0
2026-08-12,Pieza Huevo Estrellado Cocido,Huevos,ORDEN,1.00,20.00,1,0,0,0
2026-03-21,Migada Guisado Normal,Migada,PIEZA,2.00,266.00,2,0,6,2.00
2026-07-17,Refresco 355 ml.,Bebida,ORDEN,5.00,175.00,2,0,0,0
2026-03-22,Enchiladas Rojas,Enchilada,ORDEN,5.00,907.00,5,3,2,0
2026-03-29,Enchiladas Picositas,Enchilada,ORDEN,3.00,578.00,3,2,1,0
2026-05-05,Porción Ensalada,Guarnicion,ORDEN,2.00,50.00,1,0,0,0
2026-08-31,1/2 Enchiladas Picositas,Enchilada,ORDEN,1.00,133.00,1,1,0,0
2026-05-09,Entomatadas,Entomatada,ORDEN,2.00,396.00,2,1,0,0
2026-05-03,Tacos de Harina,Taco,PIEZA,56.00,1334.00,14,0,0,56.00
2026-07-15,Enmoladas,Enmolada,ORDEN,2.00,434.00,2,2,0,0
2026-03-17,Pieza Tortilla de Maíz,Guarnicion,ORDEN,1.00,5.00,1,0,0,0
2026-03-18,1/2 Enchiladas Rojas,Enchilada,ORDEN,2.00,190.00,1,0,0,0
2026-07-19,Bisquet,Otros,ORDEN,13.00,390.00,1,0,0,0
2026-06-10,Café Negro,Bebida,ORDEN,9.00,378.00,1,0,0,0
2026-03-25,Bisquet,Otros,ORDEN,5.00,150.00,1,0,0,0
2026-07-11,Aguacate Extra,Otros,ORDEN,2.00,30.00,1,0,0,0
2026-06-17,Migada Guisado Normal,Migada,PIEZA,2.00,266.00,2,0,0,2.00
2026-03-25,Pieza de Pan,Guarnicion,ORDEN,1.00,28.00,1,0,0,0
2026-06-13,1/2 Enchiladas Mixtas (4 Piezas),Enchilada,ORDEN,2.00,340.00,2,1,0,0
2026-04-18,1/2 Enchiladas Picositas,Enchilada,ORDEN,4.00,415.00,2,1,0,0
2026-08-12,Quesadillas (4 pzas.),Quesadilla,ORDEN,5.00,745.00,2,0,1,0
2026-03-22,Refresco 600 ml.,Bebida,ORDEN,18.00,702.00,4,0,0,0
2026-03-24,Café Negro,Bebida,ORDEN,16.00,672.00,2,0,0,0
2026-08-23,1/2 Quesadillas (2 pzas.),Quesadilla,ORDEN,10.00,930.00,6,2,7,0
2026-08-17,Bocoles,Bocol,PIEZA,77.00,1694.00,15,0,0,77.00
2026-08-25,Gorditas,Gordita,PIEZA,138.00,2655.00,23,0,2,138.00
2026-05-04,1/2 Empanadas (2 pzas.),Empanada,ORDEN,7.00,668.00,7,1,2,0
2026-05-23,1/2 Enmoladas,Enmolada,ORDEN,1.00,95.00,1,0,0,0
2026-05-25,Huevos con Deshebrada,Huevos,ORDEN,2.00,311.00,1,0,0,0
2026-08-17,Enchiladas Rojas,Enchilada,ORDEN,1.00,226.00,1,1,1,0
2026-03-31,1/2 Enchiladas Mixtas (4 Piezas),Enchilada,ORDEN,3.00,529.00,3,3,0,0
2026-06-15,Horchata 1 Litro,Bebida,ORDEN,2.00,138.00,1,0,0,0
2026-08-17,Pieza Extra Empanada,Empanada,ORDEN,1.00,38.00,1,0,0,0
2026-08-31,Topo Chico 600 ml.,Bebida,ORDEN,1.00,39.00,1,0,0,0
2026-06-23,Orden Huevos Estrellados,Huevos,ORDEN,1.00,120.00,1,0,0,0
2026-08-11,Gorditas,Gordita,PIEZA,225.00,4328.00,23,1,1,225.00
2026-07-19,1/2 Enchiladas Rojas,Enchilada,ORDEN,9.00,1100.00,6,5,4,0
2026-07-19,Enmoladas,Enmolada,ORDEN,1.00,185.00,1,1,0,0
2026-06-22,1/2 Entomatadas,Entomatada,ORDEN,2.00,225.00,2,1,2,0
2026-05-25,Jamaica 1 Litro,Bebida,ORDEN,1.00,77.00,1,0,0,0
2026-06-15,Ciel 600 ml.,Bebida,ORDEN,2.00,70.00,1,0,0,0
2026-06-27,Tacos de Harina,Taco,PIEZA,36.00,804.00,12,1,0,36.00
2026-06-28,1/2 Entomatadas,Entomatada,ORDEN,7.00,872.00,4,3,2,0
2026-03-28,Bocoles,Bocol,PIEZA,107.00,2423.00,21,3,1,107.00
2026-08-14,Entomatadas,Entomatada,ORDEN,3.00,511.00,2,1,0,0
2026-07-15,Salsa Habanera,Guarnicion,ORDEN,1.00,10.00,1,0,0,0
2026-09-04,Migada Guisado de Carne,Migada,PIEZA,12.00,1771.00,11,0,4,12.00
2026-08-19,PROMO 6 surtidas,Otros,ORDEN,10.00,1080.00,1,0,0,0
2026-08-02,Huevos Rancheros,Huevos,ORDEN,1.00,120.00,1,0,0,0
2026-05-20,1/2 Enchiladas Picositas,Enchilada,ORDEN,3.00,396.00,3,3,2,0
2026-08-17,Tacos de Maiz,Taco,PIEZA,14.00,308.00,9,0,0,14.00
2026-03-21,Tacos de Harina,Taco,PIEZA,14.00,308.00,8,0,0,14.00
2026-05-15,1/2 Quesadillas (2 pzas.),Quesadilla,ORDEN,6.00,586.00,5,2,2,0
2026-04-03,1/2 Enmoladas,Enmolada,ORDEN,2.00,225.00,2,1,0,0
2026-09-02,Migada Guisado Normal,Migada,PIEZA,3.00,399.00,3,0,4,3.00
2026-03-15,Migada Guisado de Carne,Migada,PIEZA,12.00,1771.00,12,0,5,12.00
2026-04-04,Pieza de Pan,Guarnicion,ORDEN,13.00,364.00,1,0,0,0
2026-08-31,Entomatadas,Entomatada,ORDEN,2.00,338.00,1,0,0,0
2026-03-20,Gorditas,Gordita,PIEZA,200.00,3900.00,22,0,0,200.00
2026-05-14,Huevos a la Mexicana,Huevos,ORDEN,4.00,516.00,1,0,0,0
2026-08-16,Enchiladas Rojas,Enchilada,ORDEN,4.00,816.00,4,3,0,0
2026-08-22,Salsa Habanera,Guarnicion,ORDEN,1.00,1.00,1,0,0,0
2026-05-03,Huevos a la Mexicana,Huevos,ORDEN,1.00,120.00,1,0,0,0
2026-06-06,1/2 Enchiladas Rojas,Enchilada,ORDEN,7.00,945.00,6,5,2,0
2026-03-21,Pieza de Pan,Guarnicion,ORDEN,4.00,112.00,1,0,0,0
2026-06-23,Gorditas Surtidas,Gordita,PIEZA,1.00,95.00,1,0,0,5.00
2026-03-16,Migada Guisado de Carne,Migada,PIEZA,9.00,1339.00,9,0,7,9.00
2026-04-21,1/2 Empanadas (2 pzas.),Empanada,ORDEN,1.00,94.00,1,0,0,0
2026-06-09,Huevos a la Mexicana,Huevos,ORDEN,1.00,120.00,1,0,0,0
2026-04-03,Pieza Huevo Estrellado Cocido,Huevos,ORDEN,2.00,40.00,1,0,0,0
2026-06-02,Fuze Tea,Bebida,ORDEN,2.00,90.00,1,0,0,0
2026-09-04,Gorditas Surtidas,Gordita,PIEZA,1.00,57.00,1,0,0,3.00
2026-08-02,Café con Leche,Bebida,ORDEN,49.00,2058.00,3,0,0,0
2026-04-07,1/2 Enfrijoladas,Enfrijolada,ORDEN,4.00,450.00,3,2,0,0
2026-05-07,Pieza de Pan,Guarnicion,ORDEN,1.00,28.00,1,0,0,0
2026-08-06,Plátano Frito,Otros,ORDEN,1.00,42.00,1,0,0,0
2026-08-30,Migada Guisado Normal,Migada,PIEZA,1.00,133.00,1,0,1,1.00
2026-03-02,Huevos Rancheros,Huevos,ORDEN,2.00,240.00,1,0,0,0
2026-04-11,1/2 Enchiladas Rojas,Enchilada,ORDEN,6.00,675.00,5,3,2,0
2026-07-24,1/2 Empanadas (2 pzas.),Empanada,ORDEN,3.00,282.00,3,1,0,0
2026-08-12,PROMO 6 surtidas,Otros,ORDEN,6.00,648.00,1,0,0,0
2026-05-12,Pieza Extra Empanada,Empanada,ORDEN,1.00,38.00,1,0,0,0
2026-06-12,Bocoles,Bocol,PIEZA,86.00,1940.00,17,0,0,86.00
2026-03-28,Limón 1 Litro,Bebida,ORDEN,1.00,59.00,1,0,0,0
2026-07-29,Ciel 600 ml.,Bebida,ORDEN,2.00,70.00,1,0,0,0
2026-04-28,Refresco 355 ml.,Bebida,ORDEN,1.00,35.00,1,0,0,0
2026-03-18,Empanadas (4 pzas.),Empanada,ORDEN,2.00,331.00,2,1,0,0
2026-03-27,Jamaica Vaso,Bebida,ORDEN,18.00,756.00,1,0,0,0
2026-08-14,Bisquet,Otros,ORDEN,2.00,60.00,1,0,0,0
2026-09-05,Huevo Revuelto 2 pzas.,Huevos,ORDEN,1.00,35.00,1,0,0,0
2026-04-25,Gorditas de Azúcar,Gordita,PIEZA,1.00,42.00,1,0,0,1.00
2026-09-04,Pieza Extra Quesadilla,Quesadilla,ORDEN,1.00,35.00,1,0,0,0
2026-08-09,Horchata Vaso,Bebida,ORDEN,9.00,391.00,1,0,0,0
2026-04-30,Tacos de Harina,Taco,PIEZA,38.00,836.00,14,0,0,38.00
2026-03-12,Gorditas Surtidas,Gordita,PIEZA,1.00,114.00,1,0,0,6.00
2026-04-11,Migada Guisado Normal,Migada,PIEZA,1.00,133.00,1,0,0,1.00
2026-04-29,Orden Huevos Estrellados,Huevos,ORDEN,2.00,240.00,1,0,0,0
2026-05-10,Pieza Huevo Estrellado Medio,Huevos,ORDEN,1.00,20.00,1,0,0,0
2026-05-18,Refresco 600 ml.,Bebida,ORDEN,12.00,468.00,4,0,0,0
2026-06-21,Enchiladas Rojas,Enchilada,ORDEN,5.00,907.00,3,3,0,0
2026-06-07,Tacos de Maiz,Taco,PIEZA,73.00,1618.00,19,0,3,73.00
2026-07-25,Tacos de Harina,Taco,PIEZA,28.00,670.00,9,0,0,28.00
2026-03-17,Bocoles,Bocol,PIEZA,40.00,886.00,14,0,0,40.00
2026-06-17,Tacos de Harina,Taco,PIEZA,18.00,408.00,9,0,0,18.00
2026-06-29,1/2 Quesadillas (2 pzas.),Quesadilla,ORDEN,7.00,602.00,4,0,3,0
2026-04-02,Huevos a la Mexicana,Huevos,ORDEN,3.00,360.00,1,0,0,0
2026-07-10,Bocoles,Bocol,PIEZA,89.00,2027.00,20,2,2,89.00
2026-03-14,Té de Manzanilla,Bebida,ORDEN,1.00,33.00,1,0,0,0
2026-04-26,Bisquet,Otros,ORDEN,3.00,90.00,1,0,0,0
2026-04-23,Horchata Vaso,Bebida,ORDEN,3.00,126.00,1,0,0,0
2026-03-08,Salsa Roja,Guarnicion,ORDEN,1.00,0.00,1,0,0,0
2026-09-05,Orden de Guisado Normal,Guarnicion,ORDEN,1.00,120.00,1,1,0,0
2026-07-21,Café con Leche,Bebida,ORDEN,36.00,1512.00,3,0,0,0
2026-07-14,1/2 Entomatadas,Entomatada,ORDEN,5.00,679.00,3,1,3,0
2026-08-24,Huevo Revuelto 2 pzas.,Huevos,ORDEN,1.00,35.00,1,0,0,0
2026-04-27,Gorditas Surtidas,Gordita,PIEZA,1.00,95.00,1,0,0,5.00
2026-05-08,Plátano Frito,Otros,ORDEN,1.00,42.00,1,0,0,0
2026-08-26,Migada Guisado de Carne,Migada,PIEZA,16.00,2347.00,14,2,9,16.00
2026-07-27,Horchata 1 Litro,Bebida,ORDEN,2.00,138.00,1,0,0,0
2026-04-17,Migada Guisado de Carne,Migada,PIEZA,7.00,1051.00,7,0,3,7.00
2026-05-19,Horchata Vaso,Bebida,ORDEN,2.00,84.00,1,0,0,0
2026-07-08,Jamaica Vaso,Bebida,ORDEN,32.00,1344.00,1,0,0,0
2026-07-02,Huevos Rancheros,Huevos,ORDEN,4.00,480.00,1,0,0,0
2026-06-13,Gorditas,Gordita,PIEZA,303.00,5873.00,25,0,2,303.00
2026-07-30,Pieza Tortilla de Maíz,Guarnicion,ORDEN,3.00,15.00,1,0,0,0
2026-07-17,Tacos de Harina,Taco,PIEZA,26.00,609.00,7,0,2,26.00
2026-08-06,1/2 Empanadas (2 pzas.),Empanada,ORDEN,5.00,470.00,5,0,0,0
2026-08-31,Encremadas,Encremada,ORDEN,2.00,329.00,2,1,0,0
2026-06-14,Tacos de Harina,Taco,PIEZA,21.00,465.00,11,0,0,21.00
2026-08-23,1/2 Enfrijoladas,Enfrijolada,ORDEN,1.00,197.00,1,1,0,0
2026-03-23,1/2 Enchiladas Mixtas (4 Piezas),Enchilada,ORDEN,2.00,411.00,2,2,4,0
2026-04-07,Tacos de Maiz,Taco,PIEZA,52.00,1171.00,11,0,0,52.00
2026-05-01,Enchiladas Picositas,Enchilada,ORDEN,2.00,329.00,2,1,1,0
2026-05-05,Migada Guisado de Carne,Migada,PIEZA,2.00,288.00,2,0,2,2.00
2026-08-29,Quesadillas (4 pzas.),Quesadilla,ORDEN,6.00,918.00,3,0,4,0
2026-04-18,Bisquet,Otros,ORDEN,6.00,180.00,1,0,0,0
2026-08-10,Tacos de Maiz,Taco,PIEZA,25.00,550.00,14,0,0,25.00
2026-03-06,Fuze Tea,Bebida,ORDEN,1.00,45.00,1,0,0,0
2026-05-31,Pieza Huevo Estrellado Tierno,Huevos,ORDEN,1.00,20.00,1,0,0,0
2026-07-03,Tacos de Maiz,Taco,PIEZA,30.00,669.00,9,0,0,30.00
2026-08-20,Café con Leche,Bebida,ORDEN,19.00,798.00,1,0,0,0
2026-06-04,Huevos con Deshebrada,Huevos,ORDEN,2.00,311.00,1,0,0,0
2026-03-04,Salsa Roja,Guarnicion,ORDEN,1.00,0.00,1,0,0,0
2026-08-30,1/2 Encremadas,Encremada,ORDEN,5.00,749.00,3,2,0,0
2026-08-18,Limón Vaso,Bebida,ORDEN,12.00,504.00,1,0,0,0
2026-04-05,Horchata 1 Litro,Bebida,ORDEN,10.00,690.00,1,0,0,0
2026-08-28,Gorditas,Gordita,PIEZA,228.00,3481.00,22,0,0,228.00
2026-06-03,1/2 Enchiladas Rojas,Enchilada,ORDEN,5.00,583.00,4,4,1,0
2026-06-10,Migada Guisado de Carne,Migada,PIEZA,7.00,1051.00,7,0,6,7.00
2026-05-02,Horchata Vaso,Bebida,ORDEN,8.00,336.00,1,0,0,0
2026-08-21,Café con Leche,Bebida,ORDEN,35.00,1483.00,2,0,0,0
2026-07-19,Pieza Huevo Estrellado Medio,Huevos,ORDEN,1.00,20.00,1,0,0,0
2026-08-24,Jamaica Vaso,Bebida,ORDEN,22.00,937.00,1,0,0,0
2026-03-06,Plátano Frito,Otros,ORDEN,1.00,42.00,1,0,0,0
2026-09-02,Enchiladas Rojas,Enchilada,ORDEN,2.00,367.00,2,2,0,0
2026-03-22,Pieza Tortilla de Harina,Guarnicion,ORDEN,2.00,10.00,1,0,0,0
2026-03-12,Tacos de Maiz,Taco,PIEZA,20.00,440.00,9,0,0,20.00
2026-08-27,Huevos con Deshebrada,Huevos,ORDEN,2.00,311.00,1,0,0,0
2026-06-28,1/2 Enchiladas Mixtas (4 Piezas),Enchilada,ORDEN,1.00,119.00,1,0,0,0
2026-04-29,Pieza de Pan,Guarnicion,ORDEN,3.00,84.00,1,0,0,0
2026-06-01,Orden de Guisado Normal,Guarnicion,ORDEN,2.00,240.00,1,1,0,0
2026-05-26,Refresco 355 ml.,Bebida,ORDEN,5.00,175.00,2,0,0,0
2026-08-15,Tacos de Maiz,Taco,PIEZA,48.00,1080.00,13,1,1,48.00
2026-03-22,Salsa Habanera,Guarnicion,ORDEN,2.00,0.00,1,0,0,0
2026-04-13,Té de Manzanilla,Bebida,ORDEN,1.00,33.00,1,0,0,0
2026-07-21,1/2 Enchiladas Rojas,Enchilada,ORDEN,4.00,485.00,4,3,3,0
2026-04-15,Huevos con Deshebrada,Huevos,ORDEN,1.00,135.00,1,0,0,0
2026-03-06,Entomatadas,Entomatada,ORDEN,1.00,249.00,1,1,0,0
2026-04-14,Café con Leche,Bebida,ORDEN,25.00,1050.00,2,0,0,0
2026-05-04,Huevos Rancheros,Huevos,ORDEN,2.00,240.00,1,0,0,0
2026-06-12,Enchiladas Picositas,Enchilada,ORDEN,2.00,431.00,2,2,0,0
2026-07-18,Enmoladas,Enmolada,ORDEN,1.00,182.00,1,1,0,0
2026-04-01,Enchiladas Mixtas,Enchilada,ORDEN,2.00,431.00,2,2,1,0
2026-05-03,Pieza Huevo Estrellado Medio,Huevos,ORDEN,2.00,40.00,1,0,0,0
2026-04-29,Horchata Vaso,Bebida,ORDEN,5.00,210.00,1,0,0,0
2026-06-16,Quesadillas (4 pzas.),Quesadilla,ORDEN,2.00,266.00,2,0,1,0
2026-06-04,Orden Huevos Estrellados,Huevos,ORDEN,1.00,120.00,1,0,0,0
2026-05-11,Tacos de Maiz,Taco,PIEZA,44.00,994.00,13,1,0,44.00
2026-07-10,Bisquet,Otros,ORDEN,9.00,270.00,1,0,0,0
2026-03-25,Gorditas,Gordita,PIEZA,83.00,1621.00,20,1,0,83.00
2026-07-29,Jamaica Vaso,Bebida,ORDEN,21.00,882.00,1,0,0,0
2026-08-21,Migada Guisado de Carne,Migada,PIEZA,4.00,619.00,4,0,1,4.00
2026-04-13,Enchiladas Picositas,Enchilada,ORDEN,1.00,185.00,1,1,0,0
2026-07-15,Tacos de Maiz,Taco,PIEZA,25.00,571.00,13,0,0,25.00
2026-09-04,Tacos de Harina,Taco,PIEZA,26.00,605.00,9,0,0,26.00
2026-03-16,Huevos Rancheros,Huevos,ORDEN,2.00,240.00,1,0,0,0
2026-07-22,Bocoles,Bocol,PIEZA,55.00,1250.00,22,2,5,55.00
2026-08-22,Entomatadas,Entomatada,ORDEN,4.00,696.00,4,3,2,0
2026-06-30,Tacos de Harina,Taco,PIEZA,33.00,744.00,13,1,0,33.00
2026-03-20,1/2 Entomatadas,Entomatada,ORDEN,2.00,327.00,2,2,0,0
2026-05-06,Gorditas de Azúcar,Gordita,PIEZA,1.00,42.00,1,0,0,1.00
2026-08-08,Entomatadas,Entomatada,ORDEN,11.00,2244.00,8,7,3,0
2026-04-16,Tacos de Harina,Taco,PIEZA,21.00,471.00,8,0,0,21.00
2026-08-14,Jamaica 1 Litro,Bebida,ORDEN,1.00,59.00,1,0,0,0
2026-06-13,Entomatadas,Entomatada,ORDEN,3.00,747.00,1,1,0,0
2026-06-26,Café con Leche,Bebida,ORDEN,29.00,1218.00,4,0,0,0
2026-07-08,Zanahorias p/llevar,Otros,ORDEN,2.00,20.00,1,0,0,0
2026-04-19,Limón 1 Litro,Bebida,ORDEN,3.00,195.00,1,0,0,0
2026-05-07,Jamaica Vaso,Bebida,ORDEN,6.00,252.00,1,0,0,0
2026-06-07,Pieza Huevo Estrellado Tierno,Huevos,ORDEN,2.00,40.00,1,0,0,0
2026-08-29,Enchiladas Mixtas,Enchilada,ORDEN,2.00,329.00,2,1,0,0
2026-06-18,Bocoles,Bocol,PIEZA,36.00,810.00,18,0,3,36.00
2026-07-18,1/2 Enchiladas Picositas,Enchilada,ORDEN,1.00,197.00,1,1,0,0
2026-08-29,1/2 Enchiladas Rojas,Enchilada,ORDEN,10.00,1405.00,9,8,7,0
2026-08-13,Huevos a la Mexicana,Huevos,ORDEN,3.00,360.00,1,0,0,0
2026-07-30,Pieza Huevo Estrellado Cocido,Huevos,ORDEN,5.00,100.00,1,0,0,0
2026-04-28,Café Negro,Bebida,ORDEN,5.00,210.00,2,0,0,0
2026-03-28,1/2 Enchiladas Mixtas (4 Piezas),Enchilada,ORDEN,2.00,375.00,2,2,0,0
2026-05-22,Huevo Estrellado 2 pzas.,Huevos,ORDEN,2.00,70.00,1,0,0,0
2026-04-20,Migada Guisado Normal,Migada,PIEZA,1.00,133.00,1,0,0,1.00
2026-07-03,Gorditas de Azúcar,Gordita,PIEZA,3.00,126.00,1,0,0,3.00
2026-04-19,Huevos a la Mexicana,Huevos,ORDEN,1.00,120.00,1,0,0,0
2026-07-15,Huevo Estrellado 2 pzas.,Huevos,ORDEN,1.00,35.00,1,0,0,0
2026-06-14,Pieza Huevo Estrellado Medio,Huevos,ORDEN,1.00,20.00,1,0,0,0
2026-05-02,1/2 Enchiladas Rojas,Enchilada,ORDEN,20.00,2428.00,13,10,5,0
2026-04-23,Gorditas Surtidas,Gordita,PIEZA,2.00,190.00,1,0,0,10.00
2026-04-29,Porción Ensalada,Guarnicion,ORDEN,2.00,50.00,1,0,0,0
2026-07-31,Limón Vaso,Bebida,ORDEN,35.00,1470.00,1,0,0,0
2026-03-31,Café con Leche,Bebida,ORDEN,21.00,895.00,2,0,0,0
2026-06-05,Gorditas Surtidas,Gordita,PIEZA,1.00,95.00,1,0,0,5.00
2026-07-09,Jamaica Vaso,Bebida,ORDEN,9.00,378.00,1,0,0,0
2026-05-31,Migada Guisado Normal,Migada,PIEZA,1.00,133.00,1,0,0,1.00
2026-08-31,Gorditas,Gordita,PIEZA,118.00,2328.00,26,4,2,118.00
2026-08-31,Bocoles Surtidos,Bocol,PIEZA,1.00,132.00,1,0,0,6.00
2026-07-17,Café con Leche,Bebida,ORDEN,35.00,1470.00,3,0,0,0
2026-07-01,Huevos a la Mexicana,Huevos,ORDEN,1.00,120.00,1,0,0,0
2026-07-01,Orden de Guisado Normal,Guarnicion,ORDEN,1.00,120.00,1,1,0,0
2026-07-20,Migada Guisado de Carne,Migada,PIEZA,2.00,288.00,2,0,2,2.00
2026-03-26,Migada Guisado de Carne,Migada,PIEZA,2.00,331.00,2,0,2,2.00
2026-03-30,Enmoladas,Enmolada,ORDEN,1.00,147.00,1,0,0,0
2026-06-10,1/2 Entomatadas,Entomatada,ORDEN,4.00,450.00,3,2,1,0
2026-07-08,1/2 Empanadas (2 pzas.),Empanada,ORDEN,4.00,376.00,4,1,2,0
2026-07-17,Huevos con Deshebrada,Huevos,ORDEN,3.00,446.00,1,0,0,0
2026-03-15,Encremadas,Encremada,ORDEN,2.00,329.00,2,1,0,0
2026-09-02,Café Negro,Bebida,ORDEN,12.00,504.00,1,0,0,0
2026-08-09,Entomatadas,Entomatada,ORDEN,6.00,1229.00,6,6,2,0
2026-04-17,Tacos de Harina,Taco,PIEZA,22.00,511.00,10,2,0,22.00
2026-05-31,Gorditas,Gordita,PIEZA,272.00,5308.00,25,2,1,272.00
2026-07-08,1/2 Quesadillas (2 pzas.),Quesadilla,ORDEN,3.00,258.00,3,0,3,0
2026-07-21,Café Negro,Bebida,ORDEN,16.00,672.00,1,0,0,0
2026-05-29,Pieza Tortilla de Maíz,Guarnicion,ORDEN,2.00,10.00,1,0,0,0
2026-06-09,Topo Chico 600 ml.,Bebida,ORDEN,1.00,39.00,1,0,0,0
2026-07-19,Salsa Verde,Guarnicion,ORDEN,2.00,20.00,1,0,0,0
2026-08-11,Quesadillas (4 pzas.),Quesadilla,ORDEN,2.00,266.00,2,0,3,0
2026-07-31,1/2 Enchiladas Picositas,Enchilada,ORDEN,1.00,95.00,1,0,0,0
2026-06-29,Café Negro,Bebida,ORDEN,14.00,588.00,1,0,0,0
2026-05-10,Pieza Huevo Estrellado Cocido,Huevos,ORDEN,2.00,40.00,1,0,0,0
2026-08-15,Bocoles,Bocol,PIEZA,84.00,1878.00,23,0,6,84.00
2026-08-22,1/2 Entomatadas,Entomatada,ORDEN,14.00,1986.00,9,9,4,0
2026-05-25,Migada Guisado de Carne,Migada,PIEZA,14.00,2059.00,14,0,5,14.00
2026-07-02,Bisquet,Otros,ORDEN,7.00,210.00,1,0,0,0
2026-08-24,Topo Chico 600 ml.,Bebida,ORDEN,1.00,39.00,1,0,0,0
2026-07-02,Pieza Huevo Estrellado Medio,Huevos,ORDEN,2.00,40.00,1,0,0,0
2026-04-24,Enchiladas Rojas,Enchilada,ORDEN,2.00,332.00,2,1,1,0
2026-06-06,Huevos con Deshebrada,Huevos,ORDEN,3.00,405.00,1,0,0,0
2026-08-02,Guisado Infantil,Otros,ORDEN,1.00,38.00,1,0,0,0
2026-03-20,Horchata Vaso,Bebida,ORDEN,5.00,210.00,1,0,0,0
2026-08-11,Gorditas de Azúcar,Gordita,PIEZA,4.00,168.00,1,0,0,4.00
2026-08-26,1/2 Enmoladas,Enmolada,ORDEN,1.00,130.00,1,1,0,0
2026-05-29,Huevos Rancheros,Huevos,ORDEN,2.00,240.00,1,0,0,0
2026-05-09,Gorditas,Gordita,PIEZA,269.00,5216.00,25,1,3,269.00
2026-08-01,1/2 Enchiladas Mixtas (4 Piezas),Enchilada,ORDEN,3.00,392.00,3,1,1,0
2026-06-29,Huevos Rancheros,Huevos,ORDEN,3.00,360.00,1,0,0,0
2026-07-03,Tacos de Harina,Taco,PIEZA,46.00,1045.00,13,0,0,46.00
2026-06-14,Bisquet,Otros,ORDEN,7.00,210.00,1,0,0,0
2026-09-01,1/2 Enchiladas Picositas,Enchilada,ORDEN,1.00,95.00,1,0,0,0
2026-05-12,Refresco 355 ml.,Bebida,ORDEN,3.00,105.00,1,0,0,0
2026-06-06,Jamaica Vaso,Bebida,ORDEN,21.00,882.00,1,0,0,0
2026-08-27,Horchata Vaso,Bebida,ORDEN,6.00,252.00,1,0,0,0
2026-05-13,Tacos de Maiz,Taco,PIEZA,10.00,220.00,6,0,0,10.00
2026-05-29,Enchiladas Rojas,Enchilada,ORDEN,2.00,294.00,2,0,2,0
2026-06-05,Gorditas de Azúcar,Gordita,PIEZA,1.00,42.00,1,0,0,1.00
2026-08-01,Tacos de Maiz,Taco,PIEZA,43.00,957.00,14,1,1,43.00
2026-04-19,Pieza Huevo Estrellado Cocido,Huevos,ORDEN,2.00,40.00,1,0,0,0
2026-07-22,Jamaica Vaso,Bebida,ORDEN,14.00,588.00,1,0,0,0
2026-04-16,Café con Leche,Bebida,ORDEN,41.00,1722.00,3,0,0,0
2026-06-09,Horchata Vaso,Bebida,ORDEN,2.00,84.00,1,0,0,0
2026-03-10,Empanadas (4 pzas.),Empanada,ORDEN,1.00,144.00,1,0,0,0
2026-04-13,Huevos Rancheros,Huevos,ORDEN,1.00,120.00,1,0,0,0
2026-06-23,Entomatadas,Entomatada,ORDEN,2.00,329.00,2,1,0,0
2026-06-22,1/2 Encremadas,Encremada,ORDEN,2.00,292.00,2,1,0,0
2026-06-15,Pieza Extra Empanada,Empanada,ORDEN,1.00,38.00,1,0,0,0
2026-07-29,Pieza Tortilla de Maíz,Guarnicion,ORDEN,1.00,5.00,1,0,0,0
2026-06-28,1/2 Empanadas (2 pzas.),Empanada,ORDEN,3.00,282.00,3,1,2,0
2026-07-11,Migada Guisado de Carne,Migada,PIEZA,10.00,1483.00,10,0,5,10.00
2026-03-14,Plátano Frito,Otros,ORDEN,2.00,84.00,2,0,0,0
2026-05-25,Enchiladas Picositas,Enchilada,ORDEN,1.00,249.00,1,1,0,0
2026-08-02,Pieza Extra Quesadilla,Quesadilla,ORDEN,1.00,35.00,1,0,0,0
2026-03-21,Ciel 600 ml.,Bebida,ORDEN,4.00,140.00,1,0,0,0
2026-04-06,Pieza Huevo Estrellado Tierno,Huevos,ORDEN,1.00,20.00,1,0,0,0
2026-04-01,1/2 Enchiladas Picositas,Enchilada,ORDEN,1.00,197.00,1,1,0,0
2026-03-10,Enchiladas Picositas,Enchilada,ORDEN,1.00,229.00,1,2,0,0
2026-04-07,Pieza Huevo Estrellado Ciego,Huevos,ORDEN,1.00,20.00,1,0,0,0
2026-07-01,Orden Huevos Revueltos,Huevos,ORDEN,1.00,156.00,1,0,0,0
2026-05-09,Pieza Extra Empanada,Empanada,ORDEN,2.00,76.00,2,0,0,0
2026-04-07,Orden Huevos Estrellados,Huevos,ORDEN,1.00,120.00,1,0,0,0
2026-04-18,Entomatadas,Entomatada,ORDEN,4.00,792.00,3,2,1,0
2026-04-19,Porción Ensalada,Guarnicion,ORDEN,1.00,25.00,1,0,0,0
2026-06-06,Topo Chico 600 ml.,Bebida,ORDEN,1.00,39.00,1,0,0,0
2026-03-15,1/2 Quesadillas (2 pzas.),Quesadilla,ORDEN,3.00,395.00,3,2,1,0
2026-03-13,Limón Vaso,Bebida,ORDEN,10.00,420.00,1,0,0,0
2026-06-19,Migada Guisado de Carne,Migada,PIEZA,2.00,288.00,2,0,0,2.00
2026-05-15,Ciel 600 ml.,Bebida,ORDEN,1.00,35.00,1,0,0,0
2026-08-22,Migada Guisado de Carne,Migada,PIEZA,10.00,1526.00,8,0,4,10.00
2026-04-16,Jamaica Vaso,Bebida,ORDEN,10.00,420.00,1,0,0,0
2026-07-05,Café Negro,Bebida,ORDEN,11.00,462.00,1,0,0,0
2026-05-04,Enchiladas Picositas,Enchilada,ORDEN,1.00,182.00,1,1,0,0
2026-07-26,1/2 Enchiladas Picositas,Enchilada,ORDEN,3.00,390.00,2,2,1,0
2026-04-04,1/2 Empanadas (2 pzas.),Empanada,ORDEN,8.00,752.00,8,1,3,0
2026-05-16,Porción Ensalada,Guarnicion,ORDEN,2.00,50.00,1,0,0,0
2026-06-16,Horchata 1 Litro,Bebida,ORDEN,1.00,69.00,1,0,0,0
2026-03-24,1/2 Quesadillas (2 pzas.),Quesadilla,ORDEN,6.00,516.00,2,0,1,0
2026-06-18,Salsa Verde,Guarnicion,ORDEN,4.00,0.00,1,0,0,0
2026-07-20,Gorditas de Azúcar,Gordita,PIEZA,1.00,42.00,1,0,0,1.00
2026-04-17,Gorditas de Azúcar,Gordita,PIEZA,3.00,126.00,1,0,0,3.00
2026-03-28,Gorditas,Gordita,PIEZA,247.00,4824.00,26,2,1,247.00
2026-07-24,1/2 Entomatadas,Entomatada,ORDEN,8.00,1040.00,8,6,6,0
2026-03-16,Fuze Tea,Bebida,ORDEN,1.00,45.00,1,0,0,0
2026-07-31,Huevos Rancheros,Huevos,ORDEN,1.00,120.00,1,0,0,0
2026-03-04,Empanadas (4 pzas.),Empanada,ORDEN,6.00,950.00,6,0,0,0
2026-06-17,Refresco 355 ml.,Bebida,ORDEN,5.00,175.00,2,0,0,0
2026-07-06,1/2 Enmoladas,Enmolada,ORDEN,3.00,285.00,1,0,0,0
2026-04-05,Enchiladas Picositas,Enchilada,ORDEN,3.00,578.00,3,2,0,0
2026-08-21,Pieza Tortilla de Maíz,Guarnicion,ORDEN,4.00,20.00,1,0,0,0
2026-06-11,Gorditas de Azúcar,Gordita,PIEZA,2.00,84.00,1,0,0,2.00
2026-04-10,Refresco 600 ml.,Bebida,ORDEN,10.00,390.00,5,0,0,0
2026-06-02,Salsa Habanera,Guarnicion,ORDEN,1.00,0.00,1,0,0,0
2026-04-15,Pieza Extra Quesadilla,Quesadilla,ORDEN,1.00,35.00,1,0,0,0
2026-03-01,Quesadillas (4 pzas.),Quesadilla,ORDEN,4.00,532.00,3,0,2,0
2026-04-13,1/2 Empanadas (2 pzas.),Empanada,ORDEN,4.00,376.00,4,1,1,0
2026-08-14,Limón 1 Litro,Bebida,ORDEN,1.00,59.00,1,0,0,0
2026-04-01,1/2 Entomatadas,Entomatada,ORDEN,3.00,355.00,3,2,1,0
2026-06-03,1/2 Enchiladas Mixtas (4 Piezas),Enchilada,ORDEN,1.00,154.00,1,1,1,0
2026-04-26,Limón Vaso,Bebida,ORDEN,37.00,1554.00,1,0,0,0
2026-04-28,Huevos Rancheros,Huevos,ORDEN,1.00,120.00,1,0,0,0
2026-06-27,Jamaica 1 Litro,Bebida,ORDEN,2.00,118.00,1,0,0,0
2026-03-14,Pieza Extra Quesadilla,Quesadilla,ORDEN,1.00,35.00,1,0,0,0
2026-03-07,Guisado Infantil,Otros,ORDEN,1.00,38.00,1,0,0,0
2026-08-22,Enchiladas Mixtas,Enchilada,ORDEN,2.00,396.00,2,1,0,0
2026-05-17,Tacos de Harina,Taco,PIEZA,48.00,1086.00,17,2,0,48.00
2026-04-23,Refresco 355 ml.,Bebida,ORDEN,5.00,175.00,1,0,0,0
2026-07-01,Limón Vaso,Bebida,ORDEN,20.00,840.00,1,0,0,0
2026-07-31,Entomatadas,Entomatada,ORDEN,2.00,338.00,2,0,0,0
2026-08-20,Orden de Guisado Normal,Guarnicion,ORDEN,1.00,120.00,1,1,0,0
2026-03-04,Bocoles,Bocol,PIEZA,53.00,1175.00,14,0,0,53.00
2026-03-16,Bisquet,Otros,ORDEN,6.00,180.00,1,0,0,0
2026-04-03,Té de Manzanilla,Bebida,ORDEN,1.00,33.00,1,0,0,0
2026-03-20,Bocoles,Bocol,PIEZA,52.00,1153.00,10,0,0,52.00
2026-07-02,1/2 Enchiladas Picositas,Enchilada,ORDEN,3.00,387.00,2,1,0,0
2026-03-04,Pieza Tortilla de Maíz,Guarnicion,ORDEN,1.00,5.00,1,0,0,0
2026-05-28,Gorditas de Azúcar,Gordita,PIEZA,2.00,84.00,1,0,0,2.00
2026-06-08,Refresco 600 ml.,Bebida,ORDEN,10.00,390.00,4,0,0,0
2026-05-19,Refresco 600 ml.,Bebida,ORDEN,13.00,507.00,4,0,0,0
2026-08-14,Jamaica Vaso,Bebida,ORDEN,6.00,252.00,1,0,0,0
2026-04-07,Refresco 600 ml.,Bebida,ORDEN,20.00,792.00,4,0,0,0
2026-06-22,1/2 Enfrijoladas,Enfrijolada,ORDEN,1.00,130.00,1,1,1,0
2026-04-03,Limón Vaso,Bebida,ORDEN,39.00,1638.00,1,0,0,0
2026-08-07,Pieza de Pan Dulce,Guarnicion,ORDEN,2.00,56.00,1,0,0,0
2026-03-07,Horchata Vaso,Bebida,ORDEN,6.00,252.00,1,0,0,0
2026-05-13,Café con Leche,Bebida,ORDEN,32.00,1344.00,4,0,0,0
2026-04-07,Empanadas (4 pzas.),Empanada,ORDEN,5.00,720.00,5,1,0,0
2026-06-26,Migada Guisado de Carne,Migada,PIEZA,5.00,720.00,5,0,4,5.00
2026-05-25,Gorditas Surtidas,Gordita,PIEZA,1.00,76.00,1,0,0,4.00
2026-07-06,Bocoles,Bocol,PIEZA,64.00,1452.00,20,1,2,64.00
2026-05-31,Refresco 600 ml.,Bebida,ORDEN,24.00,936.00,5,0,0,0
2026-03-26,Salsa Habanera,Guarnicion,ORDEN,1.00,0.00,1,0,0,0
2026-08-05,Horchata Vaso,Bebida,ORDEN,5.00,210.00,1,0,0,0
2026-08-11,Horchata Vaso,Bebida,ORDEN,3.00,126.00,1,0,0,0
2026-08-25,1/2 Entomatadas,Entomatada,ORDEN,3.00,422.00,3,2,0,0
2026-07-27,Topo Chico 600 ml.,Bebida,ORDEN,2.00,78.00,1,0,0,0
2026-08-01,Ciel 600 ml.,Bebida,ORDEN,5.00,175.00,1,0,0,0
2026-06-24,PROMO 6 surtidas,Otros,ORDEN,3.00,324.00,1,0,0,0
2026-08-24,1/2 Quesadillas (2 pzas.),Quesadilla,ORDEN,3.00,258.00,3,0,5,0
2026-08-07,Pieza Huevo Estrellado Medio,Huevos,ORDEN,1.00,20.00,1,0,0,0
2026-05-07,Café Negro,Bebida,ORDEN,11.00,462.00,1,0,0,0
2026-06-07,Té de Manzanilla,Bebida,ORDEN,1.00,33.00,1,0,0,0
2026-08-04,PROMO 6 surtidas,Otros,ORDEN,9.00,972.00,1,0,0,0
2026-07-06,Empanadas (4 pzas.),Empanada,ORDEN,4.00,619.00,4,1,2,0
2026-03-20,Tacos de Maiz,Taco,PIEZA,17.00,383.00,8,0,0,17.00
2026-05-07,1/2 Quesadillas (2 pzas.),Quesadilla,ORDEN,2.00,172.00,1,0,0,0
2026-06-05,Horchata Vaso,Bebida,ORDEN,3.00,126.00,1,0,0,0
2026-05-03,Huevos con Deshebrada,Huevos,ORDEN,2.00,270.00,1,0,0,0
2026-06-21,Bocoles,Bocol,PIEZA,159.00,3226.00,22,0,3,159.00
2026-03-15,Plátano Frito,Otros,ORDEN,1.00,42.00,1,0,0,0
2026-05-17,Salsa Habanera,Guarnicion,ORDEN,1.00,0.00,1,0,0,0
2026-07-07,Migada Guisado de Carne,Migada,PIEZA,6.00,864.00,5,0,1,6.00
2026-03-04,Huevo Estrellado 2 pzas.,Huevos,ORDEN,1.00,35.00,1,0,0,0
2026-06-20,Salsa Verde,Guarnicion,ORDEN,1.00,0.00,1,0,0,0
2026-05-09,Enchiladas Rojas,Enchilada,ORDEN,5.00,910.00,5,3,2,0
2026-04-17,Huevos Rancheros,Huevos,ORDEN,1.00,120.00,1,0,0,0
2026-05-21,Pieza Tortilla de Maíz,Guarnicion,ORDEN,1.00,5.00,1,0,0,0
2026-08-26,Fuze Tea,Bebida,ORDEN,1.00,45.00,1,0,0,0
2026-05-04,Limón Vaso,Bebida,ORDEN,9.00,378.00,1,0,0,0
2026-08-14,Empanadas (4 pzas.),Empanada,ORDEN,2.00,288.00,2,0,1,0
2026-03-07,Plátano Frito,Otros,ORDEN,1.00,42.00,1,0,0,0
2026-09-03,1/2 Quesadillas (2 pzas.),Quesadilla,ORDEN,5.00,450.00,2,1,0,0
2026-04-20,Jamaica Vaso,Bebida,ORDEN,13.00,546.00,1,0,0,0
2026-08-09,Topo Chico 600 ml.,Bebida,ORDEN,1.00,39.00,1,0,0,0
2026-08-05,Tacos de Harina,Taco,PIEZA,12.00,276.00,8,0,0,12.00
2026-05-04,Café Negro,Bebida,ORDEN,10.00,420.00,2,0,0,0
2026-08-15,1/2 Enchiladas Rojas,Enchilada,ORDEN,7.00,875.00,6,5,6,0
2026-07-11,Limón Vaso,Bebida,ORDEN,26.00,1092.00,1,0,0,0
2026-05-25,Enchiladas Rojas,Enchilada,ORDEN,1.00,185.00,1,1,1,0
2026-06-15,1/2 Empanadas (2 pzas.),Empanada,ORDEN,3.00,282.00,3,1,3,0
2026-08-04,Bisquet,Otros,ORDEN,6.00,180.00,1,0,0,0
2026-06-06,1/2 Enchiladas Mixtas (4 Piezas),Enchilada,ORDEN,1.00,221.00,1,1,0,0
2026-04-05,1/2 Encremadas,Encremada,ORDEN,3.00,524.00,2,2,0,0
2026-06-19,Migada Guisado Normal,Migada,PIEZA,1.00,133.00,1,0,0,1.00
2026-04-04,Pieza Enfrijolada,Guarnicion,ORDEN,2.00,60.00,1,0,0,0
2026-07-12,Pieza Tortilla de Maíz,Guarnicion,ORDEN,1.00,5.00,1,0,0,0
2026-05-27,Entomatadas,Entomatada,ORDEN,1.00,147.00,1,0,2,0
2026-05-03,Limón 1 Litro,Bebida,ORDEN,1.00,77.00,1,0,0,0
2026-06-27,Horchata Vaso,Bebida,ORDEN,14.00,614.00,1,0,0,0
2026-07-13,Empanadas (4 pzas.),Empanada,ORDEN,3.00,432.00,3,0,1,0
2026-03-04,1/2 Quesadillas (2 pzas.),Quesadilla,ORDEN,3.00,258.00,2,0,1,0
2026-07-25,Enchiladas Mixtas,Enchilada,ORDEN,2.00,434.00,2,2,0,0
2026-03-29,Jamaica 1 Litro,Bebida,ORDEN,1.00,59.00,1,0,0,0
2026-07-30,Refresco 355 ml.,Bebida,ORDEN,10.00,350.00,2,0,0,0
2026-04-07,Café Negro,Bebida,ORDEN,6.00,252.00,1,0,0,0
2026-05-22,1/2 Quesadillas (2 pzas.),Quesadilla,ORDEN,7.00,672.00,5,2,4,0
2026-07-31,1/2 Empanadas (2 pzas.),Empanada,ORDEN,4.00,376.00,4,0,0,0
2026-06-22,Refresco 355 ml.,Bebida,ORDEN,8.00,280.00,2,0,0,0
2026-03-04,Quesadillas (4 pzas.),Quesadilla,ORDEN,5.00,665.00,1,0,0,0
2026-03-08,Refresco 355 ml.,Bebida,ORDEN,6.00,210.00,1,0,0,0
2026-06-05,Topo Chico 600 ml.,Bebida,ORDEN,1.00,39.00,1,0,0,0
2026-07-04,Limón Vaso,Bebida,ORDEN,22.00,924.00,1,0,0,0
2026-03-07,1/2 Encremadas,Encremada,ORDEN,3.00,358.00,3,2,0,0
2026-06-04,Gorditas de Azúcar,Gordita,PIEZA,2.00,84.00,1,0,0,2.00
2026-03-13,Orden de Guisado Normal,Guarnicion,ORDEN,1.00,120.00,1,0,0,0
2026-04-03,Empanadas (4 pzas.),Empanada,ORDEN,4.00,576.00,4,0,2,0
2026-08-26,Entomatadas,Entomatada,ORDEN,2.00,329.00,2,1,0,0
2026-05-29,Aguacate Extra,Otros,ORDEN,1.00,15.00,1,0,0,0
2026-08-08,Ciel 600 ml.,Bebida,ORDEN,6.00,210.00,1,0,0,0
2026-09-03,Aguacate Extra,Otros,ORDEN,1.00,15.00,1,0,0,0
2026-04-05,1/2 Enchiladas Picositas,Enchilada,ORDEN,1.00,95.00,1,0,0,0
2026-05-18,1/2 Enchiladas Rojas,Enchilada,ORDEN,4.00,520.00,4,2,3,0
2026-08-19,1/2 Enfrijoladas,Enfrijolada,ORDEN,1.00,95.00,1,0,2,0
2026-05-31,Pieza Huevo Estrellado Medio,Huevos,ORDEN,2.00,40.00,1,0,0,0
2026-04-04,1/2 Enchiladas Mixtas (4 Piezas),Enchilada,ORDEN,2.00,340.00,2,1,0,0
2026-05-22,Entomatadas,Entomatada,ORDEN,2.00,542.00,1,1,0,0
2026-07-20,Migada Guisado Normal,Migada,PIEZA,1.00,173.00,1,0,0,1.00
2026-08-03,Café Negro,Bebida,ORDEN,12.00,504.00,1,0,0,0
2026-07-04,Guisado Infantil,Otros,ORDEN,1.00,38.00,1,0,0,0
2026-08-14,Pieza de Pan Dulce,Guarnicion,ORDEN,3.00,84.00,1,0,0,0
2026-08-02,1/2 Quesadillas (2 pzas.),Quesadilla,ORDEN,8.00,723.00,4,1,4,0
2026-08-21,Huevo Revuelto 2 pzas.,Huevos,ORDEN,1.00,35.00,1,0,0,0
2026-05-16,Pieza Huevo Estrellado Medio,Huevos,ORDEN,3.00,60.00,1,0,0,0
2026-04-18,Guisado Infantil,Otros,ORDEN,1.00,38.00,1,0,0,0
2026-07-05,Bistec 1 Pza.,Otros,ORDEN,1.00,102.00,1,0,0,0
2026-05-19,1/2 Empanadas (2 pzas.),Empanada,ORDEN,3.00,282.00,3,0,3,0
2026-03-11,Migada Guisado de Carne,Migada,PIEZA,8.00,1152.00,8,0,6,8.00
2026-08-28,Enmoladas,Enmolada,ORDEN,3.00,680.00,2,2,1,0
2026-03-12,Bocoles,Bocol,PIEZA,29.00,638.00,13,0,0,29.00
2026-03-20,1/2 Enmoladas,Enmolada,ORDEN,1.00,95.00,1,0,0,0
2026-04-01,Refresco 355 ml.,Bebida,ORDEN,2.00,70.00,2,0,0,0
2026-04-25,Ciel 600 ml.,Bebida,ORDEN,4.00,140.00,1,0,0,0
2026-05-12,Refresco 600 ml.,Bebida,ORDEN,6.00,234.00,5,0,0,0
2026-04-10,Bisquet,Otros,ORDEN,1.00,30.00,1,0,0,0
2026-07-04,Café Negro,Bebida,ORDEN,17.00,714.00,1,0,0,0
2026-03-29,Huevos con Deshebrada,Huevos,ORDEN,1.00,135.00,1,0,0,0
2026-05-02,Empanadas (4 pzas.),Empanada,ORDEN,7.00,1094.00,6,1,2,0
2026-04-19,Encremadas,Encremada,ORDEN,1.00,147.00,1,0,0,0
2026-07-19,Plátano Frito,Otros,ORDEN,3.00,126.00,2,0,0,0
2026-07-21,Pieza Huevo Estrellado Cocido,Huevos,ORDEN,1.00,20.00,1,0,0,0
2026-08-30,Pieza Tortilla de Maíz,Guarnicion,ORDEN,2.00,10.00,1,0,0,0
2026-08-22,Enchiladas Rojas,Enchilada,ORDEN,2.00,329.00,2,1,0,0
2026-03-26,Huevo Estrellado 2 pzas.,Huevos,ORDEN,1.00,35.00,1,0,0,0
2026-06-16,1/2 Encremadas,Encremada,ORDEN,2.00,228.00,2,1,0,0
2026-04-07,Entomatadas,Entomatada,ORDEN,1.00,249.00,1,1,0,0
2026-07-30,1/2 Enchiladas Mixtas (4 Piezas),Enchilada,ORDEN,2.00,273.00,2,1,2,0
2026-07-19,Horchata Vaso,Bebida,ORDEN,8.00,336.00,1,0,0,0
2026-03-12,Zanahorias p/llevar,Otros,ORDEN,1.00,0.00,1,0,0,0
2026-06-11,Enmoladas,Enmolada,ORDEN,1.00,147.00,1,0,1,0
2026-06-25,Jamaica Vaso,Bebida,ORDEN,5.00,210.00,1,0,0,0
2026-07-17,1/2 Enfrijoladas,Enfrijolada,ORDEN,1.00,95.00,1,0,0,0
2026-04-02,Bocoles,Bocol,PIEZA,62.00,1388.00,20,0,0,62.00
2026-07-13,Refresco 355 ml.,Bebida,ORDEN,5.00,175.00,2,0,0,0
2026-05-13,Plátano Frito,Otros,ORDEN,2.00,84.00,1,0,0,0
2026-07-17,Zanahorias p/llevar,Otros,ORDEN,2.00,20.00,1,0,0,0
2026-07-28,Horchata Vaso,Bebida,ORDEN,8.00,336.00,1,0,0,0
2026-06-26,Empanadas (4 pzas.),Empanada,ORDEN,1.00,144.00,1,1,0,0
2026-09-01,Refresco 600 ml.,Bebida,ORDEN,6.00,234.00,4,0,0,0
2026-04-27,Limón 1 Litro,Bebida,ORDEN,1.00,77.00,1,0,0,0
2026-03-01,Horchata 1 Litro,Bebida,ORDEN,4.00,297.00,1,0,0,0
2026-09-05,Zanahorias p/llevar,Otros,ORDEN,1.00,10.00,1,0,0,0
2026-07-17,Enchiladas Mixtas,Enchilada,ORDEN,1.00,249.00,1,1,0,0
2026-06-11,1/2 Quesadillas (2 pzas.),Quesadilla,ORDEN,5.00,465.00,2,1,1,0
2026-04-23,Orden de Guisado Normal,Guarnicion,ORDEN,3.00,360.00,1,0,0,0
2026-05-21,1/2 Enchiladas Picositas,Enchilada,ORDEN,1.00,130.00,1,1,0,0
2026-06-20,1/2 Enchiladas Rojas,Enchilada,ORDEN,3.00,457.00,3,3,0,0
2026-08-09,Gorditas,Gordita,PIEZA,251.00,4828.00,24,1,1,251.00
2026-06-03,Horchata Vaso,Bebida,ORDEN,2.00,84.00,1,0,0,0
2026-07-07,Empanadas (4 pzas.),Empanada,ORDEN,2.00,288.00,2,0,0,0
2026-03-03,Migada Guisado de Carne,Migada,PIEZA,2.00,288.00,2,0,3,2.00
2026-08-13,Migada Guisado Normal,Migada,PIEZA,2.00,266.00,2,0,0,2.00
2026-07-11,Quesadillas (4 pzas.),Quesadilla,ORDEN,7.00,931.00,4,0,5,0
2026-03-04,Tacos de Maiz,Taco,PIEZA,18.00,396.00,8,0,0,18.00
2026-03-16,Horchata 1 Litro,Bebida,ORDEN,2.00,138.00,1,0,0,0
2026-06-30,Entomatadas,Entomatada,ORDEN,1.00,182.00,1,1,0,0
2026-05-29,1/2 Enchiladas Rojas,Enchilada,ORDEN,3.00,320.00,3,1,3,0
2026-08-26,Quesadillas (4 pzas.),Quesadilla,ORDEN,3.00,399.00,2,0,1,0
2026-06-09,Tacos de Maiz,Taco,PIEZA,27.00,624.00,15,3,0,27.00
2026-04-30,1/2 Enchiladas Picositas,Enchilada,ORDEN,2.00,260.00,2,2,0,0
2026-03-28,1/2 Enchiladas Rojas,Enchilada,ORDEN,5.00,545.00,4,2,1,0
2026-07-29,1/2 Enchiladas Picositas,Enchilada,ORDEN,1.00,197.00,1,1,0,0
2026-03-15,1/2 Encremadas,Encremada,ORDEN,1.00,197.00,1,1,0,0
2026-07-15,1/2 Enfrijoladas,Enfrijolada,ORDEN,1.00,95.00,1,0,2,0
2026-03-14,Empanadas (4 pzas.),Empanada,ORDEN,3.00,432.00,3,0,0,0
2026-08-30,Quesadillas (4 pzas.),Quesadilla,ORDEN,8.00,1104.00,4,0,5,0
2026-04-19,Horchata 1 Litro,Bebida,ORDEN,1.00,69.00,1,0,0,0
2026-05-22,Pieza Enchilada Roja,Enchilada,ORDEN,1.00,30.00,1,0,0,0
2026-04-24,1/2 Enchiladas Rojas,Enchilada,ORDEN,6.00,710.00,5,4,1,0
2026-03-03,1/2 Entomatadas,Entomatada,ORDEN,1.00,130.00,1,1,0,0
2026-03-08,Empanadas (4 pzas.),Empanada,ORDEN,9.00,1382.00,9,3,4,0
2026-07-09,Enchiladas Rojas,Enchilada,ORDEN,1.00,182.00,1,1,0,0
2026-08-24,Orden de Guisado de Carne,Guarnicion,ORDEN,2.00,270.00,2,3,0,0
2026-06-27,Horchata 1 Litro,Bebida,ORDEN,3.00,207.00,1,0,0,0
2026-03-03,Empanadas (4 pzas.),Empanada,ORDEN,3.00,432.00,2,0,0,0
2026-06-29,Gorditas de Azúcar,Gordita,PIEZA,1.00,42.00,1,0,0,1.00
2026-06-21,Horchata 1 Litro,Bebida,ORDEN,5.00,366.00,1,0,0,0
2026-08-25,Pieza de Pan Dulce,Guarnicion,ORDEN,4.00,112.00,1,0,0,0
2026-08-26,Orden Huevos Estrellados,Huevos,ORDEN,2.00,240.00,2,0,0,0
2026-07-05,1/2 Empanadas (2 pzas.),Empanada,ORDEN,2.00,188.00,2,0,0,0
2026-03-04,1/2 Entomatadas,Entomatada,ORDEN,2.00,190.00,2,0,1,0
2026-05-06,1/2 Empanadas (2 pzas.),Empanada,ORDEN,2.00,188.00,2,0,0,0
2026-09-01,Huevos con Deshebrada,Huevos,ORDEN,1.00,135.00,1,0,0,0
2026-05-15,Pieza Tortilla de Maíz,Guarnicion,ORDEN,2.00,10.00,1,0,0,0
2026-03-21,Refresco 355 ml.,Bebida,ORDEN,1.00,35.00,1,0,0,0
2026-04-24,Tacos de Maiz,Taco,PIEZA,52.00,1166.00,10,2,0,52.00
2026-05-03,1/2 Encremadas,Encremada,ORDEN,4.00,482.00,4,2,1,0
2026-08-31,Gorditas de Azúcar,Gordita,PIEZA,1.00,42.00,1,0,0,1.00
2026-03-24,Huevos a la Mexicana,Huevos,ORDEN,1.00,120.00,1,0,0,0
2026-03-21,Salsa Roja,Guarnicion,ORDEN,2.00,0.00,1,0,0,0
2026-09-03,Huevo Revuelto 2 pzas.,Huevos,ORDEN,1.00,35.00,1,0,0,0
2026-06-08,Entomatadas,Entomatada,ORDEN,3.00,543.00,2,1,0,0
2026-08-27,Guisado Infantil,Otros,ORDEN,2.00,76.00,1,0,0,0
2026-03-10,1/2 Quesadillas (2 pzas.),Quesadilla,ORDEN,3.00,258.00,1,0,0,0
2026-05-01,Ciel 600 ml.,Bebida,ORDEN,4.00,140.00,1,0,0,0
2026-08-10,Gorditas Surtidas,Gordita,PIEZA,2.00,133.00,2,0,0,7.00
2026-07-20,Porción Frijol con Queso,Guarnicion,ORDEN,1.00,5.00,1,0,0,0
2026-07-12,Limón Vaso,Bebida,ORDEN,28.00,1176.00,1,0,0,0
2026-03-29,1/2 Empanadas (2 pzas.),Empanada,ORDEN,2.00,188.00,2,0,0,0
2026-03-19,Pieza Huevo Estrellado Medio,Huevos,ORDEN,3.00,60.00,1,0,0,0
2026-08-08,Gorditas de Azúcar,Gordita,PIEZA,3.00,126.00,1,0,0,3.00
2026-06-02,Refresco 355 ml.,Bebida,ORDEN,5.00,175.00,1,0,0,0
2026-09-02,Limón Vaso,Bebida,ORDEN,9.00,378.00,1,0,0,0
2026-04-24,Migada Guisado de Carne,Migada,PIEZA,8.00,1195.00,7,0,6,8.00
2026-08-16,1/2 Enchiladas Picositas,Enchilada,ORDEN,3.00,495.00,3,4,0,0
2026-08-19,Gorditas Surtidas,Gordita,PIEZA,9.00,836.00,2,0,0,44.00
2026-03-16,Limón Vaso,Bebida,ORDEN,10.00,420.00,1,0,0,0
2026-06-03,Ciel 600 ml.,Bebida,ORDEN,2.00,70.00,1,0,0,0
2026-04-18,Huevos a la Mexicana,Huevos,ORDEN,1.00,120.00,1,0,0,0
2026-07-20,Huevos con Deshebrada,Huevos,ORDEN,3.00,446.00,1,0,0,0
2026-07-25,Porción Ensalada,Guarnicion,ORDEN,1.00,25.00,1,0,0,0
2026-03-09,Jamaica 1 Litro,Bebida,ORDEN,1.00,77.00,1,0,0,0
2026-05-09,Quesadillas (4 pzas.),Quesadilla,ORDEN,4.00,572.00,2,0,2,0
2026-08-01,Limón Vaso,Bebida,ORDEN,22.00,924.00,1,0,0,0
2026-03-19,Ciel 600 ml.,Bebida,ORDEN,1.00,35.00,1,0,0,0
2026-06-19,Pieza Huevo Estrellado Medio,Huevos,ORDEN,1.00,20.00,1,0,0,0
2026-05-29,Tacos de Maiz,Taco,PIEZA,28.00,616.00,12,0,0,28.00
2026-03-03,Pieza Huevo Estrellado Medio,Huevos,ORDEN,1.00,20.00,1,0,0,0
2026-04-17,Tacos de Maiz,Taco,PIEZA,40.00,924.00,19,4,0,40.00
2026-06-24,Enchiladas Rojas,Enchilada,ORDEN,2.00,490.00,2,4,0,0
2026-05-10,Huevo Estrellado 2 pzas.,Huevos,ORDEN,1.00,35.00,1,0,0,0
2026-07-21,1/2 Enmoladas,Enmolada,ORDEN,3.00,422.00,3,2,2,0
2026-07-14,Gorditas,Gordita,PIEZA,202.00,3960.00,24,0,2,202.00
2026-08-12,Huevos a la Mexicana,Huevos,ORDEN,1.00,120.00,1,0,0,0
2026-05-11,Ciel 600 ml.,Bebida,ORDEN,2.00,70.00,1,0,0,0
2026-05-27,Tacos de Harina,Taco,PIEZA,13.00,292.00,4,0,0,13.00
2026-03-23,1/2 Empanadas (2 pzas.),Empanada,ORDEN,1.00,94.00,1,0,0,0
2026-07-02,Ciel 600 ml.,Bebida,ORDEN,6.00,210.00,1,0,0,0
2026-06-26,Huevos a la Mexicana,Huevos,ORDEN,1.00,156.00,1,0,0,0
2026-05-17,1/2 Enchiladas Mixtas (4 Piezas),Enchilada,ORDEN,2.00,273.00,2,1,0,0
2026-05-11,Empanadas (4 pzas.),Empanada,ORDEN,2.00,288.00,2,0,1,0
2026-07-09,Bocoles,Bocol,PIEZA,34.00,763.00,12,0,0,34.00
2026-05-09,Café Negro,Bebida,ORDEN,8.00,336.00,1,0,0,0
2026-08-04,Tacos de Maiz,Taco,PIEZA,27.00,594.00,10,0,2,27.00
2026-06-29,Pieza Extra Quesadilla,Quesadilla,ORDEN,2.00,70.00,1,0,0,0
2026-05-24,1/2 Empanadas (2 pzas.),Empanada,ORDEN,3.00,282.00,3,0,2,0
2026-03-31,Huevos Rancheros,Huevos,ORDEN,4.00,480.00,1,0,0,0
2026-07-16,1/2 Quesadillas (2 pzas.),Quesadilla,ORDEN,3.00,258.00,2,0,2,0
2026-07-23,Gorditas,Gordita,PIEZA,159.00,3099.00,26,1,3,159.00
2026-05-01,1/2 Quesadillas (2 pzas.),Quesadilla,ORDEN,7.00,637.00,5,1,7,0
2026-06-11,Ciel 600 ml.,Bebida,ORDEN,4.00,140.00,1,0,0,0
2026-05-02,Refresco 355 ml.,Bebida,ORDEN,5.00,175.00,2,0,0,0
2026-03-19,Huevos Rancheros,Huevos,ORDEN,3.00,360.00,1,0,0,0
2026-03-28,Café con Leche,Bebida,ORDEN,49.00,2058.00,3,0,0,0
2026-06-10,Orden Huevos Estrellados,Huevos,ORDEN,1.00,120.00,1,0,0,0
2026-08-23,Topo Chico 600 ml.,Bebida,ORDEN,1.00,39.00,1,0,0,0
2026-07-31,1/2 Entomatadas,Entomatada,ORDEN,12.00,1761.00,11,10,3,0
2026-07-31,Bocoles,Bocol,PIEZA,45.00,1027.00,15,1,1,45.00
2026-05-16,Enchiladas Mixtas,Enchilada,ORDEN,2.00,364.00,2,2,1,0
2026-07-17,1/2 Empanadas (2 pzas.),Empanada,ORDEN,7.00,658.00,7,0,2,0
2026-06-24,Orden de Guisado Normal,Guarnicion,ORDEN,1.00,120.00,1,1,0,0
2026-05-07,Bistec 1 Pza.,Otros,ORDEN,1.00,102.00,1,0,0,0
2026-08-02,Quesadillas (4 pzas.),Quesadilla,ORDEN,4.00,692.00,2,2,0,0
2026-05-27,Pieza de Pan,Guarnicion,ORDEN,2.00,56.00,1,0,0,0
2026-08-02,Limón Vaso,Bebida,ORDEN,22.00,937.00,1,0,0,0
2026-07-11,1/2 Enfrijoladas,Enfrijolada,ORDEN,1.00,133.00,1,1,0,0
2026-05-27,Pieza Huevo Estrellado Medio,Huevos,ORDEN,3.00,60.00,1,0,0,0
2026-06-14,Horchata Vaso,Bebida,ORDEN,7.00,294.00,1,0,0,0
2026-06-14,Enfrijoladas,Enfrijolada,ORDEN,1.00,191.00,1,0,0,0
2026-06-23,Huevos a la Mexicana,Huevos,ORDEN,2.00,240.00,1,0,0,0
2026-05-01,1/2 Enchiladas Mixtas (4 Piezas),Enchilada,ORDEN,1.00,119.00,1,0,0,0
2026-08-01,Limón 1 Litro,Bebida,ORDEN,2.00,154.00,1,0,0,0
2026-07-10,Café Negro,Bebida,ORDEN,9.00,378.00,1,0,0,0
2026-08-31,Enchiladas Mixtas,Enchilada,ORDEN,1.00,182.00,1,1,0,0
2026-04-18,1/2 Enfrijoladas,Enfrijolada,ORDEN,1.00,95.00,1,0,0,0
2026-08-13,Pieza Extra Quesadilla,Quesadilla,ORDEN,1.00,35.00,1,0,0,0
2026-05-29,1/2 Empanadas (2 pzas.),Empanada,ORDEN,2.00,188.00,2,0,1,0
2026-04-17,1/2 Enchiladas Picositas,Enchilada,ORDEN,1.00,133.00,1,1,2,0
2026-06-04,Tacos de Maiz,Taco,PIEZA,18.00,435.00,9,0,0,18.00
2026-03-01,Orden de Guisado Normal,Guarnicion,ORDEN,1.00,120.00,1,0,0,0
2026-08-15,Aguacate Extra,Otros,ORDEN,1.00,15.00,1,0,0,0
2026-04-09,Tacos de Harina,Taco,PIEZA,19.00,392.00,8,0,0,19.00
2026-03-24,Quesadillas (4 pzas.),Quesadilla,ORDEN,3.00,439.00,2,0,2,0
2026-08-12,Topo Chico 600 ml.,Bebida,ORDEN,2.00,78.00,1,0,0,0
2026-06-02,Huevos con Deshebrada,Huevos,ORDEN,2.00,270.00,1,0,0,0
2026-09-04,1/2 Entomatadas,Entomatada,ORDEN,6.00,736.00,5,2,6,0
2026-05-10,Huevos a la Mexicana,Huevos,ORDEN,1.00,120.00,1,0,0,0
2026-08-18,Refresco 355 ml.,Bebida,ORDEN,3.00,105.00,1,0,0,0
2026-04-24,Salsa Habanera,Guarnicion,ORDEN,1.00,0.00,1,0,0,0
2026-03-03,Jamaica 1 Litro,Bebida,ORDEN,1.00,77.00,1,0,0,0
2026-07-01,1/2 Quesadillas (2 pzas.),Quesadilla,ORDEN,8.00,688.00,3,0,3,0
2026-03-15,1/2 Entomatadas,Entomatada,ORDEN,3.00,387.00,3,1,1,0
2026-06-08,1/2 Enchiladas Rojas,Enchilada,ORDEN,5.00,545.00,4,2,1,0
2026-05-24,Encremadas,Encremada,ORDEN,1.00,147.00,1,0,0,0
2026-08-24,Migada Guisado de Carne,Migada,PIEZA,4.00,619.00,4,0,2,4.00
2026-03-27,Enmoladas,Enmolada,ORDEN,1.00,185.00,1,1,0,0
2026-08-20,Aguacate Extra,Otros,ORDEN,1.00,15.00,1,0,0,0
2026-04-26,Horchata Vaso,Bebida,ORDEN,9.00,378.00,1,0,0,0
2026-05-03,Limón Vaso,Bebida,ORDEN,35.00,1428.00,1,0,0,0
2026-03-22,Huevo Estrellado 2 pzas.,Huevos,ORDEN,1.00,35.00,1,0,0,0
2026-03-27,Café Negro,Bebida,ORDEN,8.00,336.00,2,0,0,0
2026-05-20,Pieza de Pan,Guarnicion,ORDEN,5.00,140.00,1,0,0,0
2026-08-02,Orden de Guisado Normal,Guarnicion,ORDEN,1.00,120.00,1,1,0,0
2026-06-19,1/2 Quesadillas (2 pzas.),Quesadilla,ORDEN,3.00,258.00,3,0,4,0
2026-07-05,Limón 1 Litro,Bebida,ORDEN,1.00,59.00,1,0,0,0
2026-03-05,Bisquet,Otros,ORDEN,4.00,120.00,1,0,0,0
2026-03-09,Limón Vaso,Bebida,ORDEN,14.00,588.00,1,0,0,0
2026-09-05,Entomatadas,Entomatada,ORDEN,4.00,772.00,3,2,2,0
2026-03-05,Refresco 355 ml.,Bebida,ORDEN,2.00,70.00,1,0,0,0
2026-08-07,Café Negro,Bebida,ORDEN,10.00,420.00,1,0,0,0
2026-05-11,Huevos a la Mexicana,Huevos,ORDEN,1.00,120.00,1,0,0,0
2026-05-16,Empanadas (4 pzas.),Empanada,ORDEN,1.00,144.00,1,0,1,0
2026-05-18,Refresco 355 ml.,Bebida,ORDEN,5.00,175.00,2,0,0,0
2026-08-17,Huevo Estrellado 2 pzas.,Huevos,ORDEN,1.00,35.00,1,0,0,0
2026-07-25,Jamaica Vaso,Bebida,ORDEN,27.00,1134.00,1,0,0,0
2026-08-13,Plátano Frito,Otros,ORDEN,1.00,42.00,1,0,0,0
2026-06-18,Migada Guisado de Carne,Migada,PIEZA,7.00,1008.00,7,1,5,7.00
2026-08-10,Pieza Huevo Estrellado Tierno,Huevos,ORDEN,1.00,20.00,1,0,0,0
2026-04-03,Jamaica Vaso,Bebida,ORDEN,31.00,1315.00,1,0,0,0
2026-08-02,Huevos a la Mexicana,Huevos,ORDEN,4.00,480.00,1,0,0,0
2026-08-20,Migada Guisado de Carne,Migada,PIEZA,4.00,576.00,4,0,1,4.00
2026-05-29,Pieza Enchilada Picosa,Enchilada,ORDEN,1.00,30.00,1,0,0,0
2026-05-01,Refresco 355 ml.,Bebida,ORDEN,5.00,175.00,1,0,0,0
2026-05-10,Jamaica Vaso,Bebida,ORDEN,29.00,1218.00,1,0,0,0
2026-03-30,1/2 Encremadas,Encremada,ORDEN,2.00,292.00,2,1,0,0
2026-03-03,1/2 Enmoladas,Enmolada,ORDEN,1.00,159.00,1,1,0,0
2026-07-02,Orden de Guisado de Carne,Guarnicion,ORDEN,2.00,270.00,2,2,0,0
2026-05-23,Enmoladas,Enmolada,ORDEN,1.00,226.00,1,1,0,0
2026-07-01,Salsa Roja,Guarnicion,ORDEN,1.00,0.00,1,0,0,0
2026-07-19,Enchiladas Rojas,Enchilada,ORDEN,3.00,441.00,3,0,2,0
2026-03-09,Enchiladas Rojas,Enchilada,ORDEN,2.00,329.00,2,1,2,0
2026-04-18,Tacos de Harina,Taco,PIEZA,31.00,703.00,11,0,0,31.00
2026-04-02,1/2 Enchiladas Picositas,Enchilada,ORDEN,1.00,95.00,1,0,0,0
2026-08-15,Fuze Tea,Bebida,ORDEN,1.00,45.00,1,0,0,0
2026-03-08,Bocoles,Bocol,PIEZA,108.00,2439.00,22,2,2,108.00
2026-08-30,Enchiladas Mixtas,Enchilada,ORDEN,3.00,616.00,3,3,1,0
2026-06-12,Ciel 600 ml.,Bebida,ORDEN,4.00,140.00,1,0,0,0
2026-08-15,Pieza Huevo Estrellado Medio,Huevos,ORDEN,1.00,20.00,1,0,0,0
2026-07-14,Pieza de Pan Dulce,Guarnicion,ORDEN,1.00,28.00,1,0,0,0
2026-05-06,1/2 Enchiladas Rojas,Enchilada,ORDEN,7.00,939.00,4,3,0,0
2026-06-02,Salsa Verde,Guarnicion,ORDEN,1.00,0.00,1,0,0,0
2026-03-10,Café con Leche,Bebida,ORDEN,28.00,1176.00,3,0,0,0
2026-08-08,Orden Huevos Estrellados,Huevos,ORDEN,2.00,240.00,2,0,0,0
2026-03-30,Pieza Tortilla de Maíz,Guarnicion,ORDEN,1.00,5.00,1,0,0,0
2026-04-15,Bisquet,Otros,ORDEN,3.00,90.00,1,0,0,0
2026-07-03,Pieza Huevo Estrellado Tierno,Huevos,ORDEN,1.00,20.00,1,0,0,0
2026-03-27,Encremadas,Encremada,ORDEN,1.00,147.00,1,0,0,0
2026-05-26,1/2 Enmoladas,Enmolada,ORDEN,1.00,95.00,1,0,0,0
2026-08-20,Bocoles,Bocol,PIEZA,19.00,418.00,8,0,0,19.00
2026-03-15,Quesadillas (4 pzas.),Quesadilla,ORDEN,9.00,1441.00,4,1,1,0
2026-03-30,Café con Leche,Bebida,ORDEN,21.00,895.00,4,0,0,0
2026-08-30,Café con Leche,Bebida,ORDEN,41.00,1722.00,3,0,0,0
2026-07-27,Huevos Rancheros,Huevos,ORDEN,3.00,360.00,1,0,0,0
2026-05-14,Horchata 1 Litro,Bebida,ORDEN,1.00,69.00,1,0,0,0
2026-05-17,Jamaica 1 Litro,Bebida,ORDEN,2.00,118.00,1,0,0,0
2026-05-03,Huevos Rancheros,Huevos,ORDEN,2.00,240.00,1,0,0,0
2026-05-30,Enfrijoladas,Enfrijolada,ORDEN,2.00,411.00,2,2,2,0
2026-05-09,1/2 Enfrijoladas,Enfrijolada,ORDEN,1.00,130.00,1,1,0,0
2026-06-28,Tacos de Maiz,Taco,PIEZA,29.00,656.00,11,0,0,29.00
2026-04-12,Limón 1 Litro,Bebida,ORDEN,3.00,177.00,1,0,0,0
2026-09-02,Jamaica Vaso,Bebida,ORDEN,18.00,769.00,1,0,0,0
2026-04-27,Huevos Rancheros,Huevos,ORDEN,3.00,396.00,1,0,0,0
2026-08-27,Orden Huevos Estrellados,Huevos,ORDEN,1.00,120.00,1,0,0,0
2026-08-03,1/2 Empanadas (2 pzas.),Empanada,ORDEN,6.00,564.00,5,1,0,0
2026-06-25,Pieza Huevo Estrellado Tierno,Huevos,ORDEN,1.00,20.00,1,0,0,0
2026-03-27,Huevos con Deshebrada,Huevos,ORDEN,4.00,540.00,1,0,0,0
2026-07-04,Encremadas,Encremada,ORDEN,2.00,294.00,1,0,0,0
2026-08-11,PROMO 6 surtidas,Otros,ORDEN,3.00,324.00,1,0,0,0
2026-04-09,Jamaica 1 Litro,Bebida,ORDEN,1.00,77.00,1,0,0,0
2026-08-07,Quesadillas (4 pzas.),Quesadilla,ORDEN,9.00,1419.00,6,1,6,0
2026-03-01,1/2 Encremadas,Encremada,ORDEN,3.00,460.00,3,3,0,0
2026-06-06,Enmoladas,Enmolada,ORDEN,1.00,182.00,1,1,0,0
2026-05-07,Huevos a la Mexicana,Huevos,ORDEN,3.00,360.00,1,0,0,0
2026-05-10,Bisquet,Otros,ORDEN,3.00,90.00,1,0,0,0
2026-07-22,Jamaica 1 Litro,Bebida,ORDEN,1.00,59.00,1,0,0,0
2026-03-15,Bocoles,Bocol,PIEZA,67.00,1433.00,17,0,0,67.00
2026-04-06,Porción Frijol con Queso,Guarnicion,ORDEN,2.00,10.00,1,0,0,0
2026-07-30,Horchata Vaso,Bebida,ORDEN,8.00,336.00,1,0,0,0
2026-05-22,Enchiladas Rojas,Enchilada,ORDEN,2.00,367.00,2,3,2,0
2026-04-16,Gorditas,Gordita,PIEZA,160.00,3119.00,22,1,0,160.00
2026-05-26,Tacos de Harina,Taco,PIEZA,8.00,176.00,4,0,0,8.00
2026-06-17,Enchiladas Rojas,Enchilada,ORDEN,1.00,249.00,1,1,0,0
2026-06-24,Enchiladas Mixtas,Enchilada,ORDEN,2.00,294.00,2,0,1,0
2026-06-25,Café Negro,Bebida,ORDEN,10.00,420.00,1,0,0,0
2026-06-24,1/2 Enchiladas Mixtas (4 Piezas),Enchilada,ORDEN,2.00,273.00,2,1,0,0
2026-07-31,Café Negro,Bebida,ORDEN,13.00,546.00,1,0,0,0
2026-03-28,Orden Huevos Estrellados,Huevos,ORDEN,1.00,120.00,1,0,0,0
2026-08-26,Bocoles,Bocol,PIEZA,35.00,770.00,11,0,0,35.00
2026-03-04,Bisquet,Otros,ORDEN,5.00,150.00,1,0,0,0
2026-06-01,Empanadas (4 pzas.),Empanada,ORDEN,4.00,619.00,4,0,0,0
2026-05-17,Huevo Estrellado 2 pzas.,Huevos,ORDEN,3.00,105.00,1,0,0,0
2026-04-27,Limón Vaso,Bebida,ORDEN,12.00,504.00,1,0,0,0
2026-06-06,Gorditas,Gordita,PIEZA,234.00,4533.00,23,1,1,234.00
2026-06-07,Encremadas,Encremada,ORDEN,1.00,147.00,1,0,0,0
2026-07-30,1/2 Encremadas,Encremada,ORDEN,1.00,95.00,1,0,0,0
2026-06-20,Limón 1 Litro,Bebida,ORDEN,2.00,136.00,1,0,0,0
2026-03-07,Refresco 600 ml.,Bebida,ORDEN,16.00,636.00,5,0,0,0
2026-05-07,Refresco 600 ml.,Bebida,ORDEN,10.00,414.00,5,0,0,0
2026-09-04,Café con Leche,Bebida,ORDEN,25.00,1050.00,3,0,0,0
2026-03-09,Tacos de Harina,Taco,PIEZA,28.00,622.00,10,0,0,28.00
2026-06-19,Porción Frijol con Queso,Guarnicion,ORDEN,1.00,5.00,1,0,0,0
2026-04-15,Migada Guisado Normal,Migada,PIEZA,1.00,133.00,1,0,0,1.00
2026-08-15,1/2 Enchiladas Picositas,Enchilada,ORDEN,2.00,190.00,1,0,0,0
2026-04-06,Bisquet,Otros,ORDEN,5.00,150.00,2,0,0,0
2026-06-18,Horchata Vaso,Bebida,ORDEN,2.00,84.00,1,0,0,0
2026-08-16,Fuze Tea,Bebida,ORDEN,2.00,90.00,1,0,0,0
2026-04-05,Orden de Guisado de Carne,Guarnicion,ORDEN,1.00,135.00,1,0,0,0
2026-07-03,1/2 Quesadillas (2 pzas.),Quesadilla,ORDEN,1.00,86.00,1,0,0,0
2026-07-06,Pieza Huevo Estrellado Medio,Huevos,ORDEN,1.00,20.00,1,0,0,0
2026-08-02,Refresco 355 ml.,Bebida,ORDEN,5.00,175.00,2,0,0,0
2026-06-02,Plátano Frito,Otros,ORDEN,1.00,42.00,1,0,0,0
2026-06-29,Fuze Tea,Bebida,ORDEN,2.00,90.00,1,0,0,0
2026-04-03,Horchata 1 Litro,Bebida,ORDEN,2.00,138.00,1,0,0,0
2026-04-22,Huevos con Deshebrada,Huevos,ORDEN,1.00,135.00,1,0,0,0
2026-08-02,1/2 Enmoladas,Enmolada,ORDEN,5.00,743.00,4,2,2,0
2026-07-17,1/2 Entomatadas,Entomatada,ORDEN,5.00,851.00,3,3,1,0
2026-03-28,1/2 Empanadas (2 pzas.),Empanada,ORDEN,4.00,424.00,4,2,0,0
2026-06-22,Empanadas (4 pzas.),Empanada,ORDEN,6.00,864.00,6,1,1,0
2026-07-27,1/2 Quesadillas (2 pzas.),Quesadilla,ORDEN,5.00,430.00,1,0,0,0
2026-03-20,Orden Huevos Estrellados,Huevos,ORDEN,1.00,120.00,1,0,0,0
2026-03-22,Gorditas de Azúcar,Gordita,PIEZA,3.00,126.00,1,0,0,3.00
2026-06-10,Pieza de Pan Dulce,Guarnicion,ORDEN,2.00,56.00,1,0,0,0
2026-05-09,Pieza de Pan,Guarnicion,ORDEN,9.00,252.00,1,0,0,0
2026-06-14,Migada Guisado de Carne,Migada,PIEZA,7.00,1051.00,7,0,7,7.00
2026-06-15,Pieza Huevo Estrellado Cocido,Huevos,ORDEN,1.00,20.00,1,0,0,0
2026-05-22,Horchata Vaso,Bebida,ORDEN,8.00,336.00,1,0,0,0
2026-04-13,Pieza Encremada,Encremada,ORDEN,1.00,30.00,1,0,0,0
2026-03-13,Quesadillas (4 pzas.),Quesadilla,ORDEN,5.00,665.00,3,0,4,0
2026-04-11,Enchiladas Mixtas,Enchilada,ORDEN,2.00,498.00,2,2,0,0
2026-05-14,1/2 Enchiladas Picositas,Enchilada,ORDEN,2.00,190.00,1,0,0,0
2026-07-26,Gorditas,Gordita,PIEZA,278.00,5402.00,21,0,0,278.00
2026-08-13,Jamaica Vaso,Bebida,ORDEN,8.00,336.00,1,0,0,0
2026-05-24,Café Negro,Bebida,ORDEN,11.00,462.00,1,0,0,0
2026-06-14,Entomatadas,Entomatada,ORDEN,5.00,1106.00,3,3,0,0
2026-04-16,Pieza Huevo Estrellado Medio,Huevos,ORDEN,1.00,20.00,1,0,0,0
2026-07-25,Limón Vaso,Bebida,ORDEN,31.00,1302.00,1,0,0,0
2026-05-28,1/2 Enchiladas Mixtas (4 Piezas),Enchilada,ORDEN,5.00,802.00,5,4,0,0
2026-07-07,Horchata 1 Litro,Bebida,ORDEN,3.00,207.00,1,0,0,0
2026-04-12,Gorditas de Azúcar,Gordita,PIEZA,2.00,84.00,1,0,0,2.00
2026-07-13,Café Negro,Bebida,ORDEN,16.00,672.00,1,0,0,0
2026-06-27,Entomatadas,Entomatada,ORDEN,2.00,364.00,2,2,0,0
2026-05-04,Enmoladas,Enmolada,ORDEN,2.00,294.00,1,0,0,0
2026-05-10,1/2 Enchiladas Mixtas (4 Piezas),Enchilada,ORDEN,2.00,276.00,2,1,0,0
2026-03-16,Tacos de Maiz,Taco,PIEZA,34.00,757.00,14,0,0,34.00
2026-04-14,Café Negro,Bebida,ORDEN,11.00,462.00,1,0,0,0
2026-04-29,Café con Leche,Bebida,ORDEN,22.00,924.00,2,0,0,0
2026-06-18,Café con Leche,Bebida,ORDEN,33.00,1386.00,3,0,0,0
2026-05-04,1/2 Enfrijoladas,Enfrijolada,ORDEN,1.00,95.00,1,0,2,0
2026-07-18,Refresco 600 ml.,Bebida,ORDEN,21.00,819.00,8,0,0,0
2026-04-13,Guisado Infantil,Otros,ORDEN,1.00,38.00,1,0,0,0
2026-07-28,Jamaica Vaso,Bebida,ORDEN,18.00,756.00,1,0,0,0
2026-03-06,Orden Huevos Estrellados,Huevos,ORDEN,1.00,120.00,1,0,0,0
2026-07-17,Gorditas de Azúcar,Gordita,PIEZA,2.00,84.00,1,0,0,2.00
2026-04-11,Limón Vaso,Bebida,ORDEN,25.00,1050.00,1,0,0,0
2026-08-04,1/2 Enchiladas Picositas,Enchilada,ORDEN,2.00,327.00,2,2,0,0
2026-08-07,1/2 Enchiladas Rojas,Enchilada,ORDEN,7.00,875.00,6,5,6,0
2026-08-29,Gorditas Surtidas,Gordita,PIEZA,2.00,228.00,1,0,0,12.00
2026-05-16,Té de Manzanilla,Bebida,ORDEN,1.00,33.00,1,0,0,0
2026-05-27,Salsa Verde,Guarnicion,ORDEN,1.00,0.00,1,0,0,0
2026-08-28,1/2 Empanadas (2 pzas.),Empanada,ORDEN,1.00,94.00,1,0,2,0
2026-07-11,1/2 Enmoladas,Enmolada,ORDEN,1.00,130.00,1,1,0,0
2026-03-05,1/2 Quesadillas (2 pzas.),Quesadilla,ORDEN,4.00,344.00,1,0,0,0
2026-08-24,Gorditas,Gordita,PIEZA,182.00,3579.00,26,4,0,182.00
2026-08-26,Limón Vaso,Bebida,ORDEN,1.00,42.00,1,0,0,0
2026-05-02,Limón 1 Litro,Bebida,ORDEN,1.00,77.00,1,0,0,0
2026-07-28,Pieza Extra Empanada,Empanada,ORDEN,1.00,38.00,1,0,0,0
2026-09-02,Huevos con Deshebrada,Huevos,ORDEN,2.00,311.00,1,0,0,0
2026-08-12,Porción Ensalada,Guarnicion,ORDEN,1.00,25.00,1,0,0,0
2026-08-28,Empanadas (4 pzas.),Empanada,ORDEN,9.00,1296.00,9,6,5,0
2026-03-06,Jamaica Vaso,Bebida,ORDEN,10.00,420.00,1,0,0,0
2026-08-15,Horchata Vaso,Bebida,ORDEN,10.00,420.00,1,0,0,0
2026-07-07,Plátano Frito,Otros,ORDEN,1.00,42.00,1,0,0,0
2026-03-28,Huevos con Deshebrada,Huevos,ORDEN,1.00,135.00,1,0,0,0
2026-06-30,Café con Leche,Bebida,ORDEN,38.00,1596.00,3,0,0,0
2026-04-19,Refresco 355 ml.,Bebida,ORDEN,1.00,35.00,1,0,0,0
2026-08-10,Orden de Guisado Normal,Guarnicion,ORDEN,1.00,120.00,1,1,0,0
2026-08-31,Limón Vaso,Bebida,ORDEN,14.00,588.00,1,0,0,0
2026-05-01,Pieza Huevo Estrellado Medio,Huevos,ORDEN,1.00,20.00,1,0,0,0
2026-03-11,Entomatadas,Entomatada,ORDEN,2.00,329.00,2,1,0,0
2026-07-07,Pieza de Pan Dulce,Guarnicion,ORDEN,6.00,168.00,1,0,0,0
2026-07-21,Topo Chico 600 ml.,Bebida,ORDEN,2.00,78.00,1,0,0,0
2026-05-04,Salsa Habanera,Guarnicion,ORDEN,1.00,0.00,1,0,0,0
2026-08-30,1/2 Empanadas (2 pzas.),Empanada,ORDEN,9.00,874.00,9,1,1,0
2026-04-25,Refresco 600 ml.,Bebida,ORDEN,17.00,675.00,7,0,0,0
2026-08-23,Huevos a la Mexicana,Huevos,ORDEN,1.00,120.00,1,0,0,0
2026-03-22,Entomatadas,Entomatada,ORDEN,4.00,760.00,4,3,0,0
2026-05-02,Huevos a la Mexicana,Huevos,ORDEN,2.00,240.00,1,0,0,0
2026-03-17,Café Negro,Bebida,ORDEN,10.00,420.00,1,0,0,0
2026-07-13,Plátano Frito,Otros,ORDEN,1.00,42.00,1,0,0,0
2026-07-25,Refresco 600 ml.,Bebida,ORDEN,21.00,819.00,4,0,0,0
2026-07-14,Migada Guisado Normal,Migada,PIEZA,1.00,133.00,1,0,0,1.00
2026-04-14,Gorditas,Gordita,PIEZA,157.00,3036.00,22,0,1,157.00
2026-05-22,Refresco 600 ml.,Bebida,ORDEN,22.00,858.00,6,0,0,0
2026-03-20,Horchata 1 Litro,Bebida,ORDEN,1.00,69.00,1,0,0,0
2026-06-22,Limón 1 Litro,Bebida,ORDEN,7.00,467.00,1,0,0,0
2026-08-07,1/2 Enchiladas Mixtas (4 Piezas),Enchilada,ORDEN,3.00,392.00,3,1,0,0
2026-05-01,Café Negro,Bebida,ORDEN,18.00,756.00,1,0,0,0
2026-03-01,Entomatadas,Entomatada,ORDEN,5.00,931.00,4,3,5,0
2026-04-25,1/2 Enmoladas,Enmolada,ORDEN,3.00,355.00,3,2,1,0
2026-04-27,Horchata 1 Litro,Bebida,ORDEN,2.00,138.00,1,0,0,0
2026-08-05,Huevos con Deshebrada,Huevos,ORDEN,1.00,135.00,1,0,0,0
2026-06-09,Migada Guisado de Carne,Migada,PIEZA,5.00,763.00,5,0,2,5.00
2026-08-23,Tacos de Maiz,Taco,PIEZA,86.00,1904.00,20,0,0,86.00
2026-04-25,Salsa Roja,Guarnicion,ORDEN,5.00,0.00,1,0,0,0
2026-03-21,Bisquet,Otros,ORDEN,5.00,150.00,1,0,0,0
2026-03-01,Enchiladas Rojas,Enchilada,ORDEN,10.00,2033.00,8,9,3,0
2026-08-22,Pieza Huevo Estrellado Cocido,Huevos,ORDEN,1.00,20.00,1,0,0,0
2026-08-17,Empanadas (4 pzas.),Empanada,ORDEN,4.00,596.00,4,2,1,0
2026-03-09,Huevos Rancheros,Huevos,ORDEN,1.00,120.00,1,0,0,0
2026-04-01,Enchiladas Picositas,Enchilada,ORDEN,1.00,147.00,1,0,0,0
2026-08-19,Entomatadas,Entomatada,ORDEN,5.00,1039.00,5,4,2,0
2026-06-17,Orden Huevos Estrellados,Huevos,ORDEN,1.00,120.00,1,0,0,0
2026-07-03,1/2 Empanadas (2 pzas.),Empanada,ORDEN,2.00,188.00,2,0,0,0
2026-07-30,Café Negro,Bebida,ORDEN,6.00,252.00,1,0,0,0
2026-08-02,Pieza de Pan Dulce,Guarnicion,ORDEN,10.00,280.00,1,0,0,0
2026-06-27,Enchiladas Rojas,Enchilada,ORDEN,5.00,1012.00,5,4,2,0
2026-05-05,Café Negro,Bebida,ORDEN,9.00,378.00,1,0,0,0
2026-06-03,Café Negro,Bebida,ORDEN,10.00,420.00,1,0,0,0
2026-03-30,Migada Guisado de Carne,Migada,PIEZA,5.00,720.00,5,0,3,5.00
2026-04-22,1/2 Enchiladas Rojas,Enchilada,ORDEN,5.00,618.00,4,4,0,0
2026-09-04,1/2 Quesadillas (2 pzas.),Quesadilla,ORDEN,3.00,293.00,3,1,3,0
2026-03-13,Bisquet,Otros,ORDEN,4.00,120.00,1,0,0,0
2026-03-07,1/2 Entomatadas,Entomatada,ORDEN,11.00,1567.00,5,5,0,0
2026-06-18,Ciel 600 ml.,Bebida,ORDEN,5.00,175.00,1,0,0,0
2026-07-26,1/2 Enchiladas Rojas,Enchilada,ORDEN,7.00,1006.00,5,5,3,0
2026-05-20,Refresco 355 ml.,Bebida,ORDEN,6.00,210.00,2,0,0,0
2026-06-11,Limón Vaso,Bebida,ORDEN,14.00,588.00,1,0,0,0
2026-06-06,Porción Frijol con Queso,Guarnicion,ORDEN,1.00,5.00,1,0,0,0
2026-07-02,Enchiladas Rojas,Enchilada,ORDEN,4.00,804.00,4,3,1,0
2026-07-16,Limón 1 Litro,Bebida,ORDEN,1.00,59.00,1,0,0,0
2026-08-28,Migada Guisado de Carne,Migada,PIEZA,7.00,1008.00,7,0,6,7.00
2026-07-24,1/2 Enfrijoladas,Enfrijolada,ORDEN,2.00,190.00,1,0,0,0
2026-07-10,Pieza de Pan Dulce,Guarnicion,ORDEN,1.00,28.00,1,0,0,0
2026-08-08,Huevos a la Mexicana,Huevos,ORDEN,3.00,360.00,1,0,0,0
2026-05-16,Bisquet,Otros,ORDEN,6.00,180.00,2,0,0,0
2026-06-09,1/2 Enfrijoladas,Enfrijolada,ORDEN,1.00,130.00,1,1,0,0
2026-08-08,Enmoladas,Enmolada,ORDEN,1.00,249.00,1,1,0,0
2026-03-07,Pieza de Pan,Guarnicion,ORDEN,3.00,84.00,1,0,0,0
2026-07-04,Enchiladas Picositas,Enchilada,ORDEN,1.00,249.00,1,1,0,0
2026-04-12,Huevos a la Mexicana,Huevos,ORDEN,1.00,120.00,1,0,0,0
2026-07-09,Pieza de Pan Dulce,Guarnicion,ORDEN,4.00,112.00,1,0,0,0
2026-03-19,Migada Guisado Normal,Migada,PIEZA,1.00,133.00,1,0,0,1.00
2026-05-19,Pieza Huevo Estrellado Medio,Huevos,ORDEN,1.00,20.00,1,0,0,0
2026-08-17,Migada Guisado de Carne,Migada,PIEZA,4.00,576.00,4,0,1,4.00
2026-03-25,Ciel 600 ml.,Bebida,ORDEN,3.00,105.00,1,0,0,0
2026-04-27,Salsa Verde,Guarnicion,ORDEN,1.00,0.00,1,0,0,0
2026-07-12,1/2 Entomatadas,Entomatada,ORDEN,7.00,939.00,5,4,2,0
2026-04-28,PROMO 6 surtidas,Otros,ORDEN,2.00,216.00,1,0,0,0
2026-04-12,Fuze Tea,Bebida,ORDEN,1.00,45.00,1,0,0,0
2026-06-08,Pieza Huevo Estrellado Tierno,Huevos,ORDEN,1.00,20.00,1,0,0,0
2026-06-27,Ciel 600 ml.,Bebida,ORDEN,2.00,70.00,1,0,0,0
2026-07-18,Bocoles,Bocol,PIEZA,118.00,2635.00,17,0,0,118.00
2026-06-18,Café Negro,Bebida,ORDEN,16.00,672.00,2,0,0,0
2026-08-13,Enchiladas Mixtas,Enchilada,ORDEN,2.00,431.00,2,2,1,0
2026-08-28,Orden de Guisado de Carne,Guarnicion,ORDEN,1.00,135.00,1,1,0,0
2026-03-09,1/2 Entomatadas,Entomatada,ORDEN,1.00,197.00,1,1,0,0
2026-04-18,Horchata Vaso,Bebida,ORDEN,4.00,168.00,1,0,0,0
2026-06-05,Café con Leche,Bebida,ORDEN,25.00,1050.00,1,0,0,0
2026-03-20,1/2 Enchiladas Mixtas (4 Piezas),Enchilada,ORDEN,4.00,546.00,4,2,0,0
2026-07-21,Jamaica 1 Litro,Bebida,ORDEN,1.00,59.00,1,0,0,0
2026-06-15,1/2 Quesadillas (2 pzas.),Quesadilla,ORDEN,6.00,516.00,2,0,1,0
2026-06-25,Jamaica 1 Litro,Bebida,ORDEN,2.00,118.00,1,0,0,0
2026-06-28,Jamaica 1 Litro,Bebida,ORDEN,2.00,118.00,1,0,0,0
2026-05-27,Huevos con Deshebrada,Huevos,ORDEN,1.00,135.00,1,0,0,0
2026-06-30,Quesadillas (4 pzas.),Quesadilla,ORDEN,8.00,1064.00,3,0,3,0
2026-09-05,1/2 Enfrijoladas,Enfrijolada,ORDEN,2.00,190.00,1,0,0,0
2026-08-25,Pieza Huevo Estrellado Tierno,Huevos,ORDEN,1.00,20.00,1,0,0,0
2026-03-04,Enmoladas,Enmolada,ORDEN,2.00,294.00,1,0,0,0
2026-03-14,Café Negro,Bebida,ORDEN,7.00,294.00,1,0,0,0
2026-07-17,Entomatadas,Entomatada,ORDEN,4.00,871.00,3,2,0,0
2026-07-23,1/2 Enchiladas Rojas,Enchilada,ORDEN,7.00,872.00,5,3,1,0
2026-03-17,Huevos Rancheros,Huevos,ORDEN,2.00,240.00,1,0,0,0
2026-04-02,Enchiladas Rojas,Enchilada,ORDEN,6.00,1261.00,4,3,2,0
2026-08-27,Jamaica Vaso,Bebida,ORDEN,17.00,714.00,1,0,0,0
2026-04-30,Limón 1 Litro,Bebida,ORDEN,1.00,59.00,1,0,0,0
2026-04-16,Porción Frijol con Queso,Guarnicion,ORDEN,2.00,10.00,1,0,0,0
2026-05-08,1/2 Empanadas (2 pzas.),Empanada,ORDEN,4.00,404.00,4,2,1,0
2026-05-20,Bocoles,Bocol,PIEZA,40.00,900.00,15,0,0,40.00
2026-07-01,Topo Chico 600 ml.,Bebida,ORDEN,1.00,39.00,1,0,0,0
2026-08-16,Gorditas de Azúcar,Gordita,PIEZA,6.00,252.00,1,0,0,6.00
2026-04-23,Huevos con Deshebrada,Huevos,ORDEN,5.00,675.00,1,0,0,0
2026-04-12,Bisquet,Otros,ORDEN,4.00,120.00,1,0,0,0
2026-06-14,Encremadas,Encremada,ORDEN,1.00,185.00,1,1,0,0
2026-07-02,1/2 Empanadas (2 pzas.),Empanada,ORDEN,3.00,282.00,3,0,0,0
2026-04-08,Café Negro,Bebida,ORDEN,8.00,336.00,2,0,0,0
2026-04-01,Gorditas,Gordita,PIEZA,179.00,3451.00,22,0,0,179.00
2026-07-09,Gorditas,Gordita,PIEZA,169.00,3316.00,22,1,0,169.00
2026-08-03,Pieza Huevo Estrellado Cocido,Huevos,ORDEN,1.00,20.00,1,0,0,0
2026-08-09,1/2 Encremadas,Encremada,ORDEN,4.00,686.00,2,1,0,0
2026-05-16,Café con Leche,Bebida,ORDEN,33.00,1386.00,2,0,0,0
2026-03-29,Quesadillas (4 pzas.),Quesadilla,ORDEN,6.00,838.00,3,0,2,0
2026-03-06,1/2 Quesadillas (2 pzas.),Quesadilla,ORDEN,7.00,841.00,6,3,9,0
2026-07-15,PROMO 6 surtidas,Otros,ORDEN,3.00,324.00,1,0,0,0
2026-06-01,Enmoladas,Enmolada,ORDEN,2.00,396.00,2,1,0,0
2026-04-13,Ciel 600 ml.,Bebida,ORDEN,2.00,70.00,1,0,0,0
2026-05-27,Refresco 355 ml.,Bebida,ORDEN,2.00,70.00,1,0,0,0
2026-06-21,Migada Guisado Normal,Migada,PIEZA,1.00,133.00,1,0,1,1.00
2026-05-07,Refresco 355 ml.,Bebida,ORDEN,3.00,105.00,1,0,0,0
2026-07-18,1/2 Encremadas,Encremada,ORDEN,2.00,225.00,2,1,0,0
2026-03-06,Limón Vaso,Bebida,ORDEN,15.00,630.00,1,0,0,0
2026-06-02,Pieza de Pan,Guarnicion,ORDEN,6.00,168.00,1,0,0,0
2026-03-16,1/2 Empanadas (2 pzas.),Empanada,ORDEN,5.00,470.00,5,1,0,0
2026-04-01,Gorditas Surtidas,Gordita,PIEZA,1.00,76.00,1,0,0,4.00
2026-04-29,Limón 1 Litro,Bebida,ORDEN,1.00,77.00,1,0,0,0
2026-06-11,1/2 Empanadas (2 pzas.),Empanada,ORDEN,1.00,94.00,1,0,0,0
2026-08-20,Tacos de Harina,Taco,PIEZA,9.00,241.00,5,1,0,9.00
2026-08-25,1/2 Quesadillas (2 pzas.),Quesadilla,ORDEN,6.00,516.00,4,0,9,0
2026-04-07,Migada Guisado de Carne,Migada,PIEZA,10.00,1483.00,8,0,4,10.00
2026-03-26,1/2 Enmoladas,Enmolada,ORDEN,2.00,330.00,2,2,1,0
2026-03-29,Plátano Frito,Otros,ORDEN,2.00,84.00,1,0,0,0
2026-04-30,Empanadas (4 pzas.),Empanada,ORDEN,7.00,1094.00,7,1,7,0
2026-08-13,Huevos Rancheros,Huevos,ORDEN,1.00,120.00,1,0,0,0
2026-09-04,1/2 Enchiladas Picositas,Enchilada,ORDEN,1.00,197.00,1,1,0,0
2026-08-27,1/2 Entomatadas,Entomatada,ORDEN,1.00,130.00,1,1,1,0
2026-03-23,1/2 Enchiladas Rojas,Enchilada,ORDEN,1.00,95.00,1,0,0,0
2026-06-09,Pieza Extra Quesadilla,Quesadilla,ORDEN,1.00,35.00,1,0,0,0
2026-03-27,1/2 Empanadas (2 pzas.),Empanada,ORDEN,3.00,282.00,3,1,2,0
2026-04-03,Entomatadas,Entomatada,ORDEN,2.00,431.00,2,2,0,0
2026-08-02,Aguacate Extra,Otros,ORDEN,4.00,60.00,1,0,0,0
2026-03-11,Jamaica 1 Litro,Bebida,ORDEN,1.00,77.00,1,0,0,0
2026-03-25,1/2 Enchiladas Picositas,Enchilada,ORDEN,1.00,197.00,1,1,0,0
2026-03-26,Bocoles,Bocol,PIEZA,36.00,869.00,14,4,0,36.00
2026-07-15,Plátano Frito,Otros,ORDEN,2.00,84.00,2,0,0,0
2026-03-14,Quesadillas (4 pzas.),Quesadilla,ORDEN,5.00,705.00,3,0,2,0
2026-04-24,Fuze Tea,Bebida,ORDEN,2.00,90.00,1,0,0,0
2026-04-01,Huevos Rancheros,Huevos,ORDEN,3.00,360.00,1,0,0,0
2026-04-25,Café con Leche,Bebida,ORDEN,43.00,1819.00,4,0,0,0
2026-08-09,Tacos de Harina,Taco,PIEZA,37.00,845.00,14,2,0,37.00
2026-03-17,Pieza Huevo Estrellado Medio,Huevos,ORDEN,1.00,20.00,1,0,0,0
2026-05-17,Huevos a la Mexicana,Huevos,ORDEN,3.00,360.00,1,0,0,0
2026-08-25,Empanadas (4 pzas.),Empanada,ORDEN,4.00,576.00,4,1,1,0
2026-04-19,Bocoles,Bocol,PIEZA,135.00,3029.00,21,0,2,135.00
2026-09-01,Limón Vaso,Bebida,ORDEN,6.00,252.00,1,0,0,0
2026-05-07,Jamaica 1 Litro,Bebida,ORDEN,1.00,77.00,1,0,0,0
2026-03-30,Empanadas (4 pzas.),Empanada,ORDEN,1.00,144.00,1,0,0,0
2026-06-14,Huevos a la Mexicana,Huevos,ORDEN,1.00,120.00,1,0,0,0
2026-06-25,Migada Guisado Normal,Migada,PIEZA,2.00,266.00,2,0,2,2.00
2026-03-11,Tacos de Harina,Taco,PIEZA,22.00,521.00,9,2,0,22.00
2026-04-02,Tacos de Maiz,Taco,PIEZA,32.00,720.00,14,1,0,32.00
2026-06-01,Entomatadas,Entomatada,ORDEN,2.00,367.00,2,2,0,0
2026-06-08,Café con Leche,Bebida,ORDEN,40.00,1680.00,4,0,0,0
2026-05-02,Limón Vaso,Bebida,ORDEN,25.00,1050.00,1,0,0,0
2026-08-08,Salsa Habanera,Guarnicion,ORDEN,1.00,1.00,1,0,0,0
2026-04-08,Quesadillas (4 pzas.),Quesadilla,ORDEN,3.00,399.00,2,0,1,0
2026-07-15,1/2 Quesadillas (2 pzas.),Quesadilla,ORDEN,4.00,344.00,3,0,4,0
2026-04-14,Refresco 600 ml.,Bebida,ORDEN,13.00,507.00,5,0,0,0
2026-04-25,1/2 Quesadillas (2 pzas.),Quesadilla,ORDEN,6.00,551.00,4,1,3,0
2026-03-15,Enchiladas Mixtas,Enchilada,ORDEN,4.00,865.00,4,4,4,0
2026-08-28,Fuze Tea,Bebida,ORDEN,2.00,90.00,1,0,0,0
2026-08-27,Refresco 355 ml.,Bebida,ORDEN,1.00,35.00,1,0,0,0
2026-06-06,Pieza Huevo Estrellado Cocido,Huevos,ORDEN,1.00,20.00,1,0,0,0
2026-08-30,Aguacate Extra,Otros,ORDEN,1.00,15.00,1,0,0,0
2026-08-29,Empanadas (4 pzas.),Empanada,ORDEN,6.00,942.00,6,3,3,0
2026-08-18,1/2 Entomatadas,Entomatada,ORDEN,6.00,815.00,5,4,1,0
2026-03-01,Tacos de Maiz,Taco,PIEZA,33.00,732.00,14,0,0,33.00
2026-07-24,Entomatadas,Entomatada,ORDEN,4.00,862.00,4,4,1,0
2026-05-14,Entomatadas,Entomatada,ORDEN,1.00,182.00,1,1,1,0
2026-04-09,Huevos Rancheros,Huevos,ORDEN,2.00,240.00,1,0,0,0
2026-07-18,Enchiladas Rojas,Enchilada,ORDEN,4.00,725.00,3,2,0,0
2026-04-03,Limón 1 Litro,Bebida,ORDEN,1.00,59.00,1,0,0,0
2026-06-05,1/2 Quesadillas (2 pzas.),Quesadilla,ORDEN,5.00,465.00,4,1,5,0
2026-06-09,Pieza Huevo Estrellado Medio,Huevos,ORDEN,2.00,40.00,1,0,0,0
2026-03-29,Tacos de Maiz,Taco,PIEZA,62.00,1390.00,19,1,0,62.00
2026-08-06,Refresco 355 ml.,Bebida,ORDEN,5.00,175.00,2,0,0,0
2026-08-23,Limón Vaso,Bebida,ORDEN,21.00,882.00,1,0,0,0
2026-05-03,1/2 Empanadas (2 pzas.),Empanada,ORDEN,8.00,762.00,8,3,2,0
2026-03-28,Ciel 600 ml.,Bebida,ORDEN,4.00,140.00,1,0,0,0
2026-05-26,Empanadas (4 pzas.),Empanada,ORDEN,4.00,576.00,4,0,1,0
2026-03-17,PROMO 6 surtidas,Otros,ORDEN,1.00,108.00,1,0,0,0
2026-03-01,Bisquet,Otros,ORDEN,14.00,420.00,1,0,0,0
2026-04-06,Aguacate Extra,Otros,ORDEN,2.00,30.00,1,0,0,0
2026-03-19,Guisado Infantil,Otros,ORDEN,1.00,38.00,1,0,0,0
2026-08-05,Enchiladas Mixtas,Enchilada,ORDEN,1.00,147.00,1,0,0,0
2026-04-04,Orden de Guisado de Carne,Guarnicion,ORDEN,2.00,270.00,2,0,0,0
2026-06-27,Huevos a la Mexicana,Huevos,ORDEN,1.00,120.00,1,0,0,0
2026-05-21,Jamaica Vaso,Bebida,ORDEN,6.00,252.00,1,0,0,0
2026-05-25,Limón Vaso,Bebida,ORDEN,22.00,924.00,1,0,0,0
2026-06-19,Limón Vaso,Bebida,ORDEN,24.00,1008.00,1,0,0,0
2026-03-13,Bocoles,Bocol,PIEZA,45.00,990.00,14,0,0,45.00
2026-07-22,Bistec 1 Pza.,Otros,ORDEN,1.00,102.00,1,0,0,0
2026-07-31,Limón 1 Litro,Bebida,ORDEN,1.00,77.00,1,0,0,0
2026-06-13,Horchata 1 Litro,Bebida,ORDEN,2.00,159.00,1,0,0,0
2026-07-12,Huevos con Deshebrada,Huevos,ORDEN,1.00,135.00,1,0,0,0
2026-06-17,Tacos de Maiz,Taco,PIEZA,16.00,370.00,8,0,0,16.00
2026-04-05,Enfrijoladas,Enfrijolada,ORDEN,1.00,249.00,1,1,0,0
2026-07-12,Limón 1 Litro,Bebida,ORDEN,1.00,59.00,1,0,0,0
2026-04-20,1/2 Entomatadas,Entomatada,ORDEN,5.00,539.00,3,1,1,0
2026-07-01,PROMO 6 surtidas,Otros,ORDEN,7.00,756.00,1,0,0,0
2026-07-07,Entomatadas,Entomatada,ORDEN,1.00,147.00,1,0,1,0
2026-07-16,Café con Leche,Bebida,ORDEN,28.00,1176.00,1,0,0,0
2026-05-20,Refresco 600 ml.,Bebida,ORDEN,4.00,156.00,2,0,0,0
2026-04-13,Refresco 355 ml.,Bebida,ORDEN,4.00,140.00,1,0,0,0
2026-03-01,Bocoles,Bocol,PIEZA,112.00,2512.00,20,0,0,112.00
2026-08-09,Huevos con Deshebrada,Huevos,ORDEN,2.00,270.00,1,0,0,0
2026-05-05,Orden de Guisado Normal,Guarnicion,ORDEN,1.00,120.00,1,1,0,0
2026-03-03,Bocoles,Bocol,PIEZA,66.00,1470.00,19,2,2,66.00
2026-04-27,Jamaica Vaso,Bebida,ORDEN,9.00,378.00,1,0,0,0
2026-05-15,Huevos a la Mexicana,Huevos,ORDEN,1.00,120.00,1,0,0,0
2026-07-16,Pieza Huevo Estrellado Cocido,Huevos,ORDEN,1.00,20.00,1,0,0,0
2026-08-25,Huevos con Deshebrada,Huevos,ORDEN,2.00,270.00,1,0,0,0
2026-09-05,1/2 Enchiladas Rojas,Enchilada,ORDEN,12.00,1429.00,10,7,7,0
2026-05-21,1/2 Empanadas (2 pzas.),Empanada,ORDEN,1.00,94.00,1,0,0,0
2026-07-09,Limón Vaso,Bebida,ORDEN,10.00,446.00,1,0,0,0
2026-06-02,Limón Vaso,Bebida,ORDEN,19.00,798.00,1,0,0,0
2026-08-03,1/2 Enfrijoladas,Enfrijolada,ORDEN,3.00,387.00,3,1,2,0
2026-08-29,Tacos de Maiz,Taco,PIEZA,69.00,1551.00,15,0,0,69.00
2026-03-05,Café con Leche,Bebida,ORDEN,31.00,1302.00,3,0,0,0
2026-08-08,1/2 Enchiladas Rojas,Enchilada,ORDEN,3.00,358.00,3,2,0,0
2026-05-08,Gorditas de Azúcar,Gordita,PIEZA,1.00,42.00,1,0,0,1.00
2026-06-05,Enchiladas Picositas,Enchilada,ORDEN,1.00,147.00,1,0,0,0
2026-07-01,1/2 Encremadas,Encremada,ORDEN,2.00,228.00,2,1,0,0
2026-04-22,Migada Guisado de Carne,Migada,PIEZA,9.00,1296.00,8,0,1,9.00
2026-06-14,Bocoles,Bocol,PIEZA,189.00,4232.00,25,1,2,189.00
2026-06-26,Gorditas de Azúcar,Gordita,PIEZA,1.00,42.00,1,0,0,1.00
2026-03-26,Tacos de Maiz,Taco,PIEZA,10.00,220.00,6,0,0,10.00
2026-04-24,Pieza Extra Quesadilla,Quesadilla,ORDEN,1.00,35.00,1,0,0,0
2026-04-30,1/2 Enchiladas Mixtas (4 Piezas),Enchilada,ORDEN,1.00,154.00,1,1,0,0
2026-03-28,Enmoladas,Enmolada,ORDEN,1.00,147.00,1,0,0,0
2026-07-03,Gorditas,Gordita,PIEZA,174.00,3383.00,24,0,2,174.00
2026-08-12,Ciel 600 ml.,Bebida,ORDEN,1.00,35.00,1,0,0,0
2026-03-06,Bocoles,Bocol,PIEZA,67.00,1498.00,21,0,3,67.00
2026-04-17,1/2 Entomatadas,Entomatada,ORDEN,2.00,260.00,2,2,0,0
2026-07-11,Enfrijoladas,Enfrijolada,ORDEN,1.00,185.00,1,1,0,0
2026-07-19,Pieza Tortilla de Harina,Guarnicion,ORDEN,2.00,10.00,1,0,0,0
2026-04-23,Bocoles,Bocol,PIEZA,38.00,856.00,15,0,0,38.00
2026-04-27,Quesadillas (4 pzas.),Quesadilla,ORDEN,2.00,266.00,1,0,0,0
2026-06-02,Tacos de Harina,Taco,PIEZA,21.00,462.00,12,0,0,21.00
2026-05-20,Migada Guisado de Carne,Migada,PIEZA,8.00,1152.00,7,0,1,8.00
2026-03-13,1/2 Enchiladas Rojas,Enchilada,ORDEN,4.00,327.00,3,2,1,0
2026-05-28,Bocoles,Bocol,PIEZA,31.00,727.00,14,0,0,31.00
2026-06-30,Zanahorias p/llevar,Otros,ORDEN,1.00,0.00,1,0,0,0
2026-03-10,Migada Guisado de Carne,Migada,PIEZA,7.00,1051.00,6,0,9,7.00
2026-07-02,Enmoladas,Enmolada,ORDEN,2.00,396.00,2,1,0,0
2026-08-19,Bocoles,Bocol,PIEZA,49.00,1108.00,18,0,4,49.00
2026-05-09,Migada Guisado Normal,Migada,PIEZA,1.00,133.00,1,0,1,1.00
2026-07-17,Migada Guisado Normal,Migada,PIEZA,1.00,133.00,1,0,0,1.00
2026-05-24,Enchiladas Mixtas,Enchilada,ORDEN,4.00,842.00,4,4,2,0
2026-06-12,Refresco 600 ml.,Bebida,ORDEN,12.00,480.00,3,0,0,0
2026-08-24,Tacos de Maiz,Taco,PIEZA,31.00,702.00,15,1,0,31.00
2026-03-07,Jamaica Vaso,Bebida,ORDEN,19.00,798.00,1,0,0,0
2026-06-17,Jamaica 1 Litro,Bebida,ORDEN,2.00,118.00,1,0,0,0
2026-09-02,Refresco 600 ml.,Bebida,ORDEN,12.00,468.00,2,0,0,0
2026-08-31,Orden Huevos Revueltos,Huevos,ORDEN,1.00,120.00,1,0,0,0
2026-08-02,Pieza Huevo Estrellado Cocido,Huevos,ORDEN,2.00,40.00,1,0,0,0
2026-05-26,Pieza Extra Quesadilla,Quesadilla,ORDEN,1.00,35.00,1,0,0,0
2026-05-08,Café con Leche,Bebida,ORDEN,46.00,1932.00,4,0,0,0
2026-03-06,Bistec 1 Pza.,Otros,ORDEN,1.00,102.00,1,0,0,0
2026-08-09,Jamaica 1 Litro,Bebida,ORDEN,3.00,195.00,1,0,0,0
2026-09-04,Pieza Tortilla de Maíz,Guarnicion,ORDEN,1.00,5.00,1,0,0,0
2026-06-26,Café Negro,Bebida,ORDEN,20.00,840.00,1,0,0,0
2026-08-07,Enchiladas Picositas,Enchilada,ORDEN,2.00,364.00,2,2,0,0
2026-08-06,Salsa Habanera,Guarnicion,ORDEN,1.00,10.00,1,0,0,0
2026-06-09,Porción Ensalada,Guarnicion,ORDEN,1.00,25.00,1,0,0,0
2026-05-18,1/2 Entomatadas,Entomatada,ORDEN,4.00,450.00,3,1,1,0
2026-04-17,Huevo Estrellado 2 pzas.,Huevos,ORDEN,2.00,70.00,1,0,0,0
2026-04-22,Refresco 355 ml.,Bebida,ORDEN,7.00,245.00,1,0,0,0
2026-05-21,Bocoles,Bocol,PIEZA,63.00,1398.00,17,0,0,63.00
2026-06-04,Pieza Huevo Estrellado Tierno,Huevos,ORDEN,2.00,40.00,1,0,0,0
2026-08-16,Enchiladas Mixtas,Enchilada,ORDEN,8.00,1555.00,6,6,0,0
2026-06-27,1/2 Enfrijoladas,Enfrijolada,ORDEN,1.00,95.00,1,0,0,0
2026-05-13,Horchata Vaso,Bebida,ORDEN,5.00,210.00,1,0,0,0
2026-07-14,Tacos de Maiz,Taco,PIEZA,19.00,418.00,9,0,0,19.00
2026-05-04,Plátano Frito,Otros,ORDEN,1.00,42.00,1,0,0,0
2026-08-30,Bocoles,Bocol,PIEZA,98.00,2180.00,23,0,5,98.00
2026-04-05,Entomatadas,Entomatada,ORDEN,2.00,367.00,2,2,3,0
2026-08-24,Ciel 600 ml.,Bebida,ORDEN,3.00,105.00,1,0,0,0
2026-06-26,Horchata Vaso,Bebida,ORDEN,4.00,181.00,1,0,0,0
2026-04-04,Bistec 1 Pza.,Otros,ORDEN,1.00,102.00,1,0,0,0
2026-08-12,Gorditas,Gordita,PIEZA,163.00,3141.00,22,1,0,163.00
2026-08-29,Refresco 600 ml.,Bebida,ORDEN,17.00,663.00,6,0,0,0
2026-05-30,Fuze Tea,Bebida,ORDEN,3.00,135.00,1,0,0,0
2026-08-25,Horchata Vaso,Bebida,ORDEN,6.00,265.00,1,0,0,0
2026-08-13,Porción Leche,Guarnicion,ORDEN,1.00,15.00,1,0,0,0
2026-04-25,Empanadas (4 pzas.),Empanada,ORDEN,6.00,864.00,6,3,3,0
2026-07-19,Salsa Roja,Guarnicion,ORDEN,2.00,20.00,1,0,0,0
2026-03-31,Enchiladas Mixtas,Enchilada,ORDEN,2.00,431.00,2,2,0,0
2026-05-28,Refresco 600 ml.,Bebida,ORDEN,8.00,312.00,3,0,0,0
2026-05-06,Migada Guisado de Carne,Migada,PIEZA,12.00,1771.00,8,0,4,12.00
2026-04-09,1/2 Entomatadas,Entomatada,ORDEN,5.00,475.00,2,0,1,0
2026-07-12,Jamaica Vaso,Bebida,ORDEN,23.00,966.00,1,0,0,0
2026-04-11,Bisquet,Otros,ORDEN,5.00,150.00,2,0,0,0
2026-06-14,Enchiladas Rojas,Enchilada,ORDEN,2.00,294.00,2,0,2,0
2026-04-10,Migada Guisado de Carne,Migada,PIEZA,3.00,518.00,3,0,4,3.00
2026-03-12,Entomatadas,Entomatada,ORDEN,3.00,762.00,3,4,3,0
2026-07-19,Entomatadas,Entomatada,ORDEN,1.00,182.00,1,1,1,0
2026-06-03,Jamaica 1 Litro,Bebida,ORDEN,2.00,118.00,1,0,0,0
2026-08-24,1/2 Empanadas (2 pzas.),Empanada,ORDEN,1.00,94.00,1,0,0,0
2026-03-05,Limón Vaso,Bebida,ORDEN,9.00,378.00,1,0,0,0
2026-03-30,Quesadillas (4 pzas.),Quesadilla,ORDEN,3.00,399.00,1,0,0,0
2026-05-18,Huevos Rancheros,Huevos,ORDEN,1.00,120.00,1,0,0,0
2026-03-18,Porción Frijol con Queso,Guarnicion,ORDEN,1.00,5.00,1,0,0,0
2026-07-28,Pieza de Pan Dulce,Guarnicion,ORDEN,5.00,140.00,1,0,0,0
2026-08-09,1/2 Empanadas (2 pzas.),Empanada,ORDEN,3.00,282.00,3,0,0,0
2026-04-25,1/2 Entomatadas,Entomatada,ORDEN,7.00,942.00,4,3,0,0
2026-07-27,1/2 Empanadas (2 pzas.),Empanada,ORDEN,6.00,564.00,6,2,0,0
2026-07-14,1/2 Enfrijoladas,Enfrijolada,ORDEN,2.00,190.00,1,0,0,0
2026-03-27,Quesadillas (4 pzas.),Quesadilla,ORDEN,5.00,745.00,3,0,6,0
2026-05-17,1/2 Empanadas (2 pzas.),Empanada,ORDEN,2.00,198.00,2,1,0,0
2026-08-21,Quesadillas (4 pzas.),Quesadilla,ORDEN,4.00,572.00,2,0,1,0
2026-07-23,Café con Leche,Bebida,ORDEN,21.00,882.00,3,0,0,0
2026-06-18,Refresco 600 ml.,Bebida,ORDEN,16.00,636.00,7,0,0,0
2026-07-20,Refresco 355 ml.,Bebida,ORDEN,1.00,35.00,1,0,0,0
2026-08-27,Pieza de Pan Dulce,Guarnicion,ORDEN,5.00,140.00,1,0,0,0
2026-05-19,Huevos a la Mexicana,Huevos,ORDEN,3.00,360.00,1,0,0,0
2026-05-22,Ciel 600 ml.,Bebida,ORDEN,4.00,140.00,1,0,0,0
2026-05-25,Café Negro,Bebida,ORDEN,12.00,504.00,1,0,0,0
2026-06-12,Tacos de Harina,Taco,PIEZA,36.00,798.00,15,0,1,36.00
2026-03-18,1/2 Quesadillas (2 pzas.),Quesadilla,ORDEN,1.00,86.00,1,0,0,0
2026-04-29,Migada Guisado Normal,Migada,PIEZA,1.00,133.00,1,0,1,1.00
2026-03-25,Bocoles,Bocol,PIEZA,29.00,652.00,13,0,1,29.00
2026-06-24,Tacos de Harina,Taco,PIEZA,31.00,722.00,13,2,0,31.00
2026-06-14,Pieza Enchilada Roja,Enchilada,ORDEN,1.00,30.00,1,0,0,0
2026-04-03,Café Negro,Bebida,ORDEN,9.00,378.00,1,0,0,0
2026-06-30,Refresco 355 ml.,Bebida,ORDEN,10.00,350.00,2,0,0,0
2026-04-23,Empanadas (4 pzas.),Empanada,ORDEN,3.00,432.00,3,1,1,0
2026-05-03,Pieza de Pan,Guarnicion,ORDEN,6.00,168.00,1,0,0,0
2026-04-28,1/2 Entomatadas,Entomatada,ORDEN,3.00,489.00,2,1,1,0
2026-06-03,1/2 Entomatadas,Entomatada,ORDEN,1.00,130.00,1,1,0,0
2026-07-05,Pieza Extra Quesadilla,Quesadilla,ORDEN,1.00,35.00,1,0,0,0
2026-03-23,Café con Leche,Bebida,ORDEN,15.00,630.00,2,0,0,0
2026-06-27,1/2 Quesadillas (2 pzas.),Quesadilla,ORDEN,8.00,723.00,6,1,8,0
2026-03-09,Gorditas de Azúcar,Gordita,PIEZA,2.00,84.00,1,0,0,2.00
2026-03-05,Encremadas,Encremada,ORDEN,1.00,182.00,1,1,0,0
2026-04-05,Pieza de Pan,Guarnicion,ORDEN,5.00,140.00,1,0,0,0
2026-05-21,Horchata Vaso,Bebida,ORDEN,4.00,168.00,1,0,0,0
2026-03-11,Huevo Estrellado 2 pzas.,Huevos,ORDEN,2.00,70.00,1,0,0,0
2026-06-11,Pieza de Pan Dulce,Guarnicion,ORDEN,4.00,112.00,1,0,0,0
2026-03-16,Pieza de Pan,Guarnicion,ORDEN,5.00,140.00,1,0,0,0
2026-03-19,Café Negro,Bebida,ORDEN,27.00,1134.00,2,0,0,0
2026-08-15,Pieza Tortilla de Maíz,Guarnicion,ORDEN,1.00,5.00,1,0,0,0
2026-06-28,Enmoladas,Enmolada,ORDEN,5.00,881.00,3,2,1,0
2026-06-10,1/2 Quesadillas (2 pzas.),Quesadilla,ORDEN,4.00,344.00,3,0,6,0
2026-09-01,Empanadas (4 pzas.),Empanada,ORDEN,2.00,331.00,2,1,3,0
2026-06-11,Topo Chico 600 ml.,Bebida,ORDEN,1.00,39.00,1,0,0,0
2026-03-15,Limón Vaso,Bebida,ORDEN,19.00,798.00,1,0,0,0
2026-07-26,Refresco 355 ml.,Bebida,ORDEN,1.00,35.00,1,0,0,0
2026-07-27,1/2 Enchiladas Picositas,Enchilada,ORDEN,2.00,225.00,2,1,0,0
2026-05-01,1/2 Enchiladas Rojas,Enchilada,ORDEN,11.00,1357.00,8,5,4,0
2026-04-28,Gorditas,Gordita,PIEZA,111.00,2175.00,19,1,0,111.00
2026-03-31,PROMO 6 surtidas,Otros,ORDEN,5.00,540.00,1,0,0,0
2026-08-11,Bocoles,Bocol,PIEZA,52.00,1144.00,16,0,0,52.00
2026-07-14,Limón 1 Litro,Bebida,ORDEN,2.00,136.00,1,0,0,0
2026-08-26,Gorditas de Azúcar,Gordita,PIEZA,5.00,210.00,1,0,0,5.00
2026-03-15,Gorditas Surtidas,Gordita,PIEZA,1.00,95.00,1,0,0,5.00
2026-05-25,Tacos de Harina,Taco,PIEZA,13.00,298.00,5,0,0,13.00
2026-08-12,Refresco 600 ml.,Bebida,ORDEN,23.00,897.00,4,0,0,0
2026-05-30,Migada Guisado de Carne,Migada,PIEZA,6.00,864.00,6,0,3,6.00
2026-06-06,Pieza Huevo Estrellado Tierno,Huevos,ORDEN,1.00,20.00,1,0,0,0
2026-08-14,Bocoles,Bocol,PIEZA,77.00,1709.00,18,1,0,77.00
2026-04-21,Ciel 600 ml.,Bebida,ORDEN,1.00,35.00,1,0,0,0
2026-07-05,Refresco 355 ml.,Bebida,ORDEN,3.00,105.00,2,0,0,0
2026-08-10,Gorditas,Gordita,PIEZA,209.00,4065.00,27,4,2,209.00
2026-04-04,Pieza Huevo Estrellado Ciego,Huevos,ORDEN,1.00,20.00,1,0,0,0
2026-06-27,Orden de Guisado Normal,Guarnicion,ORDEN,1.00,120.00,1,1,0,0
2026-03-09,Orden de Guisado Normal,Guarnicion,ORDEN,4.00,480.00,1,0,0,0
2026-07-17,Refresco 600 ml.,Bebida,ORDEN,9.00,351.00,4,0,0,0
2026-06-11,Bocoles,Bocol,PIEZA,48.00,1089.00,18,0,3,48.00
2026-03-15,1/2 Empanadas (2 pzas.),Empanada,ORDEN,3.00,292.00,3,3,1,0
2026-04-06,Gorditas,Gordita,PIEZA,212.00,4118.00,23,2,1,212.00
2026-05-13,Pieza Huevo Estrellado Cocido,Huevos,ORDEN,1.00,20.00,1,0,0,0
2026-06-09,1/2 Enchiladas Rojas,Enchilada,ORDEN,8.00,894.00,6,3,3,0
2026-05-14,Tacos de Harina,Taco,PIEZA,23.00,515.00,8,0,0,23.00
2026-04-18,Huevos con Deshebrada,Huevos,ORDEN,1.00,135.00,1,0,0,0
2026-07-26,Limón 1 Litro,Bebida,ORDEN,3.00,213.00,1,0,0,0
2026-08-31,1/2 Entomatadas,Entomatada,ORDEN,4.00,520.00,3,2,0,0
2026-05-26,Jamaica Vaso,Bebida,ORDEN,8.00,336.00,1,0,0,0
2026-05-09,Tacos de Maiz,Taco,PIEZA,40.00,880.00,10,0,0,40.00
2026-04-14,Tacos de Maiz,Taco,PIEZA,17.00,387.00,8,1,0,17.00
2026-07-26,Enchiladas Rojas,Enchilada,ORDEN,3.00,578.00,3,2,1,0
2026-04-26,Limón 1 Litro,Bebida,ORDEN,1.00,77.00,1,0,0,0
2026-07-30,Migada Guisado de Carne,Migada,PIEZA,5.00,720.00,5,0,6,5.00
2026-06-06,Refresco 600 ml.,Bebida,ORDEN,18.00,702.00,7,0,0,0
2026-07-02,Enchiladas Picositas,Enchilada,ORDEN,3.00,552.00,3,3,0,0
2026-08-20,1/2 Enmoladas,Enmolada,ORDEN,2.00,327.00,2,2,1,0
2026-03-04,Huevos con Deshebrada,Huevos,ORDEN,2.00,270.00,1,0,0,0
2026-05-21,1/2 Entomatadas,Entomatada,ORDEN,2.00,263.00,2,2,0,0
2026-06-05,Jamaica 1 Litro,Bebida,ORDEN,2.00,118.00,1,0,0,0
2026-04-06,Jamaica 1 Litro,Bebida,ORDEN,1.00,77.00,1,0,0,0
2026-07-24,Refresco 600 ml.,Bebida,ORDEN,14.00,546.00,3,0,0,0
2026-08-04,Plátano Frito,Otros,ORDEN,1.00,42.00,1,0,0,0
2026-08-26,Huevos con Deshebrada,Huevos,ORDEN,6.00,851.00,1,0,0,0
2026-08-15,Entomatadas,Entomatada,ORDEN,6.00,1102.00,2,0,0,0
2026-08-21,Tacos de Harina,Taco,PIEZA,50.00,1184.00,14,0,0,50.00
2026-05-29,Gorditas Surtidas,Gordita,PIEZA,1.00,95.00,1,0,0,5.00
2026-06-21,1/2 Quesadillas (2 pzas.),Quesadilla,ORDEN,14.00,1265.00,6,1,7,0
2026-03-14,1/2 Enchiladas Picositas,Enchilada,ORDEN,1.00,130.00,1,1,0,0
2026-05-03,Bocoles,Bocol,PIEZA,84.00,1887.00,16,0,0,84.00
2026-06-29,Migada Guisado de Carne,Migada,PIEZA,8.00,1152.00,8,0,3,8.00
2026-06-29,Empanadas (4 pzas.),Empanada,ORDEN,2.00,331.00,2,0,1,0
2026-07-23,Pieza de Pan Dulce,Guarnicion,ORDEN,3.00,84.00,1,0,0,0
2026-03-01,Ciel 600 ml.,Bebida,ORDEN,3.00,105.00,1,0,0,0
2026-09-03,Ciel 600 ml.,Bebida,ORDEN,1.00,35.00,1,0,0,0
2026-06-08,Enchiladas Rojas,Enchilada,ORDEN,3.00,511.00,3,2,3,0
2026-06-24,Bocoles,Bocol,PIEZA,47.00,1053.00,19,1,5,47.00
2026-03-17,Pieza Extra Quesadilla,Quesadilla,ORDEN,1.00,35.00,1,0,0,0
2026-07-01,Refresco 600 ml.,Bebida,ORDEN,9.00,351.00,3,0,0,0
2026-08-24,Café con Leche,Bebida,ORDEN,32.00,1344.00,2,0,0,0
2026-03-11,Refresco 355 ml.,Bebida,ORDEN,2.00,70.00,1,0,0,0
2026-05-13,Porción Ensalada,Guarnicion,ORDEN,1.00,25.00,1,0,0,0
2026-03-30,1/2 Empanadas (2 pzas.),Empanada,ORDEN,3.00,282.00,3,0,1,0
2026-05-31,Horchata 1 Litro,Bebida,ORDEN,4.00,276.00,1,0,0,0
2026-03-04,Huevos a la Mexicana,Huevos,ORDEN,3.00,396.00,1,0,0,0
2026-04-02,Pieza Huevo Estrellado Tierno,Huevos,ORDEN,1.00,20.00,1,0,0,0
2026-08-03,1/2 Enchiladas Picositas,Enchilada,ORDEN,4.00,721.00,2,2,3,0
2026-03-03,Huevos con Deshebrada,Huevos,ORDEN,3.00,405.00,1,0,0,0
2026-07-28,Limón Vaso,Bebida,ORDEN,24.00,1008.00,1,0,0,0
2026-03-19,Horchata Vaso,Bebida,ORDEN,2.00,84.00,1,0,0,0
2026-03-29,Refresco 355 ml.,Bebida,ORDEN,3.00,105.00,1,0,0,0
2026-05-06,Ciel 600 ml.,Bebida,ORDEN,2.00,70.00,1,0,0,0
2026-05-21,Pieza Huevo Estrellado Tierno,Huevos,ORDEN,1.00,20.00,1,0,0,0
2026-04-24,Quesadillas (4 pzas.),Quesadilla,ORDEN,6.00,798.00,1,0,0,0
2026-06-17,Bisquet,Otros,ORDEN,3.00,90.00,1,0,0,0
2026-08-15,Pieza Extra Empanada,Empanada,ORDEN,2.00,76.00,2,0,0,0
2026-05-17,Plátano Frito,Otros,ORDEN,3.00,126.00,2,0,0,0
2026-06-14,1/2 Enchiladas Rojas,Enchilada,ORDEN,6.00,745.00,5,3,3,0
2026-06-29,Limón Vaso,Bebida,ORDEN,16.00,672.00,1,0,0,0
2026-03-24,Ciel 600 ml.,Bebida,ORDEN,2.00,70.00,1,0,0,0
2026-07-28,Huevos con Deshebrada,Huevos,ORDEN,4.00,581.00,1,0,0,0
2026-07-06,Entomatadas,Entomatada,ORDEN,2.00,431.00,2,2,1,0
2026-07-15,Migada Guisado de Carne,Migada,PIEZA,10.00,1516.65,10,0,6,10.00
2026-04-26,1/2 Quesadillas (2 pzas.),Quesadilla,ORDEN,3.00,258.00,1,0,0,0
2026-04-27,1/2 Quesadillas (2 pzas.),Quesadilla,ORDEN,3.00,258.00,1,0,0,0
2026-06-13,1/2 Enchiladas Rojas,Enchilada,ORDEN,7.00,1018.00,7,6,1,0
2026-04-07,Enchiladas Mixtas,Enchilada,ORDEN,1.00,182.00,1,1,0,0
2026-04-18,Limón 1 Litro,Bebida,ORDEN,1.00,77.00,1,0,0,0
2026-04-08,Empanadas (4 pzas.),Empanada,ORDEN,6.00,907.00,6,4,1,0
2026-08-26,Pieza Huevo Estrellado Medio,Huevos,ORDEN,1.00,20.00,1,0,0,0
2026-04-10,Empanadas (4 pzas.),Empanada,ORDEN,4.00,596.00,4,2,1,0
2026-06-10,1/2 Enfrijoladas,Enfrijolada,ORDEN,1.00,95.00,1,0,1,0
2026-03-09,Huevos a la Mexicana,Huevos,ORDEN,3.00,360.00,1,0,0,0
2026-08-23,Tacos de Harina,Taco,PIEZA,46.00,1018.00,16,0,2,46.00
2026-04-25,Tacos de Maiz,Taco,PIEZA,48.00,1106.00,17,4,0,48.00
2026-07-27,Café con Leche,Bebida,ORDEN,24.00,1008.00,3,0,0,0
2026-07-17,Plátano Frito,Otros,ORDEN,4.00,168.00,1,0,0,0
2026-03-02,Orden de Guisado Normal,Guarnicion,ORDEN,1.00,120.00,1,0,0,0
2026-05-28,Café con Leche,Bebida,ORDEN,29.00,1218.00,1,0,0,0
2026-08-06,Bocoles,Bocol,PIEZA,30.00,660.00,13,0,0,30.00
2026-08-21,Orden de Guisado Normal,Guarnicion,ORDEN,1.00,120.00,1,2,0,0
2026-04-19,Orden de Guisado Normal,Guarnicion,ORDEN,1.00,120.00,1,0,0,0
2026-05-17,Enchiladas Picositas,Enchilada,ORDEN,1.00,182.00,1,1,0,0
2026-03-19,Tacos de Maiz,Taco,PIEZA,18.00,396.00,8,0,0,18.00
2026-06-23,Encremadas,Encremada,ORDEN,1.00,249.00,1,1,0,0
2026-03-30,Huevos a la Mexicana,Huevos,ORDEN,4.00,480.00,1,0,0,0
2026-08-24,Porción Frijol con Queso,Guarnicion,ORDEN,1.00,5.00,1,0,0,0
2026-07-19,1/2 Enmoladas,Enmolada,ORDEN,3.00,457.00,3,3,0,0
2026-06-13,1/2 Enmoladas,Enmolada,ORDEN,1.00,130.00,1,1,1,0
2026-05-22,Café Negro,Bebida,ORDEN,11.00,462.00,1,0,0,0
2026-03-02,Refresco 600 ml.,Bebida,ORDEN,14.00,570.00,6,0,0,0
2026-04-27,Zanahorias p/llevar,Otros,ORDEN,1.00,0.00,1,0,0,0
2026-08-27,Salsa Habanera,Guarnicion,ORDEN,2.00,20.00,1,0,0,0
2026-08-15,1/2 Encremadas,Encremada,ORDEN,1.00,95.00,1,0,0,0
2026-08-16,Orden Huevos Estrellados,Huevos,ORDEN,1.00,120.00,1,0,0,0
2026-07-15,Café Negro,Bebida,ORDEN,9.00,378.00,1,0,0,0
2026-07-03,1/2 Enfrijoladas,Enfrijolada,ORDEN,2.00,225.00,2,1,0,0
2026-08-05,Refresco 600 ml.,Bebida,ORDEN,11.00,429.00,5,0,0,0
2026-04-05,Ciel 600 ml.,Bebida,ORDEN,2.00,70.00,1,0,0,0
2026-07-26,Entomatadas,Entomatada,ORDEN,5.00,1018.00,3,3,0,0
2026-08-09,Orden de Guisado de Carne,Guarnicion,ORDEN,1.00,135.00,1,1,0,0
2026-07-04,Horchata 1 Litro,Bebida,ORDEN,1.00,69.00,1,0,0,0
2026-08-05,Horchata 1 Litro,Bebida,ORDEN,1.00,69.00,1,0,0,0
2026-08-14,Café Negro,Bebida,ORDEN,6.00,252.00,1,0,0,0
2026-07-15,Quesadillas (4 pzas.),Quesadilla,ORDEN,3.00,581.00,3,1,3,0
2026-05-31,Huevos con Deshebrada,Huevos,ORDEN,1.00,135.00,1,0,0,0
2026-03-08,Pieza Huevo Estrellado Medio,Huevos,ORDEN,1.00,20.00,1,0,0,0
2026-03-17,Empanadas (4 pzas.),Empanada,ORDEN,6.00,985.00,5,3,4,0
2026-07-12,Refresco 355 ml.,Bebida,ORDEN,1.00,35.00,1,0,0,0
2026-03-22,Pieza de Pan,Guarnicion,ORDEN,7.00,196.00,1,0,0,0
2026-08-24,Pieza Huevo Estrellado Cocido,Huevos,ORDEN,1.00,20.00,1,0,0,0
2026-04-19,Limón Vaso,Bebida,ORDEN,12.00,504.00,1,0,0,0
2026-06-11,Huevo Revuelto 2 pzas.,Huevos,ORDEN,1.00,35.00,1,0,0,0
2026-03-27,1/2 Entomatadas,Entomatada,ORDEN,3.00,422.00,3,2,2,0
2026-03-31,1/2 Entomatadas,Entomatada,ORDEN,1.00,95.00,1,0,0,0
2026-05-26,Fuze Tea,Bebida,ORDEN,1.00,45.00,1,0,0,0
2026-03-01,Enchiladas Mixtas,Enchilada,ORDEN,7.00,1545.00,7,7,1,0
2026-05-25,1/2 Enchiladas Mixtas (4 Piezas),Enchilada,ORDEN,2.00,375.00,2,2,1,0
2026-07-30,Entomatadas,Entomatada,ORDEN,1.00,147.00,1,0,0,0
2026-04-17,Jamaica Vaso,Bebida,ORDEN,9.00,378.00,1,0,0,0
2026-06-28,Bisquet,Otros,ORDEN,10.00,300.00,1,0,0,0
2026-07-04,Aguacate Extra,Otros,ORDEN,3.00,45.00,1,0,0,0
2026-05-17,Horchata 1 Litro,Bebida,ORDEN,9.00,684.00,1,0,0,0
2026-05-07,1/2 Entomatadas,Entomatada,ORDEN,3.00,422.00,3,2,0,0
2026-06-22,1/2 Quesadillas (2 pzas.),Quesadilla,ORDEN,2.00,172.00,1,0,0,0
2026-04-21,Huevos a la Mexicana,Huevos,ORDEN,1.00,120.00,1,0,0,0
2026-05-23,Porción Ensalada,Guarnicion,ORDEN,1.00,25.00,1,0,0,0
2026-06-19,Café Negro,Bebida,ORDEN,10.00,420.00,1,0,0,0
2026-06-26,1/2 Enchiladas Rojas,Enchilada,ORDEN,10.00,1169.00,9,6,8,0
2026-07-25,Gorditas Surtidas,Gordita,PIEZA,2.00,114.00,1,0,0,6.00
2026-03-13,1/2 Quesadillas (2 pzas.),Quesadilla,ORDEN,2.00,207.00,2,1,2,0
2026-07-31,Jamaica Vaso,Bebida,ORDEN,14.00,588.00,1,0,0,0
2026-03-02,1/2 Enchiladas Rojas,Enchilada,ORDEN,4.00,520.00,4,2,1,0
2026-05-05,1/2 Entomatadas,Entomatada,ORDEN,4.00,587.00,4,4,0,0
2026-06-30,Huevo Estrellado 2 pzas.,Huevos,ORDEN,1.00,35.00,1,0,0,0
2026-07-24,1/2 Enchiladas Mixtas (4 Piezas),Enchilada,ORDEN,3.00,357.00,3,0,0,0
2026-03-21,Orden Huevos Revueltos,Huevos,ORDEN,1.00,120.00,1,0,0,0
2026-07-12,Porción Frijol con Queso,Guarnicion,ORDEN,1.00,5.00,1,0,0,0
2026-03-15,Enchiladas Rojas,Enchilada,ORDEN,3.00,578.00,3,2,1,0
2026-06-25,Orden de Guisado Normal,Guarnicion,ORDEN,1.00,120.00,1,1,0,0
2026-05-01,Migada Guisado Normal,Migada,PIEZA,1.00,133.00,1,0,0,1.00
2026-07-18,Guisado Infantil,Otros,ORDEN,2.00,76.00,2,0,0,0
2026-03-11,Fuze Tea,Bebida,ORDEN,1.00,45.00,1,0,0,0
2026-06-27,Refresco 355 ml.,Bebida,ORDEN,3.00,105.00,1,0,0,0
2026-07-12,Orden Huevos Revueltos,Huevos,ORDEN,1.00,120.00,1,0,0,0
2026-07-28,Refresco 355 ml.,Bebida,ORDEN,4.00,140.00,2,0,0,0
2026-06-11,Café con Leche,Bebida,ORDEN,19.00,798.00,3,0,0,0
2026-03-06,Bisquet,Otros,ORDEN,7.00,210.00,1,0,0,0
2026-06-12,Horchata 1 Litro,Bebida,ORDEN,4.00,339.00,1,0,0,0
2026-07-24,Limón 1 Litro,Bebida,ORDEN,1.00,59.00,1,0,0,0
2026-07-12,Migada Guisado de Carne,Migada,PIEZA,10.00,1440.00,9,0,5,10.00
2026-03-24,Plátano Frito,Otros,ORDEN,1.00,42.00,1,0,0,0
2026-05-07,Café con Leche,Bebida,ORDEN,16.00,672.00,3,0,0,0
2026-04-18,1/2 Entomatadas,Entomatada,ORDEN,6.00,809.00,5,4,1,0
2026-07-07,Jamaica Vaso,Bebida,ORDEN,36.00,1512.00,1,0,0,0
2026-08-16,Tacos de Maiz,Taco,PIEZA,63.00,1395.00,13,0,0,63.00
2026-06-14,Porción Frijol con Queso,Guarnicion,ORDEN,1.00,5.00,1,0,0,0
2026-08-03,Salsa Verde,Guarnicion,ORDEN,1.00,10.00,1,0,0,0
2026-08-09,Jamaica Vaso,Bebida,ORDEN,29.00,1218.00,1,0,0,0
2026-03-27,Pieza Huevo Estrellado Tierno,Huevos,ORDEN,1.00,20.00,1,0,0,0
2026-05-02,Migada Guisado de Carne,Migada,PIEZA,12.00,1771.00,10,0,6,12.00
2026-07-26,Migada Guisado de Carne,Migada,PIEZA,20.00,3052.00,16,0,15,20.00
2026-04-04,Migada Guisado de Carne,Migada,PIEZA,20.00,2923.00,18,0,10,20.00
2026-08-01,Enmoladas,Enmolada,ORDEN,2.00,396.00,2,1,0,0
2026-06-28,Café Negro,Bebida,ORDEN,17.00,714.00,1,0,0,0
2026-08-13,Gorditas,Gordita,PIEZA,158.00,3002.00,22,0,1,158.00
2026-05-04,Horchata Vaso,Bebida,ORDEN,6.00,252.00,1,0,0,0
2026-06-07,Plátano Frito,Otros,ORDEN,2.00,84.00,1,0,0,0
2026-07-03,1/2 Enchiladas Picositas,Enchilada,ORDEN,3.00,361.00,3,2,2,0
2026-04-16,Quesadillas (4 pzas.),Quesadilla,ORDEN,5.00,665.00,3,0,2,0
2026-03-14,Limón 1 Litro,Bebida,ORDEN,1.00,77.00,1,0,0,0
2026-04-05,Horchata Vaso,Bebida,ORDEN,12.00,504.00,1,0,0,0
2026-07-18,Bisquet,Otros,ORDEN,4.00,120.00,1,0,0,0
2026-08-12,1/2 Enchiladas Rojas,Enchilada,ORDEN,9.00,1406.00,6,5,2,0
2026-08-18,Pieza Huevo Estrellado Tierno,Huevos,ORDEN,1.00,20.00,1,0,0,0
2026-06-22,Enchiladas Mixtas,Enchilada,ORDEN,1.00,182.00,1,1,0,0
2026-03-03,Quesadillas (4 pzas.),Quesadilla,ORDEN,2.00,266.00,2,0,2,0
2026-08-24,Café Negro,Bebida,ORDEN,11.00,462.00,1,0,0,0
2026-03-23,Bisquet,Otros,ORDEN,2.00,60.00,1,0,0,0
2026-09-01,Quesadillas (4 pzas.),Quesadilla,ORDEN,3.00,439.00,3,0,3,0
2026-08-02,Zanahorias p/llevar,Otros,ORDEN,1.00,10.00,1,0,0,0
2026-04-20,Café con Leche,Bebida,ORDEN,34.00,1441.00,4,0,0,0
2026-04-24,Huevos Rancheros,Huevos,ORDEN,2.00,240.00,1,0,0,0
2026-04-21,Gorditas Surtidas,Gordita,PIEZA,3.00,228.00,1,0,0,12.00
2026-03-22,Empanadas (4 pzas.),Empanada,ORDEN,3.00,432.00,3,0,0,0
2026-04-02,Refresco 600 ml.,Bebida,ORDEN,15.00,585.00,3,0,0,0
2026-03-29,Horchata 1 Litro,Bebida,ORDEN,3.00,207.00,1,0,0,0
2026-03-30,Refresco 600 ml.,Bebida,ORDEN,15.00,597.00,4,0,0,0
2026-04-28,Limón Vaso,Bebida,ORDEN,9.00,378.00,1,0,0,0
2026-06-15,Gorditas,Gordita,PIEZA,189.00,3780.00,29,4,2,189.00
2026-07-31,Quesadillas (4 pzas.),Quesadilla,ORDEN,1.00,133.00,1,0,0,0
2026-03-01,Pieza Huevo Estrellado Cocido,Huevos,ORDEN,3.00,60.00,1,0,0,0
2026-05-10,1/2 Entomatadas,Entomatada,ORDEN,8.00,970.00,6,4,1,0
2026-05-06,Gorditas,Gordita,PIEZA,169.00,3300.00,21,0,2,169.00
2026-06-19,Tacos de Harina,Taco,PIEZA,7.00,160.00,4,0,0,7.00
2026-06-12,Quesadillas (4 pzas.),Quesadilla,ORDEN,7.00,971.00,2,0,1,0
2026-07-05,Pieza de Pan Dulce,Guarnicion,ORDEN,8.00,224.00,1,0,0,0
2026-05-28,1/2 Entomatadas,Entomatada,ORDEN,1.00,130.00,1,1,0,0
2026-08-21,1/2 Enchiladas Rojas,Enchilada,ORDEN,4.00,485.00,4,3,1,0
2026-07-04,Limón 1 Litro,Bebida,ORDEN,1.00,77.00,1,0,0,0
2026-08-02,Horchata 1 Litro,Bebida,ORDEN,3.00,207.00,1,0,0,0
2026-04-05,Pieza Tortilla de Harina,Guarnicion,ORDEN,2.00,10.00,1,0,0,0
2026-04-11,Pieza de Pan,Guarnicion,ORDEN,11.00,308.00,1,0,0,0
2026-07-04,Huevos a la Mexicana,Huevos,ORDEN,4.00,480.00,1,0,0,0
2026-05-27,Bisquet,Otros,ORDEN,4.00,120.00,1,0,0,0
2026-09-03,Pieza Huevo Estrellado Tierno,Huevos,ORDEN,1.00,20.00,1,0,0,0
2026-04-19,1/2 Encremadas,Encremada,ORDEN,4.00,380.00,1,0,0,0
2026-05-31,Entomatadas,Entomatada,ORDEN,6.00,1121.00,5,3,2,0
2026-06-01,Encremadas,Encremada,ORDEN,1.00,249.00,1,1,0,0
2026-04-25,1/2 Encremadas,Encremada,ORDEN,2.00,292.00,2,1,0,0
2026-06-19,1/2 Enmoladas,Enmolada,ORDEN,4.00,491.00,4,3,0,0
2026-08-29,Huevos a la Mexicana,Huevos,ORDEN,3.00,360.00,1,0,0,0
2026-08-31,1/2 Enchiladas Rojas,Enchilada,ORDEN,3.00,355.00,3,2,1,0
2026-05-09,Huevos Rancheros,Huevos,ORDEN,3.00,360.00,1,0,0,0
2026-05-30,Café con Leche,Bebida,ORDEN,32.00,1344.00,3,0,0,0
2026-08-15,Refresco 355 ml.,Bebida,ORDEN,6.00,210.00,2,0,0,0
2026-05-30,Tacos de Harina,Taco,PIEZA,25.00,565.00,11,0,0,25.00
2026-07-24,Bocoles,Bocol,PIEZA,100.00,2257.00,17,1,1,100.00
2026-07-31,Gorditas,Gordita,PIEZA,254.00,4935.00,24,2,0,254.00
2026-04-02,1/2 Enmoladas,Enmolada,ORDEN,1.00,95.00,1,0,1,0
2026-06-27,Pieza Huevo Estrellado Tierno,Huevos,ORDEN,1.00,20.00,1,0,0,0
2026-08-23,Jamaica Vaso,Bebida,ORDEN,21.00,895.00,1,0,0,0
2026-06-11,Huevo Estrellado 2 pzas.,Huevos,ORDEN,1.00,35.00,1,0,0,0
2026-06-24,1/2 Encremadas,Encremada,ORDEN,1.00,95.00,1,0,0,0
2026-07-03,Jamaica 1 Litro,Bebida,ORDEN,2.00,118.00,1,0,0,0
2026-09-03,Topo Chico 600 ml.,Bebida,ORDEN,1.00,39.00,1,0,0,0
2026-07-11,Tacos de Maiz,Taco,PIEZA,49.00,1102.25,10,0,0,49.00
2026-06-16,Enmoladas,Enmolada,ORDEN,2.00,498.00,2,2,1,0
2026-04-20,1/2 Enmoladas,Enmolada,ORDEN,2.00,327.00,2,2,0,0
2026-06-17,Jamaica Vaso,Bebida,ORDEN,15.00,630.00,1,0,0,0
2026-04-22,1/2 Encremadas,Encremada,ORDEN,4.00,654.00,3,3,0,0
2026-08-19,1/2 Enmoladas,Enmolada,ORDEN,1.00,95.00,1,0,0,0
2026-07-08,Gorditas,Gordita,PIEZA,184.00,3384.00,24,1,1,184.00
2026-03-19,Empanadas (4 pzas.),Empanada,ORDEN,3.00,518.00,2,1,2,0
2026-05-27,PROMO 6 surtidas,Otros,ORDEN,6.00,648.00,1,0,0,0
2026-07-16,1/2 Enchiladas Picositas,Enchilada,ORDEN,1.00,130.00,1,1,0,0
2026-04-05,Pieza Huevo Estrellado Tierno,Huevos,ORDEN,1.00,20.00,1,0,0,0
2026-04-25,Huevos a la Mexicana,Huevos,ORDEN,3.00,360.00,1,0,0,0
2026-06-25,Pieza de Pan Dulce,Guarnicion,ORDEN,5.00,140.00,1,0,0,0
2026-03-15,Enchiladas Picositas,Enchilada,ORDEN,1.00,147.00,1,0,1,0
2026-03-26,Entomatadas,Entomatada,ORDEN,1.00,249.00,1,1,0,0
2026-06-10,Huevos Rancheros,Huevos,ORDEN,1.00,120.00,1,0,0,0
2026-06-14,Plátano Frito,Otros,ORDEN,4.00,168.00,3,0,0,0
2026-08-01,Pieza de Pan Dulce,Guarnicion,ORDEN,4.00,112.00,1,0,0,0
2026-03-09,Gorditas Surtidas,Gordita,PIEZA,2.00,152.00,1,0,0,8.00
2026-06-28,Pieza de Pan Dulce,Guarnicion,ORDEN,3.00,84.00,1,0,0,0
2026-03-14,1/2 Enfrijoladas,Enfrijolada,ORDEN,1.00,133.00,1,1,0,0
2026-03-02,Migada Guisado Normal,Migada,PIEZA,1.00,133.00,1,0,0,1.00
2026-08-23,Fuze Tea,Bebida,ORDEN,1.00,45.00,1,0,0,0
2026-04-03,Refresco 600 ml.,Bebida,ORDEN,34.00,1326.00,7,0,0,0
2026-04-21,Fuze Tea,Bebida,ORDEN,2.00,90.00,1,0,0,0
2026-03-01,Gorditas de Azúcar,Gordita,PIEZA,1.00,42.00,1,0,0,1.00
2026-08-12,Horchata Vaso,Bebida,ORDEN,14.00,588.00,1,0,0,0
2026-08-30,Empanadas (4 pzas.),Empanada,ORDEN,9.00,1394.00,9,4,8,0
2026-05-04,1/2 Quesadillas (2 pzas.),Quesadilla,ORDEN,4.00,344.00,1,0,0,0
2026-06-04,1/2 Enchiladas Rojas,Enchilada,ORDEN,6.00,946.00,5,4,1,0
2026-06-17,Limón Vaso,Bebida,ORDEN,10.00,420.00,1,0,0,0
2026-08-05,Enmoladas,Enmolada,ORDEN,1.00,182.00,1,1,0,0
2026-04-30,Gorditas,Gordita,PIEZA,197.00,3835.00,22,0,1,197.00
2026-08-03,Limón 1 Litro,Bebida,ORDEN,2.00,118.00,1,0,0,0
2026-07-31,Tacos de Maiz,Taco,PIEZA,36.00,810.00,13,0,0,36.00
2026-07-12,Zanahorias p/llevar,Otros,ORDEN,1.00,10.00,1,0,0,0
2026-08-17,Enchiladas Mixtas,Enchilada,ORDEN,2.00,364.00,2,2,1,0
2026-07-04,Jamaica Vaso,Bebida,ORDEN,11.00,462.00,1,0,0,0
2026-03-04,Enchiladas Rojas,Enchilada,ORDEN,3.00,692.00,3,4,1,0
2026-08-24,Huevos con Deshebrada,Huevos,ORDEN,4.00,540.00,1,0,0,0
2026-03-17,Gorditas de Azúcar,Gordita,PIEZA,1.00,42.00,1,0,0,1.00
2026-06-05,1/2 Empanadas (2 pzas.),Empanada,ORDEN,1.00,94.00,1,0,0,0
2026-08-08,Topo Chico 600 ml.,Bebida,ORDEN,1.00,39.00,1,0,0,0
2026-08-04,Jamaica Vaso,Bebida,ORDEN,18.00,756.00,1,0,0,0
2026-03-17,Refresco 600 ml.,Bebida,ORDEN,12.00,480.00,4,0,0,0
2026-07-06,Refresco 600 ml.,Bebida,ORDEN,16.00,624.00,3,0,0,0
2026-03-25,Enchiladas Rojas,Enchilada,ORDEN,1.00,147.00,1,0,1,0
2026-05-20,Bisquet,Otros,ORDEN,3.00,90.00,1,0,0,0
2026-07-20,Quesadillas (4 pzas.),Quesadilla,ORDEN,8.00,1246.00,6,1,7,0
2026-03-26,Huevos con Deshebrada,Huevos,ORDEN,3.00,405.00,1,0,0,0
2026-06-21,Ciel 600 ml.,Bebida,ORDEN,4.00,140.00,1,0,0,0
2026-06-06,1/2 Encremadas,Encremada,ORDEN,2.00,225.00,2,1,0,0
2026-06-05,1/2 Enchiladas Picositas,Enchilada,ORDEN,1.00,130.00,1,1,0,0
2026-07-22,1/2 Enfrijoladas,Enfrijolada,ORDEN,1.00,95.00,1,0,2,0
2026-06-17,Pieza de Pan Dulce,Guarnicion,ORDEN,2.00,56.00,1,0,0,0
2026-04-06,Café Negro,Bebida,ORDEN,19.00,798.00,1,0,0,0
2026-03-20,1/2 Quesadillas (2 pzas.),Quesadilla,ORDEN,2.00,207.00,2,1,1,0
2026-05-03,1/2 Enmoladas,Enmolada,ORDEN,3.00,285.00,2,0,0,0
2026-08-17,Encremadas,Encremada,ORDEN,1.00,229.00,1,1,0,0
2026-04-27,Salsa Habanera,Guarnicion,ORDEN,1.00,0.00,1,0,0,0
2026-06-14,Ciel 600 ml.,Bebida,ORDEN,2.00,70.00,1,0,0,0
2026-08-23,1/2 Enchiladas Mixtas (4 Piezas),Enchilada,ORDEN,2.00,314.00,2,2,0,0
2026-03-27,Bisquet,Otros,ORDEN,4.00,120.00,1,0,0,0
2026-03-30,Café Negro,Bebida,ORDEN,8.00,336.00,1,0,0,0
2026-06-19,Café con Leche,Bebida,ORDEN,37.00,1554.00,1,0,0,0
2026-03-15,Café con Leche,Bebida,ORDEN,48.00,2016.00,3,0,0,0
2026-07-07,Refresco 355 ml.,Bebida,ORDEN,5.00,175.00,1,0,0,0
2026-07-31,Huevos con Deshebrada,Huevos,ORDEN,1.00,135.00,1,0,0,0
2026-07-10,Fuze Tea,Bebida,ORDEN,3.00,135.00,1,0,0,0
2026-08-12,Enchiladas Rojas,Enchilada,ORDEN,2.00,431.00,2,2,1,0
2026-03-14,Gorditas,Gordita,PIEZA,229.00,4372.00,21,0,1,229.00
2026-04-30,Tacos de Maiz,Taco,PIEZA,32.00,755.00,9,0,0,32.00
2026-07-23,Empanadas (4 pzas.),Empanada,ORDEN,1.00,144.00,1,0,0,0
2026-06-19,Gorditas de Azúcar,Gordita,PIEZA,3.00,126.00,1,0,0,3.00
2026-05-10,Huevos con Deshebrada,Huevos,ORDEN,2.00,311.00,1,0,0,0
2026-06-05,Pieza de Pan,Guarnicion,ORDEN,4.00,112.00,1,0,0,0
2026-07-28,1/2 Enchiladas Rojas,Enchilada,ORDEN,5.00,749.00,4,3,1,0
2026-05-24,1/2 Enmoladas,Enmolada,ORDEN,4.00,517.00,4,2,1,0
2026-04-04,Ciel 600 ml.,Bebida,ORDEN,9.00,315.00,1,0,0,0
2026-05-25,Enchiladas Mixtas,Enchilada,ORDEN,1.00,147.00,1,0,0,0
2026-04-10,1/2 Enchiladas Rojas,Enchilada,ORDEN,3.00,358.00,3,2,0,0
2026-07-31,Horchata 1 Litro,Bebida,ORDEN,1.00,69.00,1,0,0,0
2026-04-06,Enchiladas Rojas,Enchilada,ORDEN,5.00,1050.00,4,3,0,0
2026-03-27,Guisado Infantil,Otros,ORDEN,3.00,114.00,2,0,0,0
2026-05-29,1/2 Entomatadas,Entomatada,ORDEN,4.00,648.00,3,2,0,0
2026-07-12,Bisquet,Otros,ORDEN,7.00,210.00,1,0,0,0
2026-09-05,Limón Vaso,Bebida,ORDEN,32.00,1344.00,1,0,0,0
2026-08-18,Huevos con Deshebrada,Huevos,ORDEN,3.00,446.00,1,0,0,0
2026-03-11,Bisquet,Otros,ORDEN,4.00,120.00,1,0,0,0
2026-03-24,Huevos con Deshebrada,Huevos,ORDEN,2.00,270.00,1,0,0,0
2026-06-10,1/2 Enchiladas Rojas,Enchilada,ORDEN,3.00,387.00,3,3,2,0
2026-05-01,Plátano Frito,Otros,ORDEN,2.00,84.00,2,0,0,0
2026-06-03,1/2 Enmoladas,Enmolada,ORDEN,2.00,394.00,1,1,0,0
2026-05-25,1/2 Enmoladas,Enmolada,ORDEN,2.00,263.00,2,2,0,0
2026-06-06,Refresco 355 ml.,Bebida,ORDEN,2.00,70.00,1,0,0,0
2026-05-11,1/2 Enmoladas,Enmolada,ORDEN,1.00,95.00,1,0,1,0
2026-04-07,Refresco 355 ml.,Bebida,ORDEN,6.00,210.00,2,0,0,0
2026-06-17,1/2 Entomatadas,Entomatada,ORDEN,3.00,387.00,3,1,1,0
2026-07-25,Ciel 600 ml.,Bebida,ORDEN,1.00,35.00,1,0,0,0
2026-04-08,1/2 Entomatadas,Entomatada,ORDEN,4.00,584.00,4,2,3,0
2026-08-10,Huevos con Deshebrada,Huevos,ORDEN,1.00,176.00,1,0,0,0
2026-08-03,1/2 Entomatadas,Entomatada,ORDEN,3.00,320.00,3,1,3,0
2026-06-10,Tacos de Harina,Taco,PIEZA,4.00,88.00,3,0,0,4.00
2026-03-06,Horchata Vaso,Bebida,ORDEN,5.00,210.00,1,0,0,0
2026-05-10,Huevo Revuelto 2 pzas.,Huevos,ORDEN,1.00,35.00,1,0,0,0
2026-06-08,1/2 Entomatadas,Entomatada,ORDEN,2.00,260.00,2,2,0,0
2026-05-06,Tacos de Maiz,Taco,PIEZA,46.00,1058.00,16,4,0,46.00
2026-03-16,Café con Leche,Bebida,ORDEN,36.00,1512.00,3,0,0,0
2026-08-12,Enmoladas,Enmolada,ORDEN,2.00,364.00,2,2,0,0
2026-08-05,Café con Leche,Bebida,ORDEN,28.00,1176.00,3,0,0,0
2026-06-04,Empanadas (4 pzas.),Empanada,ORDEN,2.00,331.00,2,2,1,0
2026-08-22,1/2 Encremadas,Encremada,ORDEN,1.00,133.00,1,1,0,0
2026-06-04,Huevo Revuelto 2 pzas.,Huevos,ORDEN,1.00,35.00,1,0,0,0
2026-03-01,Pieza Enchilada Picosa,Enchilada,ORDEN,1.00,30.00,1,0,0,0
2026-09-03,Pieza Extra Quesadilla,Quesadilla,ORDEN,2.00,70.00,1,0,0,0
2026-06-24,Migada Guisado Normal,Migada,PIEZA,3.00,399.00,3,0,2,3.00
2026-05-26,1/2 Entomatadas,Entomatada,ORDEN,4.00,517.00,3,2,0,0
2026-07-30,Pieza de Pan Dulce,Guarnicion,ORDEN,5.00,140.00,1,0,0,0
2026-06-18,1/2 Encremadas,Encremada,ORDEN,2.00,292.00,2,1,0,0
2026-05-13,PROMO 6 surtidas,Otros,ORDEN,7.00,432.00,1,0,0,0
2026-05-28,Tacos de Maiz,Taco,PIEZA,19.00,418.00,7,0,0,19.00
2026-08-13,Gorditas de Azúcar,Gordita,PIEZA,1.00,42.00,1,0,0,1.00
2026-03-30,1/2 Quesadillas (2 pzas.),Quesadilla,ORDEN,8.00,714.00,1,0,0,0
2026-07-10,Horchata Vaso,Bebida,ORDEN,10.00,433.00,1,0,0,0
2026-07-11,Fuze Tea,Bebida,ORDEN,2.00,90.00,1,0,0,0
2026-07-12,Gorditas de Azúcar,Gordita,PIEZA,3.00,126.00,1,0,0,3.00
2026-06-28,1/2 Enchiladas Picositas,Enchilada,ORDEN,1.00,130.00,1,1,0,0
2026-04-20,1/2 Encremadas,Encremada,ORDEN,1.00,124.00,1,0,0,0
2026-06-22,Horchata 1 Litro,Bebida,ORDEN,2.00,138.00,1,0,0,0
2026-04-10,Entomatadas,Entomatada,ORDEN,2.00,373.00,2,3,0,0
2026-04-19,1/2 Quesadillas (2 pzas.),Quesadilla,ORDEN,7.00,602.00,3,0,3,0
2026-06-27,Gorditas de Azúcar,Gordita,PIEZA,5.00,210.00,1,0,0,5.00
2026-05-20,PROMO 6 surtidas,Otros,ORDEN,4.00,432.00,1,0,0,0
2026-08-14,Horchata Vaso,Bebida,ORDEN,2.00,97.00,1,0,0,0
2026-05-14,1/2 Quesadillas (2 pzas.),Quesadilla,ORDEN,3.00,284.00,2,0,2,0
2026-04-08,PROMO 6 surtidas,Otros,ORDEN,4.00,432.00,1,0,0,0
2026-08-23,Quesadillas (4 pzas.),Quesadilla,ORDEN,5.00,783.00,4,1,3,0
2026-04-16,Ciel 600 ml.,Bebida,ORDEN,1.00,35.00,1,0,0,0
2026-04-03,1/2 Quesadillas (2 pzas.),Quesadilla,ORDEN,12.00,1067.00,5,1,7,0
2026-06-04,Huevos Rancheros,Huevos,ORDEN,2.00,240.00,1,0,0,0
2026-06-13,1/2 Enchiladas Picositas,Enchilada,ORDEN,1.00,130.00,1,1,0,0
2026-06-14,Limón Vaso,Bebida,ORDEN,27.00,1134.00,1,0,0,0
2026-07-20,Enchiladas Rojas,Enchilada,ORDEN,1.00,191.00,1,0,0,0
2026-08-02,Huevo Revuelto 2 pzas.,Huevos,ORDEN,1.00,35.00,1,0,0,0
2026-03-01,Gorditas,Gordita,PIEZA,218.00,4307.00,24,4,0,218.00
2026-06-10,Bocoles,Bocol,PIEZA,37.00,850.00,15,0,0,37.00
2026-07-03,Huevos con Deshebrada,Huevos,ORDEN,3.00,528.00,1,0,0,0
2026-03-14,Enchiladas Rojas,Enchilada,ORDEN,4.00,737.00,3,3,0,0
2026-05-03,Migada Guisado de Carne,Migada,PIEZA,9.00,1339.00,9,0,5,9.00
2026-06-07,Gorditas,Gordita,PIEZA,250.00,4851.00,27,1,4,250.00
2026-07-25,Horchata Vaso,Bebida,ORDEN,7.00,307.00,1,0,0,0
2026-04-09,1/2 Empanadas (2 pzas.),Empanada,ORDEN,5.00,500.00,5,2,2,0
2026-06-05,Migada Guisado de Carne,Migada,PIEZA,7.00,1008.00,7,1,6,7.00
2026-05-05,Migada Guisado Normal,Migada,PIEZA,1.00,133.00,1,0,1,1.00
2026-03-04,Orden Huevos Estrellados,Huevos,ORDEN,1.00,120.00,1,0,0,0
2026-06-01,Huevos con Deshebrada,Huevos,ORDEN,4.00,581.00,1,0,0,0
2026-03-03,Refresco 355 ml.,Bebida,ORDEN,6.00,210.00,1,0,0,0
2026-05-27,1/2 Entomatadas,Entomatada,ORDEN,2.00,190.00,2,0,1,0
2026-05-04,Gorditas de Azúcar,Gordita,PIEZA,5.00,210.00,1,0,0,5.00
2026-05-17,Limón Vaso,Bebida,ORDEN,34.00,1428.00,1,0,0,0
2026-07-01,1/2 Enchiladas Picositas,Enchilada,ORDEN,2.00,263.00,2,2,0,0
2026-06-01,Tacos de Harina,Taco,PIEZA,15.00,354.00,8,0,0,15.00
2026-06-04,Bocoles,Bocol,PIEZA,79.00,1768.00,21,3,2,79.00
2026-05-19,Bisquet,Otros,ORDEN,5.00,150.00,2,0,0,0
2026-08-08,Café Negro,Bebida,ORDEN,16.00,672.00,1,0,0,0
2026-05-03,Migada Guisado Normal,Migada,PIEZA,4.00,532.00,4,0,3,4.00
2026-07-21,Pieza Extra Quesadilla,Quesadilla,ORDEN,1.00,35.00,1,0,0,0
2026-08-13,Bocoles,Bocol,PIEZA,55.00,1222.00,20,0,4,55.00
2026-03-28,Jamaica 1 Litro,Bebida,ORDEN,3.00,195.00,1,0,0,0
2026-06-17,Gorditas,Gordita,PIEZA,139.00,2708.00,22,1,0,139.00
2026-05-22,Refresco 355 ml.,Bebida,ORDEN,4.00,140.00,2,0,0,0
2026-07-17,Porción Frijol con Queso,Guarnicion,ORDEN,2.00,10.00,1,0,0,0
2026-04-28,Salsa Verde,Guarnicion,ORDEN,1.00,0.00,1,0,0,0
2026-07-01,Porción Frijol con Queso,Guarnicion,ORDEN,1.00,5.00,1,0,0,0
2026-06-17,Fuze Tea,Bebida,ORDEN,1.00,45.00,1,0,0,0
2026-03-20,Limón Vaso,Bebida,ORDEN,9.00,391.00,1,0,0,0
2026-05-16,Gorditas Surtidas,Gordita,PIEZA,4.00,437.00,2,0,0,23.00
2026-03-08,Café con Leche,Bebida,ORDEN,40.00,1680.00,3,0,0,0
2026-06-08,Migada Guisado de Carne,Migada,PIEZA,13.00,1915.00,8,0,9,13.00
2026-03-11,Empanadas (4 pzas.),Empanada,ORDEN,6.00,927.00,6,3,0,0
2026-06-26,Migada Guisado Normal,Migada,PIEZA,1.00,133.00,1,0,0,1.00
2026-03-02,Plátano Frito,Otros,ORDEN,1.00,42.00,1,0,0,0
2026-06-21,1/2 Empanadas (2 pzas.),Empanada,ORDEN,10.00,960.00,9,4,5,0
2026-03-07,Entomatadas,Entomatada,ORDEN,1.00,147.00,1,0,0,0
2026-03-10,Gorditas,Gordita,PIEZA,110.00,2116.00,24,1,3,110.00
2026-07-28,Enchiladas Picositas,Enchilada,ORDEN,1.00,147.00,1,0,0,0
2026-08-25,Tacos de Harina,Taco,PIEZA,28.00,645.00,13,1,2,28.00
2026-05-17,1/2 Enchiladas Picositas,Enchilada,ORDEN,1.00,130.00,1,1,1,0
2026-08-20,Guisado Infantil,Otros,ORDEN,1.00,38.00,1,0,0,0
2026-04-21,Jamaica Vaso,Bebida,ORDEN,10.00,433.00,1,0,0,0
2026-07-13,Pieza de Pan Dulce,Guarnicion,ORDEN,1.00,28.00,1,0,0,0
2026-05-04,Salsa Verde,Guarnicion,ORDEN,1.00,0.00,1,0,0,0
2026-03-29,1/2 Enchiladas Rojas,Enchilada,ORDEN,9.00,1371.00,6,4,3,0
2026-06-13,Bocoles,Bocol,PIEZA,86.00,1940.00,20,0,0,86.00
2026-08-15,Salsa Habanera,Guarnicion,ORDEN,1.00,10.00,1,0,0,0
2026-04-12,1/2 Quesadillas (2 pzas.),Quesadilla,ORDEN,8.00,688.00,3,0,3,0
2026-07-27,Porción Frijol con Queso,Guarnicion,ORDEN,2.00,10.00,1,0,0,0
2026-07-06,Gorditas de Azúcar,Gordita,PIEZA,1.00,42.00,1,0,0,1.00
2026-04-26,Quesadillas (4 pzas.),Quesadilla,ORDEN,17.00,2461.00,2,0,1,0
2026-05-04,Pieza de Pan,Guarnicion,ORDEN,2.00,56.00,1,0,0,0
2026-09-01,1/2 Entomatadas,Entomatada,ORDEN,7.00,878.00,6,5,2,0
2026-07-16,Pieza Encremada,Encremada,ORDEN,2.00,162.00,2,1,0,0
2026-07-11,Bocoles Surtidos,Bocol,PIEZA,2.00,220.00,1,0,0,10.00
2026-06-10,Quesadillas (4 pzas.),Quesadilla,ORDEN,1.00,133.00,1,0,0,0
2026-04-17,Café Negro,Bebida,ORDEN,14.00,588.00,1,0,0,0
2026-06-26,1/2 Quesadillas (2 pzas.),Quesadilla,ORDEN,10.00,895.00,6,1,9,0
2026-07-30,Huevos a la Mexicana,Huevos,ORDEN,3.00,360.00,1,0,0,0
2026-08-22,Huevos a la Mexicana,Huevos,ORDEN,2.00,240.00,1,0,0,0
2026-03-07,Huevo Revuelto 2 pzas.,Huevos,ORDEN,1.00,35.00,1,0,0,0
2026-08-30,Gorditas,Gordita,PIEZA,382.00,7412.00,28,2,4,382.00
2026-08-03,Refresco 600 ml.,Bebida,ORDEN,10.00,390.00,3,0,0,0
2026-07-21,Tacos de Harina,Taco,PIEZA,16.00,352.00,9,0,0,16.00
2026-06-25,Gorditas de Azúcar,Gordita,PIEZA,1.00,42.00,1,0,0,1.00
2026-07-19,Limón 1 Litro,Bebida,ORDEN,4.00,254.00,1,0,0,0
2026-05-04,Huevos a la Mexicana,Huevos,ORDEN,1.00,120.00,1,0,0,0
2026-07-30,1/2 Quesadillas (2 pzas.),Quesadilla,ORDEN,5.00,465.00,5,1,4,0
2026-03-13,Ciel 600 ml.,Bebida,ORDEN,3.00,105.00,1,0,0,0
2026-05-23,Migada Guisado Normal,Migada,PIEZA,1.00,133.00,1,0,0,1.00
2026-07-15,Empanadas (4 pzas.),Empanada,ORDEN,2.00,288.00,2,0,3,0
2026-06-15,Tacos de Maiz,Taco,PIEZA,24.00,528.00,9,0,0,24.00
2026-04-24,Jamaica 1 Litro,Bebida,ORDEN,1.00,59.00,1,0,0,0
2026-05-16,Refresco 600 ml.,Bebida,ORDEN,13.00,507.00,3,0,0,0
2026-04-11,Salsa Roja,Guarnicion,ORDEN,3.00,0.00,1,0,0,0
2026-04-01,Huevos con Deshebrada,Huevos,ORDEN,2.00,270.00,1,0,0,0
2026-04-20,Gorditas,Gordita,PIEZA,184.00,3615.00,20,0,0,184.00
2026-04-26,Huevos Rancheros,Huevos,ORDEN,3.00,396.00,1,0,0,0
2026-08-05,Orden de Guisado de Carne,Guarnicion,ORDEN,1.00,135.00,1,1,0,0
2026-07-12,Gorditas Surtidas,Gordita,PIEZA,2.00,209.00,2,0,0,11.00
2026-04-21,Enchiladas Rojas,Enchilada,ORDEN,2.00,498.00,1,1,0,0
2026-07-08,Bocoles,Bocol,PIEZA,62.00,1391.00,19,0,3,62.00
2026-07-05,1/2 Quesadillas (2 pzas.),Quesadilla,ORDEN,5.00,465.00,3,1,2,0
2026-05-24,Topo Chico 600 ml.,Bebida,ORDEN,2.00,78.00,1,0,0,0
2026-07-19,Gorditas Surtidas,Gordita,PIEZA,1.00,95.00,1,0,0,5.00
2026-09-01,Bocoles,Bocol,PIEZA,25.00,550.00,11,0,0,25.00
2026-04-13,Huevos con Deshebrada,Huevos,ORDEN,1.00,135.00,1,0,0,0
2026-08-07,1/2 Empanadas (2 pzas.),Empanada,ORDEN,4.00,376.00,4,0,0,0
2026-07-11,1/2 Encremadas,Encremada,ORDEN,4.00,584.00,2,1,0,0
2026-04-27,Encremadas,Encremada,ORDEN,2.00,382.00,1,0,0,0
2026-03-20,Refresco 600 ml.,Bebida,ORDEN,11.00,429.00,4,0,0,0
2026-04-25,Tacos de Harina,Taco,PIEZA,48.00,1152.00,12,0,0,48.00
2026-06-19,Tacos de Maiz,Taco,PIEZA,32.00,722.00,10,0,0,32.00
2026-07-07,Café Negro,Bebida,ORDEN,14.00,588.00,1,0,0,0
2026-08-02,Ciel 600 ml.,Bebida,ORDEN,8.00,280.00,1,0,0,0
2026-05-16,Enchiladas Rojas,Enchilada,ORDEN,2.00,329.00,2,1,1,0
2026-03-01,Pieza Extra Quesadilla,Quesadilla,ORDEN,1.00,35.00,1,0,0,0
2026-06-15,Refresco 600 ml.,Bebida,ORDEN,12.00,468.00,5,0,0,0
2026-03-01,Huevos con Deshebrada,Huevos,ORDEN,1.00,135.00,1,0,0,0
2026-06-03,Limón Vaso,Bebida,ORDEN,11.00,462.00,1,0,0,0
2026-07-15,Enchiladas Picositas,Enchilada,ORDEN,2.00,483.00,2,4,0,0
2026-05-06,Refresco 600 ml.,Bebida,ORDEN,11.00,441.00,5,0,0,0
2026-06-07,Pieza Huevo Estrellado Cocido,Huevos,ORDEN,1.00,20.00,1,0,0,0
2026-07-08,1/2 Enmoladas,Enmolada,ORDEN,1.00,95.00,1,0,0,0
2026-04-25,Enmoladas,Enmolada,ORDEN,4.00,915.00,4,3,2,0
2026-03-26,Pieza de Pan,Guarnicion,ORDEN,2.00,56.00,1,0,0,0
2026-08-15,Gorditas de Azúcar,Gordita,PIEZA,2.00,84.00,1,0,0,2.00
2026-06-03,Pieza Huevo Estrellado Medio,Huevos,ORDEN,2.00,40.00,1,0,0,0
2026-08-12,1/2 Quesadillas (2 pzas.),Quesadilla,ORDEN,3.00,258.00,1,0,0,0
2026-07-31,Horchata Vaso,Bebida,ORDEN,4.00,168.00,1,0,0,0
2026-04-24,Gorditas de Azúcar,Gordita,PIEZA,1.00,42.00,1,0,0,1.00
2026-07-19,Bocoles,Bocol,PIEZA,127.00,2869.00,23,1,3,127.00
2026-03-08,Pieza Huevo Estrellado Tierno,Huevos,ORDEN,2.00,40.00,1,0,0,0
2026-04-29,Refresco 355 ml.,Bebida,ORDEN,3.00,105.00,2,0,0,0
2026-04-30,Migada Guisado Normal,Migada,PIEZA,1.00,133.00,1,0,0,1.00
2026-08-22,Gorditas de Azúcar,Gordita,PIEZA,2.00,84.00,1,0,0,2.00
2026-04-04,Quesadillas (4 pzas.),Quesadilla,ORDEN,10.00,1370.00,2,0,1,0
2026-06-06,1/2 Enchiladas Picositas,Enchilada,ORDEN,1.00,130.00,1,1,0,0
2026-09-03,Migada Guisado de Carne,Migada,PIEZA,11.00,1627.00,11,1,14,11.00
2026-06-20,Enchiladas Mixtas,Enchilada,ORDEN,5.00,942.00,5,4,2,0
2026-08-14,1/2 Quesadillas (2 pzas.),Quesadilla,ORDEN,6.00,551.00,4,1,7,0
2026-07-19,Orden de Guisado de Carne,Guarnicion,ORDEN,2.00,270.00,2,2,0,0
2026-06-07,1/2 Empanadas (2 pzas.),Empanada,ORDEN,3.00,282.00,2,0,0,0
2026-06-30,Café Negro,Bebida,ORDEN,23.00,966.00,1,0,0,0
2026-09-01,Pieza de Pan Dulce,Guarnicion,ORDEN,5.00,140.00,1,0,0,0
2026-04-23,Enchiladas Picositas,Enchilada,ORDEN,1.00,182.00,1,1,0,0
2026-06-02,Café con Leche,Bebida,ORDEN,37.00,1554.00,4,0,0,0
2026-04-13,Jamaica 1 Litro,Bebida,ORDEN,1.00,59.00,1,0,0,0
2026-06-10,Tacos de Maiz,Taco,PIEZA,9.00,213.00,6,0,0,9.00
2026-05-22,Bocoles,Bocol,PIEZA,134.00,3035.00,26,1,1,134.00
2026-09-01,1/2 Enchiladas Rojas,Enchilada,ORDEN,6.00,946.00,3,2,0,0
2026-08-11,Tacos de Maiz,Taco,PIEZA,22.00,484.00,12,0,0,22.00
2026-08-01,Fuze Tea,Bebida,ORDEN,1.00,45.00,1,0,0,0
2026-04-21,1/2 Enchiladas Picositas,Enchilada,ORDEN,1.00,95.00,1,0,0,0
2026-04-28,1/2 Enfrijoladas,Enfrijolada,ORDEN,1.00,130.00,1,1,0,0
2026-06-12,Gorditas de Azúcar,Gordita,PIEZA,1.00,42.00,1,0,0,1.00
2026-03-05,Huevos a la Mexicana,Huevos,ORDEN,5.00,600.00,1,0,0,0
2026-08-09,Quesadillas (4 pzas.),Quesadilla,ORDEN,9.00,1277.00,3,0,5,0
2026-08-01,Pieza Huevo Estrellado Tierno,Huevos,ORDEN,3.00,60.00,1,0,0,0
2026-08-21,Tacos de Maiz,Taco,PIEZA,21.00,462.00,10,0,0,21.00
2026-03-17,Huevos a la Mexicana,Huevos,ORDEN,2.00,240.00,1,0,0,0
2026-07-30,Enfrijoladas,Enfrijolada,ORDEN,1.00,249.00,1,1,0,0
2026-04-06,Huevos con Deshebrada,Huevos,ORDEN,3.00,405.00,1,0,0,0
2026-04-08,Orden de Guisado Normal,Guarnicion,ORDEN,2.00,240.00,1,0,0,0
2026-06-08,Huevo Estrellado 2 pzas.,Huevos,ORDEN,1.00,35.00,1,0,0,0
2026-09-03,Horchata Vaso,Bebida,ORDEN,4.00,168.00,1,0,0,0
2026-08-16,Empanadas (4 pzas.),Empanada,ORDEN,6.00,884.00,6,1,1,0
2026-07-31,1/2 Enchiladas Rojas,Enchilada,ORDEN,9.00,1144.00,8,7,1,0
2026-03-10,Limón Vaso,Bebida,ORDEN,10.00,420.00,1,0,0,0
2026-03-21,Encremadas,Encremada,ORDEN,1.00,147.00,1,0,0,0
2026-08-21,Refresco 600 ml.,Bebida,ORDEN,8.00,312.00,4,0,0,0
2026-07-20,1/2 Empanadas (2 pzas.),Empanada,ORDEN,1.00,94.00,1,0,1,0
2026-03-14,1/2 Enchiladas Rojas,Enchilada,ORDEN,11.00,1564.00,8,8,1,0
2026-05-16,Plátano Frito,Otros,ORDEN,1.00,42.00,1,0,0,0
2026-08-29,Pieza Huevo Estrellado Cocido,Huevos,ORDEN,1.00,20.00,1,0,0,0
2026-04-30,1/2 Empanadas (2 pzas.),Empanada,ORDEN,6.00,564.00,6,0,2,0
2026-05-30,Aguacate Extra,Otros,ORDEN,1.00,15.00,1,0,0,0
2026-08-13,Fuze Tea,Bebida,ORDEN,2.00,90.00,1,0,0,0
2026-04-11,1/2 Enchiladas Mixtas (4 Piezas),Enchilada,ORDEN,2.00,340.00,2,1,1,0
2026-06-25,Bisquet,Otros,ORDEN,6.00,180.00,2,0,0,0
2026-05-14,Gorditas,Gordita,PIEZA,176.00,3415.00,19,0,0,176.00
2026-03-02,Horchata Vaso,Bebida,ORDEN,3.00,126.00,1,0,0,0
2026-08-21,1/2 Quesadillas (2 pzas.),Quesadilla,ORDEN,4.00,379.00,2,1,2,0
2026-06-06,Enchiladas Mixtas,Enchilada,ORDEN,3.00,616.00,3,3,0,0
2026-04-18,Enmoladas,Enmolada,ORDEN,1.00,249.00,1,1,0,0
2026-06-19,Salsa Verde,Guarnicion,ORDEN,1.00,0.00,1,0,0,0
2026-04-23,1/2 Quesadillas (2 pzas.),Quesadilla,ORDEN,2.00,172.00,1,0,0,0
2026-08-21,Huevo Estrellado 2 pzas.,Huevos,ORDEN,1.00,35.00,1,0,0,0
2026-03-26,Ciel 600 ml.,Bebida,ORDEN,1.00,35.00,1,0,0,0
2026-03-16,Pieza Tortilla de Maíz,Guarnicion,ORDEN,4.00,20.00,1,0,0,0
2026-07-04,Tacos de Harina,Taco,PIEZA,33.00,726.00,11,0,2,33.00
2026-05-13,Entomatadas,Entomatada,ORDEN,2.00,396.00,2,1,0,0
2026-03-30,Pieza Extra Empanada,Empanada,ORDEN,1.00,38.00,1,0,0,0
2026-06-16,Jamaica Vaso,Bebida,ORDEN,18.00,756.00,1,0,0,0
2026-08-26,Huevos a la Mexicana,Huevos,ORDEN,3.00,360.00,1,0,0,0
2026-08-07,Ciel 600 ml.,Bebida,ORDEN,1.00,35.00,1,0,0,0
2026-04-04,Empanadas (4 pzas.),Empanada,ORDEN,4.00,576.00,4,2,0,0
2026-05-16,Encremadas,Encremada,ORDEN,1.00,220.00,1,2,0,0
2026-08-07,Jamaica Vaso,Bebida,ORDEN,17.00,714.00,1,0,0,0
2026-05-19,1/2 Enchiladas Mixtas (4 Piezas),Enchilada,ORDEN,1.00,190.00,1,1,1,0
2026-04-21,Bisquet,Otros,ORDEN,3.00,90.00,2,0,0,0
2026-07-23,Jamaica 1 Litro,Bebida,ORDEN,1.00,59.00,1,0,0,0
2026-03-02,Gorditas de Azúcar,Gordita,PIEZA,1.00,42.00,1,0,0,1.00
2026-07-03,Pieza Huevo Estrellado Medio,Huevos,ORDEN,2.00,40.00,1,0,0,0
2026-09-04,1/2 Empanadas (2 pzas.),Empanada,ORDEN,3.00,282.00,3,1,0,0
2026-03-29,Pieza Huevo Estrellado Medio,Huevos,ORDEN,2.00,40.00,1,0,0,0
2026-03-29,Huevo Revuelto 2 pzas.,Huevos,ORDEN,1.00,35.00,1,0,0,0
2026-06-16,Pieza Huevo Estrellado Tierno,Huevos,ORDEN,2.00,40.00,1,0,0,0
2026-06-02,Refresco 600 ml.,Bebida,ORDEN,13.00,507.00,4,0,0,0
2026-08-28,Aguacate Extra,Otros,ORDEN,3.00,45.00,1,0,0,0
2026-06-21,Café Negro,Bebida,ORDEN,14.00,588.00,1,0,0,0
2026-04-17,Refresco 355 ml.,Bebida,ORDEN,3.00,105.00,1,0,0,0
2026-05-12,1/2 Enmoladas,Enmolada,ORDEN,1.00,95.00,1,0,0,0
2026-05-17,Quesadillas (4 pzas.),Quesadilla,ORDEN,8.00,1224.00,3,0,2,0
2026-08-13,Tacos de Maiz,Taco,PIEZA,27.00,624.00,16,3,0,27.00
2026-05-14,Huevo Estrellado 2 pzas.,Huevos,ORDEN,1.00,35.00,1,0,0,0
2026-03-08,Jamaica 1 Litro,Bebida,ORDEN,1.00,59.00,1,0,0,0
2026-06-02,Café Negro,Bebida,ORDEN,13.00,546.00,2,0,0,0
2026-05-02,Ciel 600 ml.,Bebida,ORDEN,1.00,35.00,1,0,0,0
2026-03-10,Refresco 355 ml.,Bebida,ORDEN,1.00,35.00,1,0,0,0
2026-06-20,Enchiladas Picositas,Enchilada,ORDEN,1.00,249.00,1,1,0,0
2026-05-20,1/2 Enchiladas Rojas,Enchilada,ORDEN,5.00,621.00,4,3,0,0
2026-08-05,Migada Guisado Normal,Migada,PIEZA,1.00,133.00,1,0,1,1.00
2026-04-14,Quesadillas (4 pzas.),Quesadilla,ORDEN,3.00,439.00,1,0,0,0
2026-09-04,Quesadillas (4 pzas.),Quesadilla,ORDEN,3.00,399.00,2,0,2,0
2026-04-29,Gorditas,Gordita,PIEZA,111.00,2171.00,21,0,2,111.00
2026-08-27,Tacos de Harina,Taco,PIEZA,25.00,559.00,11,0,0,25.00
2026-03-23,Pieza de Pan,Guarnicion,ORDEN,1.00,28.00,1,0,0,0
2026-06-07,Migada Guisado Normal,Migada,PIEZA,2.00,266.00,2,0,1,2.00
2026-08-26,1/2 Empanadas (2 pzas.),Empanada,ORDEN,3.00,282.00,3,0,0,0
2026-08-01,Guisado Infantil,Otros,ORDEN,1.00,38.00,1,0,0,0
2026-07-22,Orden Huevos Revueltos,Huevos,ORDEN,1.00,120.00,1,0,0,0
2026-03-17,1/2 Empanadas (2 pzas.),Empanada,ORDEN,3.00,282.00,3,0,0,0
2026-06-20,Encremadas,Encremada,ORDEN,2.00,294.00,1,0,0,0
2026-04-26,1/2 Enfrijoladas,Enfrijolada,ORDEN,1.00,95.00,1,0,2,0
2026-07-24,1/2 Enchiladas Picositas,Enchilada,ORDEN,2.00,225.00,2,1,0,0
2026-07-02,Refresco 355 ml.,Bebida,ORDEN,8.00,280.00,2,0,0,0
2026-08-03,Tacos de Harina,Taco,PIEZA,26.00,572.00,9,0,0,26.00
2026-05-30,Empanadas (4 pzas.),Empanada,ORDEN,4.00,619.00,4,1,1,0
2026-08-15,1/2 Enfrijoladas,Enfrijolada,ORDEN,2.00,190.00,2,0,1,0
2026-08-18,Huevo Revuelto 2 pzas.,Huevos,ORDEN,1.00,35.00,1,0,0,0
2026-03-22,Gorditas,Gordita,PIEZA,235.00,4525.00,23,0,2,235.00
2026-05-12,PROMO 6 surtidas,Otros,ORDEN,6.00,648.00,1,0,0,0
2026-03-11,Enchiladas Picositas,Enchilada,ORDEN,1.00,182.00,1,1,0,0
2026-06-10,1/2 Enmoladas,Enmolada,ORDEN,1.00,95.00,1,0,0,0
2026-04-21,1/2 Enchiladas Rojas,Enchilada,ORDEN,7.00,904.00,4,2,1,0
2026-04-27,Refresco 600 ml.,Bebida,ORDEN,11.00,429.00,3,0,0,0
2026-07-29,Café con Leche,Bebida,ORDEN,30.00,1260.00,3,0,0,0
2026-06-14,Migada Guisado Normal,Migada,PIEZA,2.00,266.00,2,0,2,2.00
2026-03-25,Limón Vaso,Bebida,ORDEN,12.00,504.00,1,0,0,0
2026-05-24,Refresco 600 ml.,Bebida,ORDEN,22.00,858.00,7,0,0,0
2026-04-25,Pieza Huevo Estrellado Medio,Huevos,ORDEN,1.00,20.00,1,0,0,0
2026-08-06,Gorditas de Azúcar,Gordita,PIEZA,1.00,42.00,1,0,0,1.00
2026-07-24,Empanadas (4 pzas.),Empanada,ORDEN,6.00,899.00,6,1,5,0
2026-06-24,Refresco 355 ml.,Bebida,ORDEN,9.00,315.00,2,0,0,0
2026-06-01,Huevos Rancheros,Huevos,ORDEN,2.00,240.00,1,0,0,0
2026-07-17,Huevo Estrellado 2 pzas.,Huevos,ORDEN,1.00,35.00,1,0,0,0
2026-05-24,Enchiladas Rojas,Enchilada,ORDEN,2.00,329.00,2,1,0,0
2026-03-09,1/2 Enchiladas Rojas,Enchilada,ORDEN,2.00,190.00,1,0,0,0
2026-06-27,Enmoladas,Enmolada,ORDEN,4.00,690.00,2,1,0,0
2026-07-03,Pieza Tortilla de Maíz,Guarnicion,ORDEN,2.00,10.00,1,0,0,0
2026-07-18,Gorditas,Gordita,PIEZA,213.00,4105.00,24,3,0,213.00
2026-08-19,Horchata Vaso,Bebida,ORDEN,4.00,168.00,1,0,0,0
2026-07-01,Huevos con Deshebrada,Huevos,ORDEN,2.00,311.00,1,0,0,0
2026-08-31,Café Negro,Bebida,ORDEN,8.00,336.00,1,0,0,0
2026-03-24,Jamaica 1 Litro,Bebida,ORDEN,2.00,118.00,1,0,0,0
2026-05-12,Orden de Guisado Normal,Guarnicion,ORDEN,1.00,120.00,1,1,0,0
2026-07-14,Horchata Vaso,Bebida,ORDEN,2.00,97.00,1,0,0,0
2026-07-29,Enchiladas Rojas,Enchilada,ORDEN,1.00,147.00,1,0,0,0
2026-04-25,1/2 Empanadas (2 pzas.),Empanada,ORDEN,8.00,818.00,8,1,1,0
2026-07-17,Pieza Huevo Estrellado Cocido,Huevos,ORDEN,1.00,20.00,1,0,0,0
2026-08-03,1/2 Enmoladas,Enmolada,ORDEN,2.00,190.00,1,0,0,0
2026-05-11,Gorditas,Gordita,PIEZA,144.00,2760.00,16,0,0,144.00
2026-06-17,Empanadas (4 pzas.),Empanada,ORDEN,5.00,763.00,5,1,2,0
2026-08-02,Fuze Tea,Bebida,ORDEN,1.00,45.00,1,0,0,0
2026-06-08,Bocoles,Bocol,PIEZA,73.00,1634.00,20,2,0,73.00
2026-06-06,Gorditas de Azúcar,Gordita,PIEZA,1.00,42.00,1,0,0,1.00
2026-07-20,Huevos Rancheros,Huevos,ORDEN,1.00,120.00,1,0,0,0
2026-06-23,Quesadillas (4 pzas.),Quesadilla,ORDEN,2.00,346.00,2,0,5,0
2026-06-17,Refresco 600 ml.,Bebida,ORDEN,11.00,429.00,3,0,0,0
2026-07-13,1/2 Enchiladas Rojas,Enchilada,ORDEN,4.00,520.00,3,2,2,0
2026-06-24,Horchata Vaso,Bebida,ORDEN,5.00,210.00,1,0,0,0
2026-03-21,Horchata 1 Litro,Bebida,ORDEN,4.00,276.00,1,0,0,0
2026-05-02,Plátano Frito,Otros,ORDEN,2.00,84.00,2,0,0,0
2026-06-08,Quesadillas (4 pzas.),Quesadilla,ORDEN,4.00,532.00,2,0,2,0
2026-08-31,1/2 Enmoladas,Enmolada,ORDEN,1.00,197.00,1,1,0,0
2026-06-26,Jamaica 1 Litro,Bebida,ORDEN,2.00,136.00,1,0,0,0
2026-03-16,Enmoladas,Enmolada,ORDEN,3.00,645.00,2,1,0,0
2026-05-10,Entomatadas,Entomatada,ORDEN,4.00,725.00,4,2,2,0
2026-08-21,Empanadas (4 pzas.),Empanada,ORDEN,3.00,432.00,3,1,0,0
2026-08-16,Huevo Estrellado 2 pzas.,Huevos,ORDEN,1.00,35.00,1,0,0,0
2026-05-31,Gorditas Surtidas,Gordita,PIEZA,1.00,114.00,1,0,0,6.00
2026-08-22,Bocoles,Bocol,PIEZA,123.00,2741.00,24,4,0,123.00
2026-07-23,Bocoles,Bocol,PIEZA,66.00,1464.00,16,1,1,66.00
2026-03-17,Salsa Habanera,Guarnicion,ORDEN,1.00,0.00,1,0,0,0
2026-03-02,Tacos de Maiz,Taco,PIEZA,4.00,88.00,4,0,0,4.00
2026-03-08,Fuze Tea,Bebida,ORDEN,2.00,90.00,1,0,0,0
2026-05-09,Plátano Frito,Otros,ORDEN,2.00,84.00,2,0,0,0
2026-05-20,Topo Chico 600 ml.,Bebida,ORDEN,1.00,39.00,1,0,0,0
2026-07-23,Bisquet,Otros,ORDEN,4.00,120.00,1,0,0,0
2026-07-25,Orden Huevos Estrellados,Huevos,ORDEN,1.00,120.00,1,0,0,0
2026-04-26,Huevos a la Mexicana,Huevos,ORDEN,1.00,120.00,1,0,0,0
2026-08-08,Encremadas,Encremada,ORDEN,2.00,510.00,2,3,0,0
2026-04-14,Entomatadas,Entomatada,ORDEN,1.00,249.00,1,1,0,0
2026-05-25,Refresco 600 ml.,Bebida,ORDEN,17.00,663.00,5,0,0,0
2026-08-27,Huevos a la Mexicana,Huevos,ORDEN,3.00,360.00,1,0,0,0
2026-04-16,Pieza Enmolada,Enmolada,ORDEN,1.00,30.00,1,0,0,0
2026-04-18,Pieza Tortilla de Harina,Guarnicion,ORDEN,2.00,10.00,1,0,0,0
2026-04-24,Refresco 600 ml.,Bebida,ORDEN,16.00,636.00,4,0,0,0
2026-05-24,1/2 Enchiladas Rojas,Enchilada,ORDEN,16.00,2115.00,10,9,2,0
2026-05-21,Café Negro,Bebida,ORDEN,20.00,840.00,1,0,0,0
2026-08-19,Café Negro,Bebida,ORDEN,8.00,336.00,1,0,0,0
2026-03-19,1/2 Quesadillas (2 pzas.),Quesadilla,ORDEN,6.00,516.00,2,0,1,0
2026-03-22,Tacos de Harina,Taco,PIEZA,37.00,869.00,15,1,1,37.00
2026-06-04,Bistec 1 Pza.,Otros,ORDEN,1.00,102.00,1,0,0,0
2026-06-09,Salsa Habanera,Guarnicion,ORDEN,1.00,0.00,1,0,0,0
2026-06-17,Huevos con Deshebrada,Huevos,ORDEN,1.00,176.00,1,0,0,0
2026-07-07,Gorditas,Gordita,PIEZA,229.00,4271.00,26,1,3,229.00
2026-08-08,Migada Guisado de Carne,Migada,PIEZA,10.00,1440.00,10,0,4,10.00
2026-08-13,Refresco 355 ml.,Bebida,ORDEN,2.00,70.00,1,0,0,0
2026-06-30,Enchiladas Rojas,Enchilada,ORDEN,1.00,147.00,1,0,0,0
2026-05-23,Tacos de Harina,Taco,PIEZA,42.00,928.00,16,0,1,42.00
2026-06-16,PROMO 6 surtidas,Otros,ORDEN,6.00,648.00,1,0,0,0
2026-07-28,1/2 Enfrijoladas,Enfrijolada,ORDEN,3.00,489.00,2,1,1,0
2026-05-09,Gorditas Surtidas,Gordita,PIEZA,1.00,76.00,1,0,0,4.00
2026-04-13,Enmoladas,Enmolada,ORDEN,1.00,147.00,1,0,1,0
2026-07-12,Gorditas,Gordita,PIEZA,400.00,7633.00,22,0,0,400.00
2026-03-12,Refresco 355 ml.,Bebida,ORDEN,4.00,140.00,2,0,0,0
2026-05-25,Pieza Huevo Estrellado Medio,Huevos,ORDEN,1.00,20.00,1,0,0,0
2026-08-29,Topo Chico 600 ml.,Bebida,ORDEN,1.00,39.00,1,0,0,0
2026-06-04,1/2 Enfrijoladas,Enfrijolada,ORDEN,1.00,95.00,1,0,0,0
2026-04-09,Pieza de Pan,Guarnicion,ORDEN,3.00,84.00,1,0,0,0
2026-06-12,Bisquet,Otros,ORDEN,2.00,60.00,1,0,0,0
2026-04-07,Limón Vaso,Bebida,ORDEN,13.00,546.00,1,0,0,0
2026-03-27,Entomatadas,Entomatada,ORDEN,3.00,616.00,3,3,1,0
2026-06-02,Bisquet,Otros,ORDEN,3.00,90.00,1,0,0,0
2026-07-05,Migada Guisado de Carne,Migada,PIEZA,17.00,2620.00,17,1,13,17.00
2026-07-22,1/2 Quesadillas (2 pzas.),Quesadilla,ORDEN,4.00,379.00,4,1,4,0
2026-03-08,Tacos de Maiz,Taco,PIEZA,38.00,842.00,13,0,0,38.00
2026-07-08,Tacos de Maiz,Taco,PIEZA,30.00,672.00,9,0,0,30.00
2026-08-26,Enmoladas,Enmolada,ORDEN,3.00,441.00,1,0,0,0
2026-03-09,Bisquet,Otros,ORDEN,12.00,360.00,2,0,0,0
2026-04-21,Bocoles,Bocol,PIEZA,35.00,779.00,14,0,1,35.00
2026-07-22,Salsa Roja,Guarnicion,ORDEN,1.00,10.00,1,0,0,0
2026-04-04,Café Negro,Bebida,ORDEN,17.00,727.00,1,0,0,0
2026-08-09,Huevos a la Mexicana,Huevos,ORDEN,1.00,120.00,1,0,0,0
2026-03-23,Jamaica Vaso,Bebida,ORDEN,8.00,336.00,1,0,0,0
2026-06-09,1/2 Quesadillas (2 pzas.),Quesadilla,ORDEN,4.00,379.00,2,1,1,0
2026-08-06,Enchiladas Rojas,Enchilada,ORDEN,2.00,396.00,2,1,1,0
2026-05-04,Porción Frijol con Queso,Guarnicion,ORDEN,1.00,5.00,1,0,0,0
2026-08-17,Tacos de Harina,Taco,PIEZA,15.00,330.00,8,0,0,15.00
2026-03-03,1/2 Enchiladas Rojas,Enchilada,ORDEN,4.00,520.00,4,2,2,0
2026-08-23,Aguacate Extra,Otros,ORDEN,1.00,15.00,1,0,0,0
2026-07-27,Huevo Estrellado 2 pzas.,Huevos,ORDEN,1.00,35.00,1,0,0,0
2026-03-18,Enmoladas,Enmolada,ORDEN,1.00,293.00,1,1,0,0
2026-06-21,Gorditas Surtidas,Gordita,PIEZA,1.00,76.00,1,0,0,4.00
2026-04-24,Salsa Roja,Guarnicion,ORDEN,1.00,0.00,1,0,0,0
2026-07-04,Huevo Estrellado 2 pzas.,Huevos,ORDEN,1.00,35.00,1,0,0,0
2026-09-03,Huevo Estrellado 2 pzas.,Huevos,ORDEN,3.00,105.00,1,0,0,0
2026-09-02,Huevos a la Mexicana,Huevos,ORDEN,2.00,240.00,1,0,0,0
2026-06-28,Café con Leche,Bebida,ORDEN,59.00,2478.00,2,0,0,0
2026-03-11,Jamaica Vaso,Bebida,ORDEN,16.00,672.00,1,0,0,0
2026-06-03,Pieza de Pan,Guarnicion,ORDEN,4.00,112.00,1,0,0,0
2026-06-12,Entomatadas,Entomatada,ORDEN,1.00,182.00,1,1,1,0
2026-05-21,Horchata 1 Litro,Bebida,ORDEN,2.00,159.00,1,0,0,0
2026-06-09,Refresco 355 ml.,Bebida,ORDEN,2.00,70.00,2,0,0,0
2026-06-17,Ciel 600 ml.,Bebida,ORDEN,1.00,35.00,1,0,0,0
2026-06-21,Limón 1 Litro,Bebida,ORDEN,1.00,59.00,1,0,0,0
2026-03-11,1/2 Encremadas,Encremada,ORDEN,1.00,95.00,1,0,0,0
2026-06-18,Pieza de Pan Dulce,Guarnicion,ORDEN,3.00,84.00,1,0,0,0
2026-06-21,Pieza Huevo Estrellado Cocido,Huevos,ORDEN,1.00,20.00,1,0,0,0
2026-06-12,Gorditas Surtidas,Gordita,PIEZA,1.00,95.00,1,0,0,5.00
2026-07-18,Gorditas de Azúcar,Gordita,PIEZA,1.00,42.00,1,0,0,1.00
2026-08-29,Porción Ensalada,Guarnicion,ORDEN,2.00,50.00,1,0,0,0
2026-03-28,Quesadillas (4 pzas.),Quesadilla,ORDEN,7.00,971.00,3,0,2,0
2026-07-25,Horchata 1 Litro,Bebida,ORDEN,3.00,228.00,1,0,0,0
2026-06-01,Bisquet,Otros,ORDEN,1.00,30.00,1,0,0,0
2026-08-26,1/2 Enchiladas Mixtas (4 Piezas),Enchilada,ORDEN,1.00,119.00,1,0,0,0
2026-03-01,1/2 Enfrijoladas,Enfrijolada,ORDEN,1.00,133.00,1,1,2,0
2026-09-03,Huevos a la Mexicana,Huevos,ORDEN,3.00,360.00,1,0,0,0
2026-03-24,Pieza de Pan,Guarnicion,ORDEN,4.00,112.00,1,0,0,0
2026-03-13,Pieza Huevo Estrellado Medio,Huevos,ORDEN,1.00,20.00,1,0,0,0
2026-05-14,Enmoladas,Enmolada,ORDEN,2.00,431.00,2,2,0,0
2026-06-16,Fuze Tea,Bebida,ORDEN,3.00,135.00,1,0,0,0
2026-05-28,Jugo Naranja Vaso,Bebida,ORDEN,31.00,2046.00,1,0,0,0
2026-08-27,Café con Leche,Bebida,ORDEN,24.00,1008.00,1,0,0,0
2026-09-05,1/2 Enmoladas,Enmolada,ORDEN,4.00,482.00,3,1,1,0
2026-05-09,Refresco 600 ml.,Bebida,ORDEN,24.00,936.00,4,0,0,0
2026-07-18,1/2 Enmoladas,Enmolada,ORDEN,1.00,197.00,1,1,0,0
2026-06-27,1/2 Enchiladas Picositas,Enchilada,ORDEN,1.00,197.00,1,1,0,0
2026-07-10,Jamaica 1 Litro,Bebida,ORDEN,2.00,136.00,1,0,0,0
2026-05-07,1/2 Enchiladas Picositas,Enchilada,ORDEN,1.00,130.00,1,1,0,0
2026-04-06,Refresco 600 ml.,Bebida,ORDEN,14.00,546.00,4,0,0,0
2026-03-12,1/2 Empanadas (2 pzas.),Empanada,ORDEN,4.00,376.00,4,0,1,0
2026-07-31,Migada Guisado de Carne,Migada,PIEZA,11.00,1584.00,10,0,6,11.00
2026-06-18,Quesadillas (4 pzas.),Quesadilla,ORDEN,5.00,740.00,2,1,1,0
2026-03-21,Café Negro,Bebida,ORDEN,23.00,966.00,1,0,0,0
2026-05-17,Gorditas,Gordita,PIEZA,352.00,6823.00,25,0,3,352.00
2026-06-02,Pieza Tortilla de Maíz,Guarnicion,ORDEN,3.00,15.00,1,0,0,0
2026-07-21,Migada Guisado de Carne,Migada,PIEZA,8.00,1152.00,8,0,10,8.00
2026-09-03,Pieza Tortilla de Maíz,Guarnicion,ORDEN,1.00,5.00,1,0,0,0
2026-06-02,PROMO 6 surtidas,Otros,ORDEN,8.00,864.00,1,0,0,0
2026-04-19,Tacos de Maiz,Taco,PIEZA,110.00,2447.00,15,0,1,110.00
2026-04-20,Orden de Guisado Normal,Guarnicion,ORDEN,1.00,120.00,1,0,0,0
2026-07-02,1/2 Quesadillas (2 pzas.),Quesadilla,ORDEN,9.00,774.00,5,0,4,0
2026-08-06,Bisquet,Otros,ORDEN,2.00,60.00,1,0,0,0
2026-06-20,Huevos con Deshebrada,Huevos,ORDEN,2.00,270.00,1,0,0,0
2026-05-11,Orden Huevos Estrellados,Huevos,ORDEN,1.00,120.00,1,0,0,0
2026-04-30,1/2 Quesadillas (2 pzas.),Quesadilla,ORDEN,9.00,809.00,7,1,7,0
2026-08-10,Fuze Tea,Bebida,ORDEN,1.00,45.00,1,0,0,0
2026-03-22,Bocoles,Bocol,PIEZA,88.00,1974.00,21,1,1,88.00
2026-05-28,Limón 1 Litro,Bebida,ORDEN,1.00,59.00,1,0,0,0
2026-07-14,Jamaica Vaso,Bebida,ORDEN,14.00,601.00,1,0,0,0
2026-07-16,Huevos a la Mexicana,Huevos,ORDEN,1.00,120.00,1,0,0,0
2026-04-06,Ciel 600 ml.,Bebida,ORDEN,3.00,105.00,1,0,0,0
2026-09-01,Encremadas,Encremada,ORDEN,1.00,249.00,1,1,0,0
2026-03-04,Jamaica 1 Litro,Bebida,ORDEN,1.00,59.00,1,0,0,0
2026-08-13,Ciel 600 ml.,Bebida,ORDEN,1.00,35.00,1,0,0,0
2026-06-02,Enchiladas Picositas,Enchilada,ORDEN,2.00,367.00,2,2,2,0
2026-04-12,PROMO 6 surtidas,Otros,ORDEN,1.00,108.00,1,0,0,0
2026-03-09,Quesadillas (4 pzas.),Quesadilla,ORDEN,2.00,341.00,2,1,2,0
2026-05-22,Encremadas,Encremada,ORDEN,1.00,249.00,1,1,0,0
2026-08-28,Tacos de Harina,Taco,PIEZA,18.00,414.00,8,0,2,18.00
2026-04-07,Café con Leche,Bebida,ORDEN,49.00,2058.00,3,0,0,0
2026-04-08,Huevos a la Mexicana,Huevos,ORDEN,2.00,240.00,1,0,0,0
2026-07-19,Tacos de Maiz,Taco,PIEZA,41.00,902.00,9,0,0,41.00
2026-04-13,Quesadillas (4 pzas.),Quesadilla,ORDEN,2.00,266.00,1,0,1,0
2026-07-31,Fuze Tea,Bebida,ORDEN,1.00,45.00,1,0,0,0
2026-03-21,Porción Ensalada,Guarnicion,ORDEN,2.00,50.00,1,0,0,0
2026-03-29,Enchiladas Rojas,Enchilada,ORDEN,5.00,939.00,4,2,7,0
2026-05-30,1/2 Quesadillas (2 pzas.),Quesadilla,ORDEN,3.00,258.00,3,0,5,0
2026-08-08,1/2 Empanadas (2 pzas.),Empanada,ORDEN,4.00,376.00,4,1,2,0
2026-04-29,1/2 Quesadillas (2 pzas.),Quesadilla,ORDEN,2.00,172.00,1,0,0,0
2026-05-25,Huevos a la Mexicana,Huevos,ORDEN,3.00,360.00,1,0,0,0
2026-07-24,Gorditas,Gordita,PIEZA,166.00,3223.00,23,0,2,166.00
2026-07-31,Café con Leche,Bebida,ORDEN,31.00,1302.00,3,0,0,0
2026-09-04,Limón Vaso,Bebida,ORDEN,11.00,462.00,1,0,0,0
2026-06-13,Refresco 600 ml.,Bebida,ORDEN,19.00,753.00,4,0,0,0
2026-03-21,Bistec 1 Pza.,Otros,ORDEN,1.00,102.00,1,0,0,0
2026-03-13,Entomatadas,Entomatada,ORDEN,3.00,747.00,1,1,0,0
2026-03-15,1/2 Enchiladas Picositas,Enchilada,ORDEN,3.00,399.00,3,3,0,0
2026-06-13,Migada Guisado Normal,Migada,PIEZA,2.00,266.00,2,0,2,2.00
2026-06-11,1/2 Enchiladas Mixtas (4 Piezas),Enchilada,ORDEN,2.00,273.00,2,1,0,0
2026-05-30,Enchiladas Rojas,Enchilada,ORDEN,3.00,543.00,2,1,0,0
2026-09-05,Refresco 355 ml.,Bebida,ORDEN,5.00,175.00,2,0,0,0
2026-03-22,1/2 Entomatadas,Entomatada,ORDEN,6.00,913.00,5,5,5,0
2026-03-24,Empanadas (4 pzas.),Empanada,ORDEN,2.00,288.00,2,0,0,0
2026-03-11,Quesadillas (4 pzas.),Quesadilla,ORDEN,1.00,133.00,1,0,0,0
2026-08-06,Pieza de Pan Dulce,Guarnicion,ORDEN,4.00,112.00,1,0,0,0
2026-06-28,Huevos a la Mexicana,Huevos,ORDEN,2.00,240.00,1,0,0,0
2026-08-14,Refresco 355 ml.,Bebida,ORDEN,1.00,35.00,1,0,0,0
2026-08-31,Bisquet,Otros,ORDEN,4.00,120.00,2,0,0,0
2026-08-09,Tacos de Maiz,Taco,PIEZA,82.00,1820.00,18,2,1,82.00
2026-05-25,Orden de Guisado Normal,Guarnicion,ORDEN,2.00,240.00,1,1,0,0
2026-03-02,Orden Huevos Estrellados,Huevos,ORDEN,1.00,120.00,1,0,0,0
2026-04-21,Refresco 600 ml.,Bebida,ORDEN,7.00,285.00,3,0,0,0
2026-05-30,1/2 Entomatadas,Entomatada,ORDEN,4.00,453.00,4,2,6,0
2026-07-17,Quesadillas (4 pzas.),Quesadilla,ORDEN,5.00,665.00,2,0,1,0
2026-07-17,1/2 Quesadillas (2 pzas.),Quesadilla,ORDEN,3.00,258.00,2,0,2,0
2026-04-06,Enchiladas Picositas,Enchilada,ORDEN,1.00,182.00,1,1,0,0
2026-04-02,Empanadas (4 pzas.),Empanada,ORDEN,1.00,144.00,1,0,0,0
2026-05-21,Porción Frijol con Queso,Guarnicion,ORDEN,3.00,15.00,1,0,0,0
2026-09-05,Pieza Encremada,Encremada,ORDEN,1.00,30.00,1,0,0,0
2026-07-28,Horchata 1 Litro,Bebida,ORDEN,3.00,228.00,1,0,0,0
2026-05-22,Gorditas,Gordita,PIEZA,209.00,4010.00,21,0,2,209.00
2026-03-17,1/2 Entomatadas,Entomatada,ORDEN,5.00,848.00,5,6,0,0
2026-03-19,Huevos a la Mexicana,Huevos,ORDEN,2.00,240.00,1,0,0,0
2026-03-01,Fuze Tea,Bebida,ORDEN,1.00,45.00,1,0,0,0
2026-08-15,Tacos de Harina,Taco,PIEZA,33.00,762.00,15,0,9,33.00
2026-07-31,Topo Chico 600 ml.,Bebida,ORDEN,1.00,39.00,1,0,0,0
2026-08-20,Huevos Rancheros,Huevos,ORDEN,1.00,120.00,1,0,0,0
2026-05-07,Migada Guisado de Carne,Migada,PIEZA,3.00,475.00,3,0,0,3.00
2026-08-14,1/2 Enfrijoladas,Enfrijolada,ORDEN,1.00,95.00,1,0,1,0
2026-05-06,Enchiladas Rojas,Enchilada,ORDEN,1.00,249.00,1,1,0,0
2026-08-09,Pieza Tortilla de Harina,Guarnicion,ORDEN,2.00,10.00,1,0,0,0
2026-03-16,Orden de Guisado de Carne,Guarnicion,ORDEN,1.00,135.00,1,0,0,0
2026-08-19,Tacos de Harina,Taco,PIEZA,13.00,298.00,6,0,0,13.00
2026-07-20,Tacos de Maiz,Taco,PIEZA,5.00,110.00,4,0,0,5.00
2026-08-22,1/2 Quesadillas (2 pzas.),Quesadilla,ORDEN,6.00,551.00,4,1,4,0
2026-04-20,1/2 Empanadas (2 pzas.),Empanada,ORDEN,2.00,188.00,2,0,0,0
2026-06-25,1/2 Encremadas,Encremada,ORDEN,1.00,130.00,1,1,0,0
2026-04-25,1/2 Enchiladas Mixtas (4 Piezas),Enchilada,ORDEN,2.00,273.00,2,1,0,0
2026-03-22,Salsa Verde,Guarnicion,ORDEN,1.00,0.00,1,0,0,0
2026-07-28,Porción Frijol con Queso,Guarnicion,ORDEN,2.00,10.00,1,0,0,0
2026-07-31,Migada Guisado Normal,Migada,PIEZA,1.00,133.00,1,0,0,1.00
2026-04-29,PROMO 6 surtidas,Otros,ORDEN,5.00,540.00,1,0,0,0
2026-03-10,Quesadillas (4 pzas.),Quesadilla,ORDEN,1.00,133.00,1,0,0,0
2026-04-08,Tacos de Maiz,Taco,PIEZA,23.00,506.00,11,0,0,23.00
2026-05-01,Salsa Habanera,Guarnicion,ORDEN,1.00,0.00,1,0,0,0
2026-05-27,Huevo Estrellado 2 pzas.,Huevos,ORDEN,2.00,70.00,1,0,0,0
2026-05-01,Migada Guisado de Carne,Migada,PIEZA,11.00,1584.00,11,0,7,11.00
2026-04-03,Gorditas de Azúcar,Gordita,PIEZA,2.00,84.00,1,0,0,2.00
2026-03-20,Refresco 355 ml.,Bebida,ORDEN,3.00,105.00,1,0,0,0
2026-07-04,1/2 Entomatadas,Entomatada,ORDEN,2.00,190.00,2,0,2,0
2026-03-13,Jamaica 1 Litro,Bebida,ORDEN,2.00,136.00,1,0,0,0
2026-05-08,Porción Frijol con Queso,Guarnicion,ORDEN,3.00,15.00,1,0,0,0
2026-04-17,1/2 Enchiladas Mixtas (4 Piezas),Enchilada,ORDEN,2.00,238.00,2,0,1,0
2026-06-17,1/2 Quesadillas (2 pzas.),Quesadilla,ORDEN,6.00,516.00,2,0,1,0
2026-03-02,Enchiladas Mixtas,Enchilada,ORDEN,2.00,396.00,2,1,0,0
2026-03-22,Café con Leche,Bebida,ORDEN,39.00,1638.00,3,0,0,0
2026-06-21,Entomatadas,Entomatada,ORDEN,8.00,1657.00,6,4,3,0
2026-08-22,Pieza Enchilada Roja,Enchilada,ORDEN,1.00,30.00,1,0,0,0
2026-08-09,Plátano Frito,Otros,ORDEN,2.00,84.00,2,0,0,0
2026-03-25,Migada Guisado de Carne,Migada,PIEZA,6.00,864.00,6,0,2,6.00
2026-04-03,Bisquet,Otros,ORDEN,11.00,330.00,1,0,0,0
2026-06-15,Aguacate Extra,Otros,ORDEN,4.00,60.00,1,0,0,0
2026-07-18,Quesadillas (4 pzas.),Quesadilla,ORDEN,9.00,1272.00,3,1,1,0
2026-05-03,Entomatadas,Entomatada,ORDEN,5.00,909.00,4,3,3,0
2026-05-09,Tacos de Harina,Taco,PIEZA,44.00,1064.00,12,0,0,44.00
2026-08-18,Salsa Habanera,Guarnicion,ORDEN,1.00,10.00,1,0,0,0
2026-08-12,Bocoles,Bocol,PIEZA,97.00,2134.00,17,0,0,97.00
2026-04-16,Pieza de Pan,Guarnicion,ORDEN,5.00,140.00,1,0,0,0
2026-08-22,Café con Leche,Bebida,ORDEN,31.00,1302.00,2,0,0,0
2026-08-14,Refresco 600 ml.,Bebida,ORDEN,18.00,702.00,8,0,0,0
2026-05-11,Enchiladas Mixtas,Enchilada,ORDEN,1.00,182.00,1,1,0,0
2026-08-29,Porción Frijol con Queso,Guarnicion,ORDEN,2.00,10.00,1,0,0,0
2026-04-24,Bisquet,Otros,ORDEN,3.00,90.00,1,0,0,0
2026-04-03,Café con Leche,Bebida,ORDEN,52.00,2197.00,5,0,0,0
2026-08-06,Pieza Extra Empanada,Empanada,ORDEN,1.00,38.00,1,0,0,0
2026-07-01,Jamaica Vaso,Bebida,ORDEN,17.00,714.00,1,0,0,0
2026-04-22,Limón 1 Litro,Bebida,ORDEN,1.00,59.00,1,0,0,0
2026-08-22,Ciel 600 ml.,Bebida,ORDEN,4.00,140.00,1,0,0,0
2026-04-17,Bocoles,Bocol,PIEZA,55.00,1226.00,17,1,0,55.00
2026-07-24,Enchiladas Rojas,Enchilada,ORDEN,3.00,511.00,3,2,2,0
2026-04-29,Refresco 600 ml.,Bebida,ORDEN,13.00,531.00,5,0,0,0
2026-08-24,Porción Ensalada,Guarnicion,ORDEN,1.00,25.00,1,0,0,0
2026-03-12,Enmoladas,Enmolada,ORDEN,1.00,147.00,1,0,0,0
2026-06-10,Refresco 355 ml.,Bebida,ORDEN,2.00,70.00,2,0,0,0
2026-06-14,Empanadas (4 pzas.),Empanada,ORDEN,10.00,1440.00,10,2,3,0
2026-08-06,Refresco 600 ml.,Bebida,ORDEN,18.00,702.00,6,0,0,0
2026-06-08,Horchata Vaso,Bebida,ORDEN,1.00,42.00,1,0,0,0
2026-06-30,Pieza de Pan Dulce,Guarnicion,ORDEN,4.00,112.00,1,0,0,0
2026-06-20,Huevos a la Mexicana,Huevos,ORDEN,2.00,240.00,1,0,0,0
2026-04-30,Horchata Vaso,Bebida,ORDEN,5.00,210.00,1,0,0,0
2026-09-02,Quesadillas (4 pzas.),Quesadilla,ORDEN,3.00,541.00,3,1,1,0
2026-07-01,1/2 Enchiladas Rojas,Enchilada,ORDEN,5.00,513.00,3,2,2,0
2026-08-16,Pieza Huevo Estrellado Medio,Huevos,ORDEN,1.00,20.00,1,0,0,0
2026-07-29,Migada Guisado Normal,Migada,PIEZA,1.00,133.00,1,0,0,1.00
2026-07-27,1/2 Encremadas,Encremada,ORDEN,1.00,130.00,1,1,0,0
2026-07-01,Café con Leche,Bebida,ORDEN,22.00,924.00,4,0,0,0
2026-07-01,Gorditas,Gordita,PIEZA,169.00,3246.00,20,0,0,169.00
2026-05-29,1/2 Enchiladas Picositas,Enchilada,ORDEN,2.00,225.00,2,1,1,0
2026-07-17,Bocoles,Bocol,PIEZA,51.00,1128.00,17,1,0,51.00
2026-08-29,Huevos Rancheros,Huevos,ORDEN,1.00,120.00,1,0,0,0
2026-05-18,Pieza Huevo Estrellado Cocido,Huevos,ORDEN,1.00,20.00,1,0,0,0
2026-06-28,Enchiladas Rojas,Enchilada,ORDEN,2.00,513.00,2,4,1,0
2026-07-10,Huevos a la Mexicana,Huevos,ORDEN,2.00,240.00,1,0,0,0
2026-08-03,1/2 Quesadillas (2 pzas.),Quesadilla,ORDEN,6.00,516.00,4,0,6,0
2026-05-05,1/2 Empanadas (2 pzas.),Empanada,ORDEN,1.00,94.00,1,0,0,0
2026-07-26,Enmoladas,Enmolada,ORDEN,3.00,485.00,2,0,1,0
2026-05-22,Aguacate Extra,Otros,ORDEN,1.00,15.00,1,0,0,0
2026-03-30,Gorditas,Gordita,PIEZA,155.00,3031.00,21,0,0,155.00
2026-08-10,Café Negro,Bebida,ORDEN,13.00,546.00,1,0,0,0
2026-08-21,Café Negro,Bebida,ORDEN,11.00,462.00,1,0,0,0
2026-04-22,PROMO 6 surtidas,Otros,ORDEN,3.00,324.00,1,0,0,0
2026-07-14,1/2 Encremadas,Encremada,ORDEN,1.00,197.00,1,1,0,0
2026-08-02,Huevo Estrellado 2 pzas.,Huevos,ORDEN,1.00,35.00,1,0,0,0
2026-04-25,Jamaica 1 Litro,Bebida,ORDEN,1.00,59.00,1,0,0,0
2026-06-03,Bocoles,Bocol,PIEZA,54.00,1203.00,19,0,5,54.00
2026-07-24,Bisquet,Otros,ORDEN,7.00,210.00,1,0,0,0
2026-03-17,Limón Vaso,Bebida,ORDEN,12.00,504.00,1,0,0,0
2026-05-03,Bistec 1 Pza.,Otros,ORDEN,1.00,102.00,1,0,0,0
2026-03-03,Migada Guisado Normal,Migada,PIEZA,1.00,133.00,1,0,0,1.00
2026-07-07,Bisquet,Otros,ORDEN,6.00,180.00,2,0,0,0
2026-04-19,Gorditas de Azúcar,Gordita,PIEZA,1.00,42.00,1,0,0,1.00
2026-03-02,Quesadillas (4 pzas.),Quesadilla,ORDEN,5.00,760.00,2,1,5,0
2026-07-04,Migada Guisado de Carne,Migada,PIEZA,10.00,1440.00,10,0,11,10.00
2026-07-03,Gorditas Surtidas,Gordita,PIEZA,1.00,95.00,1,0,0,5.00
2026-04-07,Jamaica Vaso,Bebida,ORDEN,18.00,756.00,1,0,0,0
2026-04-01,Tacos de Harina,Taco,PIEZA,27.00,600.00,12,0,0,27.00
2026-08-03,Salsa Roja,Guarnicion,ORDEN,1.00,10.00,1,0,0,0
2026-08-30,1/2 Enmoladas,Enmolada,ORDEN,5.00,548.00,4,2,1,0
2026-06-01,Migada Guisado de Carne,Migada,PIEZA,4.00,576.00,4,0,1,4.00
2026-05-16,1/2 Encremadas,Encremada,ORDEN,1.00,95.00,1,0,0,0
2026-07-16,Huevos con Deshebrada,Huevos,ORDEN,1.00,135.00,1,0,0,0
2026-08-06,Limón 1 Litro,Bebida,ORDEN,1.00,77.00,1,0,0,0
2026-04-09,1/2 Enchiladas Picositas,Enchilada,ORDEN,2.00,327.00,2,2,0,0
2026-04-17,Limón Vaso,Bebida,ORDEN,15.00,630.00,1,0,0,0
2026-08-09,Bisquet,Otros,ORDEN,8.00,240.00,1,0,0,0
2026-06-23,Migada Guisado de Carne,Migada,PIEZA,5.00,763.00,5,0,1,5.00
2026-09-05,Ciel 600 ml.,Bebida,ORDEN,3.00,105.00,1,0,0,0
2026-06-05,1/2 Entomatadas,Entomatada,ORDEN,1.00,130.00,1,1,1,0
2026-04-14,1/2 Entomatadas,Entomatada,ORDEN,2.00,260.00,2,2,0,0
2026-03-27,Horchata 1 Litro,Bebida,ORDEN,2.00,138.00,1,0,0,0
2026-08-01,Horchata 1 Litro,Bebida,ORDEN,3.00,207.00,1,0,0,0
2026-07-24,Tacos de Maiz,Taco,PIEZA,20.00,440.00,10,0,0,20.00
2026-07-27,Tacos de Harina,Taco,PIEZA,19.00,445.00,10,0,0,19.00
2026-07-22,Enmoladas,Enmolada,ORDEN,1.00,147.00,1,0,1,0
2026-08-10,Enchiladas Rojas,Enchilada,ORDEN,3.00,511.00,2,1,0,0
2026-08-31,Huevos Rancheros,Huevos,ORDEN,1.00,120.00,1,0,0,0
2026-04-30,Refresco 355 ml.,Bebida,ORDEN,4.00,140.00,1,0,0,0
2026-08-09,1/2 Quesadillas (2 pzas.),Quesadilla,ORDEN,5.00,430.00,3,0,2,0
2026-05-23,Entomatadas,Entomatada,ORDEN,3.00,441.00,2,0,3,0
2026-07-13,Enchiladas Picositas,Enchilada,ORDEN,2.00,434.00,2,2,0,0
2026-08-02,1/2 Enchiladas Mixtas (4 Piezas),Enchilada,ORDEN,2.00,238.00,2,0,0,0
2026-05-31,1/2 Encremadas,Encremada,ORDEN,1.00,95.00,1,0,0,0
2026-08-18,1/2 Encremadas,Encremada,ORDEN,1.00,95.00,1,0,0,0
2026-07-21,Horchata 1 Litro,Bebida,ORDEN,3.00,207.00,1,0,0,0
2026-06-21,Pieza Extra Empanada,Empanada,ORDEN,2.00,76.00,2,0,0,0
2026-05-29,Huevos con Deshebrada,Huevos,ORDEN,2.00,311.00,1,0,0,0
2026-08-24,1/2 Enmoladas,Enmolada,ORDEN,2.00,225.00,2,1,0,0
2026-08-16,Enmoladas,Enmolada,ORDEN,1.00,249.00,1,1,0,0
2026-08-09,Enmoladas,Enmolada,ORDEN,6.00,1200.00,5,3,2,0
2026-06-15,1/2 Entomatadas,Entomatada,ORDEN,2.00,292.00,2,1,1,0
2026-04-21,Limón Vaso,Bebida,ORDEN,12.00,504.00,1,0,0,0
2026-04-10,Limón 1 Litro,Bebida,ORDEN,1.00,77.00,1,0,0,0
2026-04-21,Tacos de Maiz,Taco,PIEZA,1.00,27.00,1,1,0,1.00
2026-03-09,1/2 Encremadas,Encremada,ORDEN,1.00,197.00,1,1,0,0
2026-05-13,Quesadillas (4 pzas.),Quesadilla,ORDEN,4.00,607.00,3,1,3,0
2026-07-06,Limón Vaso,Bebida,ORDEN,15.00,630.00,1,0,0,0
2026-08-03,Fuze Tea,Bebida,ORDEN,2.00,90.00,1,0,0,0
2026-08-22,Pieza Tortilla de Maíz,Guarnicion,ORDEN,3.00,15.00,1,0,0,0
2026-05-15,Jamaica 1 Litro,Bebida,ORDEN,2.00,118.00,1,0,0,0
2026-06-30,Salsa Verde,Guarnicion,ORDEN,1.00,0.00,1,0,0,0
2026-07-30,Limón Vaso,Bebida,ORDEN,22.00,924.00,1,0,0,0
2026-08-16,Encremadas,Encremada,ORDEN,1.00,147.00,1,0,0,0
2026-08-05,Bisquet,Otros,ORDEN,3.00,90.00,1,0,0,0
2026-04-09,Quesadillas (4 pzas.),Quesadilla,ORDEN,3.00,439.00,1,0,0,0
2026-03-15,Horchata 1 Litro,Bebida,ORDEN,2.00,138.00,1,0,0,0
2026-04-24,Enfrijoladas,Enfrijolada,ORDEN,2.00,411.00,2,2,2,0
2026-07-23,1/2 Enmoladas,Enmolada,ORDEN,2.00,190.00,1,0,0,0
2026-07-25,Orden de Guisado de Carne,Guarnicion,ORDEN,1.00,135.00,1,1,0,0
2026-06-29,Huevos con Deshebrada,Huevos,ORDEN,1.00,176.00,1,0,0,0
2026-05-18,Ciel 600 ml.,Bebida,ORDEN,2.00,70.00,1,0,0,0
2026-08-12,Entomatadas,Entomatada,ORDEN,4.00,830.00,3,2,1,0
2026-04-07,Huevos con Deshebrada,Huevos,ORDEN,3.00,405.00,1,0,0,0
2026-05-07,Horchata 1 Litro,Bebida,ORDEN,1.00,69.00,1,0,0,0
2026-07-31,Porción Ensalada,Guarnicion,ORDEN,1.00,25.00,1,0,0,0
2026-03-04,Gorditas,Gordita,PIEZA,108.00,2103.00,16,0,0,108.00
2026-04-02,Limón Vaso,Bebida,ORDEN,10.00,420.00,1,0,0,0
2026-08-06,Huevos con Deshebrada,Huevos,ORDEN,2.00,270.00,1,0,0,0
2026-06-17,Plátano Frito,Otros,ORDEN,2.00,84.00,1,0,0,0
2026-06-22,Bisquet,Otros,ORDEN,3.00,90.00,1,0,0,0
2026-04-10,1/2 Quesadillas (2 pzas.),Quesadilla,ORDEN,5.00,344.00,1,0,0,0
2026-08-03,Jamaica Vaso,Bebida,ORDEN,25.00,1050.00,1,0,0,0
2026-04-24,Orden de Guisado Normal,Guarnicion,ORDEN,1.00,120.00,1,0,0,0
2026-05-17,Bocoles,Bocol,PIEZA,186.00,4245.00,22,2,2,186.00
2026-05-22,Quesadillas (4 pzas.),Quesadilla,ORDEN,4.00,532.00,1,0,0,0
2026-07-28,Pieza Huevo Estrellado Cocido,Huevos,ORDEN,2.00,40.00,1,0,0,0
2026-03-23,Orden de Guisado Normal,Guarnicion,ORDEN,1.00,120.00,1,0,0,0
2026-08-01,Gorditas de Azúcar,Gordita,PIEZA,2.00,84.00,1,0,0,2.00
2026-08-10,Enchiladas Mixtas,Enchilada,ORDEN,2.00,431.00,2,2,0,0
2026-05-30,Ciel 600 ml.,Bebida,ORDEN,7.00,245.00,1,0,0,0
2026-03-29,Café con Leche,Bebida,ORDEN,50.00,2100.00,3,0,0,0
2026-05-17,Huevos Rancheros,Huevos,ORDEN,4.00,516.00,1,0,0,0
2026-08-29,Tacos de Harina,Taco,PIEZA,56.00,1289.00,16,0,0,56.00
2026-07-18,Migada Guisado Normal,Migada,PIEZA,4.00,532.00,4,0,5,4.00
2026-06-18,Plátano Frito,Otros,ORDEN,1.00,42.00,1,0,0,0
2026-04-07,Huevos a la Mexicana,Huevos,ORDEN,2.00,240.00,1,0,0,0
2026-06-09,Ciel 600 ml.,Bebida,ORDEN,1.00,35.00,1,0,0,0
2026-04-18,Café Negro,Bebida,ORDEN,27.00,1134.00,1,0,0,0
2026-03-28,Bisquet,Otros,ORDEN,2.00,60.00,1,0,0,0
2026-06-04,Pieza Tortilla de Maíz,Guarnicion,ORDEN,1.00,5.00,1,0,0,0
2026-03-20,Café Negro,Bebida,ORDEN,9.00,378.00,1,0,0,0
2026-06-28,Huevos Rancheros,Huevos,ORDEN,3.00,360.00,1,0,0,0
2026-08-23,Café con Leche,Bebida,ORDEN,55.00,2323.00,3,0,0,0
2026-03-27,Orden Huevos Estrellados,Huevos,ORDEN,1.00,120.00,1,0,0,0
2026-07-20,Zanahorias p/llevar,Otros,ORDEN,2.00,20.00,1,0,0,0
2026-03-07,1/2 Enmoladas,Enmolada,ORDEN,3.00,355.00,3,2,1,0
2026-06-22,Gorditas,Gordita,PIEZA,188.00,3608.00,27,5,2,188.00
2026-03-07,Fuze Tea,Bebida,ORDEN,1.00,45.00,1,0,0,0
2026-04-04,Horchata 1 Litro,Bebida,ORDEN,10.00,690.00,1,0,0,0
2026-06-30,Enchiladas Mixtas,Enchilada,ORDEN,2.00,478.00,2,3,0,0
2026-08-01,Migada Guisado de Carne,Migada,PIEZA,11.00,1584.00,11,0,5,11.00
2026-08-29,Pieza de Pan Dulce,Guarnicion,ORDEN,5.00,140.00,1,0,0,0
2026-06-09,Tacos de Harina,Taco,PIEZA,22.00,490.00,8,0,0,22.00
2026-07-09,Limón 1 Litro,Bebida,ORDEN,1.00,59.00,1,0,0,0
2026-04-26,Gorditas de Azúcar,Gordita,PIEZA,2.00,84.00,1,0,0,2.00
2026-03-23,Horchata Vaso,Bebida,ORDEN,5.00,210.00,1,0,0,0
2026-08-22,Aguacate Extra,Otros,ORDEN,3.00,45.00,1,0,0,0
2026-03-22,Guisado Infantil,Otros,ORDEN,1.00,38.00,1,0,0,0
2026-07-28,Migada Guisado de Carne,Migada,PIEZA,10.00,1440.00,10,0,5,10.00
2026-05-19,Pieza Huevo Estrellado Cocido,Huevos,ORDEN,1.00,20.00,1,0,0,0
2026-04-24,Horchata Vaso,Bebida,ORDEN,3.00,126.00,1,0,0,0
2026-07-19,Jamaica 1 Litro,Bebida,ORDEN,1.00,59.00,1,0,0,0
2026-06-09,1/2 Enchiladas Mixtas (4 Piezas),Enchilada,ORDEN,1.00,154.00,1,1,0,0
2026-06-27,Café con Leche,Bebida,ORDEN,45.00,1903.00,3,0,0,0
2026-05-24,1/2 Enfrijoladas,Enfrijolada,ORDEN,3.00,556.00,3,3,2,0
2026-09-03,Gorditas Surtidas,Gordita,PIEZA,1.00,190.00,1,0,0,10.00
2026-04-26,Gorditas,Gordita,PIEZA,325.00,6423.00,23,2,0,325.00
2026-03-26,1/2 Enchiladas Rojas,Enchilada,ORDEN,4.00,450.00,3,2,2,0
2026-07-21,Quesadillas (4 pzas.),Quesadilla,ORDEN,9.00,1197.00,4,0,5,0
2026-04-20,Café Negro,Bebida,ORDEN,10.00,420.00,1,0,0,0
2026-07-16,Empanadas (4 pzas.),Empanada,ORDEN,5.00,806.00,5,1,1,0
2026-06-11,Jamaica Vaso,Bebida,ORDEN,11.00,462.00,1,0,0,0
2026-09-02,Pieza Extra Quesadilla,Quesadilla,ORDEN,2.00,70.00,1,0,0,0
2026-07-04,Bisquet,Otros,ORDEN,3.00,90.00,1,0,0,0
2026-05-18,Entomatadas,Entomatada,ORDEN,1.00,182.00,1,1,0,0
2026-07-15,Tacos de Harina,Taco,PIEZA,25.00,576.25,12,0,0,25.00
2026-08-16,1/2 Empanadas (2 pzas.),Empanada,ORDEN,13.00,1232.00,12,2,4,0
2026-05-16,Tacos de Harina,Taco,PIEZA,41.00,908.00,11,0,0,41.00
2026-04-22,1/2 Empanadas (2 pzas.),Empanada,ORDEN,3.00,282.00,3,0,0,0
2026-07-07,Quesadillas (4 pzas.),Quesadilla,ORDEN,5.00,780.00,3,1,4,0
2026-04-13,Gorditas,Gordita,PIEZA,138.00,2702.00,25,3,0,138.00
2026-08-09,Enchiladas Picositas,Enchilada,ORDEN,2.00,431.00,2,2,0,0
2026-04-02,Quesadillas (4 pzas.),Quesadilla,ORDEN,4.00,572.00,2,0,3,0
2026-07-19,Quesadillas (4 pzas.),Quesadilla,ORDEN,6.00,918.00,1,0,0,0
2026-05-08,Tacos de Harina,Taco,PIEZA,10.00,220.00,6,0,0,10.00
2026-06-06,1/2 Entomatadas,Entomatada,ORDEN,10.00,1230.00,6,4,4,0
2026-05-31,Orden de Guisado de Carne,Guarnicion,ORDEN,1.00,135.00,1,1,0,0
2026-06-05,Refresco 355 ml.,Bebida,ORDEN,3.00,105.00,1,0,0,0
2026-06-11,Refresco 600 ml.,Bebida,ORDEN,10.00,402.00,6,0,0,0
2026-04-28,Enmoladas,Enmolada,ORDEN,1.00,249.00,1,1,0,0
2026-03-28,1/2 Enfrijoladas,Enfrijolada,ORDEN,2.00,327.00,2,2,0,0
2026-04-15,Gorditas de Azúcar,Gordita,PIEZA,1.00,42.00,1,0,0,1.00
2026-06-05,Limón Vaso,Bebida,ORDEN,18.00,756.00,1,0,0,0
2026-03-16,1/2 Enmoladas,Enmolada,ORDEN,3.00,457.00,2,2,0,0
2026-07-01,Entomatadas,Entomatada,ORDEN,4.00,658.00,4,2,2,0
2026-03-29,Horchata Vaso,Bebida,ORDEN,8.00,336.00,1,0,0,0
2026-03-29,Migada Guisado de Carne,Migada,PIEZA,7.00,1094.00,6,0,1,7.00
2026-06-26,Ciel 600 ml.,Bebida,ORDEN,1.00,35.00,1,0,0,0
2026-05-29,Pieza de Pan,Guarnicion,ORDEN,1.00,28.00,1,0,0,0
2026-04-13,Pieza Huevo Estrellado Medio,Huevos,ORDEN,1.00,20.00,1,0,0,0
2026-04-10,Pieza Huevo Estrellado Medio,Huevos,ORDEN,1.00,20.00,1,0,0,0
2026-08-09,Refresco 600 ml.,Bebida,ORDEN,28.00,1092.00,6,0,0,0
2026-08-31,Porción Ensalada,Guarnicion,ORDEN,1.00,25.00,1,0,0,0
2026-04-13,1/2 Enchiladas Rojas,Enchilada,ORDEN,6.00,777.00,6,4,1,0
2026-04-19,Tacos de Harina,Taco,PIEZA,46.00,1056.00,14,1,0,46.00
2026-07-23,Horchata 1 Litro,Bebida,ORDEN,3.00,207.00,1,0,0,0
2026-06-20,1/2 Enchiladas Mixtas (4 Piezas),Enchilada,ORDEN,3.00,392.00,3,1,0,0
2026-08-26,Gorditas,Gordita,PIEZA,182.00,3536.00,35,0,16,182.00
2026-04-09,Enchiladas Mixtas,Enchilada,ORDEN,1.00,182.00,1,1,0,0
2026-05-21,1/2 Enchiladas Mixtas (4 Piezas),Enchilada,ORDEN,2.00,273.00,2,1,0,0
2026-08-17,1/2 Entomatadas,Entomatada,ORDEN,4.00,450.00,4,2,5,0
2026-07-08,Salsa Habanera,Guarnicion,ORDEN,1.00,10.00,1,0,0,0
2026-09-02,Enmoladas,Enmolada,ORDEN,2.00,431.00,2,2,0,0
2026-07-30,Huevos Rancheros,Huevos,ORDEN,1.00,120.00,1,0,0,0
2026-07-12,Pieza Huevo Estrellado Tierno,Huevos,ORDEN,1.00,20.00,1,0,0,0
2026-07-19,Huevo Estrellado 2 pzas.,Huevos,ORDEN,1.00,35.00,1,0,0,0
2026-07-24,Enmoladas,Enmolada,ORDEN,1.00,249.00,1,1,0,0
2026-03-03,Huevos Rancheros,Huevos,ORDEN,3.00,360.00,1,0,0,0
2026-07-11,1/2 Entomatadas,Entomatada,ORDEN,3.00,320.00,2,1,2,0
2026-03-20,Entomatadas,Entomatada,ORDEN,1.00,249.00,1,1,0,0
2026-06-07,Quesadillas (4 pzas.),Quesadilla,ORDEN,8.00,1104.00,3,0,1,0
2026-08-30,Zanahorias p/llevar,Otros,ORDEN,1.00,10.00,1,0,0,0
2026-06-02,Jamaica Vaso,Bebida,ORDEN,13.00,546.00,1,0,0,0
2026-05-23,Salsa Verde,Guarnicion,ORDEN,2.00,0.00,1,0,0,0
2026-05-31,Migada Guisado de Carne,Migada,PIEZA,10.00,1483.00,9,0,6,10.00
2026-07-13,Horchata Vaso,Bebida,ORDEN,1.00,42.00,1,0,0,0
2026-04-07,1/2 Enmoladas,Enmolada,ORDEN,3.00,320.00,2,1,1,0
2026-08-01,Entomatadas,Entomatada,ORDEN,3.00,520.00,3,2,2,0
2026-08-29,Bisquet,Otros,ORDEN,9.00,270.00,2,0,0,0
2026-03-12,Guisado Infantil,Otros,ORDEN,1.00,38.00,1,0,0,0
2026-05-25,1/2 Entomatadas,Entomatada,ORDEN,3.00,357.00,2,2,0,0
2026-03-05,Fuze Tea,Bebida,ORDEN,2.00,90.00,1,0,0,0
2026-08-25,1/2 Enchiladas Rojas,Enchilada,ORDEN,2.00,190.00,2,0,3,0
2026-03-11,1/2 Enchiladas Mixtas (4 Piezas),Enchilada,ORDEN,2.00,273.00,2,1,2,0
2026-05-19,Bocoles,Bocol,PIEZA,41.00,914.00,12,0,0,41.00
2026-08-28,Horchata Vaso,Bebida,ORDEN,5.00,210.00,1,0,0,0
2026-05-31,1/2 Enchiladas Rojas,Enchilada,ORDEN,13.00,1652.00,10,8,3,0
2026-08-18,Horchata 1 Litro,Bebida,ORDEN,2.00,138.00,1,0,0,0
2026-04-03,Orden de Guisado de Carne,Guarnicion,ORDEN,2.00,270.00,1,0,0,0
2026-06-26,Huevos Rancheros,Huevos,ORDEN,1.00,120.00,1,0,0,0
2026-05-10,Pieza Enmolada,Enmolada,ORDEN,1.00,65.00,1,1,0,0
2026-05-16,1/2 Entomatadas,Entomatada,ORDEN,4.00,450.00,3,2,2,0
2026-06-27,Aguacate Extra,Otros,ORDEN,2.00,30.00,1,0,0,0
2026-03-08,Limón 1 Litro,Bebida,ORDEN,3.00,213.00,1,0,0,0
2026-04-08,Enchiladas Rojas,Enchilada,ORDEN,2.00,431.00,2,2,0,0
2026-05-03,Tacos de Maiz,Taco,PIEZA,59.00,1301.00,13,0,0,59.00
2026-07-13,Aguacate Extra,Otros,ORDEN,1.00,15.00,1,0,0,0
2026-05-09,Bocoles,Bocol,PIEZA,96.00,2145.00,23,4,1,96.00
2026-07-28,Gorditas,Gordita,PIEZA,234.00,4511.00,21,0,0,234.00
2026-03-31,Pieza de Pan,Guarnicion,ORDEN,6.00,168.00,1,0,0,0
2026-07-30,1/2 Empanadas (2 pzas.),Empanada,ORDEN,4.00,376.00,3,1,0,0
2026-03-13,Salsa Verde,Guarnicion,ORDEN,1.00,0.00,1,0,0,0
2026-04-13,Huevos a la Mexicana,Huevos,ORDEN,1.00,120.00,1,0,0,0
2026-06-28,Horchata Vaso,Bebida,ORDEN,6.00,252.00,1,0,0,0
2026-06-24,Café con Leche,Bebida,ORDEN,24.00,1008.00,3,0,0,0
2026-08-20,Pieza de Pan Dulce,Guarnicion,ORDEN,5.00,140.00,1,0,0,0
2026-03-23,Pieza Huevo Estrellado Tierno,Huevos,ORDEN,1.00,20.00,1,0,0,0
2026-04-09,Bocoles Surtidos,Bocol,PIEZA,1.00,88.00,1,0,0,4.00
2026-04-04,Aguacate Extra,Otros,ORDEN,1.00,15.00,1,0,0,0
2026-09-01,Café Negro,Bebida,ORDEN,15.00,630.00,1,0,0,0
2026-07-17,Ciel 600 ml.,Bebida,ORDEN,3.00,105.00,1,0,0,0
2026-07-23,Café Negro,Bebida,ORDEN,26.00,1092.00,1,0,0,0
2026-04-18,1/2 Quesadillas (2 pzas.),Quesadilla,ORDEN,6.00,551.00,3,1,3,0
2026-06-11,Enfrijoladas,Enfrijolada,ORDEN,1.00,226.00,1,1,2,0
2026-04-16,Limón Vaso,Bebida,ORDEN,8.00,336.00,1,0,0,0
2026-07-11,Jamaica Vaso,Bebida,ORDEN,23.00,966.00,1,0,0,0
2026-04-21,Café Negro,Bebida,ORDEN,15.00,630.00,1,0,0,0
2026-08-03,Limón Vaso,Bebida,ORDEN,28.00,1176.00,1,0,0,0
2026-08-03,Pieza de Pan Dulce,Guarnicion,ORDEN,2.00,56.00,1,0,0,0
2026-03-08,1/2 Enfrijoladas,Enfrijolada,ORDEN,1.00,95.00,1,0,0,0
2026-07-22,Huevos a la Mexicana,Huevos,ORDEN,1.00,120.00,1,0,0,0
2026-03-22,Ciel 600 ml.,Bebida,ORDEN,4.00,140.00,1,0,0,0
2026-04-15,Refresco 600 ml.,Bebida,ORDEN,3.00,129.00,1,0,0,0
2026-05-14,Bisquet,Otros,ORDEN,3.00,90.00,1,0,0,0
2026-07-10,1/2 Entomatadas,Entomatada,ORDEN,2.00,225.00,2,1,2,0
2026-05-04,Huevos con Deshebrada,Huevos,ORDEN,7.00,945.00,1,0,0,0
2026-08-05,Huevo Revuelto 2 pzas.,Huevos,ORDEN,1.00,35.00,1,0,0,0
2026-06-26,Jamaica Vaso,Bebida,ORDEN,17.00,727.00,1,0,0,0
2026-08-23,Migada Guisado Normal,Migada,PIEZA,1.00,133.00,1,0,0,1.00
2026-08-28,Salsa Verde,Guarnicion,ORDEN,1.00,10.00,1,0,0,0
2026-07-04,Enchiladas Mixtas,Enchilada,ORDEN,1.00,147.00,1,0,0,0
2026-07-07,Bocoles,Bocol,PIEZA,49.00,1078.00,15,0,1,49.00
2026-08-22,Horchata Vaso,Bebida,ORDEN,10.00,420.00,1,0,0,0
2026-04-29,Gorditas de Azúcar,Gordita,PIEZA,2.00,84.00,1,0,0,2.00
2026-04-14,Horchata 1 Litro,Bebida,ORDEN,3.00,228.00,1,0,0,0
2026-03-26,Gorditas de Azúcar,Gordita,PIEZA,2.00,84.00,1,0,0,2.00
2026-07-21,1/2 Quesadillas (2 pzas.),Quesadilla,ORDEN,9.00,774.00,5,0,7,0
2026-08-24,1/2 Enchiladas Mixtas (4 Piezas),Enchilada,ORDEN,1.00,154.00,1,1,0,0
2026-07-16,Entomatadas,Entomatada,ORDEN,1.00,249.00,1,1,2,0
2026-04-16,Huevos con Deshebrada,Huevos,ORDEN,2.00,270.00,1,0,0,0
2026-08-27,1/2 Enchiladas Rojas,Enchilada,ORDEN,3.00,393.00,3,3,2,0
2026-05-10,Horchata Vaso,Bebida,ORDEN,5.00,210.00,1,0,0,0
2026-03-04,Pieza Huevo Estrellado Medio,Huevos,ORDEN,1.00,20.00,1,0,0,0
2026-04-10,Horchata Vaso,Bebida,ORDEN,2.00,84.00,1,0,0,0
2026-07-02,Huevos con Deshebrada,Huevos,ORDEN,4.00,622.00,1,0,0,0
2026-06-13,Tacos de Harina,Taco,PIEZA,35.00,791.00,10,0,0,35.00
2026-03-05,1/2 Empanadas (2 pzas.),Empanada,ORDEN,1.00,94.00,1,0,1,0
2026-05-18,Bocoles,Bocol,PIEZA,59.00,1304.00,18,0,1,59.00
2026-08-28,Orden de Guisado Normal,Guarnicion,ORDEN,5.00,600.00,3,3,0,0
2026-06-07,Porción Ensalada,Guarnicion,ORDEN,1.00,25.00,1,0,0,0
2026-06-18,Topo Chico 600 ml.,Bebida,ORDEN,2.00,78.00,1,0,0,0
2026-05-10,Enmoladas,Enmolada,ORDEN,2.00,294.00,1,0,0,0
2026-05-17,Enchiladas Mixtas,Enchilada,ORDEN,5.00,773.00,4,1,0,0
2026-03-03,Orden de Guisado Normal,Guarnicion,ORDEN,1.00,120.00,1,0,0,0
2026-06-02,Huevos a la Mexicana,Huevos,ORDEN,3.00,360.00,1,0,0,0
2026-06-30,1/2 Enchiladas Rojas,Enchilada,ORDEN,7.00,1146.00,4,3,1,0
2026-05-05,Tacos de Harina,Taco,PIEZA,27.00,612.00,9,0,0,27.00
2026-07-16,Quesadillas (4 pzas.),Quesadilla,ORDEN,5.00,785.00,2,0,1,0
2026-05-29,Pieza Extra Quesadilla,Quesadilla,ORDEN,2.00,70.00,1,0,0,0
2026-07-13,Bocoles,Bocol,PIEZA,46.00,1034.00,15,2,0,46.00
2026-03-25,1/2 Enmoladas,Enmolada,ORDEN,2.00,292.00,2,1,0,0
2026-06-20,Refresco 355 ml.,Bebida,ORDEN,3.00,105.00,1,0,0,0
2026-03-03,Enchiladas Mixtas,Enchilada,ORDEN,1.00,185.00,1,1,0,0
2026-04-09,Limón 1 Litro,Bebida,ORDEN,1.00,59.00,1,0,0,0
2026-06-07,Jamaica Vaso,Bebida,ORDEN,23.00,966.00,1,0,0,0
2026-03-15,Refresco 600 ml.,Bebida,ORDEN,14.00,558.00,3,0,0,0
2026-04-26,Café con Leche,Bebida,ORDEN,55.00,2310.00,4,0,0,0
2026-03-19,Jamaica 1 Litro,Bebida,ORDEN,2.00,136.00,1,0,0,0
2026-03-16,Huevos a la Mexicana,Huevos,ORDEN,2.00,240.00,1,0,0,0
2026-04-11,Horchata 1 Litro,Bebida,ORDEN,2.00,138.00,1,0,0,0
2026-07-12,Plátano Frito,Otros,ORDEN,1.00,42.00,1,0,0,0
2026-08-16,Quesadillas (4 pzas.),Quesadilla,ORDEN,6.00,918.00,2,0,1,0
2026-07-11,Plátano Frito,Otros,ORDEN,1.00,42.00,1,0,0,0
2026-04-20,Tacos de Maiz,Taco,PIEZA,22.00,484.00,11,0,0,22.00
2026-07-22,Migada Guisado Normal,Migada,PIEZA,2.00,266.00,2,0,0,2.00
2026-05-31,Salsa Habanera,Guarnicion,ORDEN,1.00,0.00,1,0,0,0
2026-05-18,Bisquet,Otros,ORDEN,4.00,120.00,1,0,0,0
2026-08-03,Quesadillas (4 pzas.),Quesadilla,ORDEN,10.00,1370.00,2,0,1,0
2026-07-25,Pieza Extra Empanada,Empanada,ORDEN,1.00,38.00,1,0,0,0
2026-07-01,Horchata Vaso,Bebida,ORDEN,8.00,336.00,1,0,0,0
2026-06-07,Limón Vaso,Bebida,ORDEN,24.00,1008.00,1,0,0,0
2026-07-09,Zanahorias p/llevar,Otros,ORDEN,2.00,20.00,1,0,0,0
2026-08-08,Enchiladas Rojas,Enchilada,ORDEN,5.00,1076.00,3,2,0,0
2026-08-23,Huevo Estrellado 2 pzas.,Huevos,ORDEN,1.00,35.00,1,0,0,0
2026-05-20,Porción Frijol con Queso,Guarnicion,ORDEN,1.00,5.00,1,0,0,0
2026-08-19,Refresco 355 ml.,Bebida,ORDEN,2.00,70.00,2,0,0,0
2026-08-23,Pieza Enchilada Roja,Enchilada,ORDEN,1.00,30.00,1,0,0,0
2026-04-27,Enchiladas Rojas,Enchilada,ORDEN,1.00,249.00,1,1,1,0
2026-05-06,1/2 Quesadillas (2 pzas.),Quesadilla,ORDEN,5.00,465.00,2,1,1,0
2026-04-02,1/2 Enchiladas Rojas,Enchilada,ORDEN,9.00,1138.00,7,6,5,0
2026-04-15,Huevo Revuelto 2 pzas.,Huevos,ORDEN,1.00,35.00,1,0,0,0
2026-08-23,Horchata Vaso,Bebida,ORDEN,9.00,378.00,1,0,0,0
2026-05-02,Pieza Huevo Estrellado Medio,Huevos,ORDEN,1.00,20.00,1,0,0,0
2026-03-01,Té de Manzanilla,Bebida,ORDEN,1.00,33.00,1,0,0,0
2026-03-31,1/2 Enfrijoladas,Enfrijolada,ORDEN,1.00,197.00,1,1,0,0
2026-04-08,Tacos de Harina,Taco,PIEZA,11.00,260.00,5,0,1,11.00
2026-04-17,Bisquet,Otros,ORDEN,2.00,60.00,1,0,0,0
2026-04-05,1/2 Quesadillas (2 pzas.),Quesadilla,ORDEN,9.00,688.00,3,0,2,0
2026-05-09,Limón Vaso,Bebida,ORDEN,21.00,882.00,1,0,0,0
2026-04-16,1/2 Enchiladas Rojas,Enchilada,ORDEN,9.00,1068.00,6,4,3,0
2026-03-29,Huevos Rancheros,Huevos,ORDEN,2.00,240.00,1,0,0,0
2026-07-11,Refresco 355 ml.,Bebida,ORDEN,6.00,210.00,2,0,0,0
2026-08-08,Salsa Roja,Guarnicion,ORDEN,1.00,10.00,1,0,0,0
2026-05-17,Enmoladas,Enmolada,ORDEN,3.00,441.00,1,0,0,0
2026-06-11,Enchiladas Picositas,Enchilada,ORDEN,1.00,229.00,1,1,0,0
2026-06-22,Huevos a la Mexicana,Huevos,ORDEN,3.00,396.00,1,0,0,0
2026-03-25,Horchata 1 Litro,Bebida,ORDEN,2.00,138.00,1,0,0,0
2026-05-26,Enchiladas Mixtas,Enchilada,ORDEN,1.00,147.00,1,0,0,0
2026-08-04,Pieza de Pan Dulce,Guarnicion,ORDEN,2.00,56.00,1,0,0,0
2026-03-05,Orden de Guisado de Carne,Guarnicion,ORDEN,1.00,135.00,1,0,0,0
2026-08-27,Pieza Tortilla de Maíz,Guarnicion,ORDEN,4.00,20.00,1,0,0,0
2026-07-05,Horchata 1 Litro,Bebida,ORDEN,4.00,276.00,1,0,0,0
2026-07-19,Empanadas (4 pzas.),Empanada,ORDEN,2.00,288.00,2,2,2,0
2026-04-21,Enchiladas Mixtas,Enchilada,ORDEN,2.00,396.00,2,1,0,0
2026-06-13,Horchata Vaso,Bebida,ORDEN,4.00,168.00,1,0,0,0
2026-07-02,Pieza Extra Quesadilla,Quesadilla,ORDEN,1.00,35.00,1,0,0,0
2026-07-30,Tacos de Maiz,Taco,PIEZA,26.00,575.00,14,0,1,26.00
2026-05-20,Jamaica Vaso,Bebida,ORDEN,24.00,1008.00,1,0,0,0
2026-05-29,1/2 Quesadillas (2 pzas.),Quesadilla,ORDEN,2.00,172.00,1,0,0,0
2026-08-29,Migada Guisado de Carne,Migada,PIEZA,9.00,1296.00,6,0,3,9.00
2026-04-03,Fuze Tea,Bebida,ORDEN,1.00,45.00,1,0,0,0
2026-08-16,Huevos Rancheros,Huevos,ORDEN,1.00,156.00,1,0,0,0
2026-08-12,Bisquet,Otros,ORDEN,1.00,30.00,1,0,0,0
2026-04-20,Entomatadas,Entomatada,ORDEN,1.00,182.00,1,1,0,0
2026-03-18,Gorditas,Gordita,PIEZA,89.00,1724.00,16,0,0,89.00
2026-08-24,Aguacate Extra,Otros,ORDEN,6.00,90.00,1,0,0,0
2026-04-06,1/2 Enmoladas,Enmolada,ORDEN,1.00,95.00,1,0,0,0
2026-08-19,Pieza Huevo Estrellado Cocido,Huevos,ORDEN,2.00,40.00,1,0,0,0
2026-07-19,Tacos de Harina,Taco,PIEZA,35.00,810.00,15,2,2,35.00
2026-04-27,1/2 Enchiladas Rojas,Enchilada,ORDEN,4.00,587.00,4,4,1,0
2026-07-19,Café Negro,Bebida,ORDEN,8.00,336.00,1,0,0,0
2026-03-20,Bisquet,Otros,ORDEN,4.00,120.00,2,0,0,0
2026-05-04,1/2 Entomatadas,Entomatada,ORDEN,3.00,323.00,2,1,1,0
2026-06-18,1/2 Quesadillas (2 pzas.),Quesadilla,ORDEN,5.00,430.00,4,0,3,0
2026-08-26,Empanadas (4 pzas.),Empanada,ORDEN,2.00,288.00,2,2,2,0
2026-03-21,Entomatadas,Entomatada,ORDEN,8.00,1515.00,6,5,6,0
2026-05-17,1/2 Enmoladas,Enmolada,ORDEN,3.00,422.00,3,2,0,0
2026-07-15,Jamaica Vaso,Bebida,ORDEN,12.00,517.00,1,0,0,0
2026-05-16,Jamaica 1 Litro,Bebida,ORDEN,1.00,59.00,1,0,0,0
2026-06-17,Migada Guisado de Carne,Migada,PIEZA,5.00,720.00,5,0,2,5.00
2026-05-02,Porción Frijol con Queso,Guarnicion,ORDEN,1.00,5.00,1,0,0,0
2026-07-05,1/2 Enchiladas Picositas,Enchilada,ORDEN,2.00,260.00,1,1,0,0
2026-06-20,Pieza de Pan Dulce,Guarnicion,ORDEN,5.00,140.00,1,0,0,0
2026-05-05,Jamaica Vaso,Bebida,ORDEN,13.00,546.00,1,0,0,0
2026-04-30,Enchiladas Mixtas,Enchilada,ORDEN,4.00,725.00,4,2,4,0
2026-07-09,1/2 Enchiladas Picositas,Enchilada,ORDEN,2.00,429.00,2,3,1,0
2026-04-05,1/2 Empanadas (2 pzas.),Empanada,ORDEN,9.00,846.00,9,0,0,0
2026-08-22,Pieza Extra Quesadilla,Quesadilla,ORDEN,1.00,35.00,1,0,0,0
2026-08-10,Refresco 355 ml.,Bebida,ORDEN,8.00,280.00,1,0,0,0
2026-05-26,Huevos Rancheros,Huevos,ORDEN,2.00,240.00,1,0,0,0
2026-05-25,Ciel 600 ml.,Bebida,ORDEN,3.00,105.00,1,0,0,0
2026-03-17,Guisado Infantil,Otros,ORDEN,1.00,38.00,1,0,0,0
2026-05-23,Pieza de Pan,Guarnicion,ORDEN,6.00,168.00,1,0,0,0
2026-06-19,Limón 1 Litro,Bebida,ORDEN,2.00,136.00,1,0,0,0
2026-05-03,Horchata Vaso,Bebida,ORDEN,7.00,307.00,1,0,0,0
2026-05-20,1/2 Empanadas (2 pzas.),Empanada,ORDEN,4.00,411.00,4,2,1,0
2026-06-14,Huevos Rancheros,Huevos,ORDEN,1.00,120.00,1,0,0,0
2026-07-28,Tacos de Harina,Taco,PIEZA,26.00,587.00,11,0,0,26.00
2026-08-07,Bocoles,Bocol,PIEZA,75.00,1701.00,17,3,0,75.00
2026-03-09,Entomatadas,Entomatada,ORDEN,1.00,147.00,1,0,0,0
2026-03-10,1/2 Enfrijoladas,Enfrijolada,ORDEN,1.00,133.00,1,1,0,0
2026-04-30,1/2 Encremadas,Encremada,ORDEN,4.00,648.00,3,2,0,0
2026-06-04,1/2 Quesadillas (2 pzas.),Quesadilla,ORDEN,3.00,258.00,1,0,0,0
2026-03-20,Jamaica 1 Litro,Bebida,ORDEN,2.00,118.00,1,0,0,0
2026-09-03,1/2 Enmoladas,Enmolada,ORDEN,4.00,593.00,4,4,1,0
2026-04-12,Huevo Estrellado 2 pzas.,Huevos,ORDEN,1.00,35.00,1,0,0,0
2026-06-26,Tacos de Maiz,Taco,PIEZA,44.00,986.00,14,0,0,44.00
2026-04-26,Pieza de Pan,Guarnicion,ORDEN,5.00,140.00,1,0,0,0
2026-08-04,Refresco 355 ml.,Bebida,ORDEN,3.00,105.00,1,0,0,0
2026-08-20,Café Negro,Bebida,ORDEN,13.00,546.00,1,0,0,0
2026-07-26,Salsa Roja,Guarnicion,ORDEN,4.00,40.00,1,0,0,0
2026-08-17,Orden de Guisado Normal,Guarnicion,ORDEN,1.00,120.00,1,1,0,0
2026-05-02,Café con Leche,Bebida,ORDEN,55.00,2310.00,1,0,0,0
2026-06-16,Limón 1 Litro,Bebida,ORDEN,1.00,59.00,1,0,0,0
2026-04-13,Jamaica Vaso,Bebida,ORDEN,14.00,588.00,1,0,0,0
2026-07-03,1/2 Entomatadas,Entomatada,ORDEN,5.00,679.00,3,2,2,0
2026-08-17,Huevos Rancheros,Huevos,ORDEN,2.00,240.00,1,0,0,0
2026-07-17,Huevos Rancheros,Huevos,ORDEN,1.00,120.00,1,0,0,0
2026-06-06,Migada Guisado Normal,Migada,PIEZA,3.00,399.00,3,0,2,3.00
2026-08-09,Café Negro,Bebida,ORDEN,18.00,756.00,1,0,0,0
2026-03-13,1/2 Enmoladas,Enmolada,ORDEN,3.00,524.00,2,2,1,0
2026-06-25,Refresco 355 ml.,Bebida,ORDEN,8.00,280.00,2,0,0,0
2026-08-29,Orden Huevos Estrellados,Huevos,ORDEN,2.00,240.00,2,0,0,0
2026-06-26,Fuze Tea,Bebida,ORDEN,2.00,90.00,1,0,0,0
2026-04-21,Huevos con Deshebrada,Huevos,ORDEN,2.00,270.00,1,0,0,0
2026-03-26,Enchiladas Mixtas,Enchilada,ORDEN,1.00,249.00,1,1,1,0
2026-05-13,Gorditas de Azúcar,Gordita,PIEZA,1.00,42.00,1,0,0,1.00
2026-08-29,Pieza Extra Quesadilla,Quesadilla,ORDEN,2.00,70.00,1,0,0,0
2026-06-07,Empanadas (4 pzas.),Empanada,ORDEN,6.00,884.00,6,1,8,0
2026-08-17,1/2 Empanadas (2 pzas.),Empanada,ORDEN,6.00,584.00,6,2,2,0
2026-08-30,Bisquet,Otros,ORDEN,7.00,210.00,1,0,0,0
2026-03-31,Tacos de Harina,Taco,PIEZA,16.00,352.00,6,0,0,16.00
2026-05-11,Orden de Guisado Normal,Guarnicion,ORDEN,1.00,120.00,1,1,0,0
2026-04-24,Aguacate Extra,Otros,ORDEN,1.00,15.00,1,0,0,0
2026-04-12,Aguacate Extra,Otros,ORDEN,1.00,15.00,1,0,0,0
2026-04-17,Gorditas,Gordita,PIEZA,184.00,3543.00,20,0,0,184.00
2026-06-18,Huevos Rancheros,Huevos,ORDEN,1.00,120.00,1,0,0,0
2026-03-16,1/2 Enchiladas Rojas,Enchilada,ORDEN,5.00,580.00,5,3,3,0
2026-04-05,1/2 Enmoladas,Enmolada,ORDEN,2.00,95.00,2,1,0,0
2026-06-04,1/2 Enchiladas Picositas,Enchilada,ORDEN,1.00,95.00,1,0,0,0
2026-07-17,Encremadas,Encremada,ORDEN,1.00,147.00,1,0,0,0
2026-05-09,1/2 Empanadas (2 pzas.),Empanada,ORDEN,9.00,846.00,9,0,1,0
2026-06-30,Jamaica Vaso,Bebida,ORDEN,18.00,756.00,1,0,0,0
2026-03-07,Bisquet,Otros,ORDEN,6.00,180.00,1,0,0,0
2026-06-22,Refresco 600 ml.,Bebida,ORDEN,24.00,936.00,4,0,0,0
2026-07-15,Huevos a la Mexicana,Huevos,ORDEN,3.00,360.00,1,0,0,0
2026-06-05,Tacos de Harina,Taco,PIEZA,30.00,675.00,10,0,0,30.00
2026-08-08,Quesadillas (4 pzas.),Quesadilla,ORDEN,4.00,572.00,3,0,2,0
2026-04-02,Horchata 1 Litro,Bebida,ORDEN,3.00,207.00,1,0,0,0
2026-09-04,Empanadas (4 pzas.),Empanada,ORDEN,3.00,432.00,3,0,3,0
2026-03-06,Enmoladas,Enmolada,ORDEN,2.00,431.00,2,2,0,0
2026-05-16,Tacos de Maiz,Taco,PIEZA,40.00,916.00,11,2,1,40.00
2026-03-24,Café con Leche,Bebida,ORDEN,35.00,1470.00,3,0,0,0
2026-05-19,Orden de Guisado de Carne,Guarnicion,ORDEN,1.00,135.00,1,1,0,0
2026-05-10,Bocoles,Bocol,PIEZA,115.00,2554.00,20,0,2,115.00
2026-08-30,1/2 Enfrijoladas,Enfrijolada,ORDEN,2.00,228.00,2,1,2,0
2026-06-28,Empanadas (4 pzas.),Empanada,ORDEN,6.00,907.00,6,2,5,0
2026-04-09,Enchiladas Rojas,Enchilada,ORDEN,2.00,364.00,2,2,0,0
2026-06-03,1/2 Quesadillas (2 pzas.),Quesadilla,ORDEN,8.00,723.00,4,1,5,0
2026-06-12,Pieza Huevo Estrellado Tierno,Huevos,ORDEN,1.00,20.00,1,0,0,0
2026-07-12,Pieza de Pan Dulce,Guarnicion,ORDEN,8.00,224.00,1,0,0,0
2026-04-05,Pieza Huevo Estrellado Medio,Huevos,ORDEN,1.00,20.00,1,0,0,0
2026-06-25,Quesadillas (4 pzas.),Quesadilla,ORDEN,2.00,266.00,1,0,0,0
2026-06-04,Orden de Guisado Normal,Guarnicion,ORDEN,1.00,120.00,1,1,0,0
2026-03-26,Horchata Vaso,Bebida,ORDEN,1.00,42.00,1,0,0,0
2026-05-31,Quesadillas (4 pzas.),Quesadilla,ORDEN,12.00,1676.00,3,0,3,0
2026-04-26,1/2 Enchiladas Rojas,Enchilada,ORDEN,12.00,1487.00,9,7,6,0
2026-03-19,Orden Huevos Estrellados,Huevos,ORDEN,1.00,120.00,1,0,0,0
2026-03-13,Pieza de Pan,Guarnicion,ORDEN,3.00,84.00,1,0,0,0
2026-03-22,Bisquet,Otros,ORDEN,4.00,120.00,1,0,0,0
2026-03-30,Gorditas de Azúcar,Gordita,PIEZA,1.00,42.00,1,0,0,1.00
2026-05-12,Horchata Vaso,Bebida,ORDEN,2.00,84.00,1,0,0,0
2026-05-15,Jamaica Vaso,Bebida,ORDEN,16.00,672.00,1,0,0,0
2026-06-20,1/2 Entomatadas,Entomatada,ORDEN,4.00,418.00,2,1,0,0
2026-06-20,1/2 Enfrijoladas,Enfrijolada,ORDEN,3.00,285.00,3,0,2,0
2026-08-04,Limón 1 Litro,Bebida,ORDEN,1.00,59.00,1,0,0,0
2026-05-08,Enchiladas Mixtas,Enchilada,ORDEN,1.00,249.00,1,1,1,0
2026-07-03,Pieza Entomatada,Entomatada,ORDEN,1.00,30.00,1,0,0,0
2026-04-20,Refresco 355 ml.,Bebida,ORDEN,2.00,70.00,1,0,0,0
2026-05-09,Café con Leche,Bebida,ORDEN,43.00,1806.00,3,0,0,0
2026-06-21,Enchiladas Picositas,Enchilada,ORDEN,2.00,396.00,2,1,0,0
2026-07-03,Pieza de Pan Dulce,Guarnicion,ORDEN,6.00,168.00,1,0,0,0
2026-06-27,Tacos de Maiz,Taco,PIEZA,80.00,1790.00,14,1,1,80.00
2026-04-10,Pieza Extra Empanada,Empanada,ORDEN,1.00,38.00,1,0,0,0
2026-05-17,Pieza Tortilla de Maíz,Guarnicion,ORDEN,2.00,10.00,1,0,0,0
2026-03-06,Pieza Extra Quesadilla,Quesadilla,ORDEN,1.00,35.00,1,0,0,0
2026-08-15,1/2 Entomatadas,Entomatada,ORDEN,11.00,1491.00,5,3,1,0
2026-06-20,Gorditas,Gordita,PIEZA,282.00,5507.00,24,1,1,282.00
2026-04-28,1/2 Enchiladas Rojas,Enchilada,ORDEN,6.00,777.00,5,4,3,0
2026-03-13,Café Negro,Bebida,ORDEN,9.00,378.00,2,0,0,0
2026-04-22,Ciel 600 ml.,Bebida,ORDEN,6.00,210.00,1,0,0,0
2026-06-04,Enchiladas Rojas,Enchilada,ORDEN,3.00,555.00,3,2,0,0
2026-06-07,Entomatadas,Entomatada,ORDEN,5.00,974.00,3,2,0,0
2026-08-13,Enchiladas Rojas,Enchilada,ORDEN,1.00,147.00,1,0,1,0
2026-07-22,Bisquet,Otros,ORDEN,1.00,30.00,1,0,0,0
2026-03-22,Pieza Extra Quesadilla,Quesadilla,ORDEN,3.00,105.00,1,0,0,0
2026-08-16,Salsa Verde,Guarnicion,ORDEN,2.00,20.00,1,0,0,0
2026-06-02,Migada Guisado de Carne,Migada,PIEZA,4.00,619.00,4,0,1,4.00
2026-05-08,1/2 Enchiladas Rojas,Enchilada,ORDEN,4.00,415.00,2,1,0,0
2026-05-28,1/2 Enchiladas Picositas,Enchilada,ORDEN,1.00,130.00,1,1,0,0
2026-05-31,1/2 Quesadillas (2 pzas.),Quesadilla,ORDEN,12.00,1067.00,6,1,5,0
2026-03-01,1/2 Entomatadas,Entomatada,ORDEN,12.00,1492.00,9,8,3,0
2026-08-21,Bisquet,Otros,ORDEN,3.00,90.00,1,0,0,0
2026-05-01,Bocoles,Bocol,PIEZA,99.00,2198.00,19,1,4,99.00
2026-03-22,Café Negro,Bebida,ORDEN,12.00,504.00,3,0,0,0
2026-07-06,Café con Leche,Bebida,ORDEN,34.00,1428.00,3,0,0,0
2026-08-22,Refresco 600 ml.,Bebida,ORDEN,31.00,1209.00,8,0,0,0
2026-08-18,Pieza Extra Quesadilla,Quesadilla,ORDEN,1.00,35.00,1,0,0,0
2026-06-13,1/2 Empanadas (2 pzas.),Empanada,ORDEN,5.00,470.00,5,0,0,0
2026-04-03,Huevo Estrellado 2 pzas.,Huevos,ORDEN,1.00,35.00,1,0,0,0
2026-07-04,Refresco 355 ml.,Bebida,ORDEN,5.00,175.00,2,0,0,0
2026-08-17,Orden Huevos Revueltos,Huevos,ORDEN,1.00,120.00,1,0,0,0
2026-08-17,Zanahorias p/llevar,Otros,ORDEN,1.00,10.00,1,0,0,0
2026-03-28,Limón Vaso,Bebida,ORDEN,18.00,756.00,1,0,0,0
2026-08-25,Café Negro,Bebida,ORDEN,10.00,420.00,1,0,0,0
2026-03-10,Refresco 600 ml.,Bebida,ORDEN,7.00,273.00,2,0,0,0
2026-07-24,Refresco 355 ml.,Bebida,ORDEN,3.00,105.00,2,0,0,0
2026-03-26,1/2 Enfrijoladas,Enfrijolada,ORDEN,2.00,266.00,2,2,0,0
2026-06-25,Tacos de Maiz,Taco,PIEZA,17.00,374.00,6,0,0,17.00
2026-07-06,Jamaica 1 Litro,Bebida,ORDEN,1.00,59.00,1,0,0,0
2026-07-26,Orden de Guisado Normal,Guarnicion,ORDEN,1.00,120.00,1,1,0,0
2026-03-27,Empanadas (4 pzas.),Empanada,ORDEN,4.00,619.00,4,1,0,0
2026-07-12,1/2 Enmoladas,Enmolada,ORDEN,6.00,783.00,4,3,0,0
2026-05-22,Tacos de Maiz,Taco,PIEZA,29.00,668.00,12,0,0,29.00
2026-07-05,Gorditas de Azúcar,Gordita,PIEZA,1.00,42.00,1,0,0,1.00
2026-08-23,Enchiladas Mixtas,Enchilada,ORDEN,4.00,874.00,4,6,0,0
2026-07-04,1/2 Empanadas (2 pzas.),Empanada,ORDEN,2.00,188.00,2,0,3,0
2026-06-07,Refresco 355 ml.,Bebida,ORDEN,8.00,280.00,2,0,0,0
2026-03-07,Pieza Tortilla de Maíz,Guarnicion,ORDEN,1.00,5.00,1,0,0,0
2026-05-09,Jamaica Vaso,Bebida,ORDEN,24.00,1008.00,1,0,0,0
2026-08-28,Huevos con Deshebrada,Huevos,ORDEN,2.00,270.00,1,0,0,0
2026-04-21,Pieza Huevo Estrellado Ciego,Huevos,ORDEN,1.00,20.00,1,0,0,0
2026-07-10,Huevos con Deshebrada,Huevos,ORDEN,1.00,135.00,1,0,0,0
2026-06-07,Enmoladas,Enmolada,ORDEN,4.00,827.00,3,2,0,0
2026-06-11,1/2 Enchiladas Picositas,Enchilada,ORDEN,1.00,133.00,1,1,3,0
2026-08-09,Limón 1 Litro,Bebida,ORDEN,2.00,136.00,1,0,0,0
2026-04-09,Refresco 600 ml.,Bebida,ORDEN,22.00,819.00,5,0,0,0
2026-07-23,Refresco 600 ml.,Bebida,ORDEN,14.00,546.00,4,0,0,0
2026-08-06,Ciel 600 ml.,Bebida,ORDEN,1.00,35.00,1,0,0,0
2026-04-07,1/2 Entomatadas,Entomatada,ORDEN,2.00,327.00,2,2,0,0
2026-07-02,Limón Vaso,Bebida,ORDEN,24.00,1021.00,1,0,0,0
2026-04-19,Refresco 600 ml.,Bebida,ORDEN,20.00,780.00,4,0,0,0
2026-04-26,Porción Ensalada,Guarnicion,ORDEN,1.00,25.00,1,0,0,0
2026-06-10,PROMO 6 surtidas,Otros,ORDEN,2.00,216.00,1,0,0,0
2026-03-29,1/2 Quesadillas (2 pzas.),Quesadilla,ORDEN,8.00,688.00,5,0,4,0
2026-08-07,Café con Leche,Bebida,ORDEN,34.00,1428.00,1,0,0,0
2026-06-21,Limón Vaso,Bebida,ORDEN,36.00,1512.00,1,0,0,0
2026-07-18,Tacos de Harina,Taco,PIEZA,60.00,1338.00,17,0,2,60.00
2026-05-31,Empanadas (4 pzas.),Empanada,ORDEN,8.00,1195.00,8,3,3,0
2026-08-16,Limón Vaso,Bebida,ORDEN,42.00,1764.00,1,0,0,0
2026-06-10,Topo Chico 600 ml.,Bebida,ORDEN,2.00,78.00,1,0,0,0
2026-06-15,1/2 Encremadas,Encremada,ORDEN,2.00,263.00,2,2,0,0
2026-06-22,Huevos Rancheros,Huevos,ORDEN,4.00,480.00,1,0,0,0
2026-09-05,Bocoles,Bocol,PIEZA,115.00,2593.00,23,3,0,115.00
2026-08-23,Migada Guisado de Carne,Migada,PIEZA,16.00,2433.00,15,0,18,16.00
2026-03-08,1/2 Entomatadas,Entomatada,ORDEN,7.00,980.00,7,6,4,0
2026-05-21,Huevos Rancheros,Huevos,ORDEN,3.00,360.00,1,0,0,0
2026-05-05,Bisquet,Otros,ORDEN,6.00,180.00,1,0,0,0
2026-08-04,Horchata Vaso,Bebida,ORDEN,1.00,42.00,1,0,0,0
2026-03-05,Limón 1 Litro,Bebida,ORDEN,2.00,154.00,1,0,0,0
2026-03-29,Huevos a la Mexicana,Huevos,ORDEN,1.00,120.00,1,0,0,0
2026-04-09,Huevo Estrellado 2 pzas.,Huevos,ORDEN,1.00,35.00,1,0,0,0
2026-04-14,Bocoles,Bocol,PIEZA,22.00,505.00,10,0,0,22.00
2026-05-30,Huevos con Deshebrada,Huevos,ORDEN,4.00,540.00,1,0,0,0
2026-08-20,Bisquet,Otros,ORDEN,4.00,120.00,1,0,0,0
2026-03-06,Empanadas (4 pzas.),Empanada,ORDEN,8.00,1152.00,7,0,1,0
2026-07-02,Porción Ensalada,Guarnicion,ORDEN,1.00,25.00,1,0,0,0
2026-08-25,Zanahorias p/llevar,Otros,ORDEN,1.00,10.00,1,0,0,0
2026-05-19,Migada Guisado de Carne,Migada,PIEZA,9.00,1382.00,6,0,7,9.00
2026-08-10,1/2 Entomatadas,Entomatada,ORDEN,2.00,330.00,2,2,1,0
2026-05-02,Horchata 1 Litro,Bebida,ORDEN,3.00,207.00,1,0,0,0
2026-04-10,Bocoles,Bocol,PIEZA,52.00,1144.00,19,0,0,52.00
2026-06-08,Enmoladas,Enmolada,ORDEN,1.00,249.00,1,1,0,0
2026-06-08,Gorditas,Gordita,PIEZA,184.00,3560.00,27,4,2,184.00
2026-04-28,Porción Ensalada,Guarnicion,ORDEN,1.00,25.00,1,0,0,0
2026-04-26,Refresco 600 ml.,Bebida,ORDEN,26.00,1014.00,6,0,0,0
2026-05-30,Orden de Guisado Normal,Guarnicion,ORDEN,2.00,240.00,1,1,0,0
2026-07-03,Café Negro,Bebida,ORDEN,12.00,504.00,1,0,0,0
2026-04-13,Tacos de Maiz,Taco,PIEZA,4.00,88.00,4,0,0,4.00
2026-07-19,1/2 Quesadillas (2 pzas.),Quesadilla,ORDEN,12.00,1134.00,6,1,6,0
2026-07-12,1/2 Enchiladas Mixtas (4 Piezas),Enchilada,ORDEN,2.00,340.00,2,1,0,0
2026-03-28,Migada Guisado de Carne,Migada,PIEZA,11.00,1584.00,9,0,9,11.00
2026-08-29,Guisado Infantil,Otros,ORDEN,1.00,38.00,1,0,0,0
2026-04-14,1/2 Enmoladas,Enmolada,ORDEN,1.00,130.00,1,1,0,0
2026-04-08,Refresco 600 ml.,Bebida,ORDEN,13.00,519.00,5,0,0,0
2026-06-27,Pieza Encremada,Encremada,ORDEN,1.00,30.00,1,0,0,0
2026-07-03,Horchata Vaso,Bebida,ORDEN,3.00,126.00,1,0,0,0
2026-06-03,Gorditas Surtidas,Gordita,PIEZA,1.00,95.00,1,0,0,5.00
2026-04-28,Enchiladas Mixtas,Enchilada,ORDEN,2.00,585.00,2,5,0,0
2026-08-25,Enfrijoladas,Enfrijolada,ORDEN,1.00,147.00,1,0,0,0
2026-04-12,1/2 Empanadas (2 pzas.),Empanada,ORDEN,5.00,480.00,5,1,2,0
2026-04-16,Pieza Huevo Estrellado Cocido,Huevos,ORDEN,1.00,20.00,1,0,0,0
2026-05-19,Fuze Tea,Bebida,ORDEN,2.00,90.00,1,0,0,0
2026-06-12,Café con Leche,Bebida,ORDEN,22.00,924.00,1,0,0,0
2026-08-28,Limón Vaso,Bebida,ORDEN,15.00,630.00,1,0,0,0
2026-07-24,Huevos Rancheros,Huevos,ORDEN,1.00,120.00,1,0,0,0
2026-04-18,Migada Guisado de Carne,Migada,PIEZA,10.00,1526.00,10,0,9,10.00
2026-06-27,1/2 Empanadas (2 pzas.),Empanada,ORDEN,2.00,188.00,2,0,0,0
2026-08-26,Enchiladas Picositas,Enchilada,ORDEN,1.00,185.00,1,1,0,0
2026-04-18,Bocoles,Bocol,PIEZA,94.00,2144.00,20,5,0,94.00
2026-05-28,Gorditas,Gordita,PIEZA,153.00,2968.00,23,2,2,153.00
2026-03-18,1/2 Encremadas,Encremada,ORDEN,1.00,197.00,1,1,0,0
2026-06-17,Café Negro,Bebida,ORDEN,15.00,630.00,1,0,0,0
2026-08-21,Enchiladas Mixtas,Enchilada,ORDEN,3.00,476.00,3,1,0,0
2026-06-14,Refresco 600 ml.,Bebida,ORDEN,16.00,624.00,5,0,0,0
2026-05-29,Entomatadas,Entomatada,ORDEN,4.00,842.00,4,4,1,0
2026-06-29,Pieza de Pan Dulce,Guarnicion,ORDEN,2.00,56.00,1,0,0,0
2026-04-22,1/2 Entomatadas,Entomatada,ORDEN,4.00,657.00,4,4,1,0
2026-04-13,Migada Guisado Normal,Migada,PIEZA,2.00,306.00,2,0,5,2.00
2026-08-07,Entomatadas,Entomatada,ORDEN,2.00,434.00,2,2,0,0
2026-08-28,Bocoles,Bocol,PIEZA,52.00,1177.00,16,0,2,52.00
2026-06-09,PROMO 6 surtidas,Otros,ORDEN,1.00,108.00,1,0,0,0
2026-04-23,Migada Guisado de Carne,Migada,PIEZA,4.00,576.00,3,0,0,4.00
2026-05-05,Refresco 600 ml.,Bebida,ORDEN,9.00,351.00,4,0,0,0
2026-09-02,1/2 Empanadas (2 pzas.),Empanada,ORDEN,5.00,470.00,5,0,0,0
2026-04-01,Quesadillas (4 pzas.),Quesadilla,ORDEN,6.00,838.00,5,0,5,0
2026-09-02,Gorditas,Gordita,PIEZA,151.00,2961.00,21,1,0,151.00
2026-07-08,Horchata Vaso,Bebida,ORDEN,4.00,168.00,1,0,0,0
2026-06-13,1/2 Entomatadas,Entomatada,ORDEN,7.00,983.00,6,7,3,0
2026-03-21,Gorditas de Azúcar,Gordita,PIEZA,1.00,42.00,1,0,0,1.00
2026-06-30,Topo Chico 600 ml.,Bebida,ORDEN,1.00,39.00,1,0,0,0
2026-07-10,Enchiladas Rojas,Enchilada,ORDEN,2.00,329.00,2,1,1,0
2026-07-06,Bisquet,Otros,ORDEN,3.00,90.00,1,0,0,0
2026-03-28,Encremadas,Encremada,ORDEN,3.00,479.00,2,1,0,0
2026-04-25,Fuze Tea,Bebida,ORDEN,1.00,45.00,1,0,0,0
2026-03-16,Plátano Frito,Otros,ORDEN,2.00,84.00,2,0,0,0
2026-03-19,Entomatadas,Entomatada,ORDEN,1.00,249.00,1,1,2,0
2026-06-07,Orden Huevos Estrellados,Huevos,ORDEN,1.00,120.00,1,0,0,0
2026-07-03,Refresco 355 ml.,Bebida,ORDEN,7.00,245.00,2,0,0,0
2026-03-23,Migada Guisado de Carne,Migada,PIEZA,7.00,1008.00,7,0,8,7.00
2026-08-19,Quesadillas (4 pzas.),Quesadilla,ORDEN,2.00,306.00,2,0,3,0
2026-03-06,1/2 Enchiladas Picositas,Enchilada,ORDEN,1.00,95.00,1,0,0,0
2026-07-17,Pieza Encremada,Encremada,ORDEN,1.00,30.00,1,0,0,0
2026-08-29,Salsa Verde,Guarnicion,ORDEN,1.00,10.00,1,0,0,0
2026-07-04,1/2 Enfrijoladas,Enfrijolada,ORDEN,2.00,225.00,2,1,0,0
2026-03-29,Enmoladas,Enmolada,ORDEN,1.00,249.00,1,1,0,0
2026-03-13,1/2 Enchiladas Picositas,Enchilada,ORDEN,1.00,197.00,1,1,0,0
2026-06-11,Pieza Huevo Estrellado Tierno,Huevos,ORDEN,1.00,20.00,1,0,0,0
2026-06-30,Porción Frijol con Queso,Guarnicion,ORDEN,1.00,5.00,1,0,0,0
2026-04-15,Café Negro,Bebida,ORDEN,7.00,294.00,1,0,0,0
2026-04-26,Enchiladas Picositas,Enchilada,ORDEN,1.00,226.00,1,1,1,0
2026-03-13,1/2 Entomatadas,Entomatada,ORDEN,4.00,415.00,3,1,2,0
2026-05-04,Café con Leche,Bebida,ORDEN,52.00,2184.00,4,0,0,0
2026-08-05,Gorditas,Gordita,PIEZA,104.00,1982.00,18,0,0,104.00
2026-03-12,Refresco 600 ml.,Bebida,ORDEN,13.00,507.00,7,0,0,0
2026-06-24,Huevos con Deshebrada,Huevos,ORDEN,2.00,311.00,1,0,0,0
2026-07-28,Refresco 600 ml.,Bebida,ORDEN,9.00,351.00,4,0,0,0
2026-03-11,1/2 Quesadillas (2 pzas.),Quesadilla,ORDEN,3.00,258.00,2,0,1,0
2026-06-28,Tacos de Harina,Taco,PIEZA,40.00,913.00,16,0,0,40.00
2026-06-12,1/2 Entomatadas,Entomatada,ORDEN,3.00,387.00,2,1,0,0
2026-03-26,Bisquet,Otros,ORDEN,5.00,150.00,1,0,0,0
2026-04-07,Migada Guisado Normal,Migada,PIEZA,1.00,133.00,1,0,0,1.00
2026-06-17,Gorditas Surtidas,Gordita,PIEZA,2.00,190.00,1,0,0,10.00
2026-07-07,Orden de Guisado Normal,Guarnicion,ORDEN,2.00,240.00,2,2,0,0
2026-05-07,1/2 Encremadas,Encremada,ORDEN,1.00,162.00,1,1,0,0
2026-04-19,Fuze Tea,Bebida,ORDEN,2.00,90.00,1,0,0,0
2026-03-27,1/2 Enchiladas Picositas,Enchilada,ORDEN,1.00,130.00,1,1,0,0
2026-06-05,Bisquet,Otros,ORDEN,5.00,150.00,1,0,0,0
2026-04-15,Horchata Vaso,Bebida,ORDEN,3.00,126.00,1,0,0,0
2026-04-19,Horchata Vaso,Bebida,ORDEN,6.00,252.00,1,0,0,0
2026-06-27,Refresco 600 ml.,Bebida,ORDEN,28.00,1092.00,7,0,0,0
2026-08-29,Entomatadas,Entomatada,ORDEN,7.00,1315.00,6,6,3,0
2026-08-24,1/2 Enchiladas Rojas,Enchilada,ORDEN,3.00,390.00,3,3,2,0
2026-04-03,1/2 Encremadas,Encremada,ORDEN,2.00,292.00,2,1,0,0
2026-05-11,Pieza Huevo Estrellado Cocido,Huevos,ORDEN,1.00,20.00,1,0,0,0
2026-08-30,Salsa Verde,Guarnicion,ORDEN,2.00,20.00,1,0,0,0
2026-06-07,1/2 Quesadillas (2 pzas.),Quesadilla,ORDEN,6.00,516.00,1,0,0,0
2026-03-29,Bisquet,Otros,ORDEN,10.00,300.00,3,0,0,0
2026-07-27,Bocoles,Bocol,PIEZA,39.00,900.00,15,0,1,39.00
2026-05-23,Gorditas Surtidas,Gordita,PIEZA,1.00,114.00,1,0,0,6.00
2026-06-05,Huevos a la Mexicana,Huevos,ORDEN,1.00,120.00,1,0,0,0
2026-08-08,1/2 Entomatadas,Entomatada,ORDEN,5.00,784.00,5,5,4,0
2026-05-10,Gorditas Surtidas,Gordita,PIEZA,3.00,266.00,3,0,0,14.00
2026-06-22,1/2 Enchiladas Mixtas (4 Piezas),Enchilada,ORDEN,1.00,157.00,1,1,0,0
2026-06-10,Refresco 600 ml.,Bebida,ORDEN,7.00,273.00,3,0,0,0
2026-03-27,Gorditas de Azúcar,Gordita,PIEZA,1.00,42.00,1,0,0,1.00
2026-06-06,1/2 Enfrijoladas,Enfrijolada,ORDEN,4.00,482.00,2,1,0,0
2026-05-09,Enchiladas Picositas,Enchilada,ORDEN,2.00,414.00,2,2,1,0
2026-06-07,Pieza Huevo Estrellado Medio,Huevos,ORDEN,1.00,20.00,1,0,0,0
2026-05-30,PROMO 6 surtidas,Otros,ORDEN,2.00,216.00,1,0,0,0
2026-06-15,Huevo Revuelto 2 pzas.,Huevos,ORDEN,1.00,35.00,1,0,0,0
2026-05-17,Fuze Tea,Bebida,ORDEN,2.00,90.00,1,0,0,0
2026-04-05,1/2 Enchiladas Mixtas (4 Piezas),Enchilada,ORDEN,1.00,256.00,1,2,0,0
2026-08-09,Huevo Estrellado 2 pzas.,Huevos,ORDEN,1.00,35.00,1,0,0,0
2026-08-02,Jamaica Vaso,Bebida,ORDEN,31.00,1302.00,1,0,0,0
2026-03-15,1/2 Enchiladas Rojas,Enchilada,ORDEN,7.00,907.00,3,2,0,0
2026-08-04,Zanahorias p/llevar,Otros,ORDEN,1.00,10.00,1,0,0,0
2026-05-24,Gorditas,Gordita,PIEZA,266.00,5117.00,20,0,0,266.00
2026-03-06,Tacos de Maiz,Taco,PIEZA,26.00,572.00,13,0,0,26.00
2026-03-21,1/2 Enfrijoladas,Enfrijolada,ORDEN,1.00,153.00,1,2,0,0
2026-05-24,Entomatadas,Entomatada,ORDEN,2.00,294.00,2,0,3,0
2026-08-02,1/2 Enchiladas Picositas,Enchilada,ORDEN,1.00,130.00,1,1,0,0
2026-05-23,1/2 Enchiladas Rojas,Enchilada,ORDEN,7.00,875.00,6,5,3,0
2026-03-08,Zanahorias p/llevar,Otros,ORDEN,1.00,0.00,1,0,0,0
2026-07-04,Enmoladas,Enmolada,ORDEN,1.00,147.00,1,0,0,0
2026-04-15,Quesadillas (4 pzas.),Quesadilla,ORDEN,3.00,439.00,3,0,2,0
2026-07-19,Refresco 600 ml.,Bebida,ORDEN,28.00,1092.00,6,0,0,0
2026-06-15,Guisado Infantil,Otros,ORDEN,1.00,38.00,1,0,0,0
2026-08-08,1/2 Encremadas,Encremada,ORDEN,1.00,130.00,1,1,0,0
2026-04-16,Plátano Frito,Otros,ORDEN,2.00,84.00,1,0,0,0
2026-03-30,1/2 Entomatadas,Entomatada,ORDEN,4.00,619.00,4,4,1,0
2026-06-12,Pieza de Pan Dulce,Guarnicion,ORDEN,4.00,112.00,1,0,0,0
2026-08-02,1/2 Entomatadas,Entomatada,ORDEN,9.00,1132.00,6,4,1,0
2026-08-26,Pieza Huevo Estrellado Tierno,Huevos,ORDEN,1.00,20.00,1,0,0,0
2026-05-26,Limón Vaso,Bebida,ORDEN,8.00,336.00,1,0,0,0
2026-06-16,Tacos de Maiz,Taco,PIEZA,37.00,838.00,15,0,1,37.00
2026-05-04,Migada Guisado Normal,Migada,PIEZA,2.00,266.00,2,0,1,2.00
2026-03-12,Café con Leche,Bebida,ORDEN,35.00,1470.00,2,0,0,0
2026-07-29,Porción Ensalada,Guarnicion,ORDEN,3.00,75.00,1,0,0,0
2026-03-12,Huevos con Deshebrada,Huevos,ORDEN,4.00,581.00,1,0,0,0
2026-03-31,Empanadas (4 pzas.),Empanada,ORDEN,3.00,432.00,3,2,2,0
2026-08-17,Huevos con Deshebrada,Huevos,ORDEN,2.00,270.00,1,0,0,0
2026-04-03,1/2 Enfrijoladas,Enfrijolada,ORDEN,5.00,545.00,4,2,2,0
2026-07-18,Aguacate Extra,Otros,ORDEN,2.00,30.00,1,0,0,0
2026-03-01,Café con Leche,Bebida,ORDEN,64.00,2688.00,4,0,0,0
2026-04-09,Enfrijoladas,Enfrijolada,ORDEN,2.00,396.00,2,1,3,0
2026-07-22,Refresco 355 ml.,Bebida,ORDEN,2.00,70.00,1,0,0,0
2026-06-29,1/2 Enchiladas Rojas,Enchilada,ORDEN,2.00,292.00,2,1,0,0
2026-05-24,Café con Leche,Bebida,ORDEN,51.00,2142.00,2,0,0,0
2026-08-19,Gorditas de Azúcar,Gordita,PIEZA,1.00,42.00,1,0,0,1.00
2026-07-28,1/2 Empanadas (2 pzas.),Empanada,ORDEN,4.00,376.00,3,0,0,0
2026-03-14,1/2 Enmoladas,Enmolada,ORDEN,2.00,190.00,2,0,1,0
2026-07-16,Tacos de Harina,Taco,PIEZA,22.00,493.00,7,1,0,22.00
2026-06-17,1/2 Enfrijoladas,Enfrijolada,ORDEN,1.00,130.00,1,1,0,0
2026-03-12,Limón 1 Litro,Bebida,ORDEN,2.00,136.00,1,0,0,0
2026-08-24,Tacos de Harina,Taco,PIEZA,45.00,1059.00,15,0,2,45.00
2026-04-25,Bocoles,Bocol,PIEZA,82.00,1852.00,22,3,2,82.00
2026-06-04,Quesadillas (4 pzas.),Quesadilla,ORDEN,1.00,133.00,1,0,0,0
2026-07-10,Ciel 600 ml.,Bebida,ORDEN,2.00,70.00,1,0,0,0
2026-08-19,Pieza Extra Empanada,Empanada,ORDEN,1.00,38.00,1,0,0,0
2026-07-09,Entomatadas,Entomatada,ORDEN,2.00,434.00,2,2,0,0
2026-08-26,Huevo Estrellado 2 pzas.,Huevos,ORDEN,1.00,35.00,1,0,0,0
2026-06-04,1/2 Empanadas (2 pzas.),Empanada,ORDEN,8.00,752.00,8,0,1,0
2026-04-24,Encremadas,Encremada,ORDEN,1.00,147.00,1,0,0,0
2026-07-03,Limón Vaso,Bebida,ORDEN,20.00,866.00,1,0,0,0
2026-04-06,Refresco 355 ml.,Bebida,ORDEN,8.00,280.00,2,0,0,0
2026-08-16,Huevos a la Mexicana,Huevos,ORDEN,3.00,360.00,1,0,0,0
2026-04-24,Enchiladas Picositas,Enchilada,ORDEN,1.00,229.00,1,2,0,0
2026-05-24,Pieza de Pan,Guarnicion,ORDEN,8.00,224.00,1,0,0,0
2026-03-13,Enchiladas Picositas,Enchilada,ORDEN,1.00,182.00,1,1,0,0
2026-08-27,Orden de Guisado de Carne,Guarnicion,ORDEN,1.00,135.00,1,1,0,0
2026-03-21,Bocoles,Bocol,PIEZA,100.00,2220.00,23,4,0,100.00
2026-04-09,Café con Leche,Bebida,ORDEN,35.00,1470.00,4,0,0,0
2026-03-30,Limón Vaso,Bebida,ORDEN,19.00,798.00,1,0,0,0
2026-03-18,Café Negro,Bebida,ORDEN,4.00,168.00,1,0,0,0
2026-08-09,Fuze Tea,Bebida,ORDEN,1.00,45.00,1,0,0,0
2026-06-09,Huevos Rancheros,Huevos,ORDEN,1.00,120.00,1,0,0,0
2026-08-01,Bocoles,Bocol,PIEZA,72.00,1622.00,23,1,0,72.00
2026-04-20,1/2 Quesadillas (2 pzas.),Quesadilla,ORDEN,3.00,293.00,2,1,1,0
2026-05-21,Enchiladas Rojas,Enchilada,ORDEN,4.00,769.00,4,2,4,0
2026-04-03,Encremadas,Encremada,ORDEN,3.00,587.00,2,1,0,0
2026-06-05,Enmoladas,Enmolada,ORDEN,1.00,185.00,1,1,0,0
2026-08-19,1/2 Enchiladas Rojas,Enchilada,ORDEN,2.00,225.00,2,1,0,0
2026-08-21,Enchiladas Picositas,Enchilada,ORDEN,1.00,182.00,1,1,0,0
2026-05-11,Pieza de Pan,Guarnicion,ORDEN,3.00,84.00,1,0,0,0
2026-04-10,Huevos a la Mexicana,Huevos,ORDEN,1.00,120.00,1,0,0,0
2026-07-17,Tacos de Maiz,Taco,PIEZA,31.00,706.00,13,4,0,31.00
2026-07-29,PROMO 6 surtidas,Otros,ORDEN,13.00,1404.00,1,0,0,0
2026-05-05,Enmoladas,Enmolada,ORDEN,1.00,182.00,1,1,0,0
2026-03-08,Pieza de Pan,Guarnicion,ORDEN,8.00,224.00,1,0,0,0
2026-08-23,Bisquet,Otros,ORDEN,1.00,30.00,1,0,0,0
2026-04-08,1/2 Enchiladas Rojas,Enchilada,ORDEN,4.00,721.00,2,2,1,0
2026-05-27,Horchata Vaso,Bebida,ORDEN,5.00,210.00,1,0,0,0
2026-05-21,Ciel 600 ml.,Bebida,ORDEN,3.00,105.00,1,0,0,0
2026-07-26,Encremadas,Encremada,ORDEN,2.00,475.00,2,2,0,0
2026-06-18,Porción Ensalada,Guarnicion,ORDEN,1.00,25.00,1,0,0,0
2026-08-07,Pieza Extra Empanada,Empanada,ORDEN,1.00,38.00,1,0,0,0
2026-06-26,Enchiladas Mixtas,Enchilada,ORDEN,1.00,249.00,1,1,0,0
2026-06-15,1/2 Enfrijoladas,Enfrijolada,ORDEN,2.00,190.00,2,0,1,0
2026-03-23,Pieza Extra Quesadilla,Quesadilla,ORDEN,1.00,35.00,1,0,0,0
2026-04-23,Tacos de Harina,Taco,PIEZA,20.00,448.00,11,0,0,20.00
2026-05-21,Migada Guisado de Carne,Migada,PIEZA,6.00,907.00,6,0,5,6.00
2026-05-23,Horchata Vaso,Bebida,ORDEN,3.00,126.00,1,0,0,0
2026-04-12,Migada Guisado de Carne,Migada,PIEZA,15.00,2203.00,12,0,6,15.00
2026-04-04,Horchata Vaso,Bebida,ORDEN,8.00,336.00,1,0,0,0
2026-06-11,Tacos de Harina,Taco,PIEZA,4.00,88.00,4,0,0,4.00
2026-08-19,1/2 Empanadas (2 pzas.),Empanada,ORDEN,2.00,198.00,2,2,0,0
2026-05-06,Bocoles,Bocol,PIEZA,36.00,816.00,14,0,0,36.00
2026-06-06,Bocoles,Bocol,PIEZA,56.00,1256.00,18,3,0,56.00
2026-05-05,Gorditas,Gordita,PIEZA,143.00,2789.00,17,0,1,143.00
2026-08-07,Horchata Vaso,Bebida,ORDEN,9.00,378.00,1,0,0,0
2026-05-12,Limón Vaso,Bebida,ORDEN,8.00,336.00,1,0,0,0
2026-07-16,Pieza de Pan Dulce,Guarnicion,ORDEN,3.00,84.00,1,0,0,0
2026-06-12,Horchata Vaso,Bebida,ORDEN,4.00,168.00,1,0,0,0
2026-08-18,Salsa Verde,Guarnicion,ORDEN,1.00,10.00,1,0,0,0
2026-03-16,Orden de Guisado Normal,Guarnicion,ORDEN,2.00,240.00,2,0,0,0
2026-03-05,Ciel 600 ml.,Bebida,ORDEN,1.00,35.00,1,0,0,0
2026-04-15,1/2 Enfrijoladas,Enfrijolada,ORDEN,1.00,130.00,1,1,0,0
2026-08-31,Huevos con Deshebrada,Huevos,ORDEN,4.00,540.00,1,0,0,0
2026-03-19,Orden de Guisado Normal,Guarnicion,ORDEN,1.00,120.00,1,0,0,0
2026-07-23,Orden de Guisado Normal,Guarnicion,ORDEN,2.00,240.00,2,2,0,0
2026-07-08,1/2 Encremadas,Encremada,ORDEN,2.00,190.00,1,0,0,0
2026-08-14,Ciel 600 ml.,Bebida,ORDEN,1.00,35.00,1,0,0,0
2026-05-24,Tacos de Maiz,Taco,PIEZA,69.00,1546.00,19,2,1,69.00
2026-03-07,Gorditas de Azúcar,Gordita,PIEZA,5.00,210.00,1,0,0,5.00
2026-08-22,Empanadas (4 pzas.),Empanada,ORDEN,7.00,1028.00,7,1,1,0
2026-05-24,Salsa Habanera,Guarnicion,ORDEN,3.00,0.00,1,0,0,0
2026-03-29,Empanadas (4 pzas.),Empanada,ORDEN,6.00,864.00,6,0,0,0
2026-06-28,Pieza Encremada,Encremada,ORDEN,1.00,30.00,1,0,0,0
2026-06-27,Café Negro,Bebida,ORDEN,18.00,756.00,1,0,0,0
2026-07-11,Enchiladas Rojas,Enchilada,ORDEN,3.00,511.00,2,1,0,0
2026-05-09,Refresco 355 ml.,Bebida,ORDEN,3.00,105.00,2,0,0,0
2026-03-24,1/2 Entomatadas,Entomatada,ORDEN,2.00,260.00,2,2,1,0
2026-03-24,Refresco 600 ml.,Bebida,ORDEN,8.00,324.00,2,0,0,0
2026-06-27,Huevo Revuelto 2 pzas.,Huevos,ORDEN,1.00,35.00,1,0,0,0
2026-07-07,Ciel 600 ml.,Bebida,ORDEN,3.00,105.00,1,0,0,0
2026-06-08,Bistec 1 Pza.,Otros,ORDEN,1.00,102.00,1,0,0,0
2026-03-15,Jamaica Vaso,Bebida,ORDEN,14.00,588.00,1,0,0,0
2026-05-20,Horchata Vaso,Bebida,ORDEN,3.00,126.00,1,0,0,0
2026-08-09,Limón Vaso,Bebida,ORDEN,24.00,1008.00,1,0,0,0
2026-08-13,Quesadillas (4 pzas.),Quesadilla,ORDEN,4.00,612.00,1,0,0,0
2026-04-24,Pieza de Pan,Guarnicion,ORDEN,3.00,84.00,1,0,0,0
2026-08-10,Bisquet,Otros,ORDEN,3.00,90.00,1,0,0,0
2026-07-01,Jamaica 1 Litro,Bebida,ORDEN,1.00,77.00,1,0,0,0
2026-07-08,Horchata 1 Litro,Bebida,ORDEN,2.00,138.00,1,0,0,0
2026-05-12,1/2 Quesadillas (2 pzas.),Quesadilla,ORDEN,1.00,86.00,1,0,0,0
2026-05-18,Huevos con Deshebrada,Huevos,ORDEN,2.00,270.00,1,0,0,0
2026-07-29,Pieza de Pan Dulce,Guarnicion,ORDEN,5.00,140.00,1,0,0,0
2026-04-19,Porción Frijol con Queso,Guarnicion,ORDEN,1.00,5.00,1,0,0,0
2026-07-11,Huevo Revuelto 2 pzas.,Huevos,ORDEN,1.00,35.00,1,0,0,0
2026-07-26,Huevo Estrellado 2 pzas.,Huevos,ORDEN,1.00,35.00,1,0,0,0
2026-05-13,Pieza de Pan,Guarnicion,ORDEN,2.00,56.00,1,0,0,0
2026-06-10,Pieza Huevo Estrellado Medio,Huevos,ORDEN,3.00,60.00,1,0,0,0
2026-07-19,1/2 Empanadas (2 pzas.),Empanada,ORDEN,4.00,376.00,4,0,4,0
2026-08-24,Refresco 355 ml.,Bebida,ORDEN,3.00,105.00,2,0,0,0
2026-07-30,1/2 Entomatadas,Entomatada,ORDEN,2.00,394.00,2,2,2,0
2026-05-29,Encremadas,Encremada,ORDEN,1.00,147.00,1,0,0,0
2026-03-02,Gorditas,Gordita,PIEZA,136.00,2674.00,21,0,0,136.00
2026-07-05,Pieza Huevo Estrellado Cocido,Huevos,ORDEN,1.00,20.00,1,0,0,0
2026-07-02,Tacos de Harina,Taco,PIEZA,25.00,559.00,8,0,0,25.00
2026-08-14,Enmoladas,Enmolada,ORDEN,1.00,191.00,1,0,0,0
2026-03-15,Limón 1 Litro,Bebida,ORDEN,2.00,154.00,1,0,0,0
2026-07-04,Pieza Huevo Estrellado Tierno,Huevos,ORDEN,1.00,20.00,1,0,0,0
2026-03-17,Bisquet,Otros,ORDEN,8.00,240.00,1,0,0,0
2026-06-11,Enchiladas Rojas,Enchilada,ORDEN,1.00,147.00,1,0,0,0
2026-06-08,Tacos de Harina,Taco,PIEZA,11.00,242.00,6,0,0,11.00
2026-04-05,Café Negro,Bebida,ORDEN,22.00,924.00,1,0,0,0
2026-03-13,Limón 1 Litro,Bebida,ORDEN,1.00,77.00,1,0,0,0
2026-05-04,Entomatadas,Entomatada,ORDEN,2.00,329.00,2,1,5,0
2026-03-23,Quesadillas (4 pzas.),Quesadilla,ORDEN,4.00,532.00,2,0,1,0
2026-04-28,Encremadas,Encremada,ORDEN,1.00,226.00,1,1,0,0
2026-06-20,Limón Vaso,Bebida,ORDEN,23.00,966.00,1,0,0,0
2026-08-04,Entomatadas,Entomatada,ORDEN,1.00,249.00,1,1,0,0
2026-08-15,Café Negro,Bebida,ORDEN,20.00,840.00,1,0,0,0
2026-03-05,Quesadillas (4 pzas.),Quesadilla,ORDEN,3.00,474.00,3,1,6,0
2026-03-04,Enchiladas Picositas,Enchilada,ORDEN,1.00,249.00,1,1,0,0
2026-05-11,Gorditas de Azúcar,Gordita,PIEZA,1.00,42.00,1,0,0,1.00
2026-06-05,1/2 Enchiladas Mixtas (4 Piezas),Enchilada,ORDEN,1.00,154.00,1,1,0,0
2026-06-09,Refresco 600 ml.,Bebida,ORDEN,13.00,507.00,7,0,0,0
2026-03-15,Pieza Extra Empanada,Empanada,ORDEN,1.00,43.00,1,1,0,0
2026-06-01,Pieza Huevo Estrellado Tierno,Huevos,ORDEN,1.00,20.00,1,0,0,0
2026-08-07,Topo Chico 600 ml.,Bebida,ORDEN,2.00,78.00,1,0,0,0
2026-08-03,Huevo Revuelto 2 pzas.,Huevos,ORDEN,1.00,35.00,1,0,0,0
2026-03-22,1/2 Enchiladas Picositas,Enchilada,ORDEN,2.00,263.00,2,2,0,0
2026-04-23,Quesadillas (4 pzas.),Quesadilla,ORDEN,4.00,572.00,2,0,1,0
2026-07-10,Empanadas (4 pzas.),Empanada,ORDEN,3.00,508.65,3,2,0,0
2026-03-25,Refresco 355 ml.,Bebida,ORDEN,1.00,35.00,1,0,0,0
2026-03-24,PROMO 6 surtidas,Otros,ORDEN,4.00,432.00,1,0,0,0
2026-06-20,Pieza Huevo Estrellado Cocido,Huevos,ORDEN,1.00,20.00,1,0,0,0
2026-04-16,1/2 Empanadas (2 pzas.),Empanada,ORDEN,2.00,188.00,2,0,0,0
2026-04-13,Gorditas de Azúcar,Gordita,PIEZA,1.00,42.00,1,0,0,1.00
2026-05-13,Migada Guisado de Carne,Migada,PIEZA,9.00,1339.00,7,0,4,9.00
2026-08-06,Tacos de Harina,Taco,PIEZA,26.00,602.00,10,0,0,26.00
2026-07-28,Huevos Rancheros,Huevos,ORDEN,1.00,120.00,1,0,0,0
2026-07-29,Empanadas (4 pzas.),Empanada,ORDEN,5.00,763.00,5,4,0,0
2026-08-31,Migada Guisado de Carne,Migada,PIEZA,6.00,907.00,6,0,5,6.00
2026-03-12,Café Negro,Bebida,ORDEN,11.00,462.00,2,0,0,0
2026-08-22,Café Negro,Bebida,ORDEN,23.00,966.00,1,0,0,0
2026-03-22,Salsa Roja,Guarnicion,ORDEN,6.00,0.00,1,0,0,0
2026-03-19,Refresco 600 ml.,Bebida,ORDEN,10.00,390.00,3,0,0,0
2026-08-27,Enchiladas Rojas,Enchilada,ORDEN,3.00,511.00,3,2,0,0
2026-07-20,Jamaica 1 Litro,Bebida,ORDEN,2.00,118.00,1,0,0,0
2026-05-31,Ciel 600 ml.,Bebida,ORDEN,3.00,105.00,1,0,0,0
2026-07-25,1/2 Quesadillas (2 pzas.),Quesadilla,ORDEN,9.00,809.00,5,1,5,0
2026-03-23,Limón Vaso,Bebida,ORDEN,5.00,210.00,1,0,0,0
2026-04-27,Salsa Roja,Guarnicion,ORDEN,1.00,0.00,1,0,0,0
2026-08-28,Huevo Estrellado 2 pzas.,Huevos,ORDEN,2.00,70.00,1,0,0,0
2026-08-14,1/2 Encremadas,Encremada,ORDEN,2.00,225.00,2,1,0,0
2026-05-02,Pieza Extra Quesadilla,Quesadilla,ORDEN,1.00,35.00,1,0,0,0
2026-09-04,Gorditas de Azúcar,Gordita,PIEZA,1.00,42.00,1,0,0,1.00
2026-08-11,1/2 Enchiladas Picositas,Enchilada,ORDEN,2.00,327.00,2,2,2,0
2026-07-05,Huevos a la Mexicana,Huevos,ORDEN,1.00,120.00,1,0,0,0
2026-04-23,Huevos a la Mexicana,Huevos,ORDEN,1.00,120.00,1,0,0,0
2026-06-23,Empanadas (4 pzas.),Empanada,ORDEN,4.00,576.00,4,0,0,0
2026-08-29,Horchata Vaso,Bebida,ORDEN,12.00,504.00,1,0,0,0
2026-08-25,Jamaica Vaso,Bebida,ORDEN,17.00,727.00,1,0,0,0
2026-08-25,Café con Leche,Bebida,ORDEN,29.00,1218.00,2,0,0,0
2026-04-04,Bocoles,Bocol,PIEZA,74.00,1661.00,17,0,0,74.00
2026-08-30,Tacos de Harina,Taco,PIEZA,38.00,879.00,14,1,0,38.00
2026-05-16,Pieza Tortilla de Harina,Guarnicion,ORDEN,3.00,15.00,1,0,0,0
2026-04-06,1/2 Quesadillas (2 pzas.),Quesadilla,ORDEN,5.00,567.00,3,2,0,0
2026-08-30,Fuze Tea,Bebida,ORDEN,3.00,135.00,1,0,0,0
2026-04-11,Horchata Vaso,Bebida,ORDEN,2.00,84.00,1,0,0,0
2026-07-20,Enmoladas,Enmolada,ORDEN,1.00,182.00,1,1,0,0
2026-07-26,Empanadas (4 pzas.),Empanada,ORDEN,7.00,1051.00,7,0,2,0
2026-09-05,1/2 Empanadas (2 pzas.),Empanada,ORDEN,4.00,376.00,4,0,0,0
2026-05-03,Empanadas (4 pzas.),Empanada,ORDEN,9.00,1339.00,9,2,4,0
2026-06-13,1/2 Quesadillas (2 pzas.),Quesadilla,ORDEN,3.00,284.00,1,0,0,0
2026-06-16,Refresco 600 ml.,Bebida,ORDEN,16.00,624.00,3,0,0,0
2026-07-11,Ciel 600 ml.,Bebida,ORDEN,3.00,105.00,1,0,0,0
2026-03-17,Tacos de Harina,Taco,PIEZA,14.00,308.00,7,0,0,14.00
2026-06-18,Enchiladas Mixtas,Enchilada,ORDEN,1.00,147.00,1,0,0,0
2026-06-09,Orden de Guisado Normal,Guarnicion,ORDEN,1.00,120.00,1,1,0,0
2026-06-12,Plátano Frito,Otros,ORDEN,1.00,42.00,1,0,0,0
2026-03-14,Pieza de Pan,Guarnicion,ORDEN,8.00,224.00,1,0,0,0
2026-05-21,Gorditas de Azúcar,Gordita,PIEZA,1.00,42.00,1,0,0,1.00
2026-08-23,Encremadas,Encremada,ORDEN,3.00,555.00,3,3,1,0
2026-03-31,Quesadillas (4 pzas.),Quesadilla,ORDEN,7.00,971.00,3,0,4,0
2026-04-03,1/2 Entomatadas,Entomatada,ORDEN,5.00,612.00,3,2,0,0
2026-05-23,Bocoles Surtidos,Bocol,PIEZA,1.00,110.00,1,0,0,5.00
2026-04-22,Tacos de Maiz,Taco,PIEZA,50.00,1124.00,11,0,0,50.00
2026-04-30,Bisquet,Otros,ORDEN,7.00,210.00,1,0,0,0
2026-06-19,Horchata 1 Litro,Bebida,ORDEN,2.00,138.00,1,0,0,0
2026-06-02,Entomatadas,Entomatada,ORDEN,1.00,264.00,1,2,1,0
2026-07-29,Tacos de Harina,Taco,PIEZA,26.00,626.00,10,1,0,26.00
2026-06-22,Jamaica 1 Litro,Bebida,ORDEN,1.00,59.00,1,0,0,0
2026-03-21,Jamaica Vaso,Bebida,ORDEN,34.00,1428.00,1,0,0,0
2026-06-18,Entomatadas,Entomatada,ORDEN,1.00,147.00,1,0,2,0
2026-06-20,Orden de Guisado Normal,Guarnicion,ORDEN,1.00,120.00,1,1,0,0
2026-07-04,1/2 Enchiladas Picositas,Enchilada,ORDEN,1.00,95.00,1,0,2,0
2026-03-24,Gorditas,Gordita,PIEZA,109.00,2123.00,20,0,0,109.00
2026-03-03,Gorditas,Gordita,PIEZA,117.00,2260.00,20,2,3,117.00
2026-03-16,Enchiladas Rojas,Enchilada,ORDEN,1.00,249.00,1,1,0,0
2026-07-20,Café con Leche,Bebida,ORDEN,23.00,966.00,3,0,0,0
2026-07-10,Refresco 355 ml.,Bebida,ORDEN,8.00,280.00,2,0,0,0
2026-04-22,Empanadas (4 pzas.),Empanada,ORDEN,3.00,518.00,3,2,1,0
2026-07-14,Gorditas de Azúcar,Gordita,PIEZA,2.00,84.00,1,0,0,2.00
2026-06-20,Bisquet,Otros,ORDEN,12.00,360.00,1,0,0,0
2026-04-11,Entomatadas,Entomatada,ORDEN,3.00,441.00,2,0,1,0
2026-04-08,Café con Leche,Bebida,ORDEN,27.00,1134.00,4,0,0,0
2026-09-04,Entomatadas,Entomatada,ORDEN,3.00,525.00,3,2,0,0
2026-03-14,Entomatadas,Entomatada,ORDEN,5.00,872.00,4,2,3,0
2026-05-27,Gorditas,Gordita,PIEZA,128.00,2557.00,20,0,0,128.00
2026-05-23,Refresco 355 ml.,Bebida,ORDEN,5.00,175.00,2,0,0,0
2026-05-21,Enchiladas Mixtas,Enchilada,ORDEN,1.00,249.00,1,1,0,0
2026-07-18,Topo Chico 600 ml.,Bebida,ORDEN,1.00,39.00,1,0,0,0
2026-08-11,Refresco 600 ml.,Bebida,ORDEN,10.00,390.00,4,0,0,0
2026-06-13,Limón Vaso,Bebida,ORDEN,16.00,672.00,1,0,0,0
2026-06-30,Bisquet,Otros,ORDEN,8.00,240.00,1,0,0,0
2026-06-07,Enchiladas Picositas,Enchilada,ORDEN,1.00,182.00,1,1,0,0
2026-09-02,Empanadas (4 pzas.),Empanada,ORDEN,2.00,288.00,2,1,1,0
2026-07-07,1/2 Enfrijoladas,Enfrijolada,ORDEN,1.00,130.00,1,1,1,0
2026-05-26,Refresco 600 ml.,Bebida,ORDEN,16.00,624.00,5,0,0,0
2026-08-07,Huevos Rancheros,Huevos,ORDEN,1.00,120.00,1,0,0,0
2026-05-28,Empanadas (4 pzas.),Empanada,ORDEN,4.00,634.00,4,4,0,0
2026-05-29,1/2 Enmoladas,Enmolada,ORDEN,1.00,95.00,1,0,0,0
2026-07-25,Migada Guisado de Carne,Migada,PIEZA,10.00,1483.00,8,0,4,10.00
2026-06-23,1/2 Enchiladas Picositas,Enchilada,ORDEN,1.00,95.00,1,0,0,0
2026-03-10,Zanahorias p/llevar,Otros,ORDEN,1.00,0.00,1,0,0,0
2026-04-16,Empanadas (4 pzas.),Empanada,ORDEN,4.00,662.00,4,1,0,0
2026-05-12,Café con Leche,Bebida,ORDEN,23.00,966.00,1,0,0,0
2026-07-09,Refresco 600 ml.,Bebida,ORDEN,9.00,363.00,4,0,0,0
2026-03-09,1/2 Enmoladas,Enmolada,ORDEN,2.00,327.00,2,2,0,0
2026-08-09,Café con Leche,Bebida,ORDEN,53.00,2239.00,4,0,0,0
2026-07-10,Huevo Estrellado 2 pzas.,Huevos,ORDEN,1.00,35.00,1,0,0,0
2026-03-12,Limón Vaso,Bebida,ORDEN,6.00,252.00,1,0,0,0
2026-03-29,Enfrijoladas,Enfrijolada,ORDEN,2.00,446.00,2,3,5,0
2026-03-30,Enchiladas Rojas,Enchilada,ORDEN,2.00,329.00,2,1,1,0
2026-08-08,Gorditas Surtidas,Gordita,PIEZA,3.00,285.00,1,0,0,15.00
2026-04-25,Gorditas,Gordita,PIEZA,332.00,6491.00,21,0,0,332.00
2026-04-27,Enchiladas Mixtas,Enchilada,ORDEN,1.00,147.00,1,0,0,0
2026-06-21,Refresco 355 ml.,Bebida,ORDEN,3.00,105.00,2,0,0,0
2026-04-07,Bistec 1 Pza.,Otros,ORDEN,1.00,102.00,1,0,0,0
2026-06-24,Tacos de Maiz,Taco,PIEZA,39.00,876.00,10,0,0,39.00
2026-05-06,Pieza de Pan,Guarnicion,ORDEN,4.00,112.00,1,0,0,0
2026-07-01,Enchiladas Picositas,Enchilada,ORDEN,1.00,147.00,1,0,0,0
2026-04-09,Bocoles,Bocol,PIEZA,85.00,1899.00,16,0,0,85.00
2026-03-16,Quesadillas (4 pzas.),Quesadilla,ORDEN,5.00,665.00,1,0,0,0
2026-03-26,Limón Vaso,Bebida,ORDEN,11.00,462.00,1,0,0,0
2026-03-27,Refresco 600 ml.,Bebida,ORDEN,17.00,663.00,6,0,0,0
2026-05-09,1/2 Enmoladas,Enmolada,ORDEN,2.00,292.00,2,1,0,0
2026-05-12,Bocoles,Bocol,PIEZA,25.00,550.00,11,0,0,25.00
2026-05-12,Migada Guisado de Carne,Migada,PIEZA,3.00,432.00,3,0,1,3.00
2026-08-18,Enfrijoladas,Enfrijolada,ORDEN,2.00,411.00,2,2,0,0
2026-03-15,Enmoladas,Enmolada,ORDEN,2.00,329.00,2,1,0,0
2026-08-31,1/2 Encremadas,Encremada,ORDEN,1.00,95.00,1,0,0,0
2026-05-29,Migada Guisado Normal,Migada,PIEZA,2.00,306.00,2,0,0,2.00
