periodo,producto,familia,unidad_venta,unidades,piezas,ingresos,ventas_brutas,renglones,extras,peticiones,ingreso_por_unidad
2026-02,Pieza Enmolada,Enmolada,ORDEN,2.00,,60.00,60.00,1,0,0,30.00
2023-12,Jugo Naranja 1 Litro,Bebida,ORDEN,26.00,,1534.00,1534.00,14,0,0,59.00
2025-11,Horchata 1 Litro,Bebida,ORDEN,34.00,,2421.00,2421.00,16,0,0,71.21
2025-11,Café con Leche,Bebida,ORDEN,1071.00,,37537.00,37537.00,86,0,0,35.05
2026-09,Empanadas (4 pzas.),Empanada,ORDEN,19.00,,2842.00,2842.00,19,6,10,149.58
2024-01,Limón 1 Litro,Bebida,ORDEN,33.00,,1624.95,1681.00,18,0,0,49.24
2023-12,1/2 Enchiladas Picositas,Enchilada,ORDEN,40.00,,4039.00,4039.00,36,28,3,100.98
2026-04,Jamaica 1 Litro,Bebida,ORDEN,20.00,,1306.00,1306.00,15,0,0,65.30
2025-06,1/2 Enchiladas Mixtas (4 Piezas),Enchilada,ORDEN,26.00,,3921.00,3921.00,26,15,9,150.81
2024-10,Salsa Habanera,Guarnicion,ORDEN,15.00,,15.00,15.00,10,0,0,1.00
2024-07,Plátano Frito,Otros,ORDEN,29.00,,926.00,926.00,25,0,0,31.93
2023-09,Horchata 1 Litro,Bebida,ORDEN,30.00,,1735.00,1735.00,16,0,0,57.83
2025-06,Brownie Oreo,Postre,ORDEN,7.00,,175.00,175.00,4,0,0,25.00
2024-02,1/2 Empanadas (2 pzas.),Empanada,ORDEN,58.00,,3952.70,3956.00,54,7,6,68.15
2026-05,Bistec 1 Pza.,Otros,ORDEN,3.00,,306.00,306.00,3,0,0,102.00
2026-02,1/2 Enchiladas Mixtas (4 Piezas),Enchilada,ORDEN,43.00,,7034.00,7034.00,42,31,5,163.58
2023-12,Huevos con Deshebrada,Huevos,ORDEN,26.00,,2470.00,2470.00,17,0,0,95.00
2026-07,Pieza Entomatada,Entomatada,ORDEN,1.00,,30.00,30.00,1,0,0,30.00
2025-10,Limón Vaso,Bebida,ORDEN,470.00,,17930.00,17930.00,31,0,0,38.15
2024-06,Enchiladas Mixtas,Enchilada,ORDEN,35.00,,5256.00,5256.00,35,25,7,150.17
2026-05,Encremadas,Encremada,ORDEN,20.00,,3905.00,3905.00,18,13,0,195.25
2026-03,Encremadas,Encremada,ORDEN,19.00,,3675.00,3675.00,15,10,0,193.42
2023-11,Gorditas,Gordita,PIEZA,5068.00,5068.00,77303.35,77398.00,599,15,0,15.25
2024-02,1/2 Enfrijoladas,Enfrijolada,ORDEN,10.00,,800.00,800.00,9,5,4,80.00
2025-11,Pieza Enmolada,Enmolada,ORDEN,2.00,,50.00,50.00,2,0,0,25.00
2023-11,Orden Huevos Estrellados,Huevos,ORDEN,8.00,,664.00,664.00,7,0,0,83.00
2025-03,Gorditas de Azúcar,Gordita,PIEZA,42.00,42.00,1596.00,1596.00,21,0,0,38.00
2025-12,1/2 Entomatadas,Entomatada,ORDEN,124.00,,15460.00,15460.00,92,66,22,124.68
2024-02,Limón 1 Litro,Bebida,ORDEN,54.00,,2684.15,2752.00,24,0,0,49.71
2025-01,1/2 Enfrijoladas,Enfrijolada,ORDEN,19.00,,1899.00,1899.00,18,9,7,99.95
2026-05,Orden de Guisado Normal,Guarnicion,ORDEN,25.00,,3000.00,3000.00,20,19,0,120.00
2024-05,Tacos de Maiz,Taco,PIEZA,1127.00,1127.00,19372.60,19529.00,346,9,6,17.19
2024-01,Jamaica 1 Litro,Bebida,ORDEN,37.00,,1628.70,1777.00,19,0,0,44.02
2026-01,Bisquet,Otros,ORDEN,119.00,,3570.00,3570.00,29,0,0,30.00
2025-11,Huevos Rancheros,Huevos,ORDEN,37.00,,4255.00,4255.00,19,0,0,115.00
2026-08,1/2 Enchiladas Rojas,Enchilada,ORDEN,175.00,,23242.00,23242.00,142,109,75,132.81
2025-08,1/2 Encremadas,Encremada,ORDEN,41.00,,5339.00,5339.00,32,21,0,130.22
2024-05,1/2 Enmoladas,Enmolada,ORDEN,54.00,,5044.00,5051.00,45,26,16,93.41
2025-12,Orden Huevos Revueltos,Huevos,ORDEN,4.00,,460.00,460.00,4,0,0,115.00
2026-04,Bistec 1 Pza.,Otros,ORDEN,3.00,,306.00,306.00,3,0,0,102.00
2024-10,Migada Guisado de Carne,Migada,PIEZA,229.00,229.00,28798.00,28798.00,210,0,81,125.76
2025-10,1/2 Enfrijoladas,Enfrijolada,ORDEN,18.00,,2288.00,2288.00,17,12,3,127.11
2025-12,Tacos Maíz Surtidos,Taco,PIEZA,1.00,2.00,40.00,40.00,1,0,0,40.00
2025-07,Pieza Tortilla de Maíz,Guarnicion,ORDEN,7.00,,35.00,35.00,4,0,0,5.00
2026-01,Porción Frijol con Queso,Guarnicion,ORDEN,13.00,,65.00,65.00,11,0,0,5.00
2024-12,Pieza Extra Empanada,Empanada,ORDEN,8.00,,248.00,248.00,8,0,0,31.00
2025-12,Limón 1 Litro,Bebida,ORDEN,16.00,,908.00,908.00,11,0,0,56.75
2025-03,1/2 Enchiladas Rojas,Enchilada,ORDEN,211.00,,26871.00,26871.00,154,122,42,127.35
2025-08,Limón Vaso,Bebida,ORDEN,544.00,,20703.00,20703.00,28,0,0,38.06
2025-02,Ciel 600 ml.,Bebida,ORDEN,48.00,,1501.00,1501.00,21,0,0,31.27
2024-07,Limón Vaso,Bebida,ORDEN,542.00,,18263.25,18379.00,31,0,0,33.70
2024-12,Bocoles,Bocol,PIEZA,2653.00,2653.00,47886.00,47886.00,539,8,30,18.05
2023-09,Pieza Entomatada,Entomatada,ORDEN,2.00,,40.00,40.00,2,0,0,20.00
2024-08,Huevos a la Mexicana,Huevos,ORDEN,34.00,,3513.00,3513.00,23,0,0,103.32
2024-04,Café Negro,Bebida,ORDEN,179.00,,5385.00,5388.00,35,0,0,30.08
2025-04,Huevos a la Mexicana,Huevos,ORDEN,43.00,,4945.00,4945.00,20,0,0,115.00
2023-10,Encremadas,Encremada,ORDEN,23.00,,3134.00,3134.00,19,14,0,136.26
2024-06,Limón 1 Litro,Bebida,ORDEN,66.00,,3135.75,3138.00,26,0,0,47.51
2025-02,PROMO 6 surtidas,Otros,ORDEN,51.00,,4780.00,4780.00,11,0,1,93.73
2025-07,Café con Leche,Bebida,ORDEN,959.00,,33577.00,33612.00,86,0,0,35.01
2024-04,Gorditas,Gordita,PIEZA,4529.00,4529.00,68964.05,69138.80,584,11,13,15.23
2025-02,Migada Guisado de Carne,Migada,PIEZA,243.00,243.00,31657.00,31657.00,206,0,90,130.28
2024-05,Té de Manzanilla,Bebida,ORDEN,3.00,,90.00,90.00,2,0,0,30.00
2026-05,Empanadas (4 pzas.),Empanada,ORDEN,129.00,,19322.00,19322.00,127,39,35,149.78
2024-11,1/2 Quesadillas (2 pzas.),Quesadilla,ORDEN,119.00,,8941.00,8941.00,53,3,31,75.13
2024-06,Bocoles Surtidos,Bocol,PIEZA,9.00,39.00,663.00,663.00,7,0,0,73.67
2023-08,Empanadas (4 pzas.),Empanada,ORDEN,7.00,,714.00,714.00,7,1,1,102.00
2024-03,Huevos con Deshebrada,Huevos,ORDEN,21.00,,1995.00,1995.00,16,0,0,95.00
2025-07,Huevos a la Mexicana,Huevos,ORDEN,40.00,,4600.00,4600.00,24,0,0,115.00
2025-01,Pieza Huevo Estrellado Tierno,Huevos,ORDEN,6.00,,108.00,108.00,5,0,0,18.00
2025-10,Enchiladas Mixtas,Enchilada,ORDEN,28.00,,5572.00,5572.00,28,19,5,199.00
2024-12,Horchata Vaso,Bebida,ORDEN,202.00,,7141.00,7141.00,30,0,0,35.35
2026-09,Salsa Verde,Guarnicion,ORDEN,1.00,,10.00,10.00,1,0,0,10.00
2023-11,Huevos con Deshebrada,Huevos,ORDEN,13.00,,1235.00,1235.00,10,0,0,95.00
2025-02,Tacos de Maiz,Taco,PIEZA,874.00,874.00,16354.00,16354.00,304,6,0,18.71
2026-02,1/2 Quesadillas (2 pzas.),Quesadilla,ORDEN,98.00,,8620.00,8620.00,51,4,33,87.96
2026-01,Salsa Verde,Guarnicion,ORDEN,10.00,,0.00,0.00,6,0,0,0.00
2024-07,Aguacate Extra,Otros,ORDEN,3.00,,45.00,45.00,3,0,0,15.00
2024-11,Encremadas,Encremada,ORDEN,22.00,,3634.00,3634.00,21,10,2,165.18
2025-07,Pieza Extra Quesadilla,Quesadilla,ORDEN,5.00,,160.00,160.00,4,0,0,32.00
2025-06,Jamaica 1 Litro,Bebida,ORDEN,28.00,,1668.00,1668.00,18,0,0,59.57
2023-08,Enchiladas Mixtas,Enchilada,ORDEN,1.00,,102.00,102.00,1,0,0,102.00
2024-02,Bocoles,Bocol,PIEZA,1924.00,1924.00,33322.10,33380.00,465,11,3,17.32
2025-03,Orden de Guisado de Carne,Guarnicion,ORDEN,4.00,,520.00,520.00,4,0,0,130.00
2025-02,Pieza Extra Empanada,Empanada,ORDEN,2.00,,62.00,62.00,2,0,0,31.00
2024-05,Huevo Estrellado 2 pzas.,Huevos,ORDEN,1.00,,28.00,28.00,1,0,0,28.00
2023-11,Café Negro,Bebida,ORDEN,171.00,,5157.00,5157.00,29,0,0,30.16
2024-08,Huevos con Deshebrada,Huevos,ORDEN,24.00,,2746.00,2746.00,16,0,0,114.42
2026-01,Zanahorias p/llevar,Otros,ORDEN,18.00,,0.00,0.00,8,0,0,0.00
2024-09,Ciel 600 ml.,Bebida,ORDEN,49.00,,1519.00,1519.00,22,0,0,31.00
2026-08,Salsa Roja,Guarnicion,ORDEN,14.00,,140.00,140.00,8,0,0,10.00
2025-05,Enchiladas Rojas,Enchilada,ORDEN,81.00,,13868.00,13868.00,64,39,16,171.21
2025-03,Orden de Guisado Normal,Guarnicion,ORDEN,11.00,,1265.00,1265.00,9,0,0,115.00
2025-06,Refresco 600 ml.,Bebida,ORDEN,494.00,,17927.00,17927.00,157,0,0,36.29
2025-06,Salsa Verde,Guarnicion,ORDEN,44.00,,39.00,39.00,19,0,0,0.89
2024-11,Empanadas (4 pzas.),Empanada,ORDEN,135.00,,17563.00,17518.00,132,32,48,130.10
2025-11,Café Negro,Bebida,ORDEN,313.00,,10968.00,10968.00,31,0,0,35.04
2023-12,Café Negro,Bebida,ORDEN,221.00,,6663.00,6666.00,30,0,0,30.15
2023-09,Refresco 355 ml.,Bebida,ORDEN,60.00,,1740.00,1740.00,21,0,0,29.00
2024-09,1/2 Enfrijoladas,Enfrijolada,ORDEN,17.00,,1860.00,1860.00,15,9,7,109.41
2023-11,Pieza Entomatada,Entomatada,ORDEN,1.00,,20.00,20.00,1,0,0,20.00
2025-06,Huevos a la Mexicana,Huevos,ORDEN,55.00,,6325.00,6325.00,25,0,0,115.00
2026-01,Orden de Guisado Normal,Guarnicion,ORDEN,13.00,,1495.00,1495.00,12,0,0,115.00
2024-07,1/2 Enmoladas,Enmolada,ORDEN,47.00,,5361.75,5381.00,41,31,3,114.08
2025-11,Limón 1 Litro,Bebida,ORDEN,32.00,,2055.00,2055.00,19,0,0,64.22
2026-03,Huevos con Deshebrada,Huevos,ORDEN,55.00,,7548.00,7548.00,23,0,0,137.24
2024-02,Pieza Encremada,Encremada,ORDEN,1.00,,48.00,48.00,1,1,0,48.00
2026-04,Orden Huevos Revueltos,Huevos,ORDEN,5.00,,636.00,636.00,5,0,0,127.20
2024-09,Enchiladas Picositas,Enchilada,ORDEN,32.00,,5351.00,5351.00,28,22,2,167.22
2024-05,Jamaica Vaso,Bebida,ORDEN,358.00,,11103.35,11108.00,31,0,0,31.01
2025-03,Pieza Tortilla de Harina,Guarnicion,ORDEN,8.00,,40.00,40.00,4,0,0,5.00
2024-10,Orden Huevos Estrellados,Huevos,ORDEN,10.00,,1070.00,1070.00,9,0,0,107.00
2024-05,Limón Vaso,Bebida,ORDEN,433.00,,13432.70,13473.00,31,0,0,31.02
2024-10,Bocoles Surtidos,Bocol,PIEZA,4.00,17.00,306.00,306.00,4,0,0,76.50
2024-07,Porción Frijol con Queso,Guarnicion,ORDEN,8.00,,40.00,40.00,6,0,0,5.00
2024-08,Quesadillas (4 pzas.),Quesadilla,ORDEN,182.00,,22262.00,22262.00,88,7,89,122.32
2025-01,Bocoles,Bocol,PIEZA,2301.00,2301.00,41554.00,41554.00,521,20,9,18.06
2024-07,5 Lts. Aguade Jamaica,Bebida,ORDEN,2.00,,450.00,450.00,1,0,0,225.00
2026-03,1/2 Enchiladas Mixtas (4 Piezas),Enchilada,ORDEN,40.00,,6627.00,6627.00,39,28,10,165.68
2024-05,Porción Frijol con Queso,Guarnicion,ORDEN,5.00,,25.00,25.00,3,0,0,5.00
2025-09,Gorditas Surtidas,Gordita,PIEZA,20.00,96.00,1632.00,1632.00,17,0,0,81.60
2025-07,Gorditas de Azúcar,Gordita,PIEZA,38.00,38.00,1444.00,1444.00,19,0,0,38.00
2024-10,Pieza Enchilada Roja,Enchilada,ORDEN,1.00,,23.00,23.00,1,0,0,23.00
2024-03,Orden de Guisado Normal,Guarnicion,ORDEN,4.00,,375.25,380.00,4,0,0,93.81
2025-03,Refresco 355 ml.,Bebida,ORDEN,74.00,,2368.00,2368.00,31,0,0,32.00
2023-11,Pieza Enchilada Roja,Enchilada,ORDEN,2.00,,40.00,40.00,2,0,0,20.00
2026-06,Plátano Frito,Otros,ORDEN,46.00,,1932.00,1932.00,37,0,0,42.00
2026-06,Jamaica Vaso,Bebida,ORDEN,515.00,,21682.00,21682.00,30,0,0,42.10
2024-12,Empanadas (4 pzas.),Empanada,ORDEN,151.00,,19267.00,19222.00,147,45,44,127.60
2025-01,Enfrijoladas,Enfrijolada,ORDEN,10.00,,1352.00,1352.00,9,3,1,135.20
2025-09,Limón 1 Litro,Bebida,ORDEN,31.00,,1959.00,1959.00,16,0,0,63.19
2026-02,Empanadas (4 pzas.),Empanada,ORDEN,105.00,,15894.00,15894.00,103,29,23,151.37
2026-03,Pieza Tortilla de Harina,Guarnicion,ORDEN,16.00,,80.00,80.00,6,0,0,5.00
2023-09,Enchiladas Picositas,Enchilada,ORDEN,29.00,,4250.00,4250.00,28,22,3,146.55
2025-05,Porción Ensalada,Guarnicion,ORDEN,5.00,,125.00,125.00,5,0,0,25.00
2025-12,1/2 Empanadas (2 pzas.),Empanada,ORDEN,108.00,,9804.00,9804.00,102,16,25,90.78
2025-08,1/2 Enchiladas Mixtas (4 Piezas),Enchilada,ORDEN,33.00,,4928.00,5143.00,32,22,3,149.33
2025-05,Gorditas de Azúcar,Gordita,PIEZA,49.00,49.00,1862.00,1862.00,26,0,0,38.00
2025-11,Huevo Revuelto 2 pzas.,Huevos,ORDEN,4.00,,140.00,140.00,3,0,0,35.00
2026-07,Salsa Roja,Guarnicion,ORDEN,27.00,,133.30,134.00,8,0,0,4.94
2025-09,Plátano Frito,Otros,ORDEN,22.00,,836.00,836.00,19,0,0,38.00
2026-09,Limón 1 Litro,Bebida,ORDEN,2.00,,118.00,118.00,1,0,0,59.00
2024-04,Migada Guisado Normal,Migada,PIEZA,36.00,36.00,3503.35,3508.00,36,2,15,97.32
2023-11,1/2 Quesadillas (2 pzas.),Quesadilla,ORDEN,60.00,,3841.00,3841.00,36,5,11,64.02
2024-07,Horchata 1 Litro,Bebida,ORDEN,58.00,,3635.85,3639.00,26,0,0,62.69
2025-12,Pieza Enchilada Roja,Enchilada,ORDEN,3.00,,75.00,75.00,3,0,0,25.00
2024-02,Refresco 355 ml.,Bebida,ORDEN,66.00,,1912.55,1914.00,26,0,0,28.98
2025-04,1/2 Quesadillas (2 pzas.),Quesadilla,ORDEN,132.00,,11104.00,11104.00,62,8,31,84.12
2025-09,Huevo Revuelto 2 pzas.,Huevos,ORDEN,6.00,,210.00,210.00,6,0,0,35.00
2025-11,Salsa Roja,Guarnicion,ORDEN,19.00,,16.00,16.00,11,0,0,0.84
2024-07,Jamaica Vaso,Bebida,ORDEN,541.00,,18215.55,18409.00,31,0,0,33.67
2025-11,Porción Ensalada,Guarnicion,ORDEN,2.00,,50.00,50.00,2,0,0,25.00
2025-08,Huevo Revuelto 2 pzas.,Huevos,ORDEN,5.00,,175.00,175.00,5,0,0,35.00
2024-06,Huevo Estrellado 2 pzas.,Huevos,ORDEN,2.00,,56.00,56.00,2,0,0,28.00
2025-02,1/2 Entomatadas,Entomatada,ORDEN,90.00,,10110.75,10117.00,75,53,19,112.34
2026-08,Empanadas (4 pzas.),Empanada,ORDEN,132.00,,19413.00,19413.00,130,35,39,147.07
2026-05,Enchiladas Mixtas,Enchilada,ORDEN,37.00,,6871.00,6871.00,36,24,10,185.70
2024-06,1/2 Quesadillas (2 pzas.),Quesadilla,ORDEN,148.00,,9434.00,9434.00,63,6,50,63.74
2024-02,Café con Leche,Bebida,ORDEN,638.00,,19159.50,19167.00,59,0,0,30.03
2024-06,Orden Huevos Estrellados,Huevos,ORDEN,6.00,,498.00,498.00,5,0,0,83.00
2024-02,Huevos con Deshebrada,Huevos,ORDEN,23.00,,2185.00,2185.00,18,0,0,95.00
2025-11,Té de Manzanilla,Bebida,ORDEN,2.00,,66.00,66.00,2,0,0,33.00
2025-04,Jugo Naranja Vaso,Bebida,ORDEN,2.00,,160.00,160.00,2,0,0,80.00
2025-01,Enchiladas Rojas,Enchilada,ORDEN,96.00,,15429.00,15429.00,79,63,20,160.72
2026-02,1/2 Entomatadas,Entomatada,ORDEN,94.00,,12662.00,12662.00,80,62,22,134.70
2025-08,1/2 Quesadillas (2 pzas.),Quesadilla,ORDEN,125.00,,10721.00,10721.00,75,5,65,85.77
2024-07,Empanadas (4 pzas.),Empanada,ORDEN,145.00,,17679.00,17679.00,140,31,61,121.92
2025-08,Gorditas Surtidas,Gordita,PIEZA,26.00,121.00,2057.00,2057.00,17,0,0,79.12
2024-11,Salsa Roja,Guarnicion,ORDEN,23.00,,22.00,22.00,10,0,0,0.96
2024-01,1/2 Enchiladas Mixtas (4 Piezas),Enchilada,ORDEN,3.00,,314.00,314.00,3,2,0,104.67
2025-08,Limón 1 Litro,Bebida,ORDEN,31.00,,1859.00,1859.00,22,0,0,59.97
2026-01,Horchata 1 Litro,Bebida,ORDEN,34.00,,2361.00,2361.00,19,0,0,69.44
2023-09,Porción Frijol con Queso,Guarnicion,ORDEN,2.00,,10.00,10.00,2,0,0,5.00
2025-01,Limón Vaso,Bebida,ORDEN,309.00,,10906.00,10906.00,25,0,0,35.29
2024-05,Enchiladas Mixtas,Enchilada,ORDEN,48.00,,6863.20,6872.00,47,32,12,142.98
2025-12,1/2 Encremadas,Encremada,ORDEN,39.00,,5017.00,5017.00,32,17,2,128.64
2025-02,Té de Manzanilla,Bebida,ORDEN,11.00,,363.00,363.00,10,0,0,33.00
2023-09,Orden de Guisado Normal,Guarnicion,ORDEN,3.00,,285.00,285.00,3,0,0,95.00
2026-06,Pieza Encremada,Encremada,ORDEN,3.00,,90.00,90.00,3,0,0,30.00
2026-07,Bistec 1 Pza.,Otros,ORDEN,7.00,,714.00,714.00,7,0,0,102.00
2026-01,Gorditas Surtidas,Gordita,PIEZA,22.00,114.00,1606.00,1946.00,16,0,0,73.00
2025-08,Pieza Enmolada,Enmolada,ORDEN,1.00,,25.00,25.00,1,0,0,25.00
2025-10,Salsa Habanera,Guarnicion,ORDEN,10.00,,2.00,2.00,8,0,0,0.20
2024-05,Empanadas (4 pzas.),Empanada,ORDEN,171.00,,17984.70,18000.00,163,30,46,105.17
2025-12,Bocoles,Bocol,PIEZA,2558.00,2558.00,51013.00,51013.00,534,12,18,19.94
2025-11,Entomatadas,Entomatada,ORDEN,60.00,,11003.00,11003.00,49,35,10,183.38
2025-08,Salsa Roja,Guarnicion,ORDEN,36.00,,28.00,28.00,21,0,0,0.78
2026-09,Huevos a la Mexicana,Huevos,ORDEN,13.00,,1560.00,1560.00,5,0,0,120.00
2023-08,Enmoladas,Enmolada,ORDEN,7.00,,933.00,933.00,5,3,0,133.29
2024-04,1/2 Enchiladas Picositas,Enchilada,ORDEN,33.00,,3184.00,3184.00,29,23,1,96.48
2025-09,Tacos de Harina,Taco,PIEZA,788.00,788.00,16187.00,16247.00,322,13,0,20.54
2025-10,Huevo Revuelto 2 pzas.,Huevos,ORDEN,2.00,,70.00,70.00,2,0,0,35.00
2024-08,Horchata 1 Litro,Bebida,ORDEN,63.00,,4189.00,4189.00,23,0,0,66.49
2025-02,Salsa Habanera,Guarnicion,ORDEN,29.00,,14.00,14.00,17,0,0,0.48
2026-01,Empanadas (4 pzas.),Empanada,ORDEN,106.00,,14413.00,14413.00,104,26,27,135.97
2024-06,Gorditas,Gordita,PIEZA,5631.00,5631.00,85944.40,86046.40,639,14,20,15.26
2026-06,Pieza de Pan,Guarnicion,ORDEN,15.00,,420.00,420.00,4,0,0,28.00
2023-10,Horchata Vaso,Bebida,ORDEN,96.00,,3004.45,3006.00,24,0,0,31.30
2025-05,Migada Guisado Normal,Migada,PIEZA,23.00,23.00,2969.00,2969.00,22,0,12,129.09
2024-12,Bocoles Surtidos,Bocol,PIEZA,5.00,23.00,414.00,414.00,5,0,0,82.80
2026-07,Bocoles,Bocol,PIEZA,2284.00,2284.00,51257.00,51267.00,552,18,46,22.44
2025-06,Gorditas de Azúcar,Gordita,PIEZA,43.00,43.00,1634.00,1634.00,23,0,0,38.00
2023-09,Café Negro,Bebida,ORDEN,89.00,,2668.50,2670.00,28,0,0,29.98
2025-07,1/2 Enmoladas,Enmolada,ORDEN,42.00,,5067.00,5067.00,37,21,9,120.64
2024-12,Porción Frijol con Queso,Guarnicion,ORDEN,8.00,,40.00,40.00,7,0,0,5.00
2025-10,Jamaica Vaso,Bebida,ORDEN,358.00,,13646.00,13646.00,29,0,0,38.12
2025-07,1/2 Enchiladas Picositas,Enchilada,ORDEN,29.00,,3864.00,3864.00,25,21,3,133.24
2025-12,Limón Vaso,Bebida,ORDEN,511.00,,19436.00,19436.00,30,0,0,38.04
2025-08,Café Negro,Bebida,ORDEN,276.00,,9677.00,9677.00,33,0,0,35.06
2025-06,Limón 1 Litro,Bebida,ORDEN,23.00,,1368.00,1368.00,13,0,0,59.48
2025-02,1/2 Enchiladas Mixtas (4 Piezas),Enchilada,ORDEN,14.00,,2148.00,2148.00,14,13,4,153.43
2024-01,Huevo Estrellado 2 pzas.,Huevos,ORDEN,5.00,,149.00,149.00,5,0,0,29.80
2025-03,Huevos a la Mexicana,Huevos,ORDEN,29.00,,3335.00,3335.00,19,0,0,115.00
2026-03,Migada Guisado de Carne,Migada,PIEZA,248.00,248.00,36916.00,36916.00,231,1,164,148.85
2024-12,Zanahorias p/llevar,Otros,ORDEN,60.00,,48.00,48.00,18,0,0,0.80
2024-12,Pieza Enchilada Picosa,Enchilada,ORDEN,1.00,,23.00,23.00,1,0,0,23.00
2024-12,Pieza de Pan,Guarnicion,ORDEN,126.00,,2772.00,2772.00,28,0,0,22.00
2026-08,Huevos a la Mexicana,Huevos,ORDEN,65.00,,7800.00,7800.00,28,0,0,120.00
2025-08,Horchata Vaso,Bebida,ORDEN,174.00,,6778.00,6856.00,30,0,0,38.95
2024-11,1/2 Encremadas,Encremada,ORDEN,35.00,,3817.00,3817.00,29,17,1,109.06
2024-10,Enfrijoladas,Enfrijolada,ORDEN,6.00,,853.00,853.00,6,2,0,142.17
2025-07,Pieza Entomatada,Entomatada,ORDEN,3.00,,75.00,75.00,3,0,0,25.00
2026-02,Huevo Revuelto 2 pzas.,Huevos,ORDEN,7.00,,245.00,245.00,7,0,0,35.00
2024-02,Jamaica Vaso,Bebida,ORDEN,242.00,,7497.35,7502.00,29,0,0,30.98
2025-01,Pieza Huevo Estrellado Cocido,Huevos,ORDEN,25.00,,450.00,450.00,16,0,0,18.00
2025-09,Empanadas (4 pzas.),Empanada,ORDEN,119.00,,17114.00,17114.00,117,29,27,143.82
2024-06,Bisquet,Otros,ORDEN,84.00,,2097.50,2100.00,30,0,0,24.97
2024-07,Pieza de Pan,Guarnicion,ORDEN,161.00,,3454.70,3458.00,31,0,0,21.46
2024-11,Bocoles,Bocol,PIEZA,2317.00,2317.00,41830.40,41834.00,520,21,17,18.05
2025-11,1/2 Quesadillas (2 pzas.),Quesadilla,ORDEN,123.00,,10394.00,10394.00,68,8,44,84.50
2025-12,Tacos de Maiz,Taco,PIEZA,1055.00,1055.00,21192.00,21192.00,347,17,9,20.09
2024-04,Jugo Naranja Vaso,Bebida,ORDEN,73.00,,3098.05,3100.00,22,0,0,42.44
2026-07,Enchiladas Mixtas,Enchilada,ORDEN,33.00,,6519.00,6519.00,33,27,5,197.55
2024-01,Bistec 1 Pza.,Otros,ORDEN,3.00,,222.00,222.00,2,0,0,74.00
2025-09,Pieza Huevo Estrellado Cocido,Huevos,ORDEN,28.00,,560.00,560.00,15,0,0,20.00
2026-09,Topo Chico 600 ml.,Bebida,ORDEN,4.00,,156.00,156.00,3,0,0,39.00
2024-11,Orden de Guisado Normal,Guarnicion,ORDEN,9.00,,1026.00,1026.00,6,0,0,114.00
2025-07,Salsa Habanera,Guarnicion,ORDEN,27.00,,18.00,18.00,18,0,0,0.67
2025-09,Gorditas de Azúcar,Gordita,PIEZA,45.00,45.00,1710.00,1710.00,20,0,0,38.00
2024-12,Bisquet,Otros,ORDEN,144.00,,3600.00,3600.00,35,0,0,25.00
2025-03,Plátano Frito,Otros,ORDEN,29.00,,1102.00,1102.00,25,0,0,38.00
2026-08,Porción Leche,Guarnicion,ORDEN,1.00,,15.00,15.00,1,0,0,15.00
2026-01,Bocoles,Bocol,PIEZA,2095.00,2095.00,42054.00,42150.00,502,24,16,20.07
2024-11,Huevos Rancheros,Huevos,ORDEN,26.00,,3054.00,3054.00,17,0,0,117.46
2025-01,Gorditas,Gordita,PIEZA,5796.00,5796.00,92915.00,92915.00,633,14,15,16.03
2023-11,Refresco 600 ml.,Bebida,ORDEN,342.00,,10341.00,10350.00,132,0,0,30.24
2025-10,Huevos a la Mexicana,Huevos,ORDEN,33.00,,3795.00,3795.00,20,0,0,115.00
2025-08,Quesadillas (4 pzas.),Quesadilla,ORDEN,164.00,,22241.00,22493.00,75,7,65,135.62
2025-06,Migada Guisado Normal,Migada,PIEZA,29.00,29.00,3752.00,3752.00,28,0,14,129.38
2024-09,Entomatadas,Entomatada,ORDEN,80.00,,13091.00,13091.00,64,49,11,163.64
2025-09,Orden de Guisado Normal,Guarnicion,ORDEN,15.00,,1610.00,1725.00,14,0,0,107.33
2024-12,Tacos de Maiz,Taco,PIEZA,1100.00,1100.00,19872.00,19872.00,382,16,1,18.07
2024-09,Porción Frijol con Queso,Guarnicion,ORDEN,5.00,,25.00,25.00,4,0,0,5.00
2025-10,PROMO 6 surtidas,Otros,ORDEN,44.00,,4180.00,4180.00,9,0,0,95.00
2026-06,Salsa Verde,Guarnicion,ORDEN,13.00,,0.00,0.00,8,0,0,0.00
2025-08,Aguacate Extra,Otros,ORDEN,1.00,,15.00,15.00,1,0,0,15.00
2026-05,Gorditas Surtidas,Gordita,PIEZA,17.00,79.00,1425.00,1501.00,14,0,0,83.82
2026-05,Gorditas de Azúcar,Gordita,PIEZA,32.00,32.00,1344.00,1344.00,20,0,0,42.00
2024-10,Tacos de Harina,Taco,PIEZA,915.00,915.00,16579.40,16579.40,322,12,0,18.12
2024-07,Refresco 355 ml.,Bebida,ORDEN,57.00,,1776.00,1776.00,24,0,0,31.16
2024-08,Tacos de Harina,Taco,PIEZA,925.00,925.00,16723.30,16723.30,331,7,0,18.08
2024-12,Pieza Entomatada,Entomatada,ORDEN,2.00,,46.00,46.00,2,0,0,23.00
2023-12,Horchata Vaso,Bebida,ORDEN,166.00,,5142.90,5146.00,26,0,0,30.98
2023-10,Orden Huevos Revueltos,Huevos,ORDEN,1.00,,83.00,83.00,1,0,0,83.00
2025-12,Pieza de Pan,Guarnicion,ORDEN,140.00,,3500.00,3500.00,30,0,0,25.00
2025-01,Salsa Verde,Guarnicion,ORDEN,42.00,,33.00,33.00,22,0,0,0.79
2026-08,Jamaica 1 Litro,Bebida,ORDEN,26.00,,1642.00,1642.00,16,0,0,63.15
2026-05,Migada Guisado de Carne,Migada,PIEZA,271.00,271.00,40228.00,40228.00,244,2,133,148.44
2024-04,Fuze Tea,Bebida,ORDEN,1.00,,33.00,33.00,1,0,0,33.00
2025-05,Pieza Enfrijolada,Guarnicion,ORDEN,1.00,,63.00,63.00,1,1,0,63.00
2024-07,Quesadillas (4 pzas.),Quesadilla,ORDEN,207.00,,22834.75,22957.00,81,6,92,110.31
2023-10,Huevo Estrellado 2 pzas.,Huevos,ORDEN,6.00,,168.00,168.00,6,0,0,28.00
2023-10,Enfrijoladas,Enfrijolada,ORDEN,8.00,,946.00,946.00,8,3,0,118.25
2025-12,Empanadas (4 pzas.),Empanada,ORDEN,139.00,,18730.00,18730.00,139,36,48,134.75
2026-06,Pieza Tortilla de Harina,Guarnicion,ORDEN,5.00,,25.00,25.00,3,0,0,5.00
2025-09,Pieza Enmolada,Enmolada,ORDEN,1.00,,25.00,25.00,1,0,0,25.00
2024-10,Encremadas,Encremada,ORDEN,26.00,,3922.00,3922.00,25,9,5,150.85
2026-05,Pieza Enmolada,Enmolada,ORDEN,1.00,,65.00,65.00,1,1,0,65.00
2025-09,Entomatadas,Entomatada,ORDEN,66.00,,12088.00,12088.00,57,40,10,183.15
2025-12,1/2 Enchiladas Mixtas (4 Piezas),Enchilada,ORDEN,26.00,,3277.00,3592.00,26,15,6,126.04
2025-11,Quesadillas (4 pzas.),Quesadilla,ORDEN,121.00,,16237.00,16237.00,69,4,52,134.19
2024-03,Café con Leche,Bebida,ORDEN,586.00,,17649.00,17652.00,51,0,0,30.12
2025-10,Pieza Tortilla de Harina,Guarnicion,ORDEN,3.00,,15.00,15.00,2,0,0,5.00
2026-09,Tacos de Harina,Taco,PIEZA,91.00,91.00,2139.00,2139.00,39,1,0,23.51
2024-01,1/2 Enchiladas Rojas,Enchilada,ORDEN,117.00,,11296.30,11308.00,95,66,28,96.55
2026-03,Plátano Frito,Otros,ORDEN,32.00,,1344.00,1344.00,27,0,0,42.00
2024-03,PROMO 6 surtidas,Otros,ORDEN,29.00,,2436.00,2436.00,8,0,0,84.00
2024-09,Gorditas de Azúcar,Gordita,PIEZA,23.00,23.00,805.00,805.00,15,0,0,35.00
2025-06,1/2 Encremadas,Encremada,ORDEN,41.00,,5333.00,5333.00,32,20,2,130.07
2025-11,Ciel 600 ml.,Bebida,ORDEN,62.00,,1984.00,1984.00,24,0,0,32.00
2026-02,Refresco 355 ml.,Bebida,ORDEN,76.00,,2660.00,2660.00,35,0,0,35.00
2024-04,1/2 Enchiladas Mixtas (4 Piezas),Enchilada,ORDEN,3.00,,312.00,312.00,3,1,0,104.00
2026-04,Bocoles Surtidos,Bocol,PIEZA,4.00,19.00,418.00,418.00,4,0,0,104.50
2023-10,Bocoles Surtidos,Bocol,PIEZA,1.00,4.00,68.00,68.00,1,0,0,68.00
2025-12,Pieza Enchilada Picosa,Enchilada,ORDEN,2.00,,50.00,50.00,2,0,0,25.00
2024-03,Limón 1 Litro,Bebida,ORDEN,56.00,,2674.00,2674.00,24,0,0,47.75
2026-09,Plátano Frito,Otros,ORDEN,1.00,,42.00,42.00,1,0,0,42.00
2025-09,Zanahorias p/llevar,Otros,ORDEN,44.00,,22.00,22.00,16,0,0,0.50
2025-06,PROMO 6 surtidas,Otros,ORDEN,49.00,,4655.00,4655.00,10,0,0,95.00
2025-04,Salsa Verde,Guarnicion,ORDEN,43.00,,42.00,42.00,16,0,0,0.98
2023-10,Orden de Guisado Normal,Guarnicion,ORDEN,4.00,,380.00,380.00,4,0,0,95.00
2025-03,Empanadas (4 pzas.),Empanada,ORDEN,125.00,,17746.00,17746.00,122,35,43,141.97
2026-06,Orden de Guisado Normal,Guarnicion,ORDEN,16.00,,1920.00,1920.00,15,15,0,120.00
2024-09,1/2 Enmoladas,Enmolada,ORDEN,43.00,,4501.00,4501.00,34,19,4,104.67
2026-01,Entomatadas,Entomatada,ORDEN,62.00,,11997.00,11997.00,54,41,9,193.50
2025-12,Pieza Enmolada,Enmolada,ORDEN,1.00,,25.00,25.00,1,0,0,25.00
2023-11,Huevos Rancheros,Huevos,ORDEN,7.00,,665.00,665.00,5,0,0,95.00
2026-06,1/2 Quesadillas (2 pzas.),Quesadilla,ORDEN,147.00,,13079.00,13079.00,80,11,76,88.97
2026-03,1/2 Encremadas,Encremada,ORDEN,40.00,,5721.00,5721.00,38,27,1,143.03
2026-02,Orden Huevos Estrellados,Huevos,ORDEN,12.00,,1476.00,1476.00,12,0,0,123.00
2024-05,Jamaica 1 Litro,Bebida,ORDEN,67.00,,3038.50,3043.00,25,0,0,45.35
2024-07,1/2 Enchiladas Mixtas (4 Piezas),Enchilada,ORDEN,5.00,,709.00,709.00,5,4,0,141.80
2026-04,Jamaica Vaso,Bebida,ORDEN,455.00,,19175.00,19175.00,30,0,0,42.14
2024-06,Pieza Tortilla de Harina,Guarnicion,ORDEN,19.00,,55.50,57.00,6,0,0,2.92
2024-06,1/2 Empanadas (2 pzas.),Empanada,ORDEN,97.00,,6514.70,6518.00,92,6,52,67.16
2025-04,1/2 Enchiladas Mixtas (4 Piezas),Enchilada,ORDEN,24.00,,3653.00,3653.00,24,14,3,152.21
2026-03,Café Negro,Bebida,ORDEN,369.00,,15498.00,15498.00,42,0,0,42.00
2025-12,Plátano Frito,Otros,ORDEN,32.00,,1216.00,1216.00,25,0,0,38.00
2024-06,Orden de Guisado Normal,Guarnicion,ORDEN,10.00,,950.00,950.00,10,0,0,95.00
2025-06,Orden de Guisado Normal,Guarnicion,ORDEN,19.00,,2185.00,2185.00,18,0,0,115.00
2026-07,Pieza Tortilla de Harina,Guarnicion,ORDEN,4.00,,20.00,20.00,2,0,0,5.00
2026-01,Café con Leche,Bebida,ORDEN,1083.00,,38442.00,38442.00,78,0,0,35.50
2026-07,Fuze Tea,Bebida,ORDEN,27.00,,1215.00,1215.00,15,0,0,45.00
2024-09,Pieza Tortilla de Maíz,Guarnicion,ORDEN,13.00,,65.00,65.00,5,0,0,5.00
2026-06,Pieza Tortilla de Maíz,Guarnicion,ORDEN,7.00,,35.00,35.00,4,0,0,5.00
2024-07,Limón 1 Litro,Bebida,ORDEN,25.00,,1263.00,1263.00,15,0,0,50.52
2025-03,Enmoladas,Enmolada,ORDEN,29.00,,4979.00,4979.00,27,17,11,171.69
2024-04,Pieza Huevo Estrellado Tierno,Huevos,ORDEN,1.00,,15.00,15.00,1,0,0,15.00
2024-01,PROMO 6 surtidas,Otros,ORDEN,36.00,,3019.80,3024.00,10,0,0,83.88
2024-07,Pieza Enchilada Roja,Enchilada,ORDEN,4.00,,89.00,89.00,4,0,0,22.25
2024-03,Pieza de Pan,Guarnicion,ORDEN,50.00,,1045.00,1045.00,21,0,0,20.90
2023-11,Orden de Guisado Normal,Guarnicion,ORDEN,10.00,,950.00,950.00,9,0,0,95.00
2025-01,Té de Manzanilla,Bebida,ORDEN,8.00,,264.00,264.00,7,0,0,33.00
2026-04,Gorditas Surtidas,Gordita,PIEZA,15.00,68.00,1292.00,1292.00,11,0,0,86.13
2024-08,Pieza Huevo Estrellado Medio,Huevos,ORDEN,19.00,,342.00,342.00,14,0,0,18.00
2024-05,Pieza Extra Empanada,Empanada,ORDEN,2.00,,52.00,52.00,2,0,0,26.00
2025-04,Jamaica Vaso,Bebida,ORDEN,549.00,,20865.00,20865.00,30,0,0,38.01
2025-06,Bocoles,Bocol,PIEZA,2313.00,2313.00,46661.00,46841.00,512,11,19,20.17
2026-08,Migada Guisado Normal,Migada,PIEZA,18.00,18.00,2434.00,2434.00,18,0,8,135.22
2025-08,1/2 Enfrijoladas,Enfrijolada,ORDEN,25.00,,2813.00,2813.00,22,10,12,112.52
2025-04,Bocoles Surtidos,Bocol,PIEZA,1.00,3.00,60.00,60.00,1,0,0,60.00
2024-04,Encremadas,Encremada,ORDEN,10.00,,1438.00,1438.00,10,5,1,143.80
2026-09,Enmoladas,Enmolada,ORDEN,4.00,,871.00,871.00,4,3,0,217.75
2025-03,Limón Vaso,Bebida,ORDEN,451.00,,17178.00,17178.00,31,0,0,38.09
2025-08,Plátano Frito,Otros,ORDEN,24.00,,912.00,912.00,20,0,0,38.00
2025-10,1/2 Enchiladas Picositas,Enchilada,ORDEN,25.00,,3093.00,3093.00,23,16,7,123.72
2026-02,Pieza Huevo Estrellado Tierno,Huevos,ORDEN,7.00,,140.00,140.00,7,0,0,20.00
2023-11,Pieza Tortilla de Maíz,Guarnicion,ORDEN,18.00,,54.00,54.00,6,0,0,3.00
2026-03,Pieza Enmolada,Enmolada,ORDEN,1.00,,30.00,30.00,1,0,0,30.00
2023-10,Refresco 355 ml.,Bebida,ORDEN,69.00,,1999.55,2001.00,26,0,0,28.98
2025-06,Salsa Habanera,Guarnicion,ORDEN,32.00,,22.00,22.00,17,0,0,0.69
2024-05,Gorditas,Gordita,PIEZA,5506.00,5506.00,83856.80,84100.30,638,10,15,15.23
2025-04,Limón 1 Litro,Bebida,ORDEN,22.00,,1278.00,1278.00,15,0,0,58.09
2026-04,Enchiladas Picositas,Enchilada,ORDEN,15.00,,2970.00,2970.00,15,14,1,198.00
2025-03,Pieza Huevo Estrellado Ciego,Huevos,ORDEN,4.00,,80.00,80.00,3,0,0,20.00
2024-11,Pieza Tortilla de Harina,Guarnicion,ORDEN,8.00,,40.00,40.00,4,0,0,5.00
2024-04,Pieza Tortilla de Maíz,Guarnicion,ORDEN,7.00,,21.00,21.00,3,0,0,3.00
2025-06,1/2 Enchiladas Rojas,Enchilada,ORDEN,152.00,,19421.00,19421.00,114,86,34,127.77
2026-08,Pieza de Pan Dulce,Guarnicion,ORDEN,117.00,,3276.00,3276.00,31,0,0,28.00
2025-04,1/2 Enmoladas,Enmolada,ORDEN,55.00,,6916.00,6916.00,44,27,9,125.75
2024-06,Enmoladas,Enmolada,ORDEN,51.00,,7275.90,7281.00,43,31,8,142.66
2023-11,Ciel 600 ml.,Bebida,ORDEN,44.00,,1250.00,1250.00,24,0,0,28.41
2024-04,Pieza Entomatada,Entomatada,ORDEN,2.00,,40.00,40.00,2,0,0,20.00
2025-02,Refresco 355 ml.,Bebida,ORDEN,78.00,,2496.00,2496.00,27,0,0,32.00
2026-07,Pieza Enchilada Picosa,Enchilada,ORDEN,1.00,,30.00,30.00,1,0,0,30.00
2026-07,Orden Huevos Estrellados,Huevos,ORDEN,8.00,,960.00,960.00,7,0,0,120.00
2026-07,Refresco 355 ml.,Bebida,ORDEN,144.00,,5040.00,5040.00,52,0,0,35.00
2026-09,Orden Huevos Estrellados,Huevos,ORDEN,1.00,,120.00,120.00,1,0,0,120.00
2025-10,Plátano Frito,Otros,ORDEN,18.00,,684.00,684.00,14,0,0,38.00
2024-02,Pieza Extra Empanada,Empanada,ORDEN,4.00,,104.00,104.00,4,0,0,26.00
2026-09,Refresco 355 ml.,Bebida,ORDEN,29.00,,1015.00,1015.00,8,0,0,35.00
2023-10,Gorditas,Gordita,PIEZA,4712.00,4712.00,71843.50,72076.00,599,21,0,15.25
2024-11,Limón 1 Litro,Bebida,ORDEN,38.00,,2124.00,2124.00,23,0,0,55.89
2024-03,Entomatadas,Entomatada,ORDEN,86.00,,11636.90,11948.00,68,52,29,135.31
2025-05,1/2 Enmoladas,Enmolada,ORDEN,54.00,,6828.00,6828.00,41,25,10,126.44
2025-04,Huevo Revuelto 2 pzas.,Huevos,ORDEN,5.00,,175.00,175.00,5,0,0,35.00
2026-01,Limón 1 Litro,Bebida,ORDEN,20.00,,1231.00,1231.00,13,0,0,61.55
2024-01,Pieza Extra Quesadilla,Quesadilla,ORDEN,4.00,,92.00,92.00,4,0,0,23.00
2025-11,Enchiladas Picositas,Enchilada,ORDEN,22.00,,3992.00,3992.00,22,18,6,181.45
2024-10,Quesadillas (4 pzas.),Quesadilla,ORDEN,125.00,,15274.00,15274.00,59,2,50,122.19
2026-05,1/2 Enchiladas Mixtas (4 Piezas),Enchilada,ORDEN,26.00,,4028.00,4028.00,25,16,7,154.92
2023-11,1/2 Entomatadas,Entomatada,ORDEN,73.00,,7220.00,7220.00,59,39,7,98.90
2024-08,Pieza Tortilla de Maíz,Guarnicion,ORDEN,11.00,,55.00,55.00,4,0,0,5.00
2024-06,Pieza Enmolada,Enmolada,ORDEN,2.00,,68.00,68.00,2,1,0,34.00
2025-12,Quesadillas (4 pzas.),Quesadilla,ORDEN,158.00,,19691.00,19691.00,66,6,40,124.63
2026-09,Pieza de Pan Dulce,Guarnicion,ORDEN,28.00,,784.00,784.00,5,0,0,28.00
2026-06,Enchiladas Mixtas,Enchilada,ORDEN,41.00,,7690.00,7690.00,40,30,6,187.56
2026-09,Pieza Huevo Estrellado Cocido,Huevos,ORDEN,1.00,,20.00,20.00,1,0,0,20.00
2026-09,PROMO 6 surtidas,Otros,ORDEN,15.00,,1620.00,1620.00,2,0,0,108.00
2025-04,Jugo Naranja 1 Litro,Bebida,ORDEN,3.00,,360.00,360.00,3,0,0,120.00
2024-07,1/2 Enchiladas Picositas,Enchilada,ORDEN,33.00,,3931.05,3935.00,30,24,2,119.12
2024-12,Gorditas,Gordita,PIEZA,6592.00,6592.00,105538.00,105602.00,627,11,6,16.01
2026-02,1/2 Enchiladas Picositas,Enchilada,ORDEN,25.00,,3419.00,3419.00,22,18,9,136.76
2024-04,Refresco 600 ml.,Bebida,ORDEN,375.00,,11367.00,11376.00,145,0,0,30.31
2026-02,Orden Huevos Revueltos,Huevos,ORDEN,4.00,,516.00,516.00,4,0,0,129.00
2024-03,Gorditas de Azúcar,Gordita,PIEZA,28.00,28.00,840.00,840.00,17,0,0,30.00
2024-05,Salsa Roja,Guarnicion,ORDEN,48.00,,45.00,45.00,19,0,0,0.94
2026-04,Empanadas (4 pzas.),Empanada,ORDEN,111.00,,16515.00,16702.00,110,33,38,148.78
2025-06,Porción Ensalada,Guarnicion,ORDEN,2.00,,50.00,50.00,2,0,0,25.00
2026-01,Té de Manzanilla,Bebida,ORDEN,11.00,,363.00,363.00,9,0,0,33.00
2025-07,Bocoles,Bocol,PIEZA,2306.00,2306.00,46516.00,46596.00,517,11,14,20.17
2025-08,Pieza Huevo Estrellado Tierno,Huevos,ORDEN,10.00,,200.00,200.00,7,0,0,20.00
2025-06,Huevos con Deshebrada,Huevos,ORDEN,29.00,,3770.00,3770.00,19,0,0,130.00
2026-05,Limón Vaso,Bebida,ORDEN,550.00,,23123.00,23165.00,29,0,0,42.04
2025-08,Porción Frijol con Queso,Guarnicion,ORDEN,13.00,,65.00,65.00,13,0,0,5.00
2024-09,1/2 Encremadas,Encremada,ORDEN,37.00,,3959.00,3959.00,31,17,4,107.00
2025-03,Pieza de Pan,Guarnicion,ORDEN,132.00,,3300.00,3300.00,29,0,0,25.00
2024-04,Salsa Verde,Guarnicion,ORDEN,24.00,,4.00,4.00,14,0,0,0.17
2026-08,Gorditas,Gordita,PIEZA,6579.00,6579.00,126445.00,127395.00,736,35,57,19.22
2024-08,Gorditas de Azúcar,Gordita,PIEZA,19.00,19.00,665.00,665.00,15,0,0,35.00
2025-02,Tacos de Harina,Taco,PIEZA,682.00,682.00,12920.00,12922.00,277,10,0,18.94
2024-07,Huevo Revuelto 2 pzas.,Huevos,ORDEN,1.00,,32.00,32.00,1,0,0,32.00
2025-08,1/2 Enchiladas Picositas,Enchilada,ORDEN,42.00,,5888.00,5888.00,40,36,2,140.19
2024-01,1/2 Enmoladas,Enmolada,ORDEN,39.00,,3730.70,3734.00,34,22,5,95.66
2024-03,1/2 Enchiladas Picositas,Enchilada,ORDEN,35.00,,3471.00,3479.00,30,23,7,99.17
2024-10,Pieza Tortilla de Maíz,Guarnicion,ORDEN,2.00,,10.00,10.00,1,0,0,5.00
2025-07,Huevos con Deshebrada,Huevos,ORDEN,19.00,,2470.00,2470.00,13,0,0,130.00
2026-01,Pieza Tortilla de Harina,Guarnicion,ORDEN,12.00,,60.00,60.00,4,0,0,5.00
2025-12,Orden de Guisado de Carne,Guarnicion,ORDEN,5.00,,650.00,650.00,4,0,0,130.00
2024-07,Orden Huevos Estrellados,Huevos,ORDEN,10.00,,974.00,974.00,10,0,0,97.40
2025-10,Ciel 600 ml.,Bebida,ORDEN,59.00,,1888.00,1888.00,26,0,0,32.00
2024-10,1/2 Enchiladas Rojas,Enchilada,ORDEN,173.00,,19020.00,19020.00,126,96,36,109.94
2024-09,Empanadas (4 pzas.),Empanada,ORDEN,163.00,,21466.00,21466.00,157,25,56,131.69
2024-09,Limón 1 Litro,Bebida,ORDEN,31.00,,1733.00,1733.00,15,0,0,55.90
2026-02,Horchata 1 Litro,Bebida,ORDEN,27.00,,1926.00,1926.00,17,0,0,71.33
2026-03,Huevos a la Mexicana,Huevos,ORDEN,55.00,,6672.00,6672.00,23,0,0,121.31
2024-09,Orden de Guisado Normal,Guarnicion,ORDEN,9.00,,1026.00,1026.00,8,1,0,114.00
2024-05,Gorditas de Azúcar,Gordita,PIEZA,20.00,20.00,600.00,600.00,11,0,0,30.00
2026-02,Salsa Roja,Guarnicion,ORDEN,31.00,,0.00,0.00,14,0,0,0.00
2024-06,Salsa Habanera,Guarnicion,ORDEN,34.00,,9.00,10.00,17,0,0,0.26
2024-03,Tacos de Harina,Taco,PIEZA,765.00,765.00,13427.15,13445.00,277,17,3,17.55
2024-09,Limón Vaso,Bebida,ORDEN,428.00,,15058.00,15058.00,30,0,0,35.18
2026-07,Pieza Extra Quesadilla,Quesadilla,ORDEN,8.00,,280.00,280.00,8,0,0,35.00
2026-02,Huevos con Deshebrada,Huevos,ORDEN,37.00,,4995.00,4995.00,20,0,0,135.00
2026-05,Quesadillas (4 pzas.),Quesadilla,ORDEN,153.00,,22133.00,22133.00,61,6,42,144.66
2026-05,Porción Leche,Guarnicion,ORDEN,1.00,,15.00,15.00,1,0,0,15.00
2026-03,Pieza Enchilada Picosa,Enchilada,ORDEN,1.00,,30.00,30.00,1,0,0,30.00
2025-05,Empanadas (4 pzas.),Empanada,ORDEN,129.00,,18684.00,18684.00,125,32,39,144.84
2023-12,1/2 Empanadas (2 pzas.),Empanada,ORDEN,74.00,,5038.00,5038.00,67,7,9,68.08
2025-11,Huevos con Deshebrada,Huevos,ORDEN,22.00,,2854.00,2854.00,15,0,0,129.73
2025-09,Orden Huevos Revueltos,Huevos,ORDEN,2.00,,230.00,230.00,2,0,0,115.00
2026-07,Salsa Verde,Guarnicion,ORDEN,12.00,,110.00,110.00,6,0,0,9.17
2026-04,Ciel 600 ml.,Bebida,ORDEN,65.00,,2275.00,2275.00,24,0,0,35.00
2025-06,Bocoles Surtidos,Bocol,PIEZA,3.00,8.00,160.00,160.00,3,0,0,53.33
2025-01,1/2 Encremadas,Encremada,ORDEN,36.00,,4653.00,4653.00,34,26,0,129.25
2023-09,PROMO 6 surtidas,Otros,ORDEN,32.00,,2688.00,2688.00,10,0,0,84.00
2025-04,Refresco 600 ml.,Bebida,ORDEN,508.00,,18522.00,18522.00,164,0,0,36.46
2025-01,Migada Guisado Normal,Migada,PIEZA,34.00,34.00,3965.00,3965.00,33,0,18,116.62
2024-01,Orden de Guisado de Carne,Guarnicion,ORDEN,8.00,,816.00,816.00,8,0,0,102.00
2024-04,Horchata 1 Litro,Bebida,ORDEN,47.00,,2665.00,2665.00,23,0,0,56.70
2024-04,Té de Manzanilla,Bebida,ORDEN,4.00,,120.00,120.00,3,0,0,30.00
2025-10,1/2 Quesadillas (2 pzas.),Quesadilla,ORDEN,109.00,,9306.00,9306.00,61,7,39,85.38
2025-06,Orden Huevos Revueltos,Huevos,ORDEN,6.00,,690.00,690.00,5,0,0,115.00
2026-05,Café Negro,Bebida,ORDEN,322.00,,13524.00,13524.00,33,0,0,42.00
2025-06,Tacos de Maiz,Taco,PIEZA,967.00,967.00,19740.00,19740.00,372,13,4,20.41
2025-10,1/2 Empanadas (2 pzas.),Empanada,ORDEN,80.00,,7263.00,7263.00,79,9,27,90.79
2026-06,Zanahorias p/llevar,Otros,ORDEN,8.00,,0.00,0.00,4,0,0,0.00
2024-03,Encremadas,Encremada,ORDEN,22.00,,2856.00,2856.00,19,12,0,129.82
2025-07,1/2 Entomatadas,Entomatada,ORDEN,105.00,,12833.00,12833.00,86,54,31,122.22
2024-05,Horchata 1 Litro,Bebida,ORDEN,56.00,,3202.50,3208.00,22,0,0,57.19
2025-11,Pieza Extra Quesadilla,Quesadilla,ORDEN,21.00,,672.00,672.00,15,0,0,32.00
2024-04,Tacos de Harina,Taco,PIEZA,679.00,679.00,11938.10,11939.80,267,5,3,17.58
2024-10,Orden de Guisado de Carne,Guarnicion,ORDEN,5.00,,610.00,610.00,5,0,0,122.00
2026-06,Gorditas Surtidas,Gordita,PIEZA,34.00,175.00,3325.00,3325.00,21,0,0,97.79
2025-03,Horchata Vaso,Bebida,ORDEN,162.00,,6372.00,6372.00,29,0,0,39.33
2024-09,Orden Huevos Estrellados,Huevos,ORDEN,11.00,,1100.00,1100.00,10,0,0,100.00
2024-04,Enmoladas,Enmolada,ORDEN,41.00,,5851.00,5851.00,34,19,6,142.71
2024-01,Huevos Rancheros,Huevos,ORDEN,15.00,,1425.00,1425.00,10,0,0,95.00
2026-03,Bistec 1 Pza.,Otros,ORDEN,5.00,,510.00,510.00,5,0,0,102.00
2024-10,Enchiladas Picositas,Enchilada,ORDEN,15.00,,2574.00,2574.00,15,11,4,171.60
2025-10,Salsa Roja,Guarnicion,ORDEN,34.00,,30.00,30.00,16,0,0,0.88
2023-10,1/2 Entomatadas,Entomatada,ORDEN,68.00,,6379.00,6379.00,53,39,7,93.81
2025-12,1/2 Quesadillas (2 pzas.),Quesadilla,ORDEN,133.00,,11482.00,11482.00,68,11,43,86.33
2026-08,Orden de Guisado Normal,Guarnicion,ORDEN,23.00,,2760.00,2760.00,21,23,0,120.00
2023-08,Café con Leche,Bebida,ORDEN,129.00,,3888.00,3888.00,11,0,0,30.14
2025-06,Pieza Enchilada Roja,Enchilada,ORDEN,1.00,,25.00,25.00,1,0,0,25.00
2024-10,Té de Manzanilla,Bebida,ORDEN,2.00,,66.00,66.00,2,0,0,33.00
2026-01,Fuze Tea,Bebida,ORDEN,13.00,,525.00,525.00,10,0,0,40.38
2023-11,Refresco 355 ml.,Bebida,ORDEN,62.00,,1798.00,1798.00,20,0,0,29.00
2024-10,Refresco 600 ml.,Bebida,ORDEN,386.00,,13220.00,13220.00,150,0,0,34.25
2024-11,Jamaica Vaso,Bebida,ORDEN,401.00,,14100.00,14100.00,30,0,0,35.16
2025-11,Bocoles,Bocol,PIEZA,2354.00,2354.00,47607.00,47673.00,511,8,17,20.22
2026-05,Enmoladas,Enmolada,ORDEN,34.00,,6259.00,6259.00,28,18,9,184.09
2024-10,Café con Leche,Bebida,ORDEN,845.00,,27969.00,27969.00,90,0,0,33.10
2024-09,Pieza de Pan,Guarnicion,ORDEN,131.00,,2882.00,2882.00,30,0,0,22.00
2024-03,Tacos Maíz Surtidos,Taco,PIEZA,5.00,28.00,476.00,476.00,5,0,0,95.20
2026-04,Aguacate Extra,Otros,ORDEN,7.00,,105.00,105.00,6,0,0,15.00
2025-11,Pieza Huevo Estrellado Tierno,Huevos,ORDEN,18.00,,360.00,360.00,11,0,0,20.00
2024-01,Orden Huevos Revueltos,Huevos,ORDEN,3.00,,249.00,249.00,3,0,0,83.00
2023-09,1/2 Enchiladas Rojas,Enchilada,ORDEN,61.00,,5684.00,5684.00,50,31,8,93.18
2025-02,Jamaica 1 Litro,Bebida,ORDEN,21.00,,1107.00,1107.00,14,0,0,52.71
2025-10,Guisado Infantil,Otros,ORDEN,1.00,,38.00,38.00,1,0,0,38.00
2024-08,1/2 Enchiladas Rojas,Enchilada,ORDEN,180.00,,19809.00,19809.00,126,100,38,110.05
2025-06,Café con Leche,Bebida,ORDEN,974.00,,34158.00,34158.00,88,0,0,35.07
2025-05,1/2 Enfrijoladas,Enfrijolada,ORDEN,31.00,,4018.00,4018.00,29,23,9,129.61
2026-03,Ciel 600 ml.,Bebida,ORDEN,56.00,,1960.00,1960.00,24,0,0,35.00
2026-03,Migada Guisado Normal,Migada,PIEZA,33.00,33.00,4509.00,4509.00,33,0,16,136.64
2023-12,1/2 Entomatadas,Entomatada,ORDEN,120.00,,11921.00,11921.00,92,63,39,99.34
2025-04,Bocoles,Bocol,PIEZA,2164.00,2164.00,43692.00,43802.00,522,18,22,20.19
2023-08,Huevo Estrellado 2 pzas.,Huevos,ORDEN,1.00,,18.00,18.00,1,0,0,18.00
2025-05,Tacos de Maiz,Taco,PIEZA,1010.00,1010.00,20464.00,20508.00,373,15,5,20.26
2026-03,1/2 Entomatadas,Entomatada,ORDEN,118.00,,15908.00,15908.00,98,77,34,134.81
2024-01,Huevos con Deshebrada,Huevos,ORDEN,22.00,,2090.00,2090.00,16,0,0,95.00
2026-05,Pieza Huevo Estrellado Tierno,Huevos,ORDEN,9.00,,180.00,180.00,8,0,0,20.00
2026-01,Gorditas de Azúcar,Gordita,PIEZA,40.00,40.00,1524.00,1524.00,22,0,0,38.10
2025-03,Enchiladas Rojas,Enchilada,ORDEN,89.00,,15241.00,15241.00,76,54,22,171.25
2025-11,Gorditas Surtidas,Gordita,PIEZA,29.00,162.00,2754.00,2754.00,25,0,0,94.97
2025-06,Pieza Extra Quesadilla,Quesadilla,ORDEN,3.00,,96.00,96.00,3,0,0,32.00
2025-03,Porción Frijol con Queso,Guarnicion,ORDEN,11.00,,55.00,55.00,9,0,0,5.00
2025-01,PROMO 6 surtidas,Otros,ORDEN,62.00,,5580.00,5580.00,12,0,0,90.00
2024-07,Pieza Huevo Estrellado Tierno,Huevos,ORDEN,8.00,,135.00,135.00,8,0,0,16.88
2025-04,Huevos con Deshebrada,Huevos,ORDEN,35.00,,4550.00,4550.00,19,0,0,130.00
2024-03,Enchiladas Mixtas,Enchilada,ORDEN,32.00,,5092.00,5092.00,31,26,9,159.13
2026-08,Pieza Tortilla de Harina,Guarnicion,ORDEN,7.00,,35.00,35.00,3,0,0,5.00
2025-09,Pieza Extra Quesadilla,Quesadilla,ORDEN,6.00,,192.00,192.00,6,0,0,32.00
2026-01,Pieza Huevo Estrellado Cocido,Huevos,ORDEN,16.00,,320.00,320.00,12,0,0,20.00
2024-02,1/2 Quesadillas (2 pzas.),Quesadilla,ORDEN,78.00,,4830.00,4830.00,52,2,35,61.92
2025-02,1/2 Enfrijoladas,Enfrijolada,ORDEN,15.00,,1482.00,1482.00,11,5,4,98.80
2024-09,Orden de Guisado de Carne,Guarnicion,ORDEN,7.00,,854.00,854.00,7,0,0,122.00
2025-11,Salsa Verde,Guarnicion,ORDEN,9.00,,1.00,1.00,7,0,0,0.11
2023-10,1/2 Enchiladas Rojas,Enchilada,ORDEN,109.00,,10241.00,10241.00,83,57,16,93.95
2024-09,Salsa Roja,Guarnicion,ORDEN,42.00,,42.00,42.00,22,0,0,1.00
2024-08,Bisquet,Otros,ORDEN,95.00,,2375.00,2375.00,35,0,0,25.00
2025-12,Pieza Huevo Estrellado Cocido,Huevos,ORDEN,22.00,,440.00,440.00,13,0,0,20.00
2024-06,Tacos Harina Surtidos,Taco,PIEZA,1.00,8.00,136.00,136.00,1,0,0,136.00
2026-05,Pieza Huevo Estrellado Ciego,Huevos,ORDEN,3.00,,60.00,60.00,3,0,0,20.00
2025-05,Migada Guisado de Carne,Migada,PIEZA,254.00,254.00,35841.00,36026.00,231,4,107,141.11
2024-11,Aguacate Extra,Otros,ORDEN,3.00,,45.00,45.00,2,0,0,15.00
2025-08,Jamaica 1 Litro,Bebida,ORDEN,31.00,,1791.00,1791.00,18,0,0,57.77
2024-06,Pieza Tortilla de Maíz,Guarnicion,ORDEN,14.00,,42.00,42.00,4,0,0,3.00
2023-11,Gorditas de Azúcar,Gordita,PIEZA,48.00,48.00,1440.00,1440.00,21,0,0,30.00
2024-03,Jugo Naranja 1 Litro,Bebida,ORDEN,28.00,,1667.05,1670.00,13,0,0,59.54
2026-03,Orden de Guisado Normal,Guarnicion,ORDEN,18.00,,2160.00,2160.00,15,0,0,120.00
2026-06,Ciel 600 ml.,Bebida,ORDEN,74.00,,2590.00,2590.00,27,0,0,35.00
2026-03,Pieza Huevo Estrellado Medio,Huevos,ORDEN,17.00,,340.00,340.00,13,0,0,20.00
2026-05,Refresco 600 ml.,Bebida,ORDEN,489.00,,19143.00,19143.00,153,0,0,39.15
2024-07,Migada Guisado de Carne,Migada,PIEZA,323.00,323.00,37858.70,38115.00,297,1,140,117.21
2026-04,Pieza Huevo Estrellado Tierno,Huevos,ORDEN,12.00,,240.00,240.00,11,0,0,20.00
2025-12,Refresco 600 ml.,Bebida,ORDEN,502.00,,18133.00,18133.00,151,0,0,36.12
2026-02,PROMO 6 surtidas,Otros,ORDEN,30.00,,3240.00,3240.00,8,0,0,108.00
2025-06,Quesadillas (4 pzas.),Quesadilla,ORDEN,142.00,,19689.00,19798.00,76,9,69,138.65
2026-05,Entomatadas,Entomatada,ORDEN,64.00,,11951.00,12098.00,56,38,31,186.73
2024-12,Orden Huevos Estrellados,Huevos,ORDEN,6.00,,600.00,600.00,6,0,0,100.00
2025-11,Migada Guisado de Carne,Migada,PIEZA,229.00,229.00,32598.00,32598.00,218,2,128,142.35
2024-01,Migada Guisado Normal,Migada,PIEZA,25.00,25.00,2437.00,2437.00,25,0,11,97.48
2026-03,Enfrijoladas,Enfrijolada,ORDEN,12.00,,2320.00,2320.00,12,12,11,193.33
2025-05,Brownie Oreo,Postre,ORDEN,6.00,,150.00,150.00,5,0,0,25.00
2026-04,Pieza Huevo Estrellado Medio,Huevos,ORDEN,19.00,,380.00,380.00,14,0,0,20.00
2024-06,Horchata Vaso,Bebida,ORDEN,187.00,,5875.45,5877.00,30,0,0,31.42
2025-01,Pieza Encremada,Encremada,ORDEN,1.00,,23.00,23.00,1,0,0,23.00
2026-02,Horchata Vaso,Bebida,ORDEN,97.00,,4126.00,4126.00,27,0,0,42.54
2024-10,1/2 Empanadas (2 pzas.),Empanada,ORDEN,88.00,,7152.00,7152.00,85,12,36,81.27
2024-05,Ciel 600 ml.,Bebida,ORDEN,67.00,,1876.00,1876.00,26,0,0,28.00
2024-07,1/2 Entomatadas,Entomatada,ORDEN,164.00,,16904.85,16920.00,114,68,36,103.08
2026-05,1/2 Encremadas,Encremada,ORDEN,26.00,,3456.00,3456.00,25,16,1,132.92
2026-04,1/2 Enchiladas Rojas,Enchilada,ORDEN,191.00,,24094.00,24094.00,149,109,77,126.15
2026-04,Guisado Infantil,Otros,ORDEN,6.00,,228.00,228.00,5,0,0,38.00
2025-10,Orden Huevos Estrellados,Huevos,ORDEN,11.00,,1345.00,1345.00,11,0,0,122.27
2026-09,Pieza Encremada,Encremada,ORDEN,1.00,,30.00,30.00,1,0,0,30.00
2026-07,1/2 Enchiladas Picositas,Enchilada,ORDEN,34.00,,4513.00,4513.00,30,21,7,132.74
2023-09,Pieza Extra Quesadilla,Quesadilla,ORDEN,4.00,,92.00,92.00,3,0,0,23.00
2023-10,Jugo Naranja Vaso,Bebida,ORDEN,45.00,,1755.00,1755.00,18,0,0,39.00
2024-08,Jamaica Vaso,Bebida,ORDEN,598.00,,20963.75,20969.00,31,0,0,35.06
2025-06,Café Negro,Bebida,ORDEN,310.00,,10850.00,10850.00,40,0,0,35.00
2026-01,Refresco 355 ml.,Bebida,ORDEN,78.00,,2511.00,2511.00,29,0,0,32.19
2025-11,Tacos de Maiz,Taco,PIEZA,958.00,958.00,19333.00,19333.00,329,2,6,20.18
2024-10,Horchata Vaso,Bebida,ORDEN,143.00,,5089.00,5089.00,30,0,0,35.59
2025-08,Enmoladas,Enmolada,ORDEN,35.00,,6327.00,6467.00,29,23,3,180.77
2024-09,1/2 Enchiladas Rojas,Enchilada,ORDEN,159.00,,16696.00,16696.00,101,69,23,105.01
2024-08,Salsa Verde,Guarnicion,ORDEN,28.00,,19.00,19.00,12,0,0,0.68
2024-08,Orden de Guisado de Carne,Guarnicion,ORDEN,13.00,,1629.00,1629.00,13,1,0,125.31
2024-06,1/2 Entomatadas,Entomatada,ORDEN,139.00,,13139.90,13146.00,91,64,27,94.53
2024-04,Aguacate Extra,Otros,ORDEN,1.00,,15.00,15.00,1,0,0,15.00
2025-01,Pieza Enchilada Roja,Enchilada,ORDEN,2.00,,46.00,46.00,2,0,0,23.00
2026-07,Enmoladas,Enmolada,ORDEN,26.00,,4933.00,4933.00,22,13,3,189.73
2023-12,1/2 Enchiladas Mixtas (4 Piezas),Enchilada,ORDEN,7.00,,852.00,852.00,6,3,0,121.71
2025-03,1/2 Quesadillas (2 pzas.),Quesadilla,ORDEN,115.00,,9837.00,9837.00,66,6,54,85.54
2024-05,Refresco 355 ml.,Bebida,ORDEN,84.00,,2436.00,2436.00,28,0,0,29.00
2025-05,Orden de Guisado Normal,Guarnicion,ORDEN,12.00,,1380.00,1380.00,6,0,0,115.00
2026-07,Migada Guisado Normal,Migada,PIEZA,32.00,32.00,4407.35,4416.00,32,0,23,137.73
2026-02,Pieza Tortilla de Maíz,Guarnicion,ORDEN,5.00,,25.00,25.00,3,0,0,5.00
2025-12,Fuze Tea,Bebida,ORDEN,15.00,,600.00,600.00,12,0,0,40.00
2026-09,1/2 Encremadas,Encremada,ORDEN,6.00,,777.00,777.00,5,4,1,129.50
2026-08,1/2 Quesadillas (2 pzas.),Quesadilla,ORDEN,169.00,,15420.00,15420.00,108,21,129,91.24
2025-10,Gorditas de Azúcar,Gordita,PIEZA,43.00,43.00,1634.00,1634.00,19,0,0,38.00
2024-02,Encremadas,Encremada,ORDEN,19.00,,2495.00,2495.00,16,9,0,131.32
2024-06,Orden de Guisado de Carne,Guarnicion,ORDEN,4.00,,408.00,408.00,4,0,0,102.00
2025-08,Huevos a la Mexicana,Huevos,ORDEN,45.00,,5168.00,5168.00,25,0,0,114.84
2026-05,Tacos de Harina,Taco,PIEZA,906.00,906.00,20813.00,20857.00,301,8,5,22.97
2025-10,Tacos Harina Surtidos,Taco,PIEZA,3.00,28.00,560.00,560.00,3,0,0,186.67
2025-09,Pieza Tortilla de Maíz,Guarnicion,ORDEN,6.00,,30.00,30.00,4,0,0,5.00
2025-07,Huevo Revuelto 2 pzas.,Huevos,ORDEN,5.00,,175.00,175.00,4,0,0,35.00
2026-04,Porción Frijol con Queso,Guarnicion,ORDEN,12.00,,60.00,60.00,9,0,0,5.00
2026-05,Pieza Huevo Estrellado Cocido,Huevos,ORDEN,21.00,,420.00,420.00,15,0,0,20.00
2026-02,Entomatadas,Entomatada,ORDEN,41.00,,8083.00,8083.00,39,32,13,197.15
2024-10,1/2 Enchiladas Picositas,Enchilada,ORDEN,33.00,,3894.00,3894.00,28,18,0,118.00
2026-05,Jamaica 1 Litro,Bebida,ORDEN,20.00,,1288.00,1288.00,13,0,0,64.40
2024-08,Aguacate Extra,Otros,ORDEN,6.00,,90.00,90.00,4,0,0,15.00
2024-01,Enchiladas Rojas,Enchilada,ORDEN,137.00,,18833.40,18845.00,100,77,30,137.47
2025-09,Pieza Huevo Estrellado Ciego,Huevos,ORDEN,1.00,,20.00,20.00,1,0,0,20.00
2024-09,1/2 Empanadas (2 pzas.),Empanada,ORDEN,111.00,,8977.00,8977.00,107,7,46,80.87
2024-08,1/2 Enfrijoladas,Enfrijolada,ORDEN,16.00,,1590.00,1590.00,16,8,5,99.38
2026-02,Pieza Tortilla de Harina,Guarnicion,ORDEN,4.00,,20.00,20.00,2,0,0,5.00
2023-09,Orden Huevos Estrellados,Huevos,ORDEN,3.00,,249.00,249.00,3,0,0,83.00
2024-06,Salsa Verde,Guarnicion,ORDEN,48.00,,20.00,20.00,22,0,0,0.42
2025-11,Pieza Huevo Estrellado Cocido,Huevos,ORDEN,18.00,,360.00,360.00,11,0,0,20.00
2024-12,Tacos de Harina,Taco,PIEZA,913.00,913.00,16566.00,16566.00,328,13,0,18.14
2023-09,1/2 Enchiladas Mixtas (4 Piezas),Enchilada,ORDEN,1.00,,86.00,86.00,1,0,0,86.00
2024-07,Enfrijoladas,Enfrijolada,ORDEN,10.00,,1314.00,1314.00,10,3,2,131.40
2026-01,Plátano Frito,Otros,ORDEN,24.00,,916.00,916.00,20,0,0,38.17
2025-06,Huevo Revuelto 2 pzas.,Huevos,ORDEN,1.00,,35.00,35.00,1,0,0,35.00
2025-11,Bisquet,Otros,ORDEN,154.00,,4620.00,4620.00,31,0,0,30.00
2025-09,Pieza Enchilada Roja,Enchilada,ORDEN,3.00,,75.00,75.00,3,0,0,25.00
2025-05,Salsa Habanera,Guarnicion,ORDEN,44.00,,21.00,21.00,21,0,0,0.48
2024-09,Pieza Enchilada Roja,Enchilada,ORDEN,2.00,,46.00,46.00,2,0,0,23.00
2025-05,Café con Leche,Bebida,ORDEN,944.00,,33073.00,33073.00,80,0,0,35.03
2024-04,Gorditas de Azúcar,Gordita,PIEZA,29.00,29.00,868.50,870.00,13,0,0,29.95
2025-03,Gorditas,Gordita,PIEZA,5856.00,5856.00,101171.00,101171.00,663,29,17,17.28
2026-07,Orden Huevos Revueltos,Huevos,ORDEN,6.00,,756.00,756.00,5,0,0,126.00
2026-01,1/2 Entomatadas,Entomatada,ORDEN,109.00,,13799.00,13799.00,82,56,23,126.60
2023-10,Tacos de Maiz,Taco,PIEZA,909.00,909.00,15625.05,15669.00,318,5,0,17.19
2024-03,Quesadillas (4 pzas.),Quesadilla,ORDEN,203.00,,19730.75,20327.00,88,13,100,97.20
2025-05,1/2 Empanadas (2 pzas.),Empanada,ORDEN,99.00,,9030.00,9030.00,95,17,44,91.21
2023-10,Jamaica 1 Litro,Bebida,ORDEN,68.00,,3317.80,3382.00,25,0,0,48.79
2025-01,Huevo Revuelto 2 pzas.,Huevos,ORDEN,4.00,,128.00,128.00,4,0,0,32.00
2025-07,Encremadas,Encremada,ORDEN,24.00,,4255.00,4255.00,21,13,0,177.29
2023-09,Tacos Maíz Surtidos,Taco,PIEZA,2.00,7.00,119.00,119.00,2,0,0,59.50
2026-04,Entomatadas,Entomatada,ORDEN,55.00,,10733.00,10733.00,46,39,9,195.15
2025-07,Pieza Huevo Estrellado Ciego,Huevos,ORDEN,5.00,,100.00,100.00,4,0,0,20.00
2026-05,Porción Frijol con Queso,Guarnicion,ORDEN,13.00,,65.00,65.00,9,0,0,5.00
2024-03,1/2 Encremadas,Encremada,ORDEN,34.00,,3350.00,3350.00,30,16,1,98.53
2025-01,1/2 Entomatadas,Entomatada,ORDEN,109.00,,12116.00,12195.00,93,69,38,111.16
2023-11,Horchata 1 Litro,Bebida,ORDEN,41.00,,2297.75,2306.00,17,0,0,56.04
2025-12,Horchata 1 Litro,Bebida,ORDEN,35.00,,2421.00,2421.00,21,0,0,69.17
2025-12,Pieza Extra Empanada,Empanada,ORDEN,3.00,,105.00,105.00,3,0,0,35.00
2023-09,1/2 Enfrijoladas,Enfrijolada,ORDEN,7.00,,712.00,712.00,7,4,6,101.71
2025-02,Pieza Huevo Estrellado Ciego,Huevos,ORDEN,1.00,,18.00,18.00,1,0,0,18.00
2026-03,Pieza Enfrijolada,Guarnicion,ORDEN,2.00,,60.00,60.00,1,0,0,30.00
2023-11,Huevos a la Mexicana,Huevos,ORDEN,27.00,,2241.00,2241.00,17,0,0,83.00
2026-07,Gorditas Surtidas,Gordita,PIEZA,22.00,108.00,2052.00,2052.00,15,0,0,93.27
2024-04,Orden de Guisado Normal,Guarnicion,ORDEN,5.00,,475.00,475.00,5,0,0,95.00
2026-05,Salsa Habanera,Guarnicion,ORDEN,7.00,,0.00,0.00,5,0,0,0.00
2023-11,Porción Frijol con Queso,Guarnicion,ORDEN,1.00,,5.00,5.00,1,0,0,5.00
2024-07,Pieza Tortilla de Harina,Guarnicion,ORDEN,10.00,,46.00,46.00,5,0,0,4.60
2025-05,Huevos Rancheros,Huevos,ORDEN,36.00,,4238.00,4238.00,20,0,0,117.72
2026-01,Pieza de Pan,Guarnicion,ORDEN,128.00,,3212.00,3212.00,30,0,0,25.09
2025-08,Enchiladas Rojas,Enchilada,ORDEN,81.00,,14080.00,14220.00,68,48,21,173.83
2026-06,1/2 Empanadas (2 pzas.),Empanada,ORDEN,89.00,,8515.00,8515.00,85,14,26,95.67
2026-04,Pieza Tortilla de Maíz,Guarnicion,ORDEN,6.00,,30.00,30.00,4,0,0,5.00
2024-08,Huevo Revuelto 2 pzas.,Huevos,ORDEN,6.00,,192.00,192.00,4,0,0,32.00
2025-07,Tacos Maíz Surtidos,Taco,PIEZA,2.00,8.00,160.00,160.00,2,0,0,80.00
2026-01,Gorditas,Gordita,PIEZA,5562.00,5562.00,95670.00,95838.00,634,14,23,17.20
2024-09,Agua de Jamaica - Evento,Evento,ORDEN,2.00,,550.00,550.00,1,0,0,275.00
2025-08,Pieza Huevo Estrellado Medio,Huevos,ORDEN,14.00,,280.00,280.00,11,0,0,20.00
2024-04,Enchiladas Rojas,Enchilada,ORDEN,96.00,,13335.50,13355.00,79,60,15,138.91
2025-05,Pieza Huevo Estrellado Ciego,Huevos,ORDEN,1.00,,20.00,20.00,1,0,0,20.00
2024-08,Pieza Huevo Estrellado Tierno,Huevos,ORDEN,9.00,,161.10,162.00,8,0,0,17.90
2024-05,Orden de Guisado de Carne,Guarnicion,ORDEN,3.00,,306.00,306.00,3,0,0,102.00
2024-07,Bocoles Surtidos,Bocol,PIEZA,6.00,22.00,396.00,396.00,6,0,0,66.00
2026-08,Encremadas,Encremada,ORDEN,25.00,,4893.00,4893.00,24,17,2,195.72
2025-08,Enfrijoladas,Enfrijolada,ORDEN,13.00,,2082.00,2082.00,11,2,7,160.15
2024-07,Enmoladas,Enmolada,ORDEN,35.00,,4986.00,4986.00,29,12,4,142.46
2026-02,Aguacate Extra,Otros,ORDEN,6.00,,90.00,90.00,5,0,0,15.00
2024-12,Orden de Guisado Normal,Guarnicion,ORDEN,10.00,,1140.00,1140.00,8,0,0,114.00
2025-09,Quesadillas (4 pzas.),Quesadilla,ORDEN,122.00,,16713.00,16713.00,61,5,51,136.99
2026-03,1/2 Enfrijoladas,Enfrijolada,ORDEN,22.00,,2997.00,2997.00,22,18,4,136.23
2024-07,Gorditas Surtidas,Gordita,PIEZA,21.00,118.00,1859.00,1859.00,15,0,0,88.52
2026-05,Pieza Extra Quesadilla,Quesadilla,ORDEN,8.00,,280.00,280.00,7,0,0,35.00
2025-02,Horchata Vaso,Bebida,ORDEN,133.00,,4887.00,4887.00,27,0,0,36.74
2025-10,Pieza Encremada,Encremada,ORDEN,2.00,,50.00,50.00,2,0,0,25.00
2026-01,Tacos de Harina,Taco,PIEZA,900.00,900.00,18039.00,18109.00,286,6,6,20.04
2024-12,Pieza Huevo Estrellado Medio,Huevos,ORDEN,17.00,,306.00,306.00,11,0,0,18.00
2024-02,Enmoladas,Enmolada,ORDEN,23.00,,3226.20,3235.00,22,13,5,140.27
2025-11,Limón Vaso,Bebida,ORDEN,476.00,,18105.00,18105.00,30,0,0,38.04
2025-10,1/2 Enchiladas Mixtas (4 Piezas),Enchilada,ORDEN,17.00,,2513.00,2513.00,17,11,3,147.82
2025-06,Encremadas,Encremada,ORDEN,29.00,,5339.00,5339.00,26,14,3,184.10
2026-07,1/2 Quesadillas (2 pzas.),Quesadilla,ORDEN,156.00,,13850.00,13850.00,88,9,75,88.78
2026-05,Enfrijoladas,Enfrijolada,ORDEN,11.00,,2004.00,2004.00,11,8,6,182.18
2025-03,Salsa Habanera,Guarnicion,ORDEN,23.00,,12.00,12.00,14,0,0,0.52
2026-03,Orden Huevos Estrellados,Huevos,ORDEN,17.00,,2040.00,2040.00,16,0,0,120.00
2023-10,Pieza Tortilla de Maíz,Guarnicion,ORDEN,18.00,,54.00,54.00,8,0,0,3.00
2026-04,1/2 Encremadas,Encremada,ORDEN,44.00,,6168.00,6168.00,33,23,1,140.18
2026-02,Café con Leche,Bebida,ORDEN,890.00,,37419.00,37419.00,72,0,0,42.04
2026-07,Pieza Huevo Estrellado Tierno,Huevos,ORDEN,13.00,,260.00,260.00,13,0,0,20.00
2026-06,Tacos de Maiz,Taco,PIEZA,1057.00,1057.00,23849.00,23849.00,357,13,11,22.56
2024-05,Pieza Huevo Estrellado Medio,Huevos,ORDEN,21.00,,315.00,315.00,14,0,0,15.00
2023-08,1/2 Enchiladas Rojas,Enchilada,ORDEN,17.00,,1532.00,1532.00,11,8,0,90.12
2024-05,Fuze Tea,Bebida,ORDEN,16.00,,526.35,528.00,11,0,0,32.90
2025-11,1/2 Encremadas,Encremada,ORDEN,27.00,,3516.00,3516.00,26,19,3,130.22
2026-08,Quesadillas (4 pzas.),Quesadilla,ORDEN,155.00,,22777.00,22777.00,81,7,80,146.95
2024-02,Entomatadas,Entomatada,ORDEN,85.00,,12088.00,12292.00,64,47,11,142.21
2024-07,Porción Ensalada,Guarnicion,ORDEN,2.00,,50.00,50.00,2,0,0,25.00
2025-11,Pieza Huevo Estrellado Medio,Huevos,ORDEN,11.00,,220.00,220.00,10,0,0,20.00
2024-10,Gorditas,Gordita,PIEZA,5805.00,5805.00,93203.00,93203.00,665,22,10,16.06
2024-04,Orden Huevos Estrellados,Huevos,ORDEN,4.00,,332.00,332.00,4,0,0,83.00
2023-10,Huevos con Deshebrada,Huevos,ORDEN,10.00,,950.00,950.00,10,0,0,95.00
2025-03,Encremadas,Encremada,ORDEN,23.00,,4454.00,4454.00,20,12,2,193.65
2026-03,Pieza de Pan,Guarnicion,ORDEN,128.00,,3584.00,3584.00,29,0,0,28.00
2026-09,Migada Guisado de Carne,Migada,PIEZA,52.00,52.00,7789.00,7789.00,48,1,38,149.79
2024-12,Horchata 1 Litro,Bebida,ORDEN,74.00,,4812.00,4812.00,24,0,0,65.03
2024-05,Orden Huevos Estrellados,Huevos,ORDEN,6.00,,498.00,498.00,6,0,0,83.00
2024-01,1/2 Enchiladas Picositas,Enchilada,ORDEN,37.00,,4253.70,4264.00,35,34,4,114.96
2025-10,Pieza Extra Empanada,Empanada,ORDEN,3.00,,105.00,105.00,3,0,0,35.00
2026-01,Migada Guisado Normal,Migada,PIEZA,16.00,16.00,1999.00,1999.00,16,0,7,124.94
2026-04,Pieza Encremada,Encremada,ORDEN,2.00,,60.00,60.00,2,0,0,30.00
2025-08,Enchiladas Mixtas,Enchilada,ORDEN,53.00,,10569.00,10569.00,51,39,5,199.42
2026-06,Porción Ensalada,Guarnicion,ORDEN,12.00,,300.00,300.00,8,0,0,25.00
2024-05,Salsa Verde,Guarnicion,ORDEN,37.00,,24.00,24.00,18,0,0,0.65
2024-03,Huevo Revuelto 2 pzas.,Huevos,ORDEN,1.00,,28.00,28.00,1,0,0,28.00
2026-09,Tacos de Maiz,Taco,PIEZA,139.00,139.00,3111.00,3111.00,62,4,1,22.38
2024-11,Bisquet,Otros,ORDEN,106.00,,2650.00,2650.00,32,0,0,25.00
2024-09,Pieza Enmolada,Enmolada,ORDEN,1.00,,55.00,55.00,1,1,0,55.00
2025-01,Salsa Habanera,Guarnicion,ORDEN,21.00,,12.00,12.00,16,0,0,0.57
2024-07,Brownie Oreo,Postre,ORDEN,14.00,,680.00,680.00,8,0,0,48.57
2026-09,Salsa Roja,Guarnicion,ORDEN,2.00,,20.00,20.00,1,0,0,10.00
2023-09,Gorditas,Gordita,PIEZA,3958.00,3958.00,60542.20,60684.00,562,7,5,15.30
2026-01,Huevo Estrellado 2 pzas.,Huevos,ORDEN,14.00,,490.00,490.00,12,0,0,35.00
2024-06,Enfrijoladas,Enfrijolada,ORDEN,14.00,,1820.00,1820.00,12,7,4,130.00
2026-06,Huevos a la Mexicana,Huevos,ORDEN,57.00,,6984.00,6984.00,24,0,0,122.53
2023-08,Horchata Vaso,Bebida,ORDEN,19.00,,589.00,589.00,6,0,0,31.00
2025-12,1/2 Enfrijoladas,Enfrijolada,ORDEN,34.00,,4003.00,4003.00,31,19,14,117.74
2024-10,Ciel 600 ml.,Bebida,ORDEN,47.00,,1457.00,1457.00,20,0,0,31.00
2025-11,Pieza Huevo Estrellado Ciego,Huevos,ORDEN,2.00,,40.00,40.00,2,0,0,20.00
2025-09,Enchiladas Rojas,Enchilada,ORDEN,65.00,,12294.00,12294.00,57,46,15,189.14
2025-04,Migada Guisado Normal,Migada,PIEZA,30.00,30.00,3912.00,3912.00,29,0,11,130.40
2026-04,Huevos Rancheros,Huevos,ORDEN,40.00,,4872.00,4872.00,22,0,0,121.80
2026-08,1/2 Enfrijoladas,Enfrijolada,ORDEN,25.00,,3008.00,3008.00,25,13,17,120.32
2025-07,Orden de Guisado Normal,Guarnicion,ORDEN,14.00,,1610.00,1610.00,11,0,0,115.00
2026-08,Guisado Infantil,Otros,ORDEN,8.00,,304.00,304.00,7,0,0,38.00
2023-09,Enchiladas Rojas,Enchilada,ORDEN,78.00,,9988.20,9997.00,54,41,9,128.05
2024-01,Aguacate Extra,Otros,ORDEN,1.00,,15.00,15.00,1,0,0,15.00
2026-06,Tacos de Harina,Taco,PIEZA,721.00,721.00,16276.00,16326.00,283,6,3,22.57
2024-07,Pieza Enmolada,Enmolada,ORDEN,1.00,,23.00,23.00,1,0,0,23.00
2026-03,Refresco 355 ml.,Bebida,ORDEN,79.00,,2765.00,2765.00,34,0,0,35.00
2024-07,Enchiladas Picositas,Enchilada,ORDEN,30.00,,4322.00,4476.00,27,18,3,144.07
2026-09,1/2 Enchiladas Mixtas (4 Piezas),Enchilada,ORDEN,3.00,,430.00,430.00,3,2,1,143.33
2024-07,Salsa Habanera,Guarnicion,ORDEN,17.00,,6.00,6.00,15,0,0,0.35
2025-01,Pieza Enmolada,Enmolada,ORDEN,2.00,,46.00,46.00,2,0,0,23.00
2023-08,Bocoles,Bocol,PIEZA,712.00,712.00,12270.00,12406.00,180,4,3,17.23
2025-02,Limón Vaso,Bebida,ORDEN,394.00,,14291.00,14291.00,28,0,0,36.27
2023-12,Jamaica 1 Litro,Bebida,ORDEN,84.00,,4036.20,4116.00,26,0,0,48.05
2024-04,Refresco 355 ml.,Bebida,ORDEN,76.00,,2201.10,2204.00,27,0,0,28.96
2023-11,Pieza Extra Empanada,Empanada,ORDEN,7.00,,182.00,182.00,6,0,0,26.00
2025-09,1/2 Enchiladas Mixtas (4 Piezas),Enchilada,ORDEN,10.00,,1590.00,1590.00,10,10,5,159.00
2026-03,Porción Ensalada,Guarnicion,ORDEN,7.00,,175.00,175.00,6,0,0,25.00
2026-05,Huevo Revuelto 2 pzas.,Huevos,ORDEN,2.00,,70.00,70.00,2,0,0,35.00
2026-05,Orden Huevos Revueltos,Huevos,ORDEN,5.00,,600.00,600.00,5,0,0,120.00
2024-12,Enfrijoladas,Enfrijolada,ORDEN,11.00,,1707.00,1707.00,10,6,1,155.18
2025-04,1/2 Enchiladas Picositas,Enchilada,ORDEN,34.00,,4277.00,4277.00,31,20,4,125.79
2024-08,Pieza Extra Empanada,Empanada,ORDEN,5.00,,155.00,155.00,2,0,0,31.00
2024-09,PROMO 6 surtidas,Otros,ORDEN,37.00,,3330.00,3330.00,11,0,0,90.00
2026-06,Pieza Huevo Estrellado Medio,Huevos,ORDEN,23.00,,460.00,460.00,14,0,0,20.00
2025-05,1/2 Enchiladas Mixtas (4 Piezas),Enchilada,ORDEN,17.00,,2552.00,2552.00,17,8,6,150.12
2023-10,Café con Leche,Bebida,ORDEN,469.00,,14067.00,14079.00,31,0,0,29.99
2025-01,1/2 Enchiladas Picositas,Enchilada,ORDEN,36.00,,4236.00,4236.00,28,19,2,117.67
2024-02,Pieza Tortilla de Harina,Guarnicion,ORDEN,11.00,,33.00,33.00,4,0,0,3.00
2025-09,Ciel 600 ml.,Bebida,ORDEN,59.00,,1888.00,1888.00,27,0,0,32.00
2024-01,Pieza Entomatada,Entomatada,ORDEN,1.00,,20.00,20.00,1,0,0,20.00
2023-08,1/2 Entomatadas,Entomatada,ORDEN,28.00,,2607.00,2607.00,22,13,7,93.11
2025-05,Bocoles,Bocol,PIEZA,2320.00,2320.00,46909.00,46951.00,524,15,14,20.22
2024-03,Salsa Verde,Guarnicion,ORDEN,19.00,,0.00,0.00,13,0,0,0.00
2025-11,Orden Huevos Revueltos,Huevos,ORDEN,1.00,,155.00,155.00,1,0,0,155.00
2026-08,Limón Vaso,Bebida,ORDEN,572.00,,24037.00,24037.00,29,0,0,42.02
2024-08,Bocoles Surtidos,Bocol,PIEZA,3.00,9.00,162.00,162.00,3,0,0,54.00
2024-11,1/2 Enfrijoladas,Enfrijolada,ORDEN,15.00,,1787.00,1787.00,15,12,5,119.13
2024-10,Huevos con Deshebrada,Huevos,ORDEN,21.00,,2474.00,2474.00,16,0,0,117.81
2024-12,Jamaica Vaso,Bebida,ORDEN,455.00,,15956.00,15956.00,30,0,0,35.07
2024-12,Huevos Rancheros,Huevos,ORDEN,21.00,,2434.00,2434.00,14,0,0,115.90
2025-02,Porción Leche,Guarnicion,ORDEN,1.00,,15.00,15.00,1,0,0,15.00
2025-04,Pieza Huevo Estrellado Tierno,Huevos,ORDEN,9.00,,180.00,180.00,8,0,0,20.00
2024-12,Té de Manzanilla,Bebida,ORDEN,3.00,,99.00,99.00,3,0,0,33.00
2024-10,Orden Huevos Revueltos,Huevos,ORDEN,2.00,,200.00,200.00,2,0,0,100.00
2025-12,Huevos Rancheros,Huevos,ORDEN,39.00,,4485.00,4485.00,20,0,0,115.00
2024-01,1/2 Quesadillas (2 pzas.),Quesadilla,ORDEN,74.00,,4750.00,4750.00,51,5,23,64.19
2025-06,Ciel 600 ml.,Bebida,ORDEN,51.00,,1632.00,1632.00,25,0,0,32.00
2025-04,1/2 Encremadas,Encremada,ORDEN,35.00,,4600.00,4600.00,31,18,0,131.43
2026-01,Aguacate Extra,Otros,ORDEN,13.00,,195.00,195.00,7,0,0,15.00
2024-02,Salsa Verde,Guarnicion,ORDEN,2.00,,0.00,0.00,2,0,0,0.00
2025-11,Pieza Extra Empanada,Empanada,ORDEN,3.00,,105.00,105.00,3,0,0,35.00
2026-08,Gorditas de Azúcar,Gordita,PIEZA,62.00,62.00,2604.00,2604.00,24,0,0,42.00
2023-11,PROMO 6 surtidas,Otros,ORDEN,29.00,,2436.00,2436.00,10,0,0,84.00
2026-08,Entomatadas,Entomatada,ORDEN,98.00,,18584.00,18584.00,82,59,31,189.63
2024-06,PROMO 6 surtidas,Otros,ORDEN,22.00,,1848.00,1848.00,8,0,0,84.00
2025-07,Orden de Guisado de Carne,Guarnicion,ORDEN,6.00,,780.00,780.00,6,0,0,130.00
2025-10,Zanahorias p/llevar,Otros,ORDEN,37.00,,29.00,29.00,16,0,0,0.78
2023-10,Gorditas de Azúcar,Gordita,PIEZA,51.00,51.00,1525.50,1530.00,26,0,0,29.91
2024-11,PROMO 6 surtidas,Otros,ORDEN,63.00,,5670.00,5670.00,11,0,0,90.00
2026-08,Bocoles Surtidos,Bocol,PIEZA,2.00,8.00,176.00,176.00,2,0,0,88.00
2025-01,Pieza Enchilada Picosa,Enchilada,ORDEN,1.00,,23.00,23.00,1,0,0,23.00
2024-02,Enchiladas Mixtas,Enchilada,ORDEN,35.00,,5311.20,5320.00,35,28,4,151.75
2026-04,Tacos de Harina,Taco,PIEZA,786.00,786.00,17999.00,18043.00,280,8,3,22.90
2025-04,Bisquet,Otros,ORDEN,129.00,,3870.00,3870.00,29,0,0,30.00
2025-08,Pieza Extra Empanada,Empanada,ORDEN,3.00,,105.00,105.00,2,0,0,35.00
2026-03,Aguacate Extra,Otros,ORDEN,5.00,,75.00,75.00,5,0,0,15.00
2024-01,Horchata Vaso,Bebida,ORDEN,129.00,,4009.00,4009.00,26,0,0,31.08
2025-08,1/2 Enmoladas,Enmolada,ORDEN,61.00,,7825.00,7825.00,52,34,6,128.28
2026-01,1/2 Enmoladas,Enmolada,ORDEN,39.00,,4810.00,4810.00,32,24,8,123.33
2025-09,Enchiladas Picositas,Enchilada,ORDEN,28.00,,5612.00,5612.00,26,23,2,200.43
2024-11,Salsa Habanera,Guarnicion,ORDEN,17.00,,8.00,8.00,11,0,0,0.47
2023-11,Fuze Tea,Bebida,ORDEN,8.00,,264.00,264.00,7,0,0,33.00
2026-09,Pieza Entomatada,Entomatada,ORDEN,2.00,,95.00,95.00,2,1,0,47.50
2025-07,PROMO 6 surtidas,Otros,ORDEN,41.00,,3895.00,3895.00,11,0,0,95.00
2024-01,Encremadas,Encremada,ORDEN,19.00,,2606.00,2606.00,19,14,0,137.16
2024-09,Orden Huevos Revueltos,Huevos,ORDEN,2.00,,200.00,200.00,2,0,0,100.00
2024-07,Pieza Huevo Estrellado Cocido,Huevos,ORDEN,17.00,,297.00,297.00,13,0,0,17.47
2024-10,1/2 Encremadas,Encremada,ORDEN,37.00,,4081.00,4081.00,28,18,1,110.30
2025-10,Orden de Guisado de Carne,Guarnicion,ORDEN,2.00,,260.00,260.00,2,0,0,130.00
2024-11,Té de Manzanilla,Bebida,ORDEN,1.00,,33.00,33.00,1,0,0,33.00
2024-07,Ciel 600 ml.,Bebida,ORDEN,55.00,,1623.00,1654.00,27,0,0,29.51
2025-10,Huevo Estrellado 2 pzas.,Huevos,ORDEN,2.00,,70.00,70.00,2,0,0,35.00
2024-07,Pieza Huevo Estrellado Medio,Huevos,ORDEN,18.00,,299.10,300.00,15,0,0,16.62
2024-11,Limón Vaso,Bebida,ORDEN,425.00,,14939.00,14939.00,30,0,0,35.15
2024-03,1/2 Enchiladas Rojas,Enchilada,ORDEN,152.00,,13731.30,13838.00,107,71,41,90.34
2025-11,Refresco 600 ml.,Bebida,ORDEN,434.00,,15874.00,15874.00,145,0,0,36.58
2025-11,Gorditas de Azúcar,Gordita,PIEZA,48.00,48.00,1824.00,1824.00,21,0,0,38.00
2026-02,Café Negro,Bebida,ORDEN,335.00,,14070.00,14070.00,32,0,0,42.00
2025-01,Bisquet,Otros,ORDEN,245.00,,6125.00,6125.00,37,0,0,25.00
2026-08,Refresco 600 ml.,Bebida,ORDEN,540.00,,21060.00,21060.00,182,0,0,39.00
2024-08,Pieza Extra Quesadilla,Quesadilla,ORDEN,4.00,,112.00,112.00,4,0,0,28.00
2025-02,Entomatadas,Entomatada,ORDEN,72.00,,12462.00,12462.00,57,42,14,173.08
2026-09,Enchiladas Rojas,Enchilada,ORDEN,11.00,,1903.00,1903.00,8,7,3,173.00
2024-12,PROMO 6 surtidas,Otros,ORDEN,53.00,,4770.00,4770.00,9,0,0,90.00
2024-01,Fuze Tea,Bebida,ORDEN,10.00,,330.00,330.00,9,0,0,33.00
2025-02,Orden de Guisado Normal,Guarnicion,ORDEN,5.00,,573.00,573.00,5,0,0,114.60
2026-05,Enchiladas Rojas,Enchilada,ORDEN,72.00,,13548.00,13548.00,67,44,31,188.17
2024-02,Gorditas,Gordita,PIEZA,4933.00,4933.00,75020.89,75223.00,589,11,15,15.21
2026-04,Huevos con Deshebrada,Huevos,ORDEN,40.00,,5482.00,5482.00,22,0,0,137.05
2024-09,Huevos a la Mexicana,Huevos,ORDEN,41.00,,4100.00,4100.00,21,0,0,100.00
2024-10,Pieza Huevo Estrellado Tierno,Huevos,ORDEN,9.00,,162.00,162.00,7,0,0,18.00
2025-10,Café Negro,Bebida,ORDEN,287.00,,10045.00,10045.00,40,0,0,35.00
2025-07,Pieza Huevo Estrellado Cocido,Huevos,ORDEN,6.00,,120.00,120.00,5,0,0,20.00
2026-04,Enchiladas Rojas,Enchilada,ORDEN,75.00,,14636.00,14636.00,64,54,16,195.15
2024-03,Empanadas (4 pzas.),Empanada,ORDEN,145.00,,15195.80,15566.00,139,27,46,104.80
2026-03,Fuze Tea,Bebida,ORDEN,15.00,,675.00,675.00,11,0,0,45.00
2026-02,Bisquet,Otros,ORDEN,117.00,,3510.00,3510.00,30,0,0,30.00
2023-08,Tacos de Maiz,Taco,PIEZA,224.00,224.00,3854.00,3854.00,95,1,1,17.21
2024-02,Pieza de Pan,Guarnicion,ORDEN,101.00,,2020.00,2020.00,27,0,0,20.00
2024-06,Pieza de Pan,Guarnicion,ORDEN,123.00,,2474.00,2475.00,28,0,0,20.11
2024-08,Empanadas (4 pzas.),Empanada,ORDEN,151.00,,19812.90,19819.00,147,39,51,131.21
2026-03,Jamaica 1 Litro,Bebida,ORDEN,31.00,,1991.00,1991.00,19,0,0,64.23
2026-07,Huevos Rancheros,Huevos,ORDEN,53.00,,6360.00,6360.00,24,0,0,120.00
2025-05,Enfrijoladas,Enfrijolada,ORDEN,8.00,,1525.00,1525.00,8,5,4,190.63
2026-07,Ciel 600 ml.,Bebida,ORDEN,63.00,,2205.00,2205.00,25,0,0,35.00
2023-11,Pieza Extra Quesadilla,Quesadilla,ORDEN,5.00,,115.00,115.00,5,0,0,23.00
2025-06,Huevo Estrellado 2 pzas.,Huevos,ORDEN,1.00,,35.00,35.00,1,0,0,35.00
2026-06,Migada Guisado de Carne,Migada,PIEZA,248.00,248.00,36572.00,36572.00,230,2,148,147.47
2025-08,Bistec 1 Pza.,Otros,ORDEN,6.00,,612.00,612.00,5,0,0,102.00
2026-06,Pieza Huevo Estrellado Tierno,Huevos,ORDEN,18.00,,360.00,360.00,14,0,0,20.00
2024-07,Huevo Estrellado 2 pzas.,Huevos,ORDEN,3.00,,88.00,88.00,3,0,0,29.33
2026-05,1/2 Enchiladas Rojas,Enchilada,ORDEN,210.00,,26360.00,26360.00,148,107,59,125.52
2025-05,PROMO 6 surtidas,Otros,ORDEN,51.00,,4845.00,4845.00,9,0,0,95.00
2026-05,Limón 1 Litro,Bebida,ORDEN,34.00,,2240.00,2240.00,18,0,0,65.88
2024-08,Horchata Vaso,Bebida,ORDEN,189.00,,6667.00,6667.00,29,0,0,35.28
2026-05,Orden Huevos Estrellados,Huevos,ORDEN,8.00,,996.00,996.00,8,0,0,124.50
2024-04,Pieza Tortilla de Harina,Guarnicion,ORDEN,10.00,,30.00,30.00,5,0,0,3.00
2025-12,Huevo Estrellado 2 pzas.,Huevos,ORDEN,8.00,,280.00,280.00,8,0,0,35.00
2024-09,Zanahorias p/llevar,Otros,ORDEN,38.00,,38.00,38.00,13,0,0,1.00
2024-01,Gorditas,Gordita,PIEZA,5045.00,5045.00,76814.55,77037.00,617,16,34,15.23
2026-03,Enmoladas,Enmolada,ORDEN,25.00,,4460.00,4460.00,23,8,3,178.40
2024-01,Café con Leche,Bebida,ORDEN,759.00,,22848.00,22851.00,35,0,0,30.10
2024-11,Pieza Huevo Estrellado Ciego,Huevos,ORDEN,1.00,,18.00,18.00,1,0,0,18.00
2026-06,Pieza Enfrijolada,Guarnicion,ORDEN,1.00,,30.00,30.00,1,0,0,30.00
2024-02,Pieza Extra Quesadilla,Quesadilla,ORDEN,8.00,,184.00,184.00,6,0,0,23.00
2023-11,Enchiladas Picositas,Enchilada,ORDEN,34.00,,5254.50,5261.00,32,23,2,154.54
2026-02,Gorditas Surtidas,Gordita,PIEZA,23.00,120.00,2280.00,2280.00,14,0,0,99.13
2026-09,1/2 Empanadas (2 pzas.),Empanada,ORDEN,17.00,,1598.00,1598.00,17,1,0,94.00
2024-01,Orden Huevos Estrellados,Huevos,ORDEN,8.00,,664.00,664.00,8,0,0,83.00
2025-10,Pieza Enchilada Roja,Enchilada,ORDEN,2.00,,50.00,50.00,2,0,0,25.00
2025-06,Bistec 1 Pza.,Otros,ORDEN,4.00,,408.00,408.00,4,0,0,102.00
2025-06,Orden de Guisado de Carne,Guarnicion,ORDEN,4.00,,520.00,520.00,4,0,0,130.00
2024-09,Café con Leche,Bebida,ORDEN,809.00,,26733.00,26733.00,64,0,0,33.04
2026-05,Bocoles,Bocol,PIEZA,2429.00,2429.00,54636.00,54658.00,537,22,26,22.49
2025-05,Plátano Frito,Otros,ORDEN,27.00,,1026.00,1026.00,22,0,0,38.00
2024-10,1/2 Quesadillas (2 pzas.),Quesadilla,ORDEN,103.00,,7840.00,7840.00,52,9,30,76.12
2026-08,Plátano Frito,Otros,ORDEN,32.00,,1344.00,1344.00,27,0,0,42.00
2026-09,Quesadillas (4 pzas.),Quesadilla,ORDEN,14.00,,2204.00,2204.00,11,1,11,157.43
2023-08,Tacos de Harina,Taco,PIEZA,276.00,276.00,4880.80,4966.00,109,4,0,17.68
2024-07,1/2 Quesadillas (2 pzas.),Quesadilla,ORDEN,168.00,,11988.00,12002.00,70,8,57,71.36
2024-11,Enchiladas Mixtas,Enchilada,ORDEN,22.00,,3817.00,3817.00,22,17,6,173.50
2024-03,Gorditas Surtidas,Gordita,PIEZA,60.00,322.00,4770.00,4830.00,30,0,0,79.50
2024-12,Enchiladas Rojas,Enchilada,ORDEN,114.00,,17810.00,17810.00,88,73,20,156.23
2024-12,Aguacate Extra,Otros,ORDEN,9.00,,135.00,135.00,5,0,0,15.00
2025-04,Refresco 355 ml.,Bebida,ORDEN,97.00,,3104.00,3104.00,28,0,0,32.00
2025-01,Pieza Huevo Estrellado Medio,Huevos,ORDEN,28.00,,504.00,504.00,15,0,0,18.00
2023-10,Refresco 600 ml.,Bebida,ORDEN,364.00,,11046.00,11046.00,147,0,0,30.35
2026-08,Porción Frijol con Queso,Guarnicion,ORDEN,14.00,,70.00,70.00,10,0,0,5.00
2024-11,Enfrijoladas,Enfrijolada,ORDEN,11.00,,1580.00,1580.00,10,4,3,143.64
2024-08,Bocoles,Bocol,PIEZA,2290.00,2290.00,41376.70,41394.70,540,25,12,18.07
2025-02,Gorditas,Gordita,PIEZA,5232.00,5232.00,85998.00,85998.00,586,15,13,16.44
2026-02,Gorditas de Azúcar,Gordita,PIEZA,26.00,26.00,1092.00,1092.00,18,0,0,42.00
2023-10,1/2 Enfrijoladas,Enfrijolada,ORDEN,17.00,,1410.00,1410.00,13,6,0,82.94
2025-01,Tacos Harina Surtidos,Taco,PIEZA,2.00,6.00,108.00,108.00,1,0,0,54.00
2026-02,Enchiladas Picositas,Enchilada,ORDEN,21.00,,3831.00,3831.00,21,15,2,182.43
2025-04,Pieza de Pan,Guarnicion,ORDEN,152.00,,3800.00,3800.00,29,0,0,25.00
2026-07,Enfrijoladas,Enfrijolada,ORDEN,15.00,,2542.00,2997.00,15,14,20,169.47
2026-05,Pieza Enchilada Roja,Enchilada,ORDEN,4.00,,120.00,120.00,4,0,0,30.00
2025-06,Jamaica Vaso,Bebida,ORDEN,430.00,,16368.00,16368.00,29,0,0,38.07
2026-01,Tacos de Maiz,Taco,PIEZA,920.00,920.00,18463.00,18513.00,326,7,7,20.07
2024-03,Pieza Encremada,Encremada,ORDEN,1.00,,20.00,20.00,1,0,0,20.00
2026-06,1/2 Enchiladas Picositas,Enchilada,ORDEN,28.00,,3602.00,3602.00,27,21,7,128.64
2025-12,Café Negro,Bebida,ORDEN,339.00,,11869.00,11869.00,41,0,0,35.01
2026-05,Topo Chico 600 ml.,Bebida,ORDEN,9.00,,351.00,351.00,8,0,0,39.00
2023-09,Pieza Extra Empanada,Empanada,ORDEN,8.00,,208.00,208.00,7,0,0,26.00
2024-11,Pieza Enchilada Roja,Enchilada,ORDEN,1.00,,23.00,23.00,1,0,0,23.00
2023-10,Horchata 1 Litro,Bebida,ORDEN,29.00,,1609.25,1612.00,19,0,0,55.49
2024-11,1/2 Entomatadas,Entomatada,ORDEN,118.00,,13221.00,13221.00,82,58,23,112.04
2025-05,Pieza Tortilla de Harina,Guarnicion,ORDEN,16.00,,80.00,80.00,4,0,0,5.00
2025-02,1/2 Encremadas,Encremada,ORDEN,32.00,,3750.00,3750.00,24,14,1,117.19
2025-08,Pieza Extra Quesadilla,Quesadilla,ORDEN,6.00,,192.00,192.00,4,0,0,32.00
2026-02,Zanahorias p/llevar,Otros,ORDEN,21.00,,0.00,0.00,10,0,0,0.00
2026-02,Orden de Guisado Normal,Guarnicion,ORDEN,12.00,,1440.00,1440.00,11,0,0,120.00
2025-01,Aguacate Extra,Otros,ORDEN,13.00,,195.00,195.00,8,0,0,15.00
2025-03,Pieza Huevo Estrellado Tierno,Huevos,ORDEN,12.00,,240.00,240.00,10,0,0,20.00
2024-04,Gorditas Surtidas,Gordita,PIEZA,57.00,342.00,5130.00,5130.00,34,0,0,90.00
2024-06,1/2 Enchiladas Rojas,Enchilada,ORDEN,180.00,,16941.90,16956.00,116,88,19,94.12
2025-05,Ciel 600 ml.,Bebida,ORDEN,63.00,,2016.00,2016.00,27,0,0,32.00
2024-10,Pieza Encremada,Encremada,ORDEN,2.00,,46.00,46.00,2,0,0,23.00
2024-08,Pieza Huevo Estrellado Cocido,Huevos,ORDEN,18.00,,324.00,324.00,14,0,0,18.00
2024-04,Huevos con Deshebrada,Huevos,ORDEN,30.00,,2850.00,2850.00,14,0,0,95.00
2024-03,1/2 Entomatadas,Entomatada,ORDEN,99.00,,8309.70,8407.00,77,44,19,83.94
2024-05,Pieza Enmolada,Enmolada,ORDEN,1.00,,48.00,48.00,1,1,0,48.00
2025-12,Guisado Infantil,Otros,ORDEN,3.00,,114.00,114.00,3,0,0,38.00
2024-07,Huevos con Deshebrada,Huevos,ORDEN,28.00,,3132.25,3137.00,15,0,0,111.87
2024-03,Pieza Entomatada,Entomatada,ORDEN,1.00,,20.00,20.00,1,0,0,20.00
2025-10,Bistec 1 Pza.,Otros,ORDEN,2.00,,204.00,204.00,2,0,0,102.00
2025-12,Bisquet,Otros,ORDEN,134.00,,4020.00,4020.00,29,0,0,30.00
2026-02,Enmoladas,Enmolada,ORDEN,25.00,,4897.00,4897.00,23,15,5,195.88
2026-08,Huevo Revuelto 2 pzas.,Huevos,ORDEN,11.00,,385.00,385.00,10,0,0,35.00
2023-08,1/2 Enmoladas,Enmolada,ORDEN,7.00,,516.00,516.00,6,3,0,73.71
2024-07,1/2 Encremadas,Encremada,ORDEN,49.00,,5767.80,5776.00,42,27,3,117.71
2024-06,Gorditas de Azúcar,Gordita,PIEZA,21.00,21.00,630.00,630.00,10,0,0,30.00
2023-08,Fuze Tea,Bebida,ORDEN,1.00,,33.00,33.00,1,0,0,33.00
2024-03,Huevos a la Mexicana,Huevos,ORDEN,42.00,,3536.00,3536.00,24,0,0,84.19
2026-01,Porción Leche,Guarnicion,ORDEN,2.00,,30.00,30.00,1,0,0,15.00
2026-03,Orden de Guisado de Carne,Guarnicion,ORDEN,7.00,,986.00,986.00,7,0,0,140.86
2026-08,Bisquet,Otros,ORDEN,112.00,,3360.00,3360.00,32,0,0,30.00
2024-06,Bistec 1 Pza.,Otros,ORDEN,6.00,,444.00,444.00,4,0,0,74.00
2023-09,Jugo Naranja 1 Litro,Bebida,ORDEN,1.00,,59.00,59.00,1,0,0,59.00
2026-01,Enmoladas,Enmolada,ORDEN,30.00,,5835.00,5835.00,26,19,3,194.50
2024-12,Jamaica 1 Litro,Bebida,ORDEN,24.00,,1286.00,1286.00,14,0,0,53.58
2024-03,Migada Guisado de Carne,Migada,PIEZA,247.00,247.00,25484.70,25860.00,221,0,99,103.18
2024-01,1/2 Empanadas (2 pzas.),Empanada,ORDEN,73.00,,5036.00,5036.00,66,4,16,68.99
2025-04,Enchiladas Rojas,Enchilada,ORDEN,85.00,,15566.00,15566.00,72,55,36,183.13
2024-12,Refresco 355 ml.,Bebida,ORDEN,101.00,,3232.00,3232.00,28,0,0,32.00
2024-08,1/2 Enchiladas Mixtas (4 Piezas),Enchilada,ORDEN,11.00,,1530.00,1530.00,11,7,2,139.09
2024-03,Enmoladas,Enmolada,ORDEN,35.00,,4870.80,4881.00,28,12,5,139.17
2025-07,Bistec 1 Pza.,Otros,ORDEN,2.00,,204.00,204.00,2,0,0,102.00
2024-07,Pieza Extra Quesadilla,Quesadilla,ORDEN,7.00,,166.00,166.00,5,0,0,23.71
2026-05,Pieza Enchilada Picosa,Enchilada,ORDEN,1.00,,30.00,30.00,1,0,0,30.00
2026-06,PROMO 6 surtidas,Otros,ORDEN,44.00,,4752.00,4752.00,10,0,0,108.00
2024-02,Quesadillas (4 pzas.),Quesadilla,ORDEN,164.00,,16189.00,16189.00,77,10,43,98.71
2026-01,Jamaica Vaso,Bebida,ORDEN,350.00,,13404.00,13404.00,29,0,0,38.30
2026-06,Huevo Estrellado 2 pzas.,Huevos,ORDEN,20.00,,700.00,700.00,16,0,0,35.00
2026-02,Pieza Huevo Estrellado Ciego,Huevos,ORDEN,1.00,,20.00,20.00,1,0,0,20.00
2026-02,Encremadas,Encremada,ORDEN,15.00,,2768.00,2768.00,15,7,1,184.53
2025-08,Refresco 600 ml.,Bebida,ORDEN,541.00,,19710.00,19710.00,162,0,0,36.43
2025-02,Plátano Frito,Otros,ORDEN,29.00,,1030.00,1030.00,25,0,0,35.52
2024-12,Limón Vaso,Bebida,ORDEN,441.00,,15512.00,15512.00,30,0,0,35.17
2026-08,1/2 Empanadas (2 pzas.),Empanada,ORDEN,112.00,,10714.00,10714.00,107,19,23,95.66
2026-01,Huevos con Deshebrada,Huevos,ORDEN,36.00,,4695.00,4695.00,17,0,0,130.42
2025-11,1/2 Enmoladas,Enmolada,ORDEN,46.00,,5952.00,5952.00,43,31,12,129.39
2025-11,1/2 Empanadas (2 pzas.),Empanada,ORDEN,100.00,,9023.00,9023.00,99,8,37,90.23
2026-03,Café con Leche,Bebida,ORDEN,1129.00,,47483.00,47483.00,89,0,0,42.06
2026-06,Limón 1 Litro,Bebida,ORDEN,23.00,,1483.00,1483.00,12,0,0,64.48
2024-04,Bocoles,Bocol,PIEZA,1669.00,1669.00,28936.10,28942.90,429,14,6,17.34
2026-01,1/2 Quesadillas (2 pzas.),Quesadilla,ORDEN,132.00,,11156.00,11156.00,70,8,54,84.52
2024-11,Orden Huevos Estrellados,Huevos,ORDEN,9.00,,970.00,970.00,9,0,0,107.78
2024-08,Enchiladas Rojas,Enchilada,ORDEN,108.00,,16734.00,16734.00,84,62,9,154.94
2024-08,Refresco 600 ml.,Bebida,ORDEN,531.00,,18136.30,18138.00,167,0,0,34.15
2025-01,1/2 Enmoladas,Enmolada,ORDEN,43.00,,4495.00,4495.00,40,21,9,104.53
2025-05,Porción Frijol con Queso,Guarnicion,ORDEN,13.00,,65.00,65.00,12,0,0,5.00
2025-03,Pieza Enchilada Roja,Enchilada,ORDEN,2.00,,50.00,50.00,2,0,0,25.00
2024-01,Bisquet,Otros,ORDEN,73.00,,1825.00,1825.00,25,0,0,25.00
2026-01,1/2 Empanadas (2 pzas.),Empanada,ORDEN,104.00,,9413.00,9413.00,101,13,34,90.51
2024-08,1/2 Empanadas (2 pzas.),Empanada,ORDEN,109.00,,8903.05,8907.00,105,14,51,81.68
2026-07,Topo Chico 600 ml.,Bebida,ORDEN,16.00,,624.00,624.00,10,0,0,39.00
2026-05,Bocoles Surtidos,Bocol,PIEZA,4.00,13.00,286.00,286.00,3,0,0,71.50
2026-02,Tacos de Harina,Taco,PIEZA,756.00,756.00,17425.00,17447.00,270,10,5,23.05
2025-08,Encremadas,Encremada,ORDEN,20.00,,3518.00,3518.00,18,11,3,175.90
2023-12,Bocoles Surtidos,Bocol,PIEZA,8.00,36.00,612.00,612.00,5,0,0,76.50
2025-10,Porción Ensalada,Guarnicion,ORDEN,2.00,,50.00,50.00,2,0,0,25.00
2025-08,Horchata 1 Litro,Bebida,ORDEN,27.00,,1888.00,1888.00,18,0,0,69.93
2026-06,Huevos Rancheros,Huevos,ORDEN,51.00,,6120.00,6120.00,24,0,0,120.00
2024-08,Huevos Rancheros,Huevos,ORDEN,19.00,,2166.00,2166.00,13,0,0,114.00
2025-09,1/2 Empanadas (2 pzas.),Empanada,ORDEN,77.00,,6994.00,6994.00,72,10,32,90.83
2026-05,Tacos de Maiz,Taco,PIEZA,1031.00,1031.00,23147.00,23147.00,342,15,5,22.45
2024-07,Encremadas,Encremada,ORDEN,32.00,,4963.00,4963.00,29,21,1,155.09
2025-06,Pieza Tortilla de Harina,Guarnicion,ORDEN,10.00,,50.00,50.00,7,0,0,5.00
2026-09,Gorditas,Gordita,PIEZA,802.00,802.00,15611.00,15611.00,116,11,5,19.47
2026-04,Café Negro,Bebida,ORDEN,365.00,,15382.00,15382.00,37,0,0,42.14
2026-02,Limón Vaso,Bebida,ORDEN,397.00,,16765.00,16765.00,28,0,0,42.23
2024-12,Migada Guisado Normal,Migada,PIEZA,27.00,27.00,3181.00,3181.00,27,0,18,117.81
2026-09,Horchata Vaso,Bebida,ORDEN,15.00,,643.00,643.00,5,0,0,42.87
2026-07,Té de Manzanilla,Bebida,ORDEN,2.00,,66.00,66.00,2,0,0,33.00
2026-03,Huevos Rancheros,Huevos,ORDEN,40.00,,4800.00,4800.00,23,0,0,120.00
2026-04,Gorditas de Azúcar,Gordita,PIEZA,31.00,31.00,1302.00,1302.00,20,0,0,42.00
2025-07,Ciel 600 ml.,Bebida,ORDEN,71.00,,2272.00,2272.00,27,0,0,32.00
2024-04,Bistec 1 Pza.,Otros,ORDEN,3.00,,222.00,222.00,2,0,0,74.00
2024-05,Migada Guisado Normal,Migada,PIEZA,46.00,46.00,4566.00,4566.00,44,2,24,99.26
2026-06,Topo Chico 600 ml.,Bebida,ORDEN,14.00,,546.00,546.00,11,0,0,39.00
2024-11,Jugo Naranja Vaso,Bebida,ORDEN,1.00,,68.00,68.00,1,0,0,68.00
2023-09,Enmoladas,Enmolada,ORDEN,31.00,,4498.90,4504.00,28,20,6,145.13
2024-10,Pieza Extra Empanada,Empanada,ORDEN,6.00,,186.00,186.00,6,0,0,31.00
2026-04,Café con Leche,Bebida,ORDEN,1102.00,,46349.00,46349.00,90,0,0,42.06
2026-04,Enmoladas,Enmolada,ORDEN,31.00,,6116.00,6365.00,24,19,4,197.29
2025-02,Bocoles,Bocol,PIEZA,1807.00,1807.00,34260.00,34262.00,460,15,21,18.96
2026-09,Café Negro,Bebida,ORDEN,80.00,,3360.00,3360.00,5,0,0,42.00
2026-06,Quesadillas (4 pzas.),Quesadilla,ORDEN,142.00,,20155.00,20155.00,64,5,48,141.94
2025-12,Porción Leche,Guarnicion,ORDEN,4.00,,60.00,60.00,4,0,0,15.00
2025-08,Té de Manzanilla,Bebida,ORDEN,1.00,,33.00,33.00,1,0,0,33.00
2024-02,Jugo Naranja Vaso,Bebida,ORDEN,135.00,,5265.00,5265.00,25,0,0,39.00
2024-10,Porción Frijol con Queso,Guarnicion,ORDEN,2.00,,10.00,10.00,2,0,0,5.00
2025-12,Enchiladas Rojas,Enchilada,ORDEN,101.00,,18008.00,18008.00,79,62,18,178.30
2025-03,Café con Leche,Bebida,ORDEN,1017.00,,35703.00,35703.00,83,0,0,35.11
2023-09,Plátano Frito,Otros,ORDEN,34.00,,1170.00,1170.00,22,0,0,34.41
2024-06,1/2 Enchiladas Mixtas (4 Piezas),Enchilada,ORDEN,13.00,,1724.00,1724.00,13,9,3,132.62
2026-02,Pieza Huevo Estrellado Cocido,Huevos,ORDEN,11.00,,220.00,220.00,9,0,0,20.00
2024-01,Enfrijoladas,Enfrijolada,ORDEN,11.00,,1502.00,1502.00,11,7,1,136.55
2024-12,Plátano Frito,Otros,ORDEN,29.00,,986.00,986.00,26,0,0,34.00
2026-03,Zanahorias p/llevar,Otros,ORDEN,12.00,,0.00,0.00,7,0,0,0.00
2024-05,Pieza Huevo Estrellado Tierno,Huevos,ORDEN,7.00,,105.00,105.00,5,0,0,15.00
2025-07,Enfrijoladas,Enfrijolada,ORDEN,11.00,,1829.00,1829.00,10,7,2,166.27
2025-05,Aguacate Extra,Otros,ORDEN,4.00,,60.00,60.00,4,0,0,15.00
2025-10,Fuze Tea,Bebida,ORDEN,17.00,,680.00,680.00,12,0,0,40.00
2025-05,Limón Vaso,Bebida,ORDEN,524.00,,20013.00,20013.00,30,0,0,38.19
2025-09,Limón Vaso,Bebida,ORDEN,519.00,,19851.00,19851.00,30,0,0,38.25
2023-10,Tacos de Harina,Taco,PIEZA,882.00,882.00,15563.95,15658.00,308,6,0,17.65
2024-06,Huevos Rancheros,Huevos,ORDEN,27.00,,2565.00,2565.00,15,0,0,95.00
2025-06,Enmoladas,Enmolada,ORDEN,33.00,,6118.00,6118.00,29,20,5,185.39
2023-08,Horchata 1 Litro,Bebida,ORDEN,5.00,,275.00,275.00,3,0,0,55.00
2025-08,Pieza Tortilla de Harina,Guarnicion,ORDEN,2.00,,10.00,10.00,1,0,0,5.00
2024-05,Pieza Tortilla de Maíz,Guarnicion,ORDEN,6.00,,18.00,18.00,2,0,0,3.00
2026-01,Ciel 600 ml.,Bebida,ORDEN,82.00,,2636.00,2636.00,27,0,0,32.15
2026-03,Tacos de Maiz,Taco,PIEZA,862.00,862.00,19345.00,19345.00,335,14,3,22.44
2024-12,Tacos Maíz Surtidos,Taco,PIEZA,2.00,8.00,144.00,144.00,2,0,0,72.00
2024-04,Salsa Roja,Guarnicion,ORDEN,11.00,,3.00,3.00,9,0,0,0.27
2024-11,Zanahorias p/llevar,Otros,ORDEN,49.00,,47.00,47.00,16,0,0,0.96
2024-05,Café Negro,Bebida,ORDEN,252.00,,7557.00,7560.00,33,0,0,29.99
2025-10,1/2 Enchiladas Rojas,Enchilada,ORDEN,135.00,,16869.00,16869.00,113,87,37,124.96
2024-11,Enchiladas Picositas,Enchilada,ORDEN,27.00,,4508.00,4508.00,25,18,8,166.96
2025-08,Enchiladas Picositas,Enchilada,ORDEN,23.00,,4585.00,4585.00,22,18,3,199.35
2025-01,Tacos de Harina,Taco,PIEZA,891.00,891.00,16177.00,16177.00,311,14,2,18.16
2023-11,Limón Vaso,Bebida,ORDEN,207.00,,6437.00,6437.00,29,0,0,31.10
2025-10,Horchata 1 Litro,Bebida,ORDEN,24.00,,1781.00,1781.00,12,0,0,74.21
2023-11,1/2 Enmoladas,Enmolada,ORDEN,20.00,,1757.00,1757.00,20,12,1,87.85
2025-02,Café con Leche,Bebida,ORDEN,880.00,,29804.25,29806.00,67,0,0,33.87
2024-08,Salsa Roja,Guarnicion,ORDEN,33.00,,27.00,27.00,16,0,0,0.82
2025-07,Horchata 1 Litro,Bebida,ORDEN,35.00,,2452.00,2452.00,21,0,0,70.06
2025-03,1/2 Enmoladas,Enmolada,ORDEN,57.00,,7946.00,7946.00,47,33,4,139.40
2024-04,Huevo Revuelto 2 pzas.,Huevos,ORDEN,2.00,,56.00,56.00,1,0,0,28.00
2026-08,Salsa Habanera,Guarnicion,ORDEN,17.00,,152.00,152.00,14,0,0,8.94
2023-11,1/2 Encremadas,Encremada,ORDEN,30.00,,2911.70,2915.00,27,15,2,97.06
2024-05,Aguacate Extra,Otros,ORDEN,2.00,,30.00,30.00,2,0,0,15.00
2023-08,Limón 1 Litro,Bebida,ORDEN,7.00,,362.15,371.00,6,0,0,51.74
2024-04,Enfrijoladas,Enfrijolada,ORDEN,6.00,,743.00,743.00,6,3,0,123.83
2024-04,Jugo Naranja 1 Litro,Bebida,ORDEN,26.00,,1669.00,1669.00,17,0,0,64.19
2023-12,Té de Manzanilla,Bebida,ORDEN,1.00,,30.00,30.00,1,0,0,30.00
2024-05,Bistec 1 Pza.,Otros,ORDEN,10.00,,740.00,740.00,7,0,0,74.00
2023-12,1/2 Enfrijoladas,Enfrijolada,ORDEN,14.00,,1286.00,1286.00,13,8,4,91.86
2025-07,Pieza Enchilada Roja,Enchilada,ORDEN,1.00,,25.00,25.00,1,0,0,25.00
2024-05,1/2 Encremadas,Encremada,ORDEN,56.00,,5414.00,5414.00,41,26,1,96.68
2023-11,Jamaica 1 Litro,Bebida,ORDEN,73.00,,3505.15,3565.00,24,0,0,48.02
2025-02,Enfrijoladas,Enfrijolada,ORDEN,13.00,,2394.00,2394.00,12,7,1,184.15
2026-09,1/2 Enchiladas Rojas,Enchilada,ORDEN,29.00,,3767.00,3767.00,24,15,13,129.90
2026-05,Plátano Frito,Otros,ORDEN,35.00,,1470.00,1470.00,30,0,0,42.00
2026-07,Enchiladas Picositas,Enchilada,ORDEN,18.00,,3591.00,3591.00,18,15,0,199.50
2026-08,Pieza Huevo Estrellado Cocido,Huevos,ORDEN,17.00,,340.00,340.00,13,0,0,20.00
2025-09,Jamaica Vaso,Bebida,ORDEN,409.00,,15570.00,15570.00,30,0,0,38.07
2024-03,Bocoles,Bocol,PIEZA,1850.00,1850.00,31753.20,31896.00,465,15,4,17.16
2024-01,Porción Frijol con Queso,Guarnicion,ORDEN,4.00,,20.00,20.00,3,0,0,5.00
2023-10,Pieza Enmolada,Enmolada,ORDEN,1.00,,20.00,20.00,1,0,0,20.00
2026-08,Huevos Rancheros,Huevos,ORDEN,31.00,,3756.00,3756.00,22,0,0,121.16
2024-03,Bistec 1 Pza.,Otros,ORDEN,1.00,,74.00,74.00,1,0,0,74.00
2026-08,Pieza Enmolada,Enmolada,ORDEN,1.00,,30.00,30.00,1,0,0,30.00
2024-12,Enchiladas Picositas,Enchilada,ORDEN,28.00,,4458.00,4458.00,25,20,3,159.21
2024-03,Aguacate Extra,Otros,ORDEN,1.00,,15.00,15.00,1,0,0,15.00
2024-11,1/2 Enchiladas Picositas,Enchilada,ORDEN,33.00,,3540.00,3540.00,32,24,0,107.27
2025-06,Pieza Huevo Estrellado Medio,Huevos,ORDEN,10.00,,200.00,200.00,7,0,0,20.00
2026-07,Plátano Frito,Otros,ORDEN,36.00,,1512.00,1512.00,28,0,0,42.00
2026-03,1/2 Enchiladas Picositas,Enchilada,ORDEN,36.00,,5059.00,5059.00,33,27,3,140.53
2023-12,Pieza Tortilla de Harina,Guarnicion,ORDEN,9.00,,27.00,27.00,3,0,0,3.00
2024-04,Pieza Huevo Estrellado Medio,Huevos,ORDEN,1.00,,15.00,15.00,1,0,0,15.00
2024-05,Pieza de Pan,Guarnicion,ORDEN,127.00,,2540.00,2540.00,27,0,0,20.00
2024-09,Refresco 600 ml.,Bebida,ORDEN,484.00,,16569.00,16569.00,152,0,0,34.23
2025-04,Pieza Huevo Estrellado Ciego,Huevos,ORDEN,1.00,,20.00,20.00,1,0,0,20.00
2025-03,Zanahorias p/llevar,Otros,ORDEN,39.00,,37.00,37.00,19,0,0,0.95
2024-04,Pieza Extra Empanada,Empanada,ORDEN,3.00,,76.70,78.00,3,0,0,25.57
2026-01,Pieza Huevo Estrellado Tierno,Huevos,ORDEN,20.00,,400.00,400.00,17,0,0,20.00
2025-03,Enchiladas Picositas,Enchilada,ORDEN,39.00,,7545.00,7545.00,35,28,6,193.46
2026-06,Guisado Infantil,Otros,ORDEN,2.00,,76.00,76.00,2,0,0,38.00
2026-06,Orden Huevos Estrellados,Huevos,ORDEN,7.00,,840.00,840.00,7,0,0,120.00
2024-06,Pieza Extra Quesadilla,Quesadilla,ORDEN,4.00,,92.00,92.00,3,0,0,23.00
2026-02,Enfrijoladas,Enfrijolada,ORDEN,11.00,,2082.00,2082.00,10,8,8,189.27
2025-09,Tacos de Maiz,Taco,PIEZA,948.00,948.00,19315.00,19335.00,332,17,2,20.37
2025-07,Migada Guisado Normal,Migada,PIEZA,33.00,33.00,4371.00,4371.00,33,1,22,132.45
2024-02,Tacos Harina Surtidos,Taco,PIEZA,2.00,9.00,153.00,153.00,2,0,0,76.50
2025-08,1/2 Empanadas (2 pzas.),Empanada,ORDEN,101.00,,9210.00,9210.00,98,20,17,91.19
2025-04,Migada Guisado de Carne,Migada,PIEZA,231.00,231.00,32621.00,32621.00,212,3,95,141.22
2025-03,Pieza Huevo Estrellado Medio,Huevos,ORDEN,17.00,,340.00,340.00,11,0,0,20.00
2025-07,Jamaica 1 Litro,Bebida,ORDEN,17.00,,992.00,992.00,14,0,0,58.35
2026-02,Porción Frijol con Queso,Guarnicion,ORDEN,12.00,,60.00,60.00,6,0,0,5.00
2026-08,Salsa Verde,Guarnicion,ORDEN,12.00,,111.00,111.00,9,0,0,9.25
2026-08,1/2 Enchiladas Mixtas (4 Piezas),Enchilada,ORDEN,32.00,,4645.00,4645.00,32,18,4,145.16
2026-01,Bistec 1 Pza.,Otros,ORDEN,3.00,,306.00,306.00,3,0,0,102.00
2025-12,Salsa Roja,Guarnicion,ORDEN,30.00,,0.00,0.00,10,0,0,0.00
2025-12,PROMO 6 surtidas,Otros,ORDEN,87.00,,8265.00,8265.00,10,0,0,95.00
2025-02,Zanahorias p/llevar,Otros,ORDEN,29.00,,23.00,23.00,12,0,0,0.79
2026-04,Fuze Tea,Bebida,ORDEN,24.00,,1080.00,1080.00,18,0,0,45.00
2026-05,Jugo Naranja Vaso,Bebida,ORDEN,31.00,,2046.00,2046.00,1,0,0,66.00
2023-10,Pieza Tortilla de Harina,Guarnicion,ORDEN,18.00,,54.00,54.00,6,0,0,3.00
2026-01,Migada Guisado de Carne,Migada,PIEZA,234.00,234.00,31877.00,31997.00,213,0,152,136.23
2024-01,Pieza Tortilla de Maíz,Guarnicion,ORDEN,11.00,,33.00,33.00,4,0,0,3.00
2025-05,Pieza Extra Quesadilla,Quesadilla,ORDEN,2.00,,64.00,64.00,1,0,0,32.00
2023-08,1/2 Empanadas (2 pzas.),Empanada,ORDEN,4.00,,300.00,300.00,4,1,0,75.00
2024-02,Jugo Naranja 1 Litro,Bebida,ORDEN,26.00,,1531.05,1534.00,16,0,0,58.89
2024-03,Zanahorias p/llevar,Otros,ORDEN,7.00,,0.00,0.00,5,0,0,0.00
2025-10,Pieza Extra Quesadilla,Quesadilla,ORDEN,8.00,,256.00,256.00,6,0,0,32.00
2026-05,Jamaica Vaso,Bebida,ORDEN,515.00,,21630.00,21630.00,31,0,0,42.00
2023-10,Migada Guisado de Carne,Migada,PIEZA,214.00,214.00,22244.70,22260.00,192,0,66,103.95
2026-06,Huevos con Deshebrada,Huevos,ORDEN,57.00,,8187.00,8187.00,22,0,0,143.63
2025-08,Pieza de Pan,Guarnicion,ORDEN,125.00,,3125.00,3125.00,29,0,0,25.00
2026-03,1/2 Quesadillas (2 pzas.),Quesadilla,ORDEN,144.00,,13390.00,13390.00,82,14,53,92.99
2026-05,Refresco 355 ml.,Bebida,ORDEN,131.00,,4585.00,4585.00,48,0,0,35.00
2025-04,Orden de Guisado Normal,Guarnicion,ORDEN,12.00,,1380.00,1380.00,12,0,0,115.00
2026-07,1/2 Entomatadas,Entomatada,ORDEN,155.00,,21660.00,21660.00,129,96,69,139.74
2023-08,Enfrijoladas,Enfrijolada,ORDEN,1.00,,120.00,120.00,1,1,0,120.00
2024-01,1/2 Enfrijoladas,Enfrijolada,ORDEN,9.00,,872.00,872.00,9,5,5,96.89
2025-04,Orden Huevos Estrellados,Huevos,ORDEN,10.00,,1150.00,1150.00,10,0,0,115.00
2024-10,Entomatadas,Entomatada,ORDEN,61.00,,10142.00,10142.00,53,35,14,166.26
2023-11,Encremadas,Encremada,ORDEN,16.00,,2151.00,2151.00,13,6,2,134.44
2025-11,Orden de Guisado de Carne,Guarnicion,ORDEN,5.00,,650.00,650.00,5,0,0,130.00
2025-07,Pieza Huevo Estrellado Medio,Huevos,ORDEN,22.00,,440.00,440.00,15,0,0,20.00
2024-12,Pieza Tortilla de Maíz,Guarnicion,ORDEN,13.00,,65.00,65.00,7,0,0,5.00
2026-09,Porción Ensalada,Guarnicion,ORDEN,1.00,,25.00,25.00,1,0,0,25.00
2025-10,Refresco 600 ml.,Bebida,ORDEN,400.00,,14624.00,14624.00,144,0,0,36.56
2024-06,Huevos con Deshebrada,Huevos,ORDEN,23.00,,2185.00,2185.00,15,0,0,95.00
2025-04,Jamaica 1 Litro,Bebida,ORDEN,29.00,,1647.00,1647.00,16,0,0,56.79
2024-01,Refresco 600 ml.,Bebida,ORDEN,344.00,,10374.00,10383.00,139,0,0,30.16
2025-12,Pieza Huevo Estrellado Medio,Huevos,ORDEN,20.00,,400.00,400.00,15,0,0,20.00
2025-05,Salsa Roja,Guarnicion,ORDEN,40.00,,33.00,33.00,17,0,0,0.83
2026-04,Huevo Estrellado 2 pzas.,Huevos,ORDEN,14.00,,490.00,490.00,12,0,0,35.00
2026-07,Guisado Infantil,Otros,ORDEN,7.00,,266.00,266.00,6,0,0,38.00
2026-04,Salsa Roja,Guarnicion,ORDEN,19.00,,0.00,0.00,8,0,0,0.00
2026-01,Pieza Huevo Estrellado Medio,Huevos,ORDEN,8.00,,160.00,160.00,7,0,0,20.00
2024-11,Gorditas Surtidas,Gordita,PIEZA,40.00,202.00,3232.00,3232.00,25,0,0,80.80
2024-01,Jamaica Vaso,Bebida,ORDEN,262.00,,8136.35,8172.00,29,0,0,31.05
2025-10,Pieza Huevo Estrellado Tierno,Huevos,ORDEN,19.00,,380.00,380.00,11,0,0,20.00
2023-12,Fuze Tea,Bebida,ORDEN,11.00,,363.00,363.00,8,0,0,33.00
2024-12,Quesadillas (4 pzas.),Quesadilla,ORDEN,175.00,,21100.00,21100.00,77,8,81,120.57
2024-05,Zanahorias p/llevar,Otros,ORDEN,26.00,,26.00,26.00,11,0,0,1.00
2023-12,Orden Huevos Revueltos,Huevos,ORDEN,7.00,,581.00,581.00,6,0,0,83.00
2026-03,1/2 Enmoladas,Enmolada,ORDEN,58.00,,8009.00,8104.00,49,31,13,138.09
2024-06,Tacos de Harina,Taco,PIEZA,773.00,773.00,13641.20,13651.40,303,10,0,17.65
2025-12,Horchata Vaso,Bebida,ORDEN,187.00,,7297.00,7297.00,30,0,0,39.02
2025-04,Brownie Oreo,Postre,ORDEN,6.00,,150.00,150.00,4,0,0,25.00
2024-03,Enfrijoladas,Enfrijolada,ORDEN,14.00,,2154.90,2160.00,14,9,13,153.92
2026-02,Bocoles,Bocol,PIEZA,1671.00,1671.00,37589.00,37611.00,472,16,56,22.49
2024-09,1/2 Entomatadas,Entomatada,ORDEN,129.00,,14079.00,14079.00,99,72,26,109.14
2025-11,Enfrijoladas,Enfrijolada,ORDEN,14.00,,2621.00,2621.00,13,11,5,187.21
2026-06,Migada Guisado Normal,Migada,PIEZA,32.00,32.00,4296.00,4296.00,32,0,19,134.25
2026-06,Encremadas,Encremada,ORDEN,19.00,,3587.00,3587.00,17,8,2,188.79
2024-09,Refresco 355 ml.,Bebida,ORDEN,100.00,,3200.00,3200.00,30,0,0,32.00
2024-08,Porción Frijol con Queso,Guarnicion,ORDEN,16.00,,80.00,80.00,8,0,0,5.00
2025-09,Salsa Roja,Guarnicion,ORDEN,31.00,,25.00,25.00,16,0,0,0.81
2024-03,Pieza Tortilla de Harina,Guarnicion,ORDEN,8.00,,24.00,24.00,4,0,0,3.00
2025-03,Pieza Encremada,Encremada,ORDEN,1.00,,25.00,25.00,1,0,0,25.00
2024-01,Gorditas de Azúcar,Gordita,PIEZA,29.00,29.00,870.00,870.00,19,0,0,30.00
2025-12,Gorditas,Gordita,PIEZA,6858.00,6858.00,116804.00,116804.00,616,16,11,17.03
2024-03,Café Negro,Bebida,ORDEN,196.00,,5889.00,5889.00,35,0,0,30.05
2025-09,Refresco 600 ml.,Bebida,ORDEN,460.00,,16644.00,16680.00,144,0,0,36.18
2025-01,Pieza Entomatada,Entomatada,ORDEN,4.00,,124.00,124.00,3,1,0,31.00
2025-01,Orden de Guisado Normal,Guarnicion,ORDEN,3.00,,342.00,342.00,3,0,0,114.00
2026-08,Migada Guisado de Carne,Migada,PIEZA,282.00,282.00,42156.00,42156.00,253,3,152,149.49
2025-03,Orden Huevos Estrellados,Huevos,ORDEN,10.00,,1150.00,1150.00,10,0,0,115.00
2023-08,Huevos a la Mexicana,Huevos,ORDEN,13.00,,1079.00,1079.00,7,0,0,83.00
2025-05,Enmoladas,Enmolada,ORDEN,30.00,,5255.00,5433.00,26,17,7,175.17
2025-12,Bistec 1 Pza.,Otros,ORDEN,6.00,,612.00,612.00,4,0,0,102.00
2024-10,Migada Guisado Normal,Migada,PIEZA,31.00,31.00,3592.00,3592.00,30,0,14,115.87
2024-03,1/2 Empanadas (2 pzas.),Empanada,ORDEN,78.00,,5096.70,5184.00,73,9,17,65.34
2023-09,Enchiladas Mixtas,Enchilada,ORDEN,15.00,,1780.00,1780.00,14,5,5,118.67
2026-03,Bisquet,Otros,ORDEN,136.00,,4080.00,4080.00,33,0,0,30.00
2024-10,1/2 Enmoladas,Enmolada,ORDEN,41.00,,4315.00,4315.00,35,20,4,105.24
2025-01,Bocoles Surtidos,Bocol,PIEZA,4.00,15.00,270.00,270.00,4,0,0,67.50
2024-10,Limón Vaso,Bebida,ORDEN,431.00,,15137.00,15137.00,31,0,0,35.12
2025-08,Café con Leche,Bebida,ORDEN,944.00,,33087.00,33122.00,82,0,0,35.05
2026-06,Fuze Tea,Bebida,ORDEN,26.00,,1170.00,1170.00,17,0,0,45.00
2024-01,Huevo Revuelto 2 pzas.,Huevos,ORDEN,1.00,,28.00,28.00,1,0,0,28.00
2024-08,Salsa Habanera,Guarnicion,ORDEN,21.00,,12.00,12.00,15,0,0,0.57
2024-05,Pieza Enchilada Roja,Enchilada,ORDEN,3.00,,60.00,60.00,3,0,0,20.00
2025-10,Tacos de Harina,Taco,PIEZA,811.00,811.00,16610.00,16650.00,298,13,2,20.48
2025-01,Orden de Guisado de Carne,Guarnicion,ORDEN,6.00,,732.00,732.00,6,0,0,122.00
2025-04,Tacos de Harina,Taco,PIEZA,869.00,869.00,17769.00,17833.00,321,8,0,20.45
2025-01,Enchiladas Mixtas,Enchilada,ORDEN,46.00,,7967.00,7967.00,46,42,5,173.20
2024-06,1/2 Enmoladas,Enmolada,ORDEN,61.00,,5790.00,5790.00,49,31,12,94.92
2025-10,Bisquet,Otros,ORDEN,115.00,,3450.00,3450.00,32,0,0,30.00
2023-12,Pieza de Pan,Guarnicion,ORDEN,38.00,,759.00,760.00,19,0,0,19.97
2024-10,Pieza Huevo Estrellado Cocido,Huevos,ORDEN,11.00,,198.00,198.00,8,0,0,18.00
2025-03,Ciel 600 ml.,Bebida,ORDEN,67.00,,2144.00,2144.00,27,0,0,32.00
2025-09,Pieza de Pan,Guarnicion,ORDEN,148.00,,3700.00,3700.00,28,0,0,25.00
2025-11,PROMO 6 surtidas,Otros,ORDEN,36.00,,3325.00,3420.00,8,0,0,92.36
2025-04,Fuze Tea,Bebida,ORDEN,7.00,,280.00,280.00,5,0,0,40.00
2025-02,Porción Ensalada,Guarnicion,ORDEN,5.00,,125.00,125.00,4,0,0,25.00
2026-07,Encremadas,Encremada,ORDEN,20.00,,3999.00,3999.00,17,10,7,199.95
2026-06,Gorditas,Gordita,PIEZA,6097.00,6097.00,118690.00,118690.00,706,32,32,19.47
2024-05,PROMO 6 surtidas,Otros,ORDEN,43.00,,3612.00,3612.00,13,0,1,84.00
2024-01,Tacos de Maiz,Taco,PIEZA,791.00,791.00,13588.45,13591.00,279,9,6,17.18
2025-09,Enmoladas,Enmolada,ORDEN,28.00,,5281.00,5281.00,27,19,6,188.61
2025-10,Gorditas,Gordita,PIEZA,5288.00,5288.00,90821.00,90923.00,634,16,16,17.17
2025-06,Migada Guisado de Carne,Migada,PIEZA,246.00,246.00,34872.00,35057.00,215,0,100,141.76
2025-06,Tacos de Harina,Taco,PIEZA,773.00,773.00,15810.00,15810.00,299,6,1,20.45
2024-11,Pieza Enmolada,Enmolada,ORDEN,2.00,,46.00,46.00,2,0,0,23.00
2024-09,Horchata 1 Litro,Bebida,ORDEN,49.00,,3250.00,3250.00,21,0,0,66.33
2025-06,Enchiladas Mixtas,Enchilada,ORDEN,42.00,,7641.00,7641.00,42,29,6,181.93
2026-07,1/2 Enchiladas Rojas,Enchilada,ORDEN,196.00,,25022.00,25022.00,150,120,59,127.66
2026-06,Salsa Roja,Guarnicion,ORDEN,2.00,,0.00,0.00,2,0,0,0.00
2025-08,Huevos Rancheros,Huevos,ORDEN,30.00,,3450.00,3450.00,19,0,0,115.00
2025-06,Plátano Frito,Otros,ORDEN,19.00,,722.00,722.00,19,0,0,38.00
2023-08,Limón Vaso,Bebida,ORDEN,78.00,,2387.00,2418.00,11,0,0,30.60
2025-09,Refresco 355 ml.,Bebida,ORDEN,106.00,,3392.00,3392.00,29,0,0,32.00
2025-06,Bisquet,Otros,ORDEN,135.00,,4050.00,4050.00,29,0,0,30.00
2024-03,Pieza Tortilla de Maíz,Guarnicion,ORDEN,16.00,,48.00,48.00,8,0,0,3.00
2023-12,Plátano Frito,Otros,ORDEN,47.00,,1480.00,1480.00,29,0,0,31.49
2024-03,Horchata 1 Litro,Bebida,ORDEN,49.00,,2817.50,2823.00,21,0,0,57.50
2026-04,Pieza Enfrijolada,Guarnicion,ORDEN,2.00,,60.00,60.00,1,0,0,30.00
2024-06,Café Negro,Bebida,ORDEN,353.00,,10615.50,10617.00,48,0,0,30.07
2025-10,Enmoladas,Enmolada,ORDEN,26.00,,4734.00,4734.00,23,16,7,182.08
2023-10,Bistec 1 Pza.,Otros,ORDEN,4.00,,296.00,296.00,4,0,0,74.00
2024-09,Bistec 1 Pza.,Otros,ORDEN,2.00,,170.00,170.00,2,0,0,85.00
2023-12,Bocoles,Bocol,PIEZA,2727.00,2727.00,46941.95,47041.00,550,14,4,17.21
2026-03,Horchata 1 Litro,Bebida,ORDEN,46.00,,3279.00,3279.00,24,0,0,71.28
2023-09,Migada Guisado Normal,Migada,PIEZA,35.00,35.00,3415.00,3415.00,34,0,21,97.57
2026-04,Pieza Tortilla de Harina,Guarnicion,ORDEN,10.00,,50.00,50.00,4,0,0,5.00
2025-10,Porción Frijol con Queso,Guarnicion,ORDEN,14.00,,70.00,70.00,11,0,0,5.00
2025-03,1/2 Enchiladas Picositas,Enchilada,ORDEN,37.00,,5109.00,5109.00,35,25,2,138.08
2026-06,Refresco 600 ml.,Bebida,ORDEN,464.00,,18216.00,18216.00,149,0,0,39.26
2024-12,Encremadas,Encremada,ORDEN,27.00,,4642.00,4642.00,21,13,3,171.93
2024-04,Horchata Vaso,Bebida,ORDEN,115.00,,3621.90,3625.00,26,0,0,31.49
2025-12,Pieza Huevo Estrellado Tierno,Huevos,ORDEN,16.00,,320.00,320.00,12,0,0,20.00
2026-06,Refresco 355 ml.,Bebida,ORDEN,111.00,,3885.00,3885.00,44,0,0,35.00
2025-12,Migada Guisado Normal,Migada,PIEZA,31.00,31.00,3889.00,3889.00,30,0,16,125.45
2024-09,Salsa Verde,Guarnicion,ORDEN,49.00,,49.00,49.00,23,0,0,1.00
2024-09,Pieza Huevo Estrellado Medio,Huevos,ORDEN,14.00,,252.00,252.00,10,0,0,18.00
2024-08,Pieza de Pan,Guarnicion,ORDEN,123.00,,2710.90,2712.00,29,0,0,22.04
2024-09,Enchiladas Rojas,Enchilada,ORDEN,95.00,,14796.00,14796.00,69,52,18,155.75
2026-02,Guisado Infantil,Otros,ORDEN,4.00,,152.00,152.00,3,0,0,38.00
2025-05,Huevo Revuelto 2 pzas.,Huevos,ORDEN,5.00,,175.00,175.00,4,0,0,35.00
2025-01,Horchata 1 Litro,Bebida,ORDEN,39.00,,2554.00,2554.00,17,0,0,65.49
2024-06,Entomatadas,Entomatada,ORDEN,93.00,,13590.00,13590.00,74,57,30,146.13
2025-09,Enchiladas Mixtas,Enchilada,ORDEN,25.00,,4818.00,4818.00,24,20,2,192.72
2023-10,Aguacate Extra,Otros,ORDEN,1.00,,5.00,5.00,1,0,0,5.00
2023-11,Huevo Estrellado 2 pzas.,Huevos,ORDEN,4.00,,112.00,112.00,4,0,0,28.00
2025-05,Refresco 355 ml.,Bebida,ORDEN,74.00,,2368.00,2368.00,28,0,0,32.00
2024-11,Jamaica 1 Litro,Bebida,ORDEN,31.00,,1625.00,1625.00,21,0,0,52.42
2024-05,Entomatadas,Entomatada,ORDEN,91.00,,12945.00,13047.00,72,55,24,142.25
2026-04,Pieza Huevo Estrellado Cocido,Huevos,ORDEN,12.00,,240.00,240.00,8,0,0,20.00
2023-10,1/2 Quesadillas (2 pzas.),Quesadilla,ORDEN,40.00,,2517.95,2521.00,31,2,12,62.95
2024-07,Gorditas de Azúcar,Gordita,PIEZA,33.00,33.00,1120.00,1120.00,16,0,0,33.94
2025-01,Refresco 355 ml.,Bebida,ORDEN,76.00,,2432.00,2432.00,25,0,0,32.00
2026-09,Jamaica Vaso,Bebida,ORDEN,78.00,,3289.00,3289.00,5,0,0,42.17
2024-11,Pieza Tortilla de Maíz,Guarnicion,ORDEN,8.00,,40.00,40.00,4,0,0,5.00
2024-06,Enchiladas Picositas,Enchilada,ORDEN,33.00,,4649.00,4649.00,30,23,6,140.88
2026-06,Enchiladas Rojas,Enchilada,ORDEN,74.00,,13428.00,13428.00,64,45,32,181.46
2026-01,Orden de Guisado de Carne,Guarnicion,ORDEN,7.00,,915.00,915.00,7,0,0,130.71
2023-11,Enfrijoladas,Enfrijolada,ORDEN,6.00,,696.00,696.00,6,3,3,116.00
2023-09,Pieza Tortilla de Harina,Guarnicion,ORDEN,25.00,,75.00,75.00,9,0,0,3.00
2024-06,Pieza Huevo Estrellado Medio,Huevos,ORDEN,21.00,,315.00,315.00,15,0,0,15.00
2023-11,Té de Manzanilla,Bebida,ORDEN,3.00,,90.00,90.00,3,0,0,30.00
2025-10,Empanadas (4 pzas.),Empanada,ORDEN,100.00,,14653.00,14653.00,100,25,32,146.53
2025-10,Pieza de Pan,Guarnicion,ORDEN,131.00,,3275.00,3275.00,30,0,0,25.00
2025-05,Pieza Enmolada,Enmolada,ORDEN,1.00,,25.00,25.00,1,0,0,25.00
2025-07,Zanahorias p/llevar,Otros,ORDEN,31.00,,31.00,31.00,13,0,0,1.00
2026-01,PROMO 6 surtidas,Otros,ORDEN,37.00,,3515.00,3515.00,10,0,0,95.00
2025-09,Aguacate Extra,Otros,ORDEN,5.00,,75.00,75.00,4,0,0,15.00
2025-08,Salsa Habanera,Guarnicion,ORDEN,21.00,,14.00,14.00,16,0,0,0.67
2025-08,Orden de Guisado de Carne,Guarnicion,ORDEN,5.00,,650.00,650.00,5,0,0,130.00
2024-07,Pieza Tortilla de Maíz,Guarnicion,ORDEN,8.00,,40.00,40.00,3,0,0,5.00
2023-12,Huevos a la Mexicana,Huevos,ORDEN,29.00,,2407.00,2407.00,18,0,0,83.00
2025-07,Plátano Frito,Otros,ORDEN,27.00,,1026.00,1026.00,23,0,0,38.00
2024-06,Quesadillas (4 pzas.),Quesadilla,ORDEN,214.00,,21633.00,21633.00,86,11,85,101.09
2026-03,Horchata Vaso,Bebida,ORDEN,128.00,,5376.00,5376.00,30,0,0,42.00
2025-04,Pieza Huevo Estrellado Cocido,Huevos,ORDEN,12.00,,240.00,240.00,9,0,0,20.00
2026-03,Huevo Revuelto 2 pzas.,Huevos,ORDEN,4.00,,142.00,142.00,3,0,0,35.50
2025-07,Refresco 355 ml.,Bebida,ORDEN,111.00,,3552.00,3552.00,30,0,0,32.00
2024-07,Orden de Guisado Normal,Guarnicion,ORDEN,10.00,,1131.00,1131.00,9,0,0,113.10
2025-07,1/2 Enfrijoladas,Enfrijolada,ORDEN,29.00,,3485.00,3485.00,24,13,13,120.17
2025-09,Pieza Huevo Estrellado Tierno,Huevos,ORDEN,12.00,,240.00,240.00,6,0,0,20.00
2026-09,Bisquet,Otros,ORDEN,3.00,,90.00,90.00,2,0,0,30.00
2025-07,1/2 Enchiladas Rojas,Enchilada,ORDEN,149.00,,17972.00,17972.00,116,83,36,120.62
2024-11,Café con Leche,Bebida,ORDEN,856.00,,28344.00,28344.00,82,0,0,33.11
2024-08,Tacos Maíz Surtidos,Taco,PIEZA,3.00,13.00,234.00,234.00,2,0,0,78.00
2025-08,Ciel 600 ml.,Bebida,ORDEN,56.00,,1792.00,1792.00,24,0,0,32.00
2024-01,Migada Guisado de Carne,Migada,PIEZA,242.00,242.00,25051.80,25098.00,215,1,81,103.52
2025-09,Pieza Huevo Estrellado Medio,Huevos,ORDEN,20.00,,400.00,400.00,13,0,0,20.00
2023-09,Tacos de Maiz,Taco,PIEZA,729.00,729.00,12672.45,12675.00,266,8,0,17.38
2026-09,1/2 Enmoladas,Enmolada,ORDEN,11.00,,1462.00,1462.00,9,6,3,132.91
2026-08,Gorditas Surtidas,Gordita,PIEZA,29.00,139.00,2641.00,2641.00,17,0,0,91.07
2024-07,Café con Leche,Bebida,ORDEN,773.00,,24972.45,25053.00,73,0,0,32.31
2025-09,Horchata Vaso,Bebida,ORDEN,141.00,,5536.00,5536.00,29,0,0,39.26
2024-07,Pieza Encremada,Encremada,ORDEN,2.00,,43.00,43.00,2,0,0,21.50
2024-02,Enfrijoladas,Enfrijolada,ORDEN,8.00,,1094.00,1094.00,8,5,1,136.75
2025-01,Orden Huevos Revueltos,Huevos,ORDEN,5.00,,535.00,535.00,4,0,0,107.00
2026-05,Pieza Huevo Estrellado Medio,Huevos,ORDEN,23.00,,460.00,460.00,15,0,0,20.00
2024-10,Café Negro,Bebida,ORDEN,278.00,,9186.00,9186.00,34,0,0,33.04
2025-06,Empanadas (4 pzas.),Empanada,ORDEN,138.00,,19691.00,19876.00,132,34,54,142.69
2026-08,Ciel 600 ml.,Bebida,ORDEN,77.00,,2695.00,2695.00,22,0,0,35.00
2024-03,Pieza Enchilada Roja,Enchilada,ORDEN,3.00,,60.00,60.00,3,0,0,20.00
2025-05,Enchiladas Mixtas,Enchilada,ORDEN,46.00,,8372.00,8372.00,43,28,8,182.00
2026-07,Pieza Huevo Estrellado Ciego,Huevos,ORDEN,1.00,,20.00,20.00,1,0,0,20.00
2026-09,Limón Vaso,Bebida,ORDEN,69.00,,2898.00,2898.00,5,0,0,42.00
2025-06,Huevos Rancheros,Huevos,ORDEN,28.00,,3278.00,3278.00,19,0,0,117.07
2025-04,Pieza Extra Quesadilla,Quesadilla,ORDEN,5.00,,160.00,160.00,5,0,0,32.00
2024-05,Orden Huevos Revueltos,Huevos,ORDEN,3.00,,249.00,249.00,3,0,0,83.00
2023-09,Gorditas de Azúcar,Gordita,PIEZA,31.00,31.00,928.50,930.00,17,0,0,29.95
2025-05,Quesadillas (4 pzas.),Quesadilla,ORDEN,165.00,,22648.00,22648.00,77,8,67,137.26
2026-01,Pieza Extra Empanada,Empanada,ORDEN,12.00,,423.00,423.00,12,0,0,35.25
2025-08,1/2 Enchiladas Rojas,Enchilada,ORDEN,199.00,,24844.00,24844.00,139,104,43,124.84
2025-04,1/2 Enchiladas Rojas,Enchilada,ORDEN,178.00,,22350.00,22350.00,126,90,49,125.56
2026-09,Refresco 600 ml.,Bebida,ORDEN,71.00,,2769.00,2769.00,23,0,0,39.00
2026-02,Enchiladas Rojas,Enchilada,ORDEN,56.00,,10057.00,10204.00,42,26,9,179.59
2025-05,Pieza Entomatada,Entomatada,ORDEN,3.00,,75.00,75.00,3,0,0,25.00
2024-05,Bocoles Surtidos,Bocol,PIEZA,10.00,42.00,714.00,714.00,6,0,0,71.40
2025-10,Café con Leche,Bebida,ORDEN,925.00,,32392.00,32392.00,102,0,0,35.02
2025-01,Entomatadas,Entomatada,ORDEN,66.00,,10424.00,10424.00,52,32,12,157.94
2024-06,Huevo Revuelto 2 pzas.,Huevos,ORDEN,3.00,,84.00,84.00,2,0,0,28.00
2024-10,Pieza Entomatada,Entomatada,ORDEN,1.00,,23.00,23.00,1,0,0,23.00
2026-07,Bisquet,Otros,ORDEN,149.00,,4470.00,4470.00,32,0,0,30.00
2026-06,Limón Vaso,Bebida,ORDEN,592.00,,24890.00,24890.00,30,0,0,42.04
2024-05,1/2 Enchiladas Picositas,Enchilada,ORDEN,53.00,,5059.00,5066.00,44,29,5,95.45
2024-04,Pieza de Pan,Guarnicion,ORDEN,87.00,,1740.00,1740.00,26,0,0,20.00
2024-11,Enmoladas,Enmolada,ORDEN,27.00,,4493.00,4493.00,26,18,3,166.41
2024-05,Bisquet,Otros,ORDEN,49.00,,1225.00,1225.00,20,0,0,25.00
2024-05,Café con Leche,Bebida,ORDEN,718.00,,21636.00,21639.00,68,0,0,30.13
2023-09,Huevo Estrellado 2 pzas.,Huevos,ORDEN,1.00,,18.00,18.00,1,0,0,18.00
2024-03,Orden Huevos Revueltos,Huevos,ORDEN,3.00,,249.00,249.00,3,0,0,83.00
2026-09,Aguacate Extra,Otros,ORDEN,1.00,,15.00,15.00,1,0,0,15.00
2024-12,Huevo Estrellado 2 pzas.,Huevos,ORDEN,2.00,,64.00,64.00,2,0,0,32.00
2023-11,Horchata Vaso,Bebida,ORDEN,98.00,,3038.00,3038.00,17,0,0,31.00
2024-05,Huevos con Deshebrada,Huevos,ORDEN,31.00,,3003.00,3003.00,17,0,0,96.87
2026-02,Limón 1 Litro,Bebida,ORDEN,10.00,,716.00,716.00,7,0,0,71.60
2024-11,Huevo Revuelto 2 pzas.,Huevos,ORDEN,3.00,,96.00,96.00,2,0,0,32.00
2026-01,Orden Huevos Estrellados,Huevos,ORDEN,14.00,,1610.00,1610.00,13,0,0,115.00
2024-08,Pieza Entomatada,Entomatada,ORDEN,4.00,,92.00,92.00,4,0,0,23.00
2026-03,Enchiladas Rojas,Enchilada,ORDEN,66.00,,12265.00,12265.00,57,41,32,185.83
2024-07,Jamaica 1 Litro,Bebida,ORDEN,47.00,,2379.00,2379.00,23,0,0,50.62
2025-01,Plátano Frito,Otros,ORDEN,24.00,,816.00,816.00,24,0,0,34.00
2023-10,Pieza Enchilada Picosa,Enchilada,ORDEN,1.00,,20.00,20.00,1,0,0,20.00
2025-04,Pieza Encremada,Encremada,ORDEN,1.00,,25.00,25.00,1,0,0,25.00
2025-01,Café con Leche,Bebida,ORDEN,1165.00,,38481.00,38481.00,90,0,0,33.03
2025-08,Tacos Harina Surtidos,Taco,PIEZA,1.00,4.00,80.00,80.00,1,0,0,80.00
2024-12,Enchiladas Mixtas,Enchilada,ORDEN,45.00,,7621.00,7621.00,44,32,6,169.36
2026-02,Plátano Frito,Otros,ORDEN,21.00,,882.00,882.00,17,0,0,42.00
2024-07,Bistec 1 Pza.,Otros,ORDEN,5.00,,414.00,414.00,5,0,0,82.80
2026-06,Salsa Habanera,Guarnicion,ORDEN,9.00,,0.00,0.00,8,0,0,0.00
2023-12,1/2 Enchiladas Rojas,Enchilada,ORDEN,160.00,,14752.70,14756.00,110,83,35,92.20
2024-04,Migada Guisado de Carne,Migada,PIEZA,238.00,238.00,24970.50,24996.00,211,3,101,104.92
2024-03,Paq. 5 Gorditas Surtidas EVENTO,Evento,PIEZA,30.00,150.00,2100.00,2100.00,1,0,0,70.00
2024-09,Jamaica 1 Litro,Bebida,ORDEN,18.00,,1008.00,1008.00,13,0,0,56.00
2025-10,Migada Guisado Normal,Migada,PIEZA,29.00,29.00,3830.00,3830.00,29,0,21,132.07
2025-11,Enchiladas Rojas,Enchilada,ORDEN,60.00,,10711.00,10711.00,48,32,10,178.52
2024-04,Pieza Huevo Estrellado Cocido,Huevos,ORDEN,2.00,,30.00,30.00,2,0,0,15.00
2024-10,Bisquet,Otros,ORDEN,110.00,,2750.00,2750.00,35,0,0,25.00
2025-11,1/2 Entomatadas,Entomatada,ORDEN,114.00,,15346.00,15346.00,90,71,34,134.61
2023-10,Ciel 600 ml.,Bebida,ORDEN,40.00,,1129.00,1129.00,23,0,0,28.23
2025-09,Bisquet,Otros,ORDEN,148.00,,4440.00,4440.00,32,0,0,30.00
2026-03,Porción Frijol con Queso,Guarnicion,ORDEN,8.00,,40.00,40.00,8,0,0,5.00
2026-02,Pieza Entomatada,Entomatada,ORDEN,2.00,,60.00,60.00,2,0,0,30.00
2026-02,Tacos Harina Surtidos,Taco,PIEZA,1.00,5.00,110.00,110.00,1,0,0,110.00
2023-10,Empanadas (4 pzas.),Empanada,ORDEN,78.00,,8352.00,8352.00,75,11,21,107.08
2023-08,1/2 Encremadas,Encremada,ORDEN,7.00,,719.00,719.00,7,6,0,102.71
2026-04,Té de Manzanilla,Bebida,ORDEN,8.00,,264.00,264.00,7,0,0,33.00
2026-08,Enchiladas Mixtas,Enchilada,ORDEN,53.00,,10549.00,10549.00,49,42,6,199.04
2024-07,Tacos Maíz Surtidos,Taco,PIEZA,3.00,13.00,228.00,228.00,3,0,0,76.00
2024-08,Enmoladas,Enmolada,ORDEN,36.00,,5762.00,5762.00,33,20,5,160.06
2026-09,Encremadas,Encremada,ORDEN,3.00,,578.00,578.00,3,2,0,192.67
2024-05,Horchata Vaso,Bebida,ORDEN,149.00,,4675.90,4679.00,29,0,0,31.38
2026-05,1/2 Quesadillas (2 pzas.),Quesadilla,ORDEN,145.00,,12947.00,12947.00,79,12,62,89.29
2026-02,1/2 Empanadas (2 pzas.),Empanada,ORDEN,68.00,,6427.00,6427.00,68,13,16,94.51
2024-11,Pieza Huevo Estrellado Tierno,Huevos,ORDEN,9.00,,162.00,162.00,8,0,0,18.00
2023-12,Café con Leche,Bebida,ORDEN,909.00,,27334.50,27351.00,31,0,0,30.07
2026-07,Quesadillas (4 pzas.),Quesadilla,ORDEN,164.00,,23125.00,23125.00,80,9,68,141.01
2026-02,1/2 Enchiladas Rojas,Enchilada,ORDEN,142.00,,17943.00,17943.00,112,77,43,126.36
2024-08,Zanahorias p/llevar,Otros,ORDEN,35.00,,31.00,31.00,19,0,0,0.89
2024-01,Pieza de Pan,Guarnicion,ORDEN,90.00,,1799.00,1800.00,27,0,0,19.99
2024-12,Pieza Huevo Estrellado Cocido,Huevos,ORDEN,19.00,,342.00,342.00,10,0,0,18.00
2025-03,Bisquet,Otros,ORDEN,134.00,,4020.00,4020.00,29,0,0,30.00
2026-03,Quesadillas (4 pzas.),Quesadilla,ORDEN,140.00,,19929.00,19929.00,66,7,62,142.35
2025-01,Pieza Extra Empanada,Empanada,ORDEN,1.00,,31.00,31.00,1,0,0,31.00
2026-06,Enmoladas,Enmolada,ORDEN,48.00,,8839.00,8839.00,37,24,10,184.15
2026-07,Tacos de Harina,Taco,PIEZA,846.00,846.00,19272.00,19362.00,334,8,30,22.78
2024-11,Migada Guisado Normal,Migada,PIEZA,36.00,36.00,4077.00,4189.00,36,2,16,113.25
2026-08,1/2 Encremadas,Encremada,ORDEN,27.00,,3705.00,3705.00,22,13,0,137.22
2024-09,1/2 Enchiladas Mixtas (4 Piezas),Enchilada,ORDEN,23.00,,3452.00,3452.00,22,15,3,150.09
2026-08,Pieza Extra Empanada,Empanada,ORDEN,14.00,,532.00,532.00,12,0,0,38.00
2024-07,Café Negro,Bebida,ORDEN,365.00,,11512.35,11613.00,47,0,0,31.54
2024-06,Zanahorias p/llevar,Otros,ORDEN,12.00,,6.00,6.00,8,0,0,0.50
2024-10,Pieza Extra Quesadilla,Quesadilla,ORDEN,5.00,,140.00,140.00,4,0,0,28.00
2026-05,Pieza Extra Empanada,Empanada,ORDEN,9.00,,347.00,347.00,9,1,0,38.56
2025-03,Jamaica Vaso,Bebida,ORDEN,484.00,,18409.00,18409.00,31,0,0,38.04
2024-03,Limón Vaso,Bebida,ORDEN,354.00,,10929.05,10974.00,31,0,0,30.87
2024-01,Pieza Enchilada Roja,Enchilada,ORDEN,3.00,,60.00,60.00,2,0,0,20.00
2025-01,Pieza Extra Quesadilla,Quesadilla,ORDEN,7.00,,196.00,196.00,5,0,0,28.00
2026-05,Ciel 600 ml.,Bebida,ORDEN,65.00,,2275.00,2275.00,25,0,0,35.00
2026-02,Pieza Enfrijolada,Guarnicion,ORDEN,1.00,,30.00,30.00,1,0,0,30.00
2024-08,Encremadas,Encremada,ORDEN,22.00,,3294.00,3294.00,17,8,1,149.73
2025-11,Bistec 1 Pza.,Otros,ORDEN,2.00,,204.00,204.00,1,0,0,102.00
2023-10,1/2 Enchiladas Mixtas (4 Piezas),Enchilada,ORDEN,1.00,,160.00,160.00,1,1,0,160.00
2024-09,Encremadas,Encremada,ORDEN,19.00,,2981.00,2981.00,16,8,0,156.89
2026-05,PROMO 6 surtidas,Otros,ORDEN,45.00,,4212.00,4860.00,10,0,0,93.60
2023-10,Bocoles,Bocol,PIEZA,2075.00,2075.00,35786.05,35945.00,496,12,0,17.25
2024-01,Enchiladas Mixtas,Enchilada,ORDEN,32.00,,3970.00,3970.00,30,17,5,124.06
2024-02,Migada Guisado de Carne,Migada,PIEZA,221.00,221.00,23007.60,23064.00,198,1,69,104.11
2025-08,PROMO 6 surtidas,Otros,ORDEN,45.00,,4275.00,4275.00,10,0,0,95.00
2023-10,Enchiladas Mixtas,Enchilada,ORDEN,19.00,,2418.00,2418.00,19,10,1,127.26
2024-08,Migada Guisado Normal,Migada,PIEZA,37.00,37.00,4224.00,4224.00,37,0,16,114.16
2025-10,Enchiladas Picositas,Enchilada,ORDEN,23.00,,4137.00,4137.00,21,17,3,179.87
2025-09,1/2 Enchiladas Picositas,Enchilada,ORDEN,50.00,,6611.00,6611.00,42,31,6,132.22
2025-06,1/2 Enfrijoladas,Enfrijolada,ORDEN,23.00,,2464.00,2464.00,21,10,7,107.13
2026-01,Salsa Roja,Guarnicion,ORDEN,35.00,,0.00,0.00,8,0,0,0.00
2024-07,Huevos a la Mexicana,Huevos,ORDEN,59.00,,5610.00,5610.00,29,0,0,95.08
2026-01,Porción Ensalada,Guarnicion,ORDEN,2.00,,50.00,50.00,2,0,0,25.00
2024-12,Pieza Extra Quesadilla,Quesadilla,ORDEN,6.00,,168.00,168.00,6,0,0,28.00
2024-10,Horchata 1 Litro,Bebida,ORDEN,46.00,,3052.00,3052.00,22,0,0,66.35
2024-06,Refresco 355 ml.,Bebida,ORDEN,120.00,,3478.55,3480.00,25,0,0,28.99
2024-08,Jugo Naranja 1 Litro,Bebida,ORDEN,1.00,,108.00,108.00,1,0,0,108.00
2024-10,Orden de Guisado Normal,Guarnicion,ORDEN,8.00,,912.00,912.00,6,0,0,114.00
2024-01,Tacos de Harina,Taco,PIEZA,746.00,746.00,13047.90,13090.00,272,3,3,17.49
2025-11,Orden Huevos Estrellados,Huevos,ORDEN,13.00,,1495.00,1495.00,13,0,0,115.00
2024-03,Orden Huevos Estrellados,Huevos,ORDEN,7.00,,581.00,581.00,6,0,0,83.00
2025-07,Limón Vaso,Bebida,ORDEN,475.00,,18148.00,18148.00,31,0,0,38.21
2024-11,Tacos Harina Surtidos,Taco,PIEZA,1.00,5.00,90.00,90.00,1,0,0,90.00
2025-02,Limón 1 Litro,Bebida,ORDEN,30.00,,1692.00,1692.00,16,0,0,56.40
2025-10,Pieza Huevo Estrellado Cocido,Huevos,ORDEN,14.00,,280.00,280.00,13,0,0,20.00
2023-08,1/2 Enchiladas Picositas,Enchilada,ORDEN,9.00,,803.00,803.00,6,4,0,89.22
2024-05,Huevos Rancheros,Huevos,ORDEN,17.00,,1644.00,1644.00,14,0,0,96.71
2024-08,Pieza Enchilada Roja,Enchilada,ORDEN,3.00,,69.00,69.00,3,0,0,23.00
2024-05,Pieza Enfrijolada,Guarnicion,ORDEN,1.00,,20.00,20.00,1,0,0,20.00
2024-02,Pieza Enchilada Roja,Enchilada,ORDEN,2.00,,40.00,40.00,2,0,0,20.00
2026-02,Fuze Tea,Bebida,ORDEN,14.00,,630.00,630.00,12,0,0,45.00
2025-09,Huevo Estrellado 2 pzas.,Huevos,ORDEN,4.00,,140.00,140.00,2,0,0,35.00
2023-12,1/2 Encremadas,Encremada,ORDEN,33.00,,3274.70,3278.00,30,19,1,99.23
2024-01,Refresco 355 ml.,Bebida,ORDEN,73.00,,2117.00,2117.00,26,0,0,29.00
2025-07,Pieza Huevo Estrellado Tierno,Huevos,ORDEN,13.00,,260.00,260.00,8,0,0,20.00
2023-08,Café Negro,Bebida,ORDEN,33.00,,990.00,990.00,11,0,0,30.00
2023-09,Jugo Naranja Vaso,Bebida,ORDEN,8.00,,312.00,312.00,5,0,0,39.00
2023-08,Jamaica Vaso,Bebida,ORDEN,89.00,,2769.00,2769.00,11,0,0,31.11
2024-03,Migada Guisado Normal,Migada,PIEZA,39.00,39.00,3710.00,3819.00,38,0,15,95.13
2024-06,Refresco 600 ml.,Bebida,ORDEN,568.00,,17164.50,17175.00,162,0,0,30.22
2023-12,Encremadas,Encremada,ORDEN,34.00,,4660.90,4666.00,27,17,1,137.09
2024-05,Pieza Tortilla de Harina,Guarnicion,ORDEN,14.00,,42.00,42.00,7,0,0,3.00
2025-11,Pieza de Pan,Guarnicion,ORDEN,133.00,,3325.00,3325.00,28,0,0,25.00
2025-03,1/2 Enfrijoladas,Enfrijolada,ORDEN,20.00,,2366.00,2366.00,19,12,3,118.30
2025-03,Salsa Verde,Guarnicion,ORDEN,72.00,,55.00,55.00,27,0,0,0.76
2026-03,Pieza Huevo Estrellado Cocido,Huevos,ORDEN,14.00,,280.00,280.00,10,0,0,20.00
2025-04,Enchiladas Picositas,Enchilada,ORDEN,39.00,,7151.00,7151.00,34,23,5,183.36
2024-04,Quesadillas (4 pzas.),Quesadilla,ORDEN,154.00,,15884.00,15884.00,81,15,72,103.14
2023-09,Empanadas (4 pzas.),Empanada,ORDEN,93.00,,9944.10,9958.00,92,15,21,106.93
2025-06,Salsa Roja,Guarnicion,ORDEN,53.00,,49.00,49.00,17,0,0,0.92
2025-10,1/2 Enmoladas,Enmolada,ORDEN,52.00,,6584.00,6584.00,43,28,10,126.62
2025-03,Pieza Enmolada,Enmolada,ORDEN,2.00,,50.00,50.00,2,0,0,25.00
2024-03,Bocoles Surtidos,Bocol,PIEZA,3.00,13.00,221.00,221.00,3,0,0,73.67
2024-10,Gorditas de Azúcar,Gordita,PIEZA,20.00,20.00,700.00,700.00,15,0,0,35.00
2024-03,Té de Manzanilla,Bebida,ORDEN,6.00,,180.00,180.00,5,0,0,30.00
2024-08,Bistec 1 Pza.,Otros,ORDEN,7.00,,595.00,595.00,5,0,0,85.00
2025-07,1/2 Enchiladas Mixtas (4 Piezas),Enchilada,ORDEN,26.00,,3826.00,3826.00,24,16,5,147.15
2025-11,Bocoles Surtidos,Bocol,PIEZA,5.00,28.00,560.00,560.00,5,0,0,112.00
2026-05,Fuze Tea,Bebida,ORDEN,26.00,,1170.00,1170.00,14,0,0,45.00
2026-07,1/2 Enchiladas Mixtas (4 Piezas),Enchilada,ORDEN,36.00,,5576.00,5576.00,33,25,5,154.89
2024-01,Orden de Guisado Normal,Guarnicion,ORDEN,8.00,,760.00,760.00,8,0,0,95.00
2025-10,Enchiladas Rojas,Enchilada,ORDEN,60.00,,10652.00,10652.00,55,36,18,177.53
2025-03,1/2 Enchiladas Mixtas (4 Piezas),Enchilada,ORDEN,22.00,,3491.00,3491.00,22,14,2,158.68
2025-02,Pieza Huevo Estrellado Cocido,Huevos,ORDEN,16.00,,306.00,306.00,14,0,0,19.13
2025-02,Enchiladas Rojas,Enchilada,ORDEN,93.00,,15777.00,15777.00,66,55,15,169.65
2025-09,Pieza Entomatada,Entomatada,ORDEN,1.00,,25.00,25.00,1,0,0,25.00
2025-01,1/2 Enchiladas Mixtas (4 Piezas),Enchilada,ORDEN,33.00,,4434.00,4434.00,33,25,6,134.36
2024-04,Café con Leche,Bebida,ORDEN,570.00,,17170.50,17181.00,60,0,0,30.12
2025-07,Migada Guisado de Carne,Migada,PIEZA,243.00,243.00,34749.00,34934.00,218,3,136,143.00
2025-01,1/2 Enchiladas Rojas,Enchilada,ORDEN,200.00,,21153.00,21153.00,136,96,63,105.77
2024-03,Jamaica Vaso,Bebida,ORDEN,329.00,,10201.25,10209.00,31,0,0,31.01
2026-03,Jamaica Vaso,Bebida,ORDEN,448.00,,18842.00,18842.00,31,0,0,42.06
2024-06,Limón Vaso,Bebida,ORDEN,443.00,,13793.70,13803.00,30,0,0,31.14
2024-02,1/2 Enmoladas,Enmolada,ORDEN,39.00,,3308.00,3374.00,30,18,6,84.82
2025-03,Bocoles,Bocol,PIEZA,1946.00,1946.00,39326.00,39326.00,493,10,11,20.21
2025-03,Refresco 600 ml.,Bebida,ORDEN,399.00,,14494.00,14494.00,147,0,0,36.33
2026-09,Pieza Tortilla de Maíz,Guarnicion,ORDEN,2.00,,10.00,10.00,2,0,0,5.00
2023-11,1/2 Enfrijoladas,Enfrijolada,ORDEN,12.00,,1024.00,1024.00,12,5,7,85.33
2025-12,Salsa Habanera,Guarnicion,ORDEN,3.00,,0.00,0.00,3,0,0,0.00
2024-07,Bocoles,Bocol,PIEZA,2319.00,2319.00,41201.20,41358.00,550,17,30,17.77
2024-07,PROMO 6 surtidas,Otros,ORDEN,65.00,,5718.00,5718.00,12,0,0,87.97
2024-11,Gorditas,Gordita,PIEZA,5612.00,5612.00,89897.30,89897.30,630,15,7,16.02
2024-08,Enchiladas Mixtas,Enchilada,ORDEN,45.00,,7585.00,7585.00,44,34,5,168.56
2026-09,Bistec 1 Pza.,Otros,ORDEN,1.00,,102.00,102.00,1,0,0,102.00
2026-02,Huevos a la Mexicana,Huevos,ORDEN,31.00,,3720.00,3720.00,18,0,0,120.00
2025-05,Jugo Naranja 1 Litro,Bebida,ORDEN,2.00,,197.00,197.00,2,0,0,98.50
2026-03,Bocoles,Bocol,PIEZA,1940.00,1940.00,43638.00,43682.00,515,24,25,22.49
2025-03,Pieza Extra Empanada,Empanada,ORDEN,5.00,,175.00,175.00,5,0,0,35.00
2024-03,Refresco 355 ml.,Bebida,ORDEN,80.00,,2318.55,2320.00,29,0,0,28.98
2026-06,Horchata Vaso,Bebida,ORDEN,144.00,,6191.00,6191.00,30,0,0,42.99
2025-01,Limón 1 Litro,Bebida,ORDEN,11.00,,631.00,631.00,9,0,0,57.36
2025-01,Gorditas de Azúcar,Gordita,PIEZA,31.00,31.00,1085.00,1085.00,16,0,0,35.00
2025-06,Pieza Tortilla de Maíz,Guarnicion,ORDEN,14.00,,70.00,70.00,7,0,0,5.00
2026-05,Aguacate Extra,Otros,ORDEN,11.00,,165.00,165.00,9,0,0,15.00
2026-04,Huevo Revuelto 2 pzas.,Huevos,ORDEN,2.00,,70.00,70.00,2,0,0,35.00
2024-03,Pieza Extra Quesadilla,Quesadilla,ORDEN,2.00,,46.00,46.00,1,0,0,23.00
2024-11,Quesadillas (4 pzas.),Quesadilla,ORDEN,151.00,,18224.00,18224.00,69,6,62,120.69
2024-10,Jamaica Vaso,Bebida,ORDEN,383.00,,13509.00,13509.00,31,0,0,35.27
2026-07,Pieza Extra Empanada,Empanada,ORDEN,12.00,,461.00,461.00,12,1,0,38.42
2024-12,1/2 Enchiladas Mixtas (4 Piezas),Enchilada,ORDEN,6.00,,833.00,833.00,6,4,0,138.83
2026-04,Limón 1 Litro,Bebida,ORDEN,26.00,,1768.00,1768.00,18,0,0,68.00
2024-05,1/2 Enchiladas Mixtas (4 Piezas),Enchilada,ORDEN,9.00,,1080.00,1080.00,9,6,1,120.00
2025-02,Pieza Tortilla de Harina,Guarnicion,ORDEN,11.00,,55.00,55.00,4,0,0,5.00
2025-09,Pieza Extra Empanada,Empanada,ORDEN,4.00,,140.00,140.00,4,0,0,35.00
2024-12,Café con Leche,Bebida,ORDEN,1099.00,,36315.00,36315.00,87,0,0,33.04
2023-12,Orden de Guisado de Carne,Guarnicion,ORDEN,13.00,,1326.00,1326.00,13,0,0,102.00
2026-06,Pieza Huevo Estrellado Cocido,Huevos,ORDEN,22.00,,440.00,440.00,18,0,0,20.00
2023-11,Bistec 1 Pza.,Otros,ORDEN,2.00,,148.00,148.00,2,0,0,74.00
2024-01,Jugo Naranja 1 Litro,Bebida,ORDEN,11.00,,649.00,649.00,9,0,0,59.00
2024-02,Porción Frijol con Queso,Guarnicion,ORDEN,1.00,,5.00,5.00,1,0,0,5.00
2025-07,Pieza Extra Empanada,Empanada,ORDEN,8.00,,280.00,280.00,8,0,0,35.00
2025-09,Salsa Habanera,Guarnicion,ORDEN,15.00,,2.00,2.00,8,0,0,0.13
2025-05,Pieza Huevo Estrellado Tierno,Huevos,ORDEN,8.00,,160.00,160.00,7,0,0,20.00
2026-07,1/2 Enfrijoladas,Enfrijolada,ORDEN,34.00,,4029.00,4029.00,28,13,13,118.50
2025-12,Jamaica 1 Litro,Bebida,ORDEN,10.00,,569.00,569.00,7,0,0,56.90
2025-07,Tacos Harina Surtidos,Taco,PIEZA,2.00,6.00,120.00,120.00,2,0,0,60.00
2025-06,Enchiladas Rojas,Enchilada,ORDEN,76.00,,13794.00,13794.00,61,41,12,181.50
2026-07,Limón Vaso,Bebida,ORDEN,603.00,,25375.00,25430.00,31,0,0,42.08
2024-05,Encremadas,Encremada,ORDEN,32.00,,4529.90,4535.00,27,19,2,141.56
2024-05,Orden de Guisado Normal,Guarnicion,ORDEN,5.00,,475.00,475.00,5,0,0,95.00
2026-04,Encremadas,Encremada,ORDEN,18.00,,3794.00,3794.00,15,15,0,210.78
2026-03,Bocoles Surtidos,Bocol,PIEZA,5.00,33.00,726.00,726.00,4,0,0,145.20
2026-05,Gorditas,Gordita,PIEZA,6203.00,6203.00,120197.00,120704.00,673,16,31,19.38
2024-10,Huevos a la Mexicana,Huevos,ORDEN,33.00,,3370.00,3370.00,18,0,0,102.12
2025-02,Enchiladas Mixtas,Enchilada,ORDEN,28.00,,4897.00,4897.00,27,20,0,174.89
2026-04,1/2 Entomatadas,Entomatada,ORDEN,134.00,,17033.00,17033.00,97,64,37,127.11
2025-10,Bocoles,Bocol,PIEZA,2008.00,2008.00,40540.00,40661.00,520,17,20,20.19
2026-02,Migada Guisado de Carne,Migada,PIEZA,225.00,225.00,33288.00,33432.00,209,0,159,147.95
2024-07,1/2 Empanadas (2 pzas.),Empanada,ORDEN,115.00,,8707.70,8869.00,108,9,44,75.72
2025-05,Tacos Maíz Surtidos,Taco,PIEZA,1.00,2.00,40.00,40.00,1,0,0,40.00
2026-05,1/2 Enfrijoladas,Enfrijolada,ORDEN,13.00,,1798.00,1798.00,13,11,8,138.31
2025-04,Plátano Frito,Otros,ORDEN,33.00,,1254.00,1254.00,26,0,0,38.00
2025-01,Jamaica Vaso,Bebida,ORDEN,374.00,,13121.00,13121.00,30,0,0,35.08
2024-02,Ciel 600 ml.,Bebida,ORDEN,25.00,,700.00,700.00,14,0,0,28.00
2026-07,Migada Guisado de Carne,Migada,PIEZA,257.00,257.00,38236.30,38255.00,242,2,177,148.78
2024-10,Zanahorias p/llevar,Otros,ORDEN,36.00,,36.00,36.00,18,0,0,1.00
2025-02,Salsa Roja,Guarnicion,ORDEN,48.00,,44.00,44.00,18,0,0,0.92
2024-10,Tacos de Maiz,Taco,PIEZA,924.00,924.00,16722.00,16722.00,347,9,4,18.10
2025-05,Huevo Estrellado 2 pzas.,Huevos,ORDEN,1.00,,35.00,35.00,1,0,0,35.00
2024-12,Migada Guisado de Carne,Migada,PIEZA,243.00,243.00,30574.00,30574.00,228,0,107,125.82
2025-05,Gorditas,Gordita,PIEZA,6279.00,6279.00,108150.00,108302.00,644,15,14,17.22
2025-11,Jamaica Vaso,Bebida,ORDEN,359.00,,13698.00,13698.00,27,0,0,38.16
2024-12,Gorditas de Azúcar,Gordita,PIEZA,26.00,26.00,910.00,910.00,15,0,0,35.00
2026-03,1/2 Empanadas (2 pzas.),Empanada,ORDEN,87.00,,8339.00,8339.00,86,19,30,95.85
2023-12,1/2 Enmoladas,Enmolada,ORDEN,42.00,,3734.00,3742.00,35,20,4,88.90
2026-03,Limón Vaso,Bebida,ORDEN,341.00,,14335.00,14335.00,27,0,0,42.04
2024-01,Té de Manzanilla,Bebida,ORDEN,6.00,,180.00,180.00,6,0,0,30.00
2026-04,Salsa Habanera,Guarnicion,ORDEN,4.00,,0.00,0.00,4,0,0,0.00
2024-01,Bocoles,Bocol,PIEZA,2217.00,2217.00,38446.95,38503.00,502,15,14,17.34
2024-08,Jamaica 1 Litro,Bebida,ORDEN,27.00,,1421.00,1421.00,16,0,0,52.63
2025-03,Pieza Huevo Estrellado Cocido,Huevos,ORDEN,22.00,,440.00,440.00,16,0,0,20.00
2024-04,Ciel 600 ml.,Bebida,ORDEN,43.00,,1204.00,1204.00,22,0,0,28.00
2024-04,Bocoles Surtidos,Bocol,PIEZA,14.00,63.00,1071.00,1071.00,11,0,0,76.50
2024-11,Pieza Extra Empanada,Empanada,ORDEN,6.00,,186.00,186.00,6,0,0,31.00
2024-08,Café Negro,Bebida,ORDEN,273.00,,8974.35,9009.00,35,0,0,32.87
2023-11,Pieza Encremada,Encremada,ORDEN,1.00,,20.00,20.00,1,0,0,20.00
2025-03,Pieza Tortilla de Maíz,Guarnicion,ORDEN,7.00,,35.00,35.00,4,0,0,5.00
2024-11,Bistec 1 Pza.,Otros,ORDEN,2.00,,170.00,170.00,2,0,0,85.00
2023-12,Refresco 355 ml.,Bebida,ORDEN,70.00,,2030.00,2030.00,28,0,0,29.00
2026-03,Gorditas Surtidas,Gordita,PIEZA,16.00,75.00,1425.00,1425.00,12,0,0,89.06
2024-08,Pieza Tortilla de Harina,Guarnicion,ORDEN,7.00,,35.00,35.00,4,0,0,5.00
2025-09,Huevos Rancheros,Huevos,ORDEN,44.00,,5060.00,5060.00,25,0,0,115.00
2023-08,Migada Guisado de Carne,Migada,PIEZA,39.00,39.00,4140.00,4140.00,34,0,8,106.15
2023-12,Enfrijoladas,Enfrijolada,ORDEN,19.00,,2312.90,2318.00,18,6,12,121.73
2025-09,Porción Ensalada,Guarnicion,ORDEN,5.00,,125.00,125.00,4,0,0,25.00
2023-12,Huevo Revuelto 2 pzas.,Huevos,ORDEN,2.00,,56.00,56.00,2,0,0,28.00
2024-04,Orden Huevos Revueltos,Huevos,ORDEN,5.00,,410.85,415.00,5,0,0,82.17
2025-04,1/2 Enfrijoladas,Enfrijolada,ORDEN,16.00,,1809.00,1809.00,15,8,8,113.06
2025-11,Huevos a la Mexicana,Huevos,ORDEN,49.00,,5635.00,5635.00,22,0,0,115.00
2024-12,Limón 1 Litro,Bebida,ORDEN,24.00,,1336.00,1336.00,16,0,0,55.67
2024-08,Pieza Encremada,Encremada,ORDEN,1.00,,55.00,55.00,1,1,0,55.00
2025-07,Fuze Tea,Bebida,ORDEN,16.00,,640.00,640.00,12,0,0,40.00
2026-06,Bisquet,Otros,ORDEN,155.00,,4650.00,4650.00,32,0,0,30.00
2025-01,Orden Huevos Estrellados,Huevos,ORDEN,12.00,,1200.00,1200.00,11,0,0,100.00
2026-09,Gorditas de Azúcar,Gordita,PIEZA,10.00,10.00,420.00,420.00,4,0,0,42.00
2023-10,Huevos a la Mexicana,Huevos,ORDEN,28.00,,2324.00,2324.00,17,0,0,83.00
2025-02,Orden Huevos Estrellados,Huevos,ORDEN,5.00,,530.00,530.00,5,0,0,106.00
2025-07,Salsa Roja,Guarnicion,ORDEN,36.00,,32.00,32.00,17,0,0,0.89
2026-03,Salsa Roja,Guarnicion,ORDEN,28.00,,0.00,0.00,12,0,0,0.00
2024-11,Pieza de Pan,Guarnicion,ORDEN,97.00,,2134.00,2134.00,30,0,0,22.00
2024-11,Huevos con Deshebrada,Huevos,ORDEN,14.00,,1596.00,1596.00,11,0,0,114.00
2023-12,Pieza Entomatada,Entomatada,ORDEN,1.00,,20.00,20.00,1,0,0,20.00
2026-05,Bisquet,Otros,ORDEN,144.00,,4290.00,4320.00,37,0,0,29.79
2023-12,Entomatadas,Entomatada,ORDEN,124.00,,18311.90,18317.00,90,73,18,147.68
2024-05,Limón 1 Litro,Bebida,ORDEN,76.00,,3616.00,3616.00,26,0,0,47.58
2025-09,Fuze Tea,Bebida,ORDEN,16.00,,640.00,640.00,9,0,0,40.00
2026-09,Gorditas Surtidas,Gordita,PIEZA,2.00,13.00,247.00,247.00,2,0,0,123.50
2023-08,Jamaica 1 Litro,Bebida,ORDEN,16.00,,833.45,860.00,8,0,0,52.09
2026-08,Horchata 1 Litro,Bebida,ORDEN,44.00,,3141.00,3141.00,22,0,0,71.39
2023-12,Pieza Enchilada Roja,Enchilada,ORDEN,1.00,,20.00,20.00,1,0,0,20.00
2025-05,Horchata Vaso,Bebida,ORDEN,154.00,,6061.00,6061.00,28,0,0,39.36
2024-06,Jamaica 1 Litro,Bebida,ORDEN,49.00,,2331.00,2331.00,22,0,0,47.57
2024-06,Pieza Huevo Estrellado Cocido,Huevos,ORDEN,14.00,,210.00,210.00,11,0,0,15.00
2024-09,1/2 Enchiladas Picositas,Enchilada,ORDEN,30.00,,3481.00,3481.00,28,20,1,116.03
2026-01,Orden Huevos Revueltos,Huevos,ORDEN,4.00,,460.00,460.00,2,0,0,115.00
2025-05,Pieza Huevo Estrellado Cocido,Huevos,ORDEN,9.00,,180.00,180.00,6,0,0,20.00
2026-07,Pieza de Pan Dulce,Guarnicion,ORDEN,133.00,,3724.00,3724.00,29,0,0,28.00
2023-12,Huevo Estrellado 2 pzas.,Huevos,ORDEN,7.00,,205.00,205.00,6,0,0,29.29
2024-08,1/2 Encremadas,Encremada,ORDEN,37.00,,3825.80,3834.00,31,16,2,103.40
2024-03,Salsa Roja,Guarnicion,ORDEN,8.00,,0.00,0.00,6,0,0,0.00
2024-01,Pieza Tortilla de Harina,Guarnicion,ORDEN,6.00,,18.00,18.00,2,0,0,3.00
2025-11,Horchata Vaso,Bebida,ORDEN,169.00,,6675.00,6675.00,30,0,0,39.50
2025-06,Zanahorias p/llevar,Otros,ORDEN,34.00,,32.00,32.00,16,0,0,0.94
2026-07,Jamaica 1 Litro,Bebida,ORDEN,29.00,,1819.00,1819.00,20,0,0,62.72
2025-03,Aguacate Extra,Otros,ORDEN,9.00,,135.00,135.00,7,0,0,15.00
2024-04,Pieza Enchilada Picosa,Enchilada,ORDEN,1.00,,20.00,20.00,1,0,0,20.00
2024-04,Porción Frijol con Queso,Guarnicion,ORDEN,7.00,,35.00,35.00,4,0,0,5.00
2024-08,Huevo Estrellado 2 pzas.,Huevos,ORDEN,2.00,,64.00,64.00,1,0,0,32.00
2025-05,Salsa Verde,Guarnicion,ORDEN,38.00,,25.00,25.00,18,0,0,0.66
2024-09,Huevo Estrellado 2 pzas.,Huevos,ORDEN,3.00,,96.00,96.00,2,0,0,32.00
2025-04,Pieza Tortilla de Harina,Guarnicion,ORDEN,5.00,,25.00,25.00,2,0,0,5.00
2024-09,Café Negro,Bebida,ORDEN,328.00,,10842.00,10842.00,33,0,0,33.05
2023-09,Migada Guisado de Carne,Migada,PIEZA,186.00,186.00,19617.60,19638.00,157,0,64,105.47
2024-02,Plátano Frito,Otros,ORDEN,23.00,,730.00,730.00,20,0,0,31.74
2026-04,Zanahorias p/llevar,Otros,ORDEN,12.00,,0.00,0.00,4,0,0,0.00
2025-08,Entomatadas,Entomatada,ORDEN,75.00,,14181.00,14181.00,62,42,21,189.08
2025-01,Porción Frijol con Queso,Guarnicion,ORDEN,8.00,,40.00,40.00,7,0,0,5.00
2026-09,Café con Leche,Bebida,ORDEN,157.00,,6594.00,6594.00,15,0,0,42.00
2025-04,Pieza Entomatada,Entomatada,ORDEN,2.00,,50.00,50.00,2,0,0,25.00
2026-03,Enchiladas Picositas,Enchilada,ORDEN,20.00,,3798.00,3798.00,20,15,3,189.90
2024-08,Orden de Guisado Normal,Guarnicion,ORDEN,17.00,,1938.00,1938.00,15,0,0,114.00
2025-09,Enfrijoladas,Enfrijolada,ORDEN,9.00,,1677.00,1677.00,8,6,1,186.33
2024-04,1/2 Entomatadas,Entomatada,ORDEN,96.00,,9920.00,9927.00,83,67,17,103.33
2025-03,Entomatadas,Entomatada,ORDEN,84.00,,16821.00,16821.00,70,60,22,200.25
2026-05,1/2 Entomatadas,Entomatada,ORDEN,140.00,,18040.00,18040.00,107,78,34,128.86
2026-08,1/2 Enmoladas,Enmolada,ORDEN,54.00,,7576.00,7576.00,46,32,9,140.30
2024-03,Jugo Naranja Vaso,Bebida,ORDEN,98.00,,3844.00,3844.00,25,0,0,39.22
2025-01,Porción Ensalada,Guarnicion,ORDEN,4.00,,100.00,100.00,3,0,0,25.00
2026-01,Bocoles Surtidos,Bocol,PIEZA,4.00,25.00,500.00,500.00,4,0,0,125.00
2024-11,Orden de Guisado de Carne,Guarnicion,ORDEN,7.00,,854.00,854.00,7,0,0,122.00
2025-04,Café con Leche,Bebida,ORDEN,967.00,,33883.00,33883.00,86,0,0,35.04
2026-07,Enchiladas Rojas,Enchilada,ORDEN,68.00,,12161.00,12161.00,60,38,18,178.84
2023-08,1/2 Quesadillas (2 pzas.),Quesadilla,ORDEN,10.00,,504.00,626.00,4,0,2,50.40
2025-04,Gorditas de Azúcar,Gordita,PIEZA,48.00,48.00,1824.00,1824.00,22,0,0,38.00
2026-05,Huevos a la Mexicana,Huevos,ORDEN,57.00,,6912.00,6912.00,24,0,0,121.26
2026-08,Refresco 355 ml.,Bebida,ORDEN,139.00,,4865.00,4865.00,49,0,0,35.00
2025-12,Huevo Revuelto 2 pzas.,Huevos,ORDEN,4.00,,140.00,140.00,3,0,0,35.00
2026-06,Pieza de Pan Dulce,Guarnicion,ORDEN,100.00,,2800.00,2800.00,24,0,0,28.00
2026-02,Huevo Estrellado 2 pzas.,Huevos,ORDEN,19.00,,665.00,665.00,15,0,0,35.00
2024-05,Huevos a la Mexicana,Huevos,ORDEN,45.00,,3810.00,3810.00,24,0,0,84.67
2023-08,Entomatadas,Entomatada,ORDEN,23.00,,3272.00,3272.00,19,12,5,142.26
2024-02,Horchata Vaso,Bebida,ORDEN,105.00,,3253.45,3255.00,25,0,0,30.99
2026-04,Gorditas,Gordita,PIEZA,6029.00,6029.00,116761.00,116951.00,661,13,18,19.37
2025-02,Huevos Rancheros,Huevos,ORDEN,30.00,,3466.00,3466.00,14,0,0,115.53
2025-02,Pieza Tortilla de Maíz,Guarnicion,ORDEN,8.00,,40.00,40.00,4,0,0,5.00
2025-02,Gorditas de Azúcar,Gordita,PIEZA,40.00,40.00,1448.00,1448.00,19,0,0,36.20
2024-09,Plátano Frito,Otros,ORDEN,41.00,,1394.00,1394.00,31,0,0,34.00
2024-04,1/2 Enfrijoladas,Enfrijolada,ORDEN,16.00,,1256.00,1256.00,16,6,8,78.50
2024-03,Ciel 600 ml.,Bebida,ORDEN,56.00,,1568.00,1568.00,23,0,0,28.00
2024-10,Huevo Revuelto 2 pzas.,Huevos,ORDEN,3.00,,96.00,96.00,3,0,0,32.00
2025-07,Entomatadas,Entomatada,ORDEN,64.00,,12095.00,12095.00,52,37,11,188.98
2025-05,Entomatadas,Entomatada,ORDEN,71.00,,12847.00,12847.00,57,38,15,180.94
2023-12,Limón 1 Litro,Bebida,ORDEN,48.00,,2316.15,2384.00,20,0,0,48.25
2023-10,Migada Guisado Normal,Migada,PIEZA,23.00,23.00,2266.65,2283.00,23,0,13,98.55
2025-07,1/2 Quesadillas (2 pzas.),Quesadilla,ORDEN,130.00,,10951.00,10951.00,60,4,42,84.24
2025-08,Pieza Enchilada Picosa,Enchilada,ORDEN,1.00,,25.00,25.00,1,0,0,25.00
2024-10,Aguacate Extra,Otros,ORDEN,5.00,,75.00,75.00,5,0,0,15.00
2024-12,1/2 Encremadas,Encremada,ORDEN,41.00,,4345.00,4345.00,36,19,1,105.98
2026-04,Porción Ensalada,Guarnicion,ORDEN,11.00,,275.00,275.00,9,0,0,25.00
2026-01,Huevo Revuelto 2 pzas.,Huevos,ORDEN,1.00,,35.00,35.00,1,0,0,35.00
2025-11,Orden de Guisado Normal,Guarnicion,ORDEN,12.00,,1380.00,1380.00,11,0,0,115.00
2026-07,Salsa Habanera,Guarnicion,ORDEN,11.00,,100.00,100.00,9,0,0,9.09
2026-02,Té de Manzanilla,Bebida,ORDEN,7.00,,231.00,231.00,6,0,0,33.00
2024-01,Tacos Maíz Surtidos,Taco,PIEZA,1.00,3.00,51.00,51.00,1,0,0,51.00
2024-06,Empanadas (4 pzas.),Empanada,ORDEN,177.00,,18798.70,18814.00,169,43,47,106.21
2023-11,Enmoladas,Enmolada,ORDEN,31.00,,4122.50,4129.00,26,13,3,132.98
2024-06,Encremadas,Encremada,ORDEN,34.00,,4718.00,4718.00,25,15,3,138.76
2025-03,Té de Manzanilla,Bebida,ORDEN,3.00,,99.00,99.00,3,0,0,33.00
2025-02,Bistec 1 Pza.,Otros,ORDEN,3.00,,272.00,272.00,2,0,0,90.67
2026-09,Huevo Estrellado 2 pzas.,Huevos,ORDEN,3.00,,105.00,105.00,1,0,0,35.00
2024-04,Limón Vaso,Bebida,ORDEN,250.00,,7783.80,7790.00,29,0,0,31.14
2024-04,Zanahorias p/llevar,Otros,ORDEN,13.00,,2.00,2.00,10,0,0,0.15
2024-02,1/2 Enchiladas Mixtas (4 Piezas),Enchilada,ORDEN,11.00,,1346.00,1346.00,11,11,0,122.36
2023-11,Quesadillas (4 pzas.),Quesadilla,ORDEN,138.00,,13669.00,13669.00,56,8,29,99.05
2024-05,Refresco 600 ml.,Bebida,ORDEN,574.00,,17392.50,17436.00,160,0,0,30.30
2023-10,1/2 Empanadas (2 pzas.),Empanada,ORDEN,45.00,,3240.70,3244.00,45,6,11,72.02
2024-07,Entomatadas,Entomatada,ORDEN,89.00,,13735.20,13748.00,74,49,25,154.33
2025-12,Gorditas de Azúcar,Gordita,PIEZA,35.00,35.00,1330.00,1330.00,21,0,0,38.00
2024-11,1/2 Enchiladas Rojas,Enchilada,ORDEN,159.00,,17165.00,17165.00,115,88,23,107.96
2025-09,Gorditas,Gordita,PIEZA,5949.00,5949.00,102633.00,102745.00,631,26,8,17.25
2025-07,Jamaica Vaso,Bebida,ORDEN,455.00,,17349.00,17349.00,30,0,0,38.13
2023-10,Té de Manzanilla,Bebida,ORDEN,3.00,,90.00,90.00,3,0,0,30.00
2024-04,Salsa Habanera,Guarnicion,ORDEN,32.00,,2.00,2.00,18,0,0,0.06
2024-11,Ciel 600 ml.,Bebida,ORDEN,49.00,,1519.00,1519.00,26,0,0,31.00
2025-12,Refresco 355 ml.,Bebida,ORDEN,83.00,,2656.00,2656.00,29,0,0,32.00
2024-03,Enchiladas Picositas,Enchilada,ORDEN,38.00,,5362.50,5382.00,30,20,5,141.12
2025-07,Bisquet,Otros,ORDEN,117.00,,3510.00,3510.00,30,0,0,30.00
2024-06,Pieza Huevo Estrellado Tierno,Huevos,ORDEN,15.00,,225.00,225.00,11,0,0,15.00
2026-09,Pieza Extra Quesadilla,Quesadilla,ORDEN,5.00,,175.00,175.00,3,0,0,35.00
2024-07,Enchiladas Rojas,Enchilada,ORDEN,119.00,,17993.50,18000.00,92,74,16,151.21
2025-03,Café Negro,Bebida,ORDEN,284.00,,9966.00,9966.00,39,0,0,35.09
2025-04,Salsa Habanera,Guarnicion,ORDEN,20.00,,15.00,15.00,13,0,0,0.75
2026-02,Besitos de Nuez,Postre,ORDEN,3.00,,87.00,87.00,3,0,0,29.00
2024-04,Empanadas (4 pzas.),Empanada,ORDEN,117.00,,12710.70,12726.00,113,23,36,108.64
2025-06,Entomatadas,Entomatada,ORDEN,59.00,,10994.00,10994.00,45,28,11,186.34
2025-04,Gorditas Surtidas,Gordita,PIEZA,17.00,87.00,1479.00,1479.00,16,0,0,87.00
2025-12,Gorditas Surtidas,Gordita,PIEZA,10.00,55.00,935.00,935.00,9,0,0,93.50
2025-03,1/2 Encremadas,Encremada,ORDEN,37.00,,4811.00,4811.00,29,19,1,130.03
2026-06,Pieza Enmolada,Enmolada,ORDEN,3.00,,90.00,90.00,3,0,0,30.00
2026-01,Limón Vaso,Bebida,ORDEN,417.00,,15969.00,15969.00,30,0,0,38.29
2026-04,Salsa Verde,Guarnicion,ORDEN,7.00,,0.00,0.00,5,0,0,0.00
2026-05,Huevos con Deshebrada,Huevos,ORDEN,66.00,,9074.00,9074.00,27,0,0,137.48
2025-11,Jamaica 1 Litro,Bebida,ORDEN,22.00,,1332.00,1332.00,14,0,0,60.55
2025-02,Bisquet,Otros,ORDEN,167.00,,4465.00,4465.00,33,0,0,26.74
2023-08,Gorditas Surtidas,Gordita,PIEZA,9.00,83.00,1245.00,1245.00,2,0,0,138.33
2024-01,1/2 Encremadas,Encremada,ORDEN,28.00,,3286.00,3286.00,25,18,0,117.36
2024-08,1/2 Entomatadas,Entomatada,ORDEN,181.00,,19670.00,19670.00,132,97,35,108.67
2025-05,Tacos Harina Surtidos,Taco,PIEZA,1.00,5.00,100.00,100.00,1,0,0,100.00
2025-12,Aguacate Extra,Otros,ORDEN,7.00,,105.00,105.00,5,0,0,15.00
2024-06,Plátano Frito,Otros,ORDEN,27.00,,810.00,810.00,22,0,0,30.00
2024-02,1/2 Entomatadas,Entomatada,ORDEN,115.00,,10818.70,10888.00,89,61,32,94.08
2026-05,Salsa Verde,Guarnicion,ORDEN,6.00,,0.00,0.00,5,0,0,0.00
2026-03,Té de Manzanilla,Bebida,ORDEN,4.00,,132.00,132.00,4,0,0,33.00
2024-01,Huevos a la Mexicana,Huevos,ORDEN,25.00,,2075.00,2075.00,15,0,0,83.00
2025-05,1/2 Entomatadas,Entomatada,ORDEN,92.00,,11744.00,11744.00,76,53,23,127.65
2026-03,Limón 1 Litro,Bebida,ORDEN,26.00,,1804.00,1804.00,14,0,0,69.38
2025-09,Bocoles Surtidos,Bocol,PIEZA,1.00,4.00,80.00,80.00,1,0,0,80.00
2023-10,Huevos Rancheros,Huevos,ORDEN,6.00,,570.00,570.00,6,0,0,95.00
2025-10,Migada Guisado de Carne,Migada,PIEZA,265.00,265.00,37838.00,37838.00,245,0,170,142.78
2025-02,1/2 Empanadas (2 pzas.),Empanada,ORDEN,55.00,,4607.00,4607.00,54,8,22,83.76
2024-02,PROMO 6 surtidas,Otros,ORDEN,35.00,,2940.00,2940.00,11,0,0,84.00
2025-01,Pieza Huevo Estrellado Ciego,Huevos,ORDEN,3.00,,54.00,54.00,3,0,0,18.00
2024-12,Refresco 600 ml.,Bebida,ORDEN,506.00,,17356.00,17356.00,159,0,0,34.30
2024-06,Tacos de Maiz,Taco,PIEZA,1174.00,1174.00,20370.00,20370.00,373,8,4,17.35
2023-12,Empanadas (4 pzas.),Empanada,ORDEN,113.00,,11862.90,11868.00,101,16,15,104.98
2024-09,Aguacate Extra,Otros,ORDEN,5.00,,75.00,75.00,5,0,0,15.00
2024-09,Pieza Extra Empanada,Empanada,ORDEN,4.00,,124.00,124.00,4,0,0,31.00
2024-06,1/2 Enchiladas Picositas,Enchilada,ORDEN,37.00,,3968.00,3982.00,35,30,4,107.24
2025-07,Bocoles Surtidos,Bocol,PIEZA,5.00,21.00,420.00,420.00,5,0,0,84.00
2024-01,Gorditas Surtidas,Gordita,PIEZA,28.00,140.00,2100.00,2100.00,19,0,0,75.00
2023-12,Bisquet,Otros,ORDEN,62.00,,1548.75,1550.00,22,0,0,24.98
2026-03,PROMO 6 surtidas,Otros,ORDEN,37.00,,3996.00,3996.00,9,0,0,108.00
2024-02,Limón Vaso,Bebida,ORDEN,252.00,,7819.45,7852.00,29,0,0,31.03
2024-08,Gorditas Surtidas,Gordita,PIEZA,19.00,92.00,1472.00,1472.00,17,0,0,77.47
2025-10,Huevos Rancheros,Huevos,ORDEN,32.00,,3689.00,3689.00,19,0,0,115.28
2026-05,1/2 Enmoladas,Enmolada,ORDEN,40.00,,4870.00,4870.00,37,18,3,121.75
2026-05,Pieza de Pan,Guarnicion,ORDEN,142.00,,3976.00,3976.00,28,0,0,28.00
2024-06,Fuze Tea,Bebida,ORDEN,5.00,,163.35,165.00,5,0,0,32.67
2024-01,Limón Vaso,Bebida,ORDEN,199.00,,6150.80,6219.00,28,0,0,30.91
2025-09,Orden de Guisado de Carne,Guarnicion,ORDEN,10.00,,1300.00,1300.00,8,0,0,130.00
2024-08,Orden Huevos Estrellados,Huevos,ORDEN,11.00,,1100.00,1100.00,10,0,0,100.00
2026-07,Aguacate Extra,Otros,ORDEN,13.00,,195.00,195.00,8,0,0,15.00
2025-02,1/2 Enchiladas Rojas,Enchilada,ORDEN,164.00,,17990.00,17990.00,113,82,43,109.70
2023-10,Enchiladas Rojas,Enchilada,ORDEN,103.00,,13793.90,13799.00,80,65,18,133.92
2025-05,Huevos a la Mexicana,Huevos,ORDEN,51.00,,5865.00,5865.00,25,0,0,115.00
2025-08,Pieza Tortilla de Maíz,Guarnicion,ORDEN,5.00,,25.00,25.00,2,0,0,5.00
2023-11,Orden Huevos Revueltos,Huevos,ORDEN,2.00,,166.00,166.00,2,0,0,83.00
2025-02,Huevo Revuelto 2 pzas.,Huevos,ORDEN,2.00,,64.00,64.00,2,0,0,32.00
2024-08,1/2 Quesadillas (2 pzas.),Quesadilla,ORDEN,118.00,,8966.00,8966.00,66,6,44,75.98
2026-08,Bocoles,Bocol,PIEZA,2321.00,2321.00,51827.00,51827.00,569,28,48,22.33
2025-11,Tacos Harina Surtidos,Taco,PIEZA,2.00,20.00,400.00,400.00,1,0,0,200.00
2024-02,Orden de Guisado Normal,Guarnicion,ORDEN,11.00,,1045.00,1045.00,11,0,0,95.00
2025-12,Tacos de Harina,Taco,PIEZA,1094.00,1094.00,21866.00,21866.00,346,10,2,19.99
2026-05,Porción Ensalada,Guarnicion,ORDEN,20.00,,500.00,500.00,14,0,0,25.00
2025-01,Encremadas,Encremada,ORDEN,26.00,,4575.00,4575.00,24,17,0,175.96
2025-11,Empanadas (4 pzas.),Empanada,ORDEN,137.00,,19916.00,19916.00,131,31,34,145.37
2024-11,Porción Frijol con Queso,Guarnicion,ORDEN,6.00,,30.00,30.00,5,0,0,5.00
2025-08,Gorditas,Gordita,PIEZA,6706.00,6706.00,115627.00,116179.00,688,31,16,17.24
2025-02,Pieza de Pan,Guarnicion,ORDEN,131.00,,2981.00,2981.00,25,0,0,22.76
2024-06,Pieza Huevo Estrellado Ciego,Huevos,ORDEN,1.00,,15.00,15.00,1,0,0,15.00
2025-12,1/2 Enchiladas Picositas,Enchilada,ORDEN,38.00,,4755.00,4755.00,36,27,6,125.13
2025-12,Encremadas,Encremada,ORDEN,30.00,,5040.00,5040.00,26,15,0,168.00
2026-07,Pieza Tortilla de Maíz,Guarnicion,ORDEN,11.00,,55.00,55.00,7,0,0,5.00
2026-06,1/2 Enchiladas Mixtas (4 Piezas),Enchilada,ORDEN,45.00,,7223.00,7223.00,45,28,13,160.51
2025-06,Pieza de Pan,Guarnicion,ORDEN,120.00,,3000.00,3000.00,28,0,0,25.00
2024-11,Plátano Frito,Otros,ORDEN,25.00,,850.00,850.00,22,0,0,34.00
2025-11,Salsa Habanera,Guarnicion,ORDEN,7.00,,3.00,3.00,7,0,0,0.43
2023-11,Bocoles Surtidos,Bocol,PIEZA,7.00,42.00,714.00,714.00,7,0,0,102.00
2026-02,Pieza Extra Empanada,Empanada,ORDEN,8.00,,309.00,309.00,8,1,0,38.63
2026-07,Pieza Huevo Estrellado Medio,Huevos,ORDEN,18.00,,360.00,360.00,11,0,0,20.00
2026-04,1/2 Enchiladas Picositas,Enchilada,ORDEN,33.00,,4252.00,4252.00,30,24,5,128.85
2026-04,Refresco 600 ml.,Bebida,ORDEN,503.00,,19680.00,19797.00,144,0,0,39.13
2026-04,Enfrijoladas,Enfrijolada,ORDEN,11.00,,2172.00,2172.00,11,9,7,197.45
2024-10,Huevos Rancheros,Huevos,ORDEN,28.00,,3292.00,3292.00,19,0,0,117.57
2025-03,Tacos de Maiz,Taco,PIEZA,990.00,990.00,20107.00,20107.00,325,5,2,20.31
2026-04,Orden de Guisado Normal,Guarnicion,ORDEN,16.00,,1920.00,1920.00,12,0,0,120.00
2023-08,Jugo Naranja Vaso,Bebida,ORDEN,1.00,,39.00,39.00,1,0,0,39.00
2025-12,Enchiladas Mixtas,Enchilada,ORDEN,45.00,,8175.00,8175.00,44,30,6,181.67
2024-12,1/2 Entomatadas,Entomatada,ORDEN,138.00,,15513.00,15513.00,99,69,36,112.41
2025-03,Quesadillas (4 pzas.),Quesadilla,ORDEN,151.00,,20505.00,20505.00,63,6,55,135.79
2024-12,Pieza Huevo Estrellado Tierno,Huevos,ORDEN,7.00,,126.00,126.00,7,0,0,18.00
2024-08,PROMO 6 surtidas,Otros,ORDEN,59.00,,5310.00,5310.00,10,0,0,90.00
2025-03,1/2 Entomatadas,Entomatada,ORDEN,106.00,,14051.00,14051.00,85,66,21,132.56
2025-09,Porción Frijol con Queso,Guarnicion,ORDEN,13.00,,65.00,65.00,11,0,0,5.00
2024-02,Huevos a la Mexicana,Huevos,ORDEN,29.00,,2407.00,2407.00,18,0,0,83.00
2025-02,Pieza Huevo Estrellado Tierno,Huevos,ORDEN,6.00,,112.00,112.00,4,0,0,18.67
2025-07,Enchiladas Picositas,Enchilada,ORDEN,30.00,,5472.00,5472.00,27,19,5,182.40
2023-10,1/2 Encremadas,Encremada,ORDEN,20.00,,1827.70,1831.00,16,7,0,91.39
2025-03,Huevos Rancheros,Huevos,ORDEN,23.00,,2663.00,2663.00,17,0,0,115.78
2024-06,1/2 Enfrijoladas,Enfrijolada,ORDEN,27.00,,2236.00,2243.00,23,15,8,82.81
2026-03,Huevo Estrellado 2 pzas.,Huevos,ORDEN,15.00,,525.00,525.00,14,0,0,35.00
2025-05,Zanahorias p/llevar,Otros,ORDEN,47.00,,41.00,41.00,18,0,0,0.87
2025-09,Bocoles,Bocol,PIEZA,2064.00,2064.00,41633.00,41828.00,507,22,12,20.17
2024-02,Café Negro,Bebida,ORDEN,197.00,,5910.00,5910.00,28,0,0,30.00
2024-02,Fuze Tea,Bebida,ORDEN,1.00,,33.00,33.00,1,0,0,33.00
2024-07,Gorditas,Gordita,PIEZA,6208.00,6208.00,97628.20,98203.20,684,24,22,15.73
2024-07,Fuze Tea,Bebida,ORDEN,1.00,,37.00,37.00,1,0,0,37.00
2025-03,Huevo Estrellado 2 pzas.,Huevos,ORDEN,1.00,,35.00,35.00,1,0,0,35.00
2026-04,Refresco 355 ml.,Bebida,ORDEN,104.00,,3640.00,3640.00,42,0,0,35.00
2025-08,Tacos de Harina,Taco,PIEZA,957.00,957.00,19454.00,19678.00,323,14,2,20.33
2024-03,Horchata Vaso,Bebida,ORDEN,141.00,,4396.35,4401.00,27,0,0,31.18
2026-05,Enchiladas Picositas,Enchilada,ORDEN,24.00,,4943.00,4943.00,23,20,4,205.96
2024-06,Orden Huevos Revueltos,Huevos,ORDEN,6.00,,498.00,498.00,3,0,0,83.00
2024-10,1/2 Enfrijoladas,Enfrijolada,ORDEN,22.00,,2270.00,2270.00,20,13,3,103.18
2024-08,Migada Guisado de Carne,Migada,PIEZA,280.00,280.00,35106.00,35106.00,256,2,90,125.38
2025-04,Pieza Extra Empanada,Empanada,ORDEN,3.00,,105.00,105.00,3,0,0,35.00
2025-05,Orden de Guisado de Carne,Guarnicion,ORDEN,6.00,,780.00,780.00,6,0,0,130.00
2025-03,Orden Huevos Revueltos,Huevos,ORDEN,4.00,,460.00,460.00,4,0,0,115.00
2026-05,Huevo Estrellado 2 pzas.,Huevos,ORDEN,24.00,,840.00,840.00,14,0,0,35.00
2025-11,Encremadas,Encremada,ORDEN,20.00,,3418.00,3418.00,18,9,1,170.90
2024-01,Bocoles Surtidos,Bocol,PIEZA,1.00,10.00,170.00,170.00,1,0,0,170.00
2026-07,Pieza Encremada,Encremada,ORDEN,3.00,,192.00,192.00,3,1,0,64.00
2025-08,Pieza Entomatada,Entomatada,ORDEN,1.00,,25.00,25.00,1,0,0,25.00
2023-11,Tacos de Harina,Taco,PIEZA,729.00,729.00,12753.35,12779.00,284,4,0,17.49
2024-02,Empanadas (4 pzas.),Empanada,ORDEN,107.00,,11419.00,11419.00,101,22,20,106.72
2025-09,Salsa Verde,Guarnicion,ORDEN,11.00,,5.00,5.00,9,0,0,0.45
2025-07,Pieza de Pan,Guarnicion,ORDEN,183.00,,4575.00,4575.00,29,0,0,25.00
2025-10,Porción Leche,Guarnicion,ORDEN,1.00,,15.00,15.00,1,0,0,15.00
2026-07,1/2 Empanadas (2 pzas.),Empanada,ORDEN,118.00,,11193.00,11193.00,111,13,32,94.86
2026-04,Quesadillas (4 pzas.),Quesadilla,ORDEN,133.00,,18893.00,19066.00,53,4,34,142.05
2024-05,Jugo Naranja 1 Litro,Bebida,ORDEN,19.00,,1494.00,1502.00,13,0,0,78.63
2025-03,Salsa Roja,Guarnicion,ORDEN,36.00,,31.00,31.00,17,0,0,0.86
2024-09,Enchiladas Mixtas,Enchilada,ORDEN,34.00,,6208.00,6208.00,34,27,3,182.59
2023-09,Jamaica Vaso,Bebida,ORDEN,294.00,,9152.45,9154.00,30,0,0,31.13
2025-06,Aguacate Extra,Otros,ORDEN,3.00,,45.00,45.00,3,0,0,15.00
2025-05,Encremadas,Encremada,ORDEN,36.00,,6698.00,6698.00,30,19,5,186.06
2025-05,Pieza Huevo Estrellado Medio,Huevos,ORDEN,11.00,,220.00,220.00,8,0,0,20.00
2024-02,1/2 Enchiladas Rojas,Enchilada,ORDEN,132.00,,12564.00,12564.00,98,75,29,95.18
2026-08,Limón 1 Litro,Bebida,ORDEN,23.00,,1483.00,1483.00,14,0,0,64.48
2025-12,Café con Leche,Bebida,ORDEN,1275.00,,44673.00,44673.00,90,0,0,35.04
2026-06,Bistec 1 Pza.,Otros,ORDEN,7.00,,714.00,714.00,5,0,0,102.00
2026-04,1/2 Quesadillas (2 pzas.),Quesadilla,ORDEN,147.00,,12924.00,13096.00,75,10,55,87.92
2024-05,Pieza Encremada,Encremada,ORDEN,2.00,,68.00,68.00,2,1,0,34.00
2026-08,Tacos de Maiz,Taco,PIEZA,1144.00,1144.00,25500.00,25500.00,398,17,12,22.29
2023-12,Bistec 1 Pza.,Otros,ORDEN,1.00,,74.00,74.00,1,0,0,74.00
2026-01,Horchata Vaso,Bebida,ORDEN,133.00,,5219.00,5219.00,28,0,0,39.24
2025-01,Zanahorias p/llevar,Otros,ORDEN,71.00,,52.00,52.00,23,0,0,0.73
2025-05,1/2 Enchiladas Rojas,Enchilada,ORDEN,137.00,,17125.00,17125.00,99,72,28,125.00
2023-12,Ciel 600 ml.,Bebida,ORDEN,63.00,,1764.00,1764.00,25,0,0,28.00
2025-05,Refresco 600 ml.,Bebida,ORDEN,475.00,,17294.00,17294.00,164,0,0,36.41
2025-01,Enmoladas,Enmolada,ORDEN,26.00,,4050.00,4050.00,23,12,7,155.77
2026-01,Pieza Huevo Estrellado Ciego,Huevos,ORDEN,2.00,,40.00,40.00,1,0,0,20.00
2024-10,Pieza Huevo Estrellado Ciego,Huevos,ORDEN,2.00,,36.00,36.00,2,0,0,18.00
2026-03,Enchiladas Mixtas,Enchilada,ORDEN,36.00,,7488.00,7488.00,35,31,10,208.00
2024-05,Enchiladas Picositas,Enchilada,ORDEN,33.00,,4904.00,4904.00,30,22,10,148.61
2026-09,Pieza Huevo Estrellado Tierno,Huevos,ORDEN,3.00,,60.00,60.00,2,0,0,20.00
2026-05,Migada Guisado Normal,Migada,PIEZA,27.00,27.00,3711.00,3711.00,27,0,11,137.44
2025-06,Tacos Maíz Surtidos,Taco,PIEZA,3.00,18.00,360.00,360.00,3,0,0,120.00
2024-11,Pieza Huevo Estrellado Cocido,Huevos,ORDEN,12.00,,216.00,216.00,10,0,0,18.00
2025-04,Horchata Vaso,Bebida,ORDEN,181.00,,7132.00,7132.00,30,0,0,39.40
2026-09,1/2 Enfrijoladas,Enfrijolada,ORDEN,5.00,,548.00,548.00,4,2,0,109.60
2024-01,Enchiladas Picositas,Enchilada,ORDEN,39.00,,5824.00,5824.00,37,30,2,149.33
2025-04,Enchiladas Mixtas,Enchilada,ORDEN,35.00,,6285.00,6285.00,33,21,2,179.57
2026-07,Café con Leche,Bebida,ORDEN,1063.00,,44698.00,44698.00,88,0,0,42.05
2024-08,Ciel 600 ml.,Bebida,ORDEN,40.00,,1240.00,1240.00,21,0,0,31.00
2024-11,Horchata Vaso,Bebida,ORDEN,178.00,,6360.00,6360.00,30,0,0,35.73
2025-10,Tacos de Maiz,Taco,PIEZA,919.00,919.00,18526.00,18646.00,340,5,1,20.16
2026-08,Orden de Guisado de Carne,Guarnicion,ORDEN,10.00,,1350.00,1350.00,10,11,0,135.00
2026-09,Migada Guisado Normal,Migada,PIEZA,5.00,5.00,665.00,665.00,5,0,8,133.00
2026-07,1/2 Encremadas,Encremada,ORDEN,41.00,,5408.00,5408.00,33,19,0,131.90
2024-10,Bocoles,Bocol,PIEZA,2187.00,2187.00,39499.00,39499.00,554,21,38,18.06
2024-04,Jamaica 1 Litro,Bebida,ORDEN,46.00,,2196.00,2196.00,20,0,0,47.74
2024-05,Plátano Frito,Otros,ORDEN,31.00,,930.00,930.00,25,0,0,30.00
2025-04,Bistec 1 Pza.,Otros,ORDEN,4.00,,408.00,408.00,3,0,0,102.00
2024-03,Plátano Frito,Otros,ORDEN,31.00,,927.00,930.00,24,0,0,29.90
2024-02,Enchiladas Rojas,Enchilada,ORDEN,103.00,,14045.50,14052.00,82,59,18,136.36
2026-06,Té de Manzanilla,Bebida,ORDEN,3.00,,99.00,99.00,3,0,0,33.00
2023-10,Jugo Naranja 1 Litro,Bebida,ORDEN,17.00,,1003.00,1003.00,10,0,0,59.00
2026-02,Refresco 600 ml.,Bebida,ORDEN,381.00,,15027.00,15027.00,126,0,0,39.44
2023-12,Migada Guisado de Carne,Migada,PIEZA,321.00,321.00,33508.50,33624.00,279,1,90,104.39
2024-03,1/2 Quesadillas (2 pzas.),Quesadilla,ORDEN,124.00,,7986.00,7986.00,59,5,40,64.40
2024-03,Refresco 600 ml.,Bebida,ORDEN,387.00,,11716.50,11763.00,148,0,0,30.28
2025-04,Limón Vaso,Bebida,ORDEN,483.00,,18382.00,18382.00,30,0,0,38.06
2023-11,Enchiladas Mixtas,Enchilada,ORDEN,24.00,,3178.00,3178.00,24,14,2,132.42
2025-06,Gorditas Surtidas,Gordita,PIEZA,26.00,137.00,2329.00,2329.00,16,0,0,89.58
2026-07,Huevo Revuelto 2 pzas.,Huevos,ORDEN,6.00,,210.00,210.00,5,0,0,35.00
2023-10,Gorditas Surtidas,Gordita,PIEZA,28.00,140.00,2100.00,2100.00,24,0,0,75.00
2025-01,Tacos de Maiz,Taco,PIEZA,1108.00,1108.00,20240.00,20240.00,359,18,1,18.27
2023-09,Quesadillas (4 pzas.),Quesadilla,ORDEN,116.00,,11779.00,11779.00,58,12,31,101.54
2025-03,Jugo Naranja Vaso,Bebida,ORDEN,3.00,,240.00,240.00,1,0,0,80.00
2026-08,Pieza Huevo Estrellado Medio,Huevos,ORDEN,15.00,,300.00,300.00,14,0,0,20.00
2024-02,Jamaica 1 Litro,Bebida,ORDEN,42.00,,1939.58,2170.00,19,0,0,46.18
2025-08,Orden Huevos Revueltos,Huevos,ORDEN,7.00,,805.00,805.00,5,0,0,115.00
2025-04,Quesadillas (4 pzas.),Quesadilla,ORDEN,167.00,,22166.00,22336.00,66,2,59,132.73
2024-09,Horchata Vaso,Bebida,ORDEN,177.00,,6221.00,6221.00,29,0,0,35.15
2026-08,Topo Chico 600 ml.,Bebida,ORDEN,26.00,,1014.00,1014.00,19,0,0,39.00
2025-08,Zanahorias p/llevar,Otros,ORDEN,30.00,,24.00,24.00,18,0,0,0.80
2026-02,Pieza Enchilada Roja,Enchilada,ORDEN,1.00,,30.00,30.00,1,0,0,30.00
2025-07,Enmoladas,Enmolada,ORDEN,21.00,,3582.00,3582.00,19,12,4,170.57
2025-05,1/2 Encremadas,Encremada,ORDEN,42.00,,5427.00,5427.00,36,24,3,129.21
2026-05,Pieza Tortilla de Harina,Guarnicion,ORDEN,12.00,,60.00,60.00,6,0,0,5.00
2025-01,Porción Leche,Guarnicion,ORDEN,1.00,,15.00,15.00,1,0,0,15.00
2024-12,Huevo Revuelto 2 pzas.,Huevos,ORDEN,4.00,,128.00,128.00,3,0,0,32.00
2025-01,Pieza Tortilla de Maíz,Guarnicion,ORDEN,17.00,,85.00,85.00,6,0,0,5.00
2025-08,Pieza Enchilada Roja,Enchilada,ORDEN,3.00,,75.00,75.00,3,0,0,25.00
2024-09,Pieza Extra Quesadilla,Quesadilla,ORDEN,2.00,,56.00,56.00,2,0,0,28.00
2024-05,Enmoladas,Enmolada,ORDEN,37.00,,5352.00,5352.00,36,24,9,144.65
2024-10,Refresco 355 ml.,Bebida,ORDEN,99.00,,3168.00,3168.00,30,0,0,32.00
2024-09,Salsa Habanera,Guarnicion,ORDEN,26.00,,19.00,19.00,15,0,0,0.73
2023-12,Enchiladas Rojas,Enchilada,ORDEN,121.00,,16770.80,16781.00,97,85,18,138.60
2025-01,Migada Guisado de Carne,Migada,PIEZA,219.00,219.00,27287.00,27531.00,199,0,101,124.60
2026-06,Pieza Enchilada Roja,Enchilada,ORDEN,2.00,,60.00,60.00,2,0,0,30.00
2024-07,Orden Huevos Revueltos,Huevos,ORDEN,1.00,,100.00,100.00,1,0,0,100.00
2023-11,Migada Guisado de Carne,Migada,PIEZA,217.00,217.00,22771.80,22800.00,195,0,60,104.94
2026-02,Porción Ensalada,Guarnicion,ORDEN,6.00,,150.00,150.00,6,0,0,25.00
2023-08,Gorditas,Gordita,PIEZA,1590.00,1590.00,24080.75,24352.00,223,9,1,15.15
2025-09,1/2 Entomatadas,Entomatada,ORDEN,115.00,,14961.00,14961.00,91,68,41,130.10
2025-03,Pieza Entomatada,Entomatada,ORDEN,4.00,,100.00,100.00,3,0,0,25.00
2026-09,Zanahorias p/llevar,Otros,ORDEN,1.00,,10.00,10.00,1,0,0,10.00
2024-03,Tacos de Maiz,Taco,PIEZA,880.00,880.00,14998.75,15056.00,308,5,0,17.04
2024-09,Brownie Oreo,Postre,ORDEN,12.00,,540.00,540.00,7,0,0,45.00
2024-08,Enchiladas Picositas,Enchilada,ORDEN,18.00,,2868.00,2868.00,18,11,4,159.33
2025-10,Enfrijoladas,Enfrijolada,ORDEN,8.00,,1228.00,1228.00,8,3,3,153.50
2025-06,Pieza Huevo Estrellado Ciego,Huevos,ORDEN,7.00,,140.00,140.00,5,0,0,20.00
2024-05,1/2 Quesadillas (2 pzas.),Quesadilla,ORDEN,124.00,,7876.95,7880.00,60,4,32,63.52
2025-10,Limón 1 Litro,Bebida,ORDEN,18.00,,1168.00,1168.00,12,0,0,64.89
2024-10,Enmoladas,Enmolada,ORDEN,39.00,,6111.00,6111.00,28,14,1,156.69
2026-01,Refresco 600 ml.,Bebida,ORDEN,363.00,,13164.00,13164.00,133,0,0,36.26
2026-03,Salsa Habanera,Guarnicion,ORDEN,6.00,,0.00,0.00,5,0,0,0.00
2026-09,Enchiladas Mixtas,Enchilada,ORDEN,4.00,,658.00,658.00,3,2,0,164.50
2026-01,Enchiladas Picositas,Enchilada,ORDEN,29.00,,5104.00,5104.00,28,24,2,176.00
2023-09,Tacos de Harina,Taco,PIEZA,739.00,739.00,13066.60,13135.00,291,9,1,17.68
2024-11,Tacos de Maiz,Taco,PIEZA,957.00,957.00,17233.50,17233.50,329,2,3,18.01
2024-09,Gorditas,Gordita,PIEZA,6214.00,6214.00,99626.90,99626.90,641,27,5,16.03
2024-03,Orden de Guisado de Carne,Guarnicion,ORDEN,13.00,,1356.00,1356.00,12,0,0,104.31
2025-06,1/2 Enmoladas,Enmolada,ORDEN,49.00,,6251.00,6251.00,41,28,8,127.57
2025-02,Orden Huevos Revueltos,Huevos,ORDEN,2.00,,230.00,230.00,1,0,0,115.00
2025-02,Refresco 600 ml.,Bebida,ORDEN,320.00,,11211.20,11213.00,127,0,0,35.04
2024-06,Aguacate Extra,Otros,ORDEN,2.00,,30.00,30.00,2,0,0,15.00
2025-10,Té de Manzanilla,Bebida,ORDEN,2.00,,66.00,66.00,2,0,0,33.00
2026-05,Pieza Tortilla de Maíz,Guarnicion,ORDEN,18.00,,90.00,90.00,8,0,0,5.00
2025-07,Aguacate Extra,Otros,ORDEN,5.00,,75.00,75.00,4,0,0,15.00
2024-12,Pieza Tortilla de Harina,Guarnicion,ORDEN,3.00,,15.00,15.00,2,0,0,5.00
2024-04,Huevos Rancheros,Huevos,ORDEN,22.00,,2109.50,2119.00,13,0,0,95.89
2026-07,Horchata Vaso,Bebida,ORDEN,187.00,,7864.00,7919.00,31,0,0,42.05
2024-04,1/2 Quesadillas (2 pzas.),Quesadilla,ORDEN,82.00,,5118.00,5118.00,50,2,28,62.41
2025-04,Encremadas,Encremada,ORDEN,10.00,,1796.00,1796.00,10,6,1,179.60
2026-06,Aguacate Extra,Otros,ORDEN,10.00,,150.00,150.00,5,0,0,15.00
2023-08,PROMO 6 surtidas,Otros,ORDEN,26.00,,2184.00,2184.00,4,0,0,84.00
2025-11,Migada Guisado Normal,Migada,PIEZA,20.00,20.00,2740.00,2740.00,19,0,7,137.00
2024-03,Salsa Habanera,Guarnicion,ORDEN,15.00,,0.00,0.00,10,0,0,0.00
2026-04,Orden Huevos Estrellados,Huevos,ORDEN,9.00,,1080.00,1080.00,8,0,0,120.00
2025-05,Café Negro,Bebida,ORDEN,261.00,,9135.00,9135.00,38,0,0,35.00
2026-07,Huevos a la Mexicana,Huevos,ORDEN,54.00,,6516.00,6516.00,25,0,0,120.67
2026-02,Pieza de Pan,Guarnicion,ORDEN,122.00,,3416.00,3416.00,27,0,0,28.00
2025-11,Refresco 355 ml.,Bebida,ORDEN,86.00,,2752.00,2752.00,28,0,0,32.00
2025-10,1/2 Encremadas,Encremada,ORDEN,22.00,,3076.00,3076.00,21,15,0,139.82
2026-08,Enchiladas Rojas,Enchilada,ORDEN,67.00,,12610.00,12610.00,60,43,14,188.21
2024-12,1/2 Empanadas (2 pzas.),Empanada,ORDEN,89.00,,7100.00,7100.00,86,10,24,79.78
2024-07,Huevos Rancheros,Huevos,ORDEN,32.00,,3430.00,3430.00,17,0,0,107.19
2026-07,Zanahorias p/llevar,Otros,ORDEN,35.00,,310.00,310.00,15,0,0,8.86
2025-06,Pieza Huevo Estrellado Cocido,Huevos,ORDEN,14.00,,280.00,280.00,12,0,0,20.00
2023-12,Pieza Extra Quesadilla,Quesadilla,ORDEN,5.00,,115.00,115.00,5,0,0,23.00
2025-08,Bocoles Surtidos,Bocol,PIEZA,6.00,19.00,380.00,380.00,5,0,0,63.33
2024-02,Orden de Guisado de Carne,Guarnicion,ORDEN,11.00,,1122.00,1122.00,11,0,0,102.00
2025-09,1/2 Enmoladas,Enmolada,ORDEN,53.00,,6496.00,6496.00,42,26,5,122.57
2023-11,Limón 1 Litro,Bebida,ORDEN,50.00,,2470.30,2488.00,25,0,0,49.41
2024-09,Pieza Huevo Estrellado Tierno,Huevos,ORDEN,1.00,,18.00,18.00,1,0,0,18.00
2026-08,Horchata Vaso,Bebida,ORDEN,209.00,,8869.00,8869.00,31,0,0,42.44
2025-02,Huevos a la Mexicana,Huevos,ORDEN,42.00,,4486.00,4486.00,18,0,0,106.81
2024-11,Entomatadas,Entomatada,ORDEN,65.00,,10342.00,10342.00,56,41,22,159.11
2024-07,Refresco 600 ml.,Bebida,ORDEN,619.00,,20392.70,20472.00,179,0,0,32.94
2026-06,Enfrijoladas,Enfrijolada,ORDEN,12.00,,2284.00,2284.00,12,10,3,190.33
2023-08,Refresco 355 ml.,Bebida,ORDEN,33.00,,957.00,957.00,10,0,0,29.00
2026-03,Empanadas (4 pzas.),Empanada,ORDEN,125.00,,18727.00,18871.00,121,31,36,149.82
2025-07,1/2 Empanadas (2 pzas.),Empanada,ORDEN,88.00,,7923.00,7923.00,82,7,20,90.03
2025-12,Pieza Huevo Estrellado Ciego,Huevos,ORDEN,9.00,,180.00,180.00,6,0,0,20.00
2025-10,Bocoles Surtidos,Bocol,PIEZA,2.00,9.00,180.00,180.00,2,0,0,90.00
2024-05,Salsa Habanera,Guarnicion,ORDEN,19.00,,4.00,4.00,14,0,0,0.21
2025-10,Pieza Huevo Estrellado Medio,Huevos,ORDEN,6.00,,120.00,120.00,6,0,0,20.00
2024-11,Gorditas de Azúcar,Gordita,PIEZA,28.00,28.00,980.00,980.00,15,0,0,35.00
2023-10,Café Negro,Bebida,ORDEN,165.00,,4950.00,4959.00,31,0,0,30.00
2023-09,Limón 1 Litro,Bebida,ORDEN,59.00,,2839.75,2893.00,25,0,0,48.13
2026-06,Café Negro,Bebida,ORDEN,362.00,,15204.00,15204.00,34,0,0,42.00
2026-03,Guisado Infantil,Otros,ORDEN,11.00,,418.00,418.00,10,0,0,38.00
2026-09,Bocoles,Bocol,PIEZA,232.00,232.00,5184.00,5184.00,72,3,2,22.34
2026-05,Guisado Infantil,Otros,ORDEN,4.00,,152.00,152.00,4,0,0,38.00
2026-07,Empanadas (4 pzas.),Empanada,ORDEN,110.00,,16530.65,16540.00,110,33,34,150.28
2026-02,Huevos Rancheros,Huevos,ORDEN,34.00,,4080.00,4080.00,20,0,0,120.00
2024-07,1/2 Enchiladas Rojas,Enchilada,ORDEN,173.00,,17551.45,17684.00,120,85,25,101.45
2024-12,Salsa Roja,Guarnicion,ORDEN,59.00,,47.00,47.00,20,0,0,0.80
2023-10,1/2 Enchiladas Picositas,Enchilada,ORDEN,26.00,,2792.30,2797.00,24,18,2,107.40
2023-12,Enchiladas Picositas,Enchilada,ORDEN,51.00,,7244.00,7244.00,40,30,3,142.04
2024-08,1/2 Enmoladas,Enmolada,ORDEN,46.00,,4904.00,4904.00,37,21,4,106.61
2024-02,Pieza Tortilla de Maíz,Guarnicion,ORDEN,20.00,,60.00,60.00,7,0,0,3.00
2025-04,Pieza Huevo Estrellado Medio,Huevos,ORDEN,21.00,,420.00,420.00,12,0,0,20.00
2025-01,Refresco 600 ml.,Bebida,ORDEN,386.00,,13216.00,13216.00,150,0,0,34.24
2026-08,Huevo Estrellado 2 pzas.,Huevos,ORDEN,16.00,,560.00,560.00,15,0,0,35.00
2025-12,Orden de Guisado Normal,Guarnicion,ORDEN,21.00,,2415.00,2415.00,17,0,0,115.00
2025-02,Encremadas,Encremada,ORDEN,26.00,,4275.00,4275.00,19,9,1,164.42
2024-07,Tacos de Maiz,Taco,PIEZA,1009.00,1009.00,17844.05,17962.00,371,5,7,17.68
2025-05,1/2 Quesadillas (2 pzas.),Quesadilla,ORDEN,123.00,,10437.00,10437.00,67,6,48,84.85
2023-12,Limón Vaso,Bebida,ORDEN,301.00,,9343.80,9381.00,31,0,0,31.04
2025-09,Pieza Tortilla de Harina,Guarnicion,ORDEN,12.00,,60.00,60.00,4,0,0,5.00
2024-04,Tacos de Maiz,Taco,PIEZA,790.00,790.00,13485.75,13490.00,290,2,2,17.07
2026-09,Huevos Rancheros,Huevos,ORDEN,12.00,,1440.00,1440.00,4,0,0,120.00
2025-07,Quesadillas (4 pzas.),Quesadilla,ORDEN,122.00,,16448.00,16448.00,59,3,48,134.82
2025-06,Enchiladas Picositas,Enchilada,ORDEN,30.00,,5859.00,5859.00,28,23,9,195.30
2023-11,Orden de Guisado de Carne,Guarnicion,ORDEN,12.00,,1224.00,1224.00,11,0,0,102.00
2026-02,Enchiladas Mixtas,Enchilada,ORDEN,31.00,,6535.00,6535.00,31,30,1,210.81
2024-04,Enchiladas Picositas,Enchilada,ORDEN,36.00,,5010.50,5017.00,34,24,3,139.18
2024-08,Tacos Harina Surtidos,Taco,PIEZA,1.00,4.00,72.00,72.00,1,0,0,72.00
2025-04,Huevos Rancheros,Huevos,ORDEN,24.00,,2769.00,2769.00,13,0,0,115.38
2023-12,Tacos de Harina,Taco,PIEZA,1037.00,1037.00,18086.55,18197.00,324,1,3,17.44
2024-10,Pieza Tortilla de Harina,Guarnicion,ORDEN,3.00,,15.00,15.00,1,0,0,5.00
2024-11,Porción Ensalada,Guarnicion,ORDEN,1.00,,25.00,25.00,1,0,0,25.00
2025-08,Fuze Tea,Bebida,ORDEN,15.00,,600.00,600.00,11,0,0,40.00
2024-08,Brownie Oreo,Postre,ORDEN,51.00,,2295.00,2295.00,23,0,0,45.00
2026-06,1/2 Enfrijoladas,Enfrijolada,ORDEN,32.00,,3970.00,3970.00,27,13,10,124.06
2024-08,1/2 Enchiladas Picositas,Enchilada,ORDEN,42.00,,4853.05,4857.00,35,27,2,115.55
2024-11,Migada Guisado de Carne,Migada,PIEZA,252.00,252.00,32028.00,32028.00,233,3,102,127.10
2023-09,Pieza Tortilla de Maíz,Guarnicion,ORDEN,6.00,,18.00,18.00,3,0,0,3.00
2025-04,Pieza Tortilla de Maíz,Guarnicion,ORDEN,8.00,,40.00,40.00,4,0,0,5.00
2024-12,Orden de Guisado de Carne,Guarnicion,ORDEN,5.00,,610.00,610.00,5,0,0,122.00
2026-01,Pieza Enmolada,Enmolada,ORDEN,3.00,,75.00,75.00,2,0,0,25.00
2025-12,Entomatadas,Entomatada,ORDEN,81.00,,14732.00,14732.00,62,43,14,181.88
2025-07,Orden Huevos Revueltos,Huevos,ORDEN,2.00,,230.00,230.00,2,0,0,115.00
2024-03,Enchiladas Rojas,Enchilada,ORDEN,130.00,,17230.40,17261.00,93,69,34,132.54
2025-07,Enchiladas Mixtas,Enchilada,ORDEN,36.00,,6912.00,6912.00,36,26,7,192.00
2025-12,Zanahorias p/llevar,Otros,ORDEN,37.00,,3.00,3.00,15,0,0,0.08
2024-05,Pieza Huevo Estrellado Cocido,Huevos,ORDEN,17.00,,255.00,255.00,9,0,0,15.00
2025-12,Enchiladas Picositas,Enchilada,ORDEN,41.00,,7918.00,7918.00,34,26,3,193.12
2024-02,Horchata 1 Litro,Bebida,ORDEN,39.00,,2260.00,2315.00,17,0,0,57.95
2026-06,Horchata 1 Litro,Bebida,ORDEN,46.00,,3300.00,3300.00,19,0,0,71.74
2026-06,1/2 Enchiladas Rojas,Enchilada,ORDEN,167.00,,21027.00,21027.00,131,93,51,125.91
2024-03,Pieza Enmolada,Enmolada,ORDEN,1.00,,20.00,20.00,1,0,0,20.00
2025-05,Limón 1 Litro,Bebida,ORDEN,28.00,,1657.00,1657.00,17,0,0,59.18
2024-05,Tacos de Harina,Taco,PIEZA,809.00,809.00,14226.70,14264.70,306,7,7,17.59
2023-10,Orden de Guisado de Carne,Guarnicion,ORDEN,4.00,,408.00,408.00,3,0,0,102.00
2026-05,Té de Manzanilla,Bebida,ORDEN,4.00,,132.00,132.00,4,0,0,33.00
2025-06,Gorditas,Gordita,PIEZA,6371.00,6371.00,110145.00,110400.00,630,14,14,17.29
2023-09,Enfrijoladas,Enfrijolada,ORDEN,8.00,,872.00,872.00,7,2,2,109.00
2026-07,Limón 1 Litro,Bebida,ORDEN,28.00,,1814.00,1814.00,16,0,0,64.79
2026-06,Empanadas (4 pzas.),Empanada,ORDEN,123.00,,18465.00,18465.00,123,34,40,150.12
2025-10,Entomatadas,Entomatada,ORDEN,65.00,,12312.00,12312.00,60,44,17,189.42
2024-04,Plátano Frito,Otros,ORDEN,21.00,,627.00,630.00,18,0,0,29.86
2024-01,Quesadillas (4 pzas.),Quesadilla,ORDEN,154.00,,15022.35,15027.00,68,10,42,97.55
2024-10,Gorditas Surtidas,Gordita,PIEZA,39.00,238.00,3808.00,3808.00,24,0,0,97.64
2024-10,Empanadas (4 pzas.),Empanada,ORDEN,130.00,,17231.00,17231.00,127,33,50,132.55
2025-01,Salsa Roja,Guarnicion,ORDEN,47.00,,42.00,42.00,21,0,0,0.89
2024-08,Limón Vaso,Bebida,ORDEN,572.00,,20195.00,20195.00,30,0,0,35.31
2025-03,Tacos de Harina,Taco,PIEZA,690.00,690.00,14174.00,14174.00,264,6,2,20.54
2025-03,Jamaica 1 Litro,Bebida,ORDEN,22.00,,1258.00,1258.00,17,0,0,57.18
2026-09,1/2 Enchiladas Picositas,Enchilada,ORDEN,5.00,,685.00,685.00,5,4,0,137.00
2024-02,1/2 Encremadas,Encremada,ORDEN,25.00,,2221.00,2221.00,23,13,2,88.84
2024-12,Ciel 600 ml.,Bebida,ORDEN,42.00,,1302.00,1302.00,21,0,0,31.00
2026-02,1/2 Enfrijoladas,Enfrijolada,ORDEN,17.00,,2341.00,2341.00,17,11,3,137.71
2025-10,Encremadas,Encremada,ORDEN,19.00,,3284.00,3284.00,16,8,0,172.84
2025-10,Salsa Verde,Guarnicion,ORDEN,6.00,,1.00,1.00,6,0,0,0.17
2026-04,Bocoles,Bocol,PIEZA,2212.00,2212.00,49636.00,49711.00,526,16,20,22.44
2025-05,Horchata 1 Litro,Bebida,ORDEN,46.00,,3214.00,3214.00,21,0,0,69.87
2025-05,Enchiladas Picositas,Enchilada,ORDEN,35.00,,6564.00,6564.00,32,23,5,187.54
2026-03,Gorditas de Azúcar,Gordita,PIEZA,33.00,33.00,1386.00,1386.00,21,0,0,42.00
2026-05,Zanahorias p/llevar,Otros,ORDEN,3.00,,0.00,0.00,1,0,0,0.00
2024-07,Enchiladas Mixtas,Enchilada,ORDEN,34.00,,5397.00,5397.00,33,23,5,158.74
2024-09,Bocoles Surtidos,Bocol,PIEZA,4.00,14.00,252.00,252.00,3,0,0,63.00
2024-12,Bistec 1 Pza.,Otros,ORDEN,2.00,,170.00,170.00,2,0,0,85.00
2026-02,Jamaica 1 Litro,Bebida,ORDEN,15.00,,993.00,993.00,9,0,0,66.20
2026-01,1/2 Encremadas,Encremada,ORDEN,25.00,,3511.00,3511.00,24,18,1,140.44
2024-09,Huevos con Deshebrada,Huevos,ORDEN,25.00,,2850.00,2850.00,16,0,0,114.00
2026-01,Enchiladas Mixtas,Enchilada,ORDEN,44.00,,8276.00,8276.00,43,35,3,188.09
2026-01,Quesadillas (4 pzas.),Quesadilla,ORDEN,148.00,,18740.00,18740.00,64,5,43,126.62
2025-10,1/2 Entomatadas,Entomatada,ORDEN,106.00,,13252.00,13252.00,80,58,26,125.02
2026-04,Migada Guisado Normal,Migada,PIEZA,28.00,28.00,3844.00,3844.00,28,0,18,137.29
2025-04,1/2 Empanadas (2 pzas.),Empanada,ORDEN,85.00,,7733.00,7733.00,78,15,25,90.98
2026-07,Tacos de Maiz,Taco,PIEZA,1015.00,1015.00,22700.25,22709.00,349,15,3,22.36
2024-03,Pieza Extra Empanada,Empanada,ORDEN,2.00,,52.00,52.00,2,0,0,26.00
2026-04,Horchata Vaso,Bebida,ORDEN,141.00,,5948.00,5948.00,30,0,0,42.18
2025-09,Jamaica 1 Litro,Bebida,ORDEN,20.00,,1180.00,1180.00,13,0,0,59.00
2026-03,Pieza Huevo Estrellado Tierno,Huevos,ORDEN,11.00,,220.00,220.00,7,0,0,20.00
2024-11,Orden Huevos Revueltos,Huevos,ORDEN,2.00,,200.00,200.00,2,0,0,100.00
2024-04,Jamaica Vaso,Bebida,ORDEN,235.00,,7297.25,7305.00,30,0,0,31.05
2023-09,Entomatadas,Entomatada,ORDEN,87.00,,12646.00,12646.00,64,48,13,145.36
2024-09,Huevos Rancheros,Huevos,ORDEN,22.00,,2558.00,2558.00,18,0,0,116.27
2025-10,Orden Huevos Revueltos,Huevos,ORDEN,2.00,,270.00,270.00,2,0,0,135.00
2025-01,Empanadas (4 pzas.),Empanada,ORDEN,139.00,,17905.00,17905.00,132,36,30,128.81
2025-11,Huevo Estrellado 2 pzas.,Huevos,ORDEN,3.00,,105.00,105.00,2,0,0,35.00
2025-07,Huevo Estrellado 2 pzas.,Huevos,ORDEN,6.00,,210.00,210.00,5,0,0,35.00
2025-03,Migada Guisado de Carne,Migada,PIEZA,251.00,251.00,35474.00,35474.00,232,3,95,141.33
2023-09,Huevos Rancheros,Huevos,ORDEN,5.00,,475.00,475.00,4,0,0,95.00
2023-11,1/2 Enchiladas Rojas,Enchilada,ORDEN,117.00,,10804.60,10814.00,88,63,14,92.35
2024-07,Pieza Huevo Estrellado Ciego,Huevos,ORDEN,2.00,,33.00,33.00,2,0,0,16.50
2025-02,Salsa Verde,Guarnicion,ORDEN,47.00,,30.00,30.00,20,0,0,0.64
2023-10,Entomatadas,Entomatada,ORDEN,77.00,,11179.00,11179.00,60,46,14,145.18
2026-04,Pieza Enmolada,Enmolada,ORDEN,1.00,,30.00,30.00,1,0,0,30.00
2026-07,Horchata 1 Litro,Bebida,ORDEN,65.00,,4590.00,4590.00,22,0,0,70.62
2025-02,1/2 Enchiladas Picositas,Enchilada,ORDEN,23.00,,3009.00,3009.00,22,16,1,130.83
2024-09,Tacos de Maiz,Taco,PIEZA,1129.00,1129.00,20359.00,20359.00,363,5,2,18.03
2023-11,Entomatadas,Entomatada,ORDEN,61.00,,8750.00,8750.00,49,35,13,143.44
2026-09,Pieza Huevo Estrellado Medio,Huevos,ORDEN,5.00,,100.00,100.00,4,0,0,20.00
2025-12,Bocoles Surtidos,Bocol,PIEZA,3.00,18.00,360.00,360.00,3,0,0,120.00
2025-04,Enfrijoladas,Enfrijolada,ORDEN,13.00,,2505.00,2505.00,13,8,15,192.69
2024-12,Enmoladas,Enmolada,ORDEN,26.00,,4300.00,4300.00,24,14,6,165.38
2025-12,Huevos con Deshebrada,Huevos,ORDEN,35.00,,4550.00,4550.00,16,0,0,130.00
2025-07,Limón 1 Litro,Bebida,ORDEN,42.00,,2778.00,2778.00,23,0,0,66.14
2025-05,Bocoles Surtidos,Bocol,PIEZA,6.00,23.00,460.00,460.00,6,0,0,76.67
2025-05,Gorditas Surtidas,Gordita,PIEZA,20.00,90.00,1530.00,1530.00,16,0,0,76.50
2026-07,Jamaica Vaso,Bebida,ORDEN,534.00,,22493.00,22493.00,30,0,0,42.12
2026-07,Huevo Estrellado 2 pzas.,Huevos,ORDEN,13.00,,455.00,455.00,12,0,0,35.00
2024-07,Jugo Naranja 1 Litro,Bebida,ORDEN,1.00,,0.00,77.00,1,0,0,0.00
2025-09,Huevos con Deshebrada,Huevos,ORDEN,38.00,,5030.00,5030.00,20,0,0,132.37
2025-07,Gorditas,Gordita,PIEZA,6263.00,6263.00,107868.00,108157.00,670,23,26,17.22
2024-12,1/2 Enmoladas,Enmolada,ORDEN,52.00,,5601.00,5601.00,39,25,7,107.71
2025-12,Migada Guisado de Carne,Migada,PIEZA,285.00,285.00,38430.00,38430.00,264,1,145,134.84
2023-09,Jamaica 1 Litro,Bebida,ORDEN,64.00,,3062.65,3118.00,26,0,0,47.85
2025-03,Limón 1 Litro,Bebida,ORDEN,23.00,,1314.00,1314.00,14,0,0,57.13
2025-01,Gorditas Surtidas,Gordita,PIEZA,20.00,99.00,1584.00,1584.00,17,0,0,79.20
2026-02,Bocoles Surtidos,Bocol,PIEZA,1.00,10.00,220.00,220.00,1,0,0,220.00
2025-06,Porción Frijol con Queso,Guarnicion,ORDEN,5.00,,25.00,25.00,5,0,0,5.00
2024-03,Gorditas,Gordita,PIEZA,5039.00,5039.00,76231.80,76451.00,606,4,9,15.13
2026-04,Orden de Guisado de Carne,Guarnicion,ORDEN,7.00,,945.00,945.00,5,0,0,135.00
2026-05,Horchata 1 Litro,Bebida,ORDEN,42.00,,3024.00,3024.00,20,0,0,72.00
2025-12,Enmoladas,Enmolada,ORDEN,41.00,,7064.00,7064.00,28,15,5,172.29
2026-01,Pieza Entomatada,Entomatada,ORDEN,1.00,,25.00,25.00,1,0,0,25.00
2024-06,Gorditas Surtidas,Gordita,PIEZA,24.00,129.00,1935.00,1935.00,16,0,0,80.63
2025-07,Huevos Rancheros,Huevos,ORDEN,31.00,,3574.00,3574.00,20,0,0,115.29
2025-01,Bistec 1 Pza.,Otros,ORDEN,1.00,,85.00,85.00,1,0,0,85.00
2026-05,Orden de Guisado de Carne,Guarnicion,ORDEN,8.00,,1080.00,1080.00,7,6,0,135.00
2023-12,Refresco 600 ml.,Bebida,ORDEN,461.00,,13939.50,13947.00,164,0,0,30.24
2025-09,PROMO 6 surtidas,Otros,ORDEN,43.00,,3990.00,4085.00,10,0,0,92.79
2023-09,Limón Vaso,Bebida,ORDEN,271.00,,8439.45,8441.00,30,0,0,31.14
2025-03,Huevo Revuelto 2 pzas.,Huevos,ORDEN,5.00,,175.00,175.00,4,0,0,35.00
2026-07,Bocoles Surtidos,Bocol,PIEZA,3.00,15.00,330.00,330.00,2,0,0,110.00
2024-10,Plátano Frito,Otros,ORDEN,37.00,,1258.00,1258.00,30,0,0,34.00
2024-10,Salsa Roja,Guarnicion,ORDEN,25.00,,25.00,25.00,16,0,0,1.00
2024-04,Pieza Enchilada Roja,Enchilada,ORDEN,1.00,,20.00,20.00,1,0,0,20.00
2025-10,Refresco 355 ml.,Bebida,ORDEN,89.00,,2848.00,2848.00,28,0,0,32.00
2025-01,Huevos a la Mexicana,Huevos,ORDEN,41.00,,4170.00,4170.00,20,0,0,101.71
2026-05,Huevos Rancheros,Huevos,ORDEN,42.00,,5076.00,5076.00,23,0,0,120.86
2025-02,Orden de Guisado de Carne,Guarnicion,ORDEN,2.00,,244.00,244.00,2,0,0,122.00
2025-02,Migada Guisado Normal,Migada,PIEZA,31.00,31.00,3759.00,3759.00,29,2,5,121.26
2025-06,Pieza Entomatada,Entomatada,ORDEN,1.00,,25.00,25.00,1,0,0,25.00
2024-12,1/2 Enchiladas Rojas,Enchilada,ORDEN,198.00,,21668.00,21668.00,131,103,44,109.43
2025-11,Fuze Tea,Bebida,ORDEN,17.00,,680.00,680.00,13,0,0,40.00
2026-02,Bistec 1 Pza.,Otros,ORDEN,14.00,,1428.00,1428.00,9,0,0,102.00
2025-11,Zanahorias p/llevar,Otros,ORDEN,23.00,,16.00,16.00,12,0,0,0.70
2026-04,Limón Vaso,Bebida,ORDEN,478.00,,20015.00,20141.00,29,0,0,41.87
2026-07,1/2 Enmoladas,Enmolada,ORDEN,68.00,,8699.00,8699.00,53,34,11,127.93
2024-02,1/2 Enchiladas Picositas,Enchilada,ORDEN,35.00,,3354.00,3354.00,34,23,10,95.83
2025-02,Huevo Estrellado 2 pzas.,Huevos,ORDEN,1.00,,35.00,35.00,1,0,0,35.00
2025-11,Pieza Tortilla de Harina,Guarnicion,ORDEN,2.00,,10.00,10.00,1,0,0,5.00
2026-08,Pieza Extra Quesadilla,Quesadilla,ORDEN,14.00,,490.00,490.00,10,0,0,35.00
2024-08,Café con Leche,Bebida,ORDEN,797.00,,26297.70,26367.00,54,0,0,33.00
2025-09,1/2 Quesadillas (2 pzas.),Quesadilla,ORDEN,127.00,,11262.00,11262.00,81,14,50,88.68
2025-07,Salsa Verde,Guarnicion,ORDEN,32.00,,28.00,28.00,16,0,0,0.88
2023-09,Gorditas Surtidas,Gordita,PIEZA,34.00,210.00,3150.00,3150.00,25,0,0,92.65
2026-08,Porción Ensalada,Guarnicion,ORDEN,9.00,,225.00,225.00,7,0,0,25.00
2026-07,PROMO 6 surtidas,Otros,ORDEN,58.00,,6264.00,6264.00,9,0,0,108.00
2026-06,Pieza Enchilada Picosa,Enchilada,ORDEN,1.00,,30.00,30.00,1,0,0,30.00
2025-08,Pieza Huevo Estrellado Cocido,Huevos,ORDEN,17.00,,340.00,340.00,11,0,0,20.00
2024-11,Salsa Verde,Guarnicion,ORDEN,27.00,,24.00,24.00,16,0,0,0.89
2023-08,Orden de Guisado Normal,Guarnicion,ORDEN,1.00,,95.00,95.00,1,0,0,95.00
2024-04,1/2 Empanadas (2 pzas.),Empanada,ORDEN,73.00,,4991.40,4998.00,66,2,34,68.38
2025-04,1/2 Entomatadas,Entomatada,ORDEN,141.00,,17167.00,17167.00,104,66,52,121.75
2025-07,Tacos de Maiz,Taco,PIEZA,936.00,936.00,18950.00,18950.00,341,11,4,20.25
2025-03,1/2 Empanadas (2 pzas.),Empanada,ORDEN,87.00,,7963.00,7963.00,85,13,42,91.53
2025-07,Porción Frijol con Queso,Guarnicion,ORDEN,10.00,,50.00,50.00,8,0,0,5.00
2025-11,1/2 Enchiladas Mixtas (4 Piezas),Enchilada,ORDEN,25.00,,3940.00,3940.00,24,15,3,157.60
2023-12,Huevos Rancheros,Huevos,ORDEN,16.00,,1520.00,1520.00,12,0,0,95.00
2026-06,Entomatadas,Entomatada,ORDEN,69.00,,13338.00,13720.00,52,37,14,193.30
2025-12,Pieza Extra Quesadilla,Quesadilla,ORDEN,10.00,,320.00,320.00,7,0,0,32.00
2025-09,1/2 Enfrijoladas,Enfrijolada,ORDEN,19.00,,2308.00,2308.00,16,10,4,121.47
2025-03,Pieza Extra Quesadilla,Quesadilla,ORDEN,8.00,,256.00,256.00,7,0,0,32.00
2025-06,Pieza Extra Empanada,Empanada,ORDEN,1.00,,40.00,40.00,1,1,0,40.00
2023-12,Jamaica Vaso,Bebida,ORDEN,294.00,,9116.25,9124.00,31,0,0,31.01
2024-01,Café Negro,Bebida,ORDEN,220.00,,6598.50,6600.00,30,0,0,29.99
2026-07,Pieza Huevo Estrellado Cocido,Huevos,ORDEN,18.00,,360.00,360.00,13,0,0,20.00
2024-03,1/2 Enmoladas,Enmolada,ORDEN,38.00,,3545.40,3552.00,34,20,7,93.30
2026-04,Pieza Extra Quesadilla,Quesadilla,ORDEN,3.00,,105.00,105.00,3,0,0,35.00
2026-03,Pieza Extra Empanada,Empanada,ORDEN,4.00,,157.00,157.00,4,1,0,39.25
2023-10,Enmoladas,Enmolada,ORDEN,29.00,,4130.50,4137.00,26,18,1,142.43
2024-02,Gorditas Surtidas,Gordita,PIEZA,24.00,124.00,1620.00,1860.00,21,0,0,67.50
2025-06,Enfrijoladas,Enfrijolada,ORDEN,10.00,,1715.00,1715.00,10,5,1,171.50
2026-03,Pieza Extra Quesadilla,Quesadilla,ORDEN,14.00,,490.00,490.00,10,0,0,35.00
2024-06,Café con Leche,Bebida,ORDEN,624.00,,18804.00,18819.00,58,0,0,30.13
2026-07,Entomatadas,Entomatada,ORDEN,68.00,,13267.00,13267.00,56,43,16,195.10
2024-11,Tacos de Harina,Taco,PIEZA,807.00,807.00,14637.70,14638.60,322,10,5,18.14
2025-01,1/2 Empanadas (2 pzas.),Empanada,ORDEN,79.00,,6435.00,6435.00,73,8,14,81.46
2025-02,Bocoles Surtidos,Bocol,PIEZA,1.00,5.00,90.00,90.00,1,0,0,90.00
2025-06,Fuze Tea,Bebida,ORDEN,21.00,,840.00,840.00,12,0,0,40.00
2024-04,Limón 1 Litro,Bebida,ORDEN,54.00,,2761.50,2766.00,24,0,0,51.14
2025-07,Porción Ensalada,Guarnicion,ORDEN,2.00,,50.00,50.00,2,0,0,25.00
2024-05,1/2 Enchiladas Rojas,Enchilada,ORDEN,170.00,,15809.60,15826.00,126,87,30,93.00
2025-02,Enmoladas,Enmolada,ORDEN,25.00,,3949.00,3949.00,23,13,2,157.96
2025-01,Huevos con Deshebrada,Huevos,ORDEN,21.00,,2434.00,2434.00,12,0,0,115.90
2023-08,Huevos Rancheros,Huevos,ORDEN,1.00,,0.00,95.00,1,0,0,0.00
2024-03,10 Lts. Agua Fresca de Sabor,Bebida,ORDEN,2.00,,400.00,400.00,1,0,0,200.00
2025-07,Pieza Tortilla de Harina,Guarnicion,ORDEN,6.00,,30.00,30.00,3,0,0,5.00
2026-04,Pieza Huevo Estrellado Ciego,Huevos,ORDEN,5.00,,100.00,100.00,5,0,0,20.00
2025-08,Tacos de Maiz,Taco,PIEZA,984.00,984.00,19959.00,19959.00,324,8,3,20.28
2024-05,Jugo Naranja Vaso,Bebida,ORDEN,108.00,,5385.00,5400.00,22,0,0,49.86
2025-06,Horchata Vaso,Bebida,ORDEN,161.00,,6335.00,6335.00,30,0,0,39.35
2023-11,Jugo Naranja Vaso,Bebida,ORDEN,70.00,,2728.05,2730.00,22,0,0,38.97
2024-12,1/2 Enfrijoladas,Enfrijolada,ORDEN,16.00,,1460.00,1460.00,14,5,6,91.25
2024-09,Bisquet,Otros,ORDEN,100.00,,2500.00,2500.00,34,0,0,25.00
2025-09,Té de Manzanilla,Bebida,ORDEN,4.00,,132.00,132.00,4,0,0,33.00
2023-10,Pieza Extra Empanada,Empanada,ORDEN,1.00,,26.00,26.00,1,0,0,26.00
2025-07,Horchata Vaso,Bebida,ORDEN,168.00,,6566.00,6566.00,31,0,0,39.08
2025-11,Aguacate Extra,Otros,ORDEN,7.00,,105.00,105.00,6,0,0,15.00
2025-02,1/2 Enmoladas,Enmolada,ORDEN,41.00,,5157.00,5157.00,33,19,5,125.78
2024-06,Pieza Enchilada Roja,Enchilada,ORDEN,3.00,,60.00,60.00,3,0,0,20.00
2023-08,Migada Guisado Normal,Migada,PIEZA,11.00,11.00,1103.00,1103.00,11,0,4,100.27
2024-01,1/2 Entomatadas,Entomatada,ORDEN,86.00,,8634.00,8634.00,66,43,10,100.40
2025-03,Gorditas Surtidas,Gordita,PIEZA,22.00,137.00,2329.00,2329.00,17,0,0,105.86
2026-07,Orden de Guisado de Carne,Guarnicion,ORDEN,8.00,,1121.00,1121.00,8,9,0,140.13
2023-12,Gorditas,Gordita,PIEZA,5974.00,5974.00,91191.20,91400.00,629,17,6,15.26
2024-02,Té de Manzanilla,Bebida,ORDEN,5.00,,150.00,150.00,5,0,0,30.00
2024-09,Migada Guisado de Carne,Migada,PIEZA,236.00,236.00,30209.00,30209.00,208,1,65,128.00
2026-02,Gorditas,Gordita,PIEZA,5083.00,5083.00,99001.00,99096.00,594,16,33,19.48
2025-04,Salsa Roja,Guarnicion,ORDEN,48.00,,45.00,45.00,17,0,0,0.94
2026-03,Pieza Tortilla de Maíz,Guarnicion,ORDEN,8.00,,40.00,40.00,5,0,0,5.00
2024-10,Enchiladas Rojas,Enchilada,ORDEN,78.00,,12089.00,12089.00,67,51,20,154.99
2025-10,Orden de Guisado Normal,Guarnicion,ORDEN,9.00,,1035.00,1035.00,9,0,0,115.00
2024-01,Empanadas (4 pzas.),Empanada,ORDEN,99.00,,10362.90,10368.00,98,22,22,104.68
2024-06,1/2 Encremadas,Encremada,ORDEN,37.00,,3898.00,3898.00,35,22,2,105.35
2025-04,Tacos de Maiz,Taco,PIEZA,1075.00,1075.00,21685.00,21905.00,341,6,3,20.17
2025-02,Pieza Extra Quesadilla,Quesadilla,ORDEN,3.00,,88.00,88.00,3,0,0,29.33
2026-06,Bocoles Surtidos,Bocol,PIEZA,1.00,5.00,110.00,110.00,1,0,0,110.00
2024-06,Huevos a la Mexicana,Huevos,ORDEN,45.00,,3780.85,3785.00,22,0,0,84.02
2026-05,1/2 Enchiladas Picositas,Enchilada,ORDEN,46.00,,6146.00,6146.00,41,32,8,133.61
2026-03,Pieza Huevo Estrellado Ciego,Huevos,ORDEN,2.00,,40.00,40.00,2,0,0,20.00
2025-04,Café Negro,Bebida,ORDEN,273.00,,9555.00,9555.00,39,0,0,35.00
2026-09,1/2 Entomatadas,Entomatada,ORDEN,29.00,,3621.00,3621.00,27,17,17,124.86
2026-07,Refresco 600 ml.,Bebida,ORDEN,461.00,,17991.00,17991.00,147,0,0,39.03
2026-04,1/2 Enchiladas Mixtas (4 Piezas),Enchilada,ORDEN,31.00,,5100.00,5100.00,31,22,8,164.52
2024-07,Té de Manzanilla,Bebida,ORDEN,10.00,,321.00,321.00,6,0,0,32.10
2026-09,Huevo Revuelto 2 pzas.,Huevos,ORDEN,2.00,,70.00,70.00,2,0,0,35.00
2026-01,1/2 Enchiladas Rojas,Enchilada,ORDEN,177.00,,22420.00,22420.00,132,97,54,126.67
2023-09,Horchata Vaso,Bebida,ORDEN,74.00,,2312.45,2314.00,20,0,0,31.25
2024-05,Pieza Extra Quesadilla,Quesadilla,ORDEN,4.00,,92.00,92.00,4,0,0,23.00
2024-06,Enchiladas Rojas,Enchilada,ORDEN,144.00,,20365.70,20381.00,109,96,24,141.43
2024-05,1/2 Empanadas (2 pzas.),Empanada,ORDEN,107.00,,7235.00,7235.00,102,15,14,67.62
2025-07,Gorditas Surtidas,Gordita,PIEZA,58.00,270.00,4590.00,4590.00,19,0,0,79.14
2024-03,Porción Frijol con Queso,Guarnicion,ORDEN,2.00,,10.00,10.00,2,0,0,5.00
2026-08,Pieza Tortilla de Maíz,Guarnicion,ORDEN,19.00,,95.00,95.00,8,0,0,5.00
2025-02,1/2 Quesadillas (2 pzas.),Quesadilla,ORDEN,118.00,,9727.00,9727.00,67,11,46,82.43
2025-10,Aguacate Extra,Otros,ORDEN,3.00,,45.00,45.00,3,0,0,15.00
2023-08,Enchiladas Rojas,Enchilada,ORDEN,8.00,,1315.00,1315.00,7,4,0,164.38
2026-01,1/2 Enchiladas Picositas,Enchilada,ORDEN,31.00,,4188.00,4188.00,29,19,6,135.10
2026-01,Pieza Enchilada Picosa,Enchilada,ORDEN,1.00,,25.00,25.00,1,0,0,25.00
2025-12,Té de Manzanilla,Bebida,ORDEN,8.00,,264.00,264.00,6,0,0,33.00
2025-04,PROMO 6 surtidas,Otros,ORDEN,84.00,,7980.00,7980.00,17,0,0,95.00
2026-07,Café Negro,Bebida,ORDEN,384.00,,16154.00,16154.00,34,0,0,42.07
2024-01,Plátano Frito,Otros,ORDEN,33.00,,1030.00,1030.00,29,0,0,31.21
2025-12,Salsa Verde,Guarnicion,ORDEN,14.00,,0.00,0.00,5,0,0,0.00
2026-06,1/2 Enmoladas,Enmolada,ORDEN,44.00,,5752.00,5752.00,37,22,7,130.73
2025-03,Enfrijoladas,Enfrijolada,ORDEN,12.00,,2040.00,2040.00,11,6,4,170.00
2025-08,1/2 Entomatadas,Entomatada,ORDEN,136.00,,17208.00,17208.00,112,80,45,126.53
2025-04,Orden Huevos Revueltos,Huevos,ORDEN,3.00,,345.00,345.00,2,0,0,115.00
2024-02,Zanahorias p/llevar,Otros,ORDEN,1.00,,0.00,0.00,1,0,0,0.00
2024-12,Orden Huevos Revueltos,Huevos,ORDEN,5.00,,500.00,500.00,5,0,0,100.00
2026-08,Café con Leche,Bebida,ORDEN,1006.00,,42356.00,42356.00,72,0,0,42.10
2024-11,Café Negro,Bebida,ORDEN,319.00,,10525.35,10527.00,34,0,0,32.99
2026-07,Orden de Guisado Normal,Guarnicion,ORDEN,23.00,,2760.00,2760.00,22,22,0,120.00
2025-10,Huevos con Deshebrada,Huevos,ORDEN,39.00,,5070.00,5070.00,19,0,0,130.00
2025-08,Bisquet,Otros,ORDEN,147.00,,4410.00,4410.00,30,0,0,30.00
2023-10,Fuze Tea,Bebida,ORDEN,8.00,,274.00,274.00,6,0,0,34.25
2025-06,Horchata 1 Litro,Bebida,ORDEN,38.00,,2672.00,2672.00,18,0,0,70.32
2025-02,Huevos con Deshebrada,Huevos,ORDEN,19.00,,2246.00,2246.00,13,0,0,118.21
2024-05,Migada Guisado de Carne,Migada,PIEZA,280.00,280.00,29300.70,29316.00,245,1,120,104.65
2024-12,Tacos Harina Surtidos,Taco,PIEZA,1.00,3.00,54.00,54.00,1,0,0,54.00
2024-06,Bocoles,Bocol,PIEZA,2302.00,2302.00,40135.55,40146.60,505,20,23,17.44
2025-09,Panqué de Elote,Postre,ORDEN,1.00,,30.00,30.00,1,0,0,30.00
2023-12,Quesadillas (4 pzas.),Quesadilla,ORDEN,213.00,,21094.05,21108.00,95,15,82,99.03
2024-12,Pieza Huevo Estrellado Ciego,Huevos,ORDEN,1.00,,18.00,18.00,1,0,0,18.00
2025-08,Orden Huevos Estrellados,Huevos,ORDEN,14.00,,1610.00,1610.00,11,0,0,115.00
2025-06,1/2 Empanadas (2 pzas.),Empanada,ORDEN,83.00,,7570.00,7570.00,79,16,26,91.20
2025-01,Horchata Vaso,Bebida,ORDEN,126.00,,4488.00,4488.00,26,0,0,35.62
2024-09,Tacos de Harina,Taco,PIEZA,691.00,691.00,12538.00,12538.00,276,9,0,18.14
2025-07,1/2 Encremadas,Encremada,ORDEN,29.00,,3836.00,3836.00,26,14,5,132.28
2023-10,Limón Vaso,Bebida,ORDEN,283.00,,8793.00,8793.00,30,0,0,31.07
2024-03,1/2 Enfrijoladas,Enfrijolada,ORDEN,24.00,,1974.00,1974.00,20,9,7,82.25
2024-09,Huevo Revuelto 2 pzas.,Huevos,ORDEN,1.00,,32.00,32.00,1,0,0,32.00
2023-09,Refresco 600 ml.,Bebida,ORDEN,352.00,,10726.50,10767.00,147,0,0,30.47
2026-05,Horchata Vaso,Bebida,ORDEN,143.00,,6071.00,6071.00,29,0,0,42.45
2026-02,Migada Guisado Normal,Migada,PIEZA,12.00,12.00,1596.00,1596.00,12,0,6,133.00
2026-01,Enfrijoladas,Enfrijolada,ORDEN,8.00,,1410.00,1410.00,8,6,1,176.25
2023-12,Gorditas Surtidas,Gordita,PIEZA,66.00,374.00,5610.00,5610.00,35,0,0,85.00
2023-08,Enchiladas Picositas,Enchilada,ORDEN,15.00,,1958.00,1958.00,15,9,1,130.53
2025-07,Enchiladas Rojas,Enchilada,ORDEN,63.00,,11426.00,11426.00,54,37,9,181.37
2024-03,Bisquet,Otros,ORDEN,49.00,,1225.00,1225.00,21,0,0,25.00
2025-02,Café Negro,Bebida,ORDEN,283.00,,9545.00,9545.00,33,0,0,33.73
2026-08,1/2 Entomatadas,Entomatada,ORDEN,166.00,,22459.00,22459.00,125,98,52,135.30
2026-07,Gorditas de Azúcar,Gordita,PIEZA,52.00,52.00,2184.00,2184.00,25,0,0,42.00
2024-10,Pieza Huevo Estrellado Medio,Huevos,ORDEN,5.00,,90.00,90.00,5,0,0,18.00
2025-06,Pieza Huevo Estrellado Tierno,Huevos,ORDEN,16.00,,320.00,320.00,9,0,0,20.00
2024-01,Horchata 1 Litro,Bebida,ORDEN,41.00,,2422.25,2425.00,20,0,0,59.08
2026-08,Zanahorias p/llevar,Otros,ORDEN,20.00,,191.00,191.00,14,0,0,9.55
2023-09,Huevos con Deshebrada,Huevos,ORDEN,7.00,,665.00,665.00,7,0,0,95.00
2024-06,Jamaica Vaso,Bebida,ORDEN,426.00,,13223.60,13236.00,30,0,0,31.04
2024-02,Salsa Habanera,Guarnicion,ORDEN,2.00,,0.00,0.00,2,0,0,0.00
2025-01,Pieza Tortilla de Harina,Guarnicion,ORDEN,4.00,,20.00,20.00,2,0,0,5.00
2024-06,Porción Frijol con Queso,Guarnicion,ORDEN,12.00,,60.00,60.00,9,0,0,5.00
2023-11,Jugo Naranja 1 Litro,Bebida,ORDEN,7.00,,413.00,413.00,6,0,0,59.00
2025-04,Empanadas (4 pzas.),Empanada,ORDEN,130.00,,18483.00,18483.00,125,24,46,142.18
2025-08,Gorditas de Azúcar,Gordita,PIEZA,48.00,48.00,1824.00,1824.00,23,0,0,38.00
2026-06,1/2 Entomatadas,Entomatada,ORDEN,136.00,,18596.00,18596.00,107,81,36,136.74
2026-06,Huevo Revuelto 2 pzas.,Huevos,ORDEN,9.00,,315.00,315.00,9,0,0,35.00
2024-11,Pieza Huevo Estrellado Medio,Huevos,ORDEN,7.00,,126.00,126.00,7,0,0,18.00
2026-06,Café con Leche,Bebida,ORDEN,1058.00,,44488.00,44488.00,86,0,0,42.05
2025-10,Gorditas Surtidas,Gordita,PIEZA,24.00,120.00,2040.00,2040.00,16,0,0,85.00
2025-01,Ciel 600 ml.,Bebida,ORDEN,78.00,,2418.00,2418.00,27,0,0,31.00
2023-12,Migada Guisado Normal,Migada,PIEZA,49.00,49.00,4765.00,4765.00,47,0,20,97.24
2025-01,1/2 Quesadillas (2 pzas.),Quesadilla,ORDEN,127.00,,9718.00,9718.00,68,9,47,76.52
2024-02,Huevo Estrellado 2 pzas.,Huevos,ORDEN,4.00,,139.00,139.00,2,0,0,34.75
2026-08,Huevos con Deshebrada,Huevos,ORDEN,65.00,,9103.00,9103.00,26,0,0,140.05
2026-09,1/2 Quesadillas (2 pzas.),Quesadilla,ORDEN,19.00,,1715.00,1715.00,11,2,7,90.26
2025-04,Entomatadas,Entomatada,ORDEN,61.00,,11190.00,11379.00,49,32,16,183.44
2024-08,Gorditas,Gordita,PIEZA,6001.00,6001.00,96120.40,96216.40,663,28,12,16.02
2024-12,Café Negro,Bebida,ORDEN,316.00,,10440.00,10440.00,34,0,0,33.04
2024-09,Pieza Huevo Estrellado Cocido,Huevos,ORDEN,9.00,,162.00,162.00,7,0,0,18.00
2024-05,1/2 Enfrijoladas,Enfrijolada,ORDEN,22.00,,1858.00,1858.00,17,8,4,84.45
2026-01,Pieza Enchilada Roja,Enchilada,ORDEN,1.00,,25.00,25.00,1,0,0,25.00
2026-02,Tacos de Maiz,Taco,PIEZA,771.00,771.00,17266.00,17288.00,273,10,7,22.39
2026-04,Horchata 1 Litro,Bebida,ORDEN,62.00,,4320.00,4320.00,22,0,0,69.68
2024-11,Refresco 600 ml.,Bebida,ORDEN,443.00,,15125.30,15127.00,150,0,0,34.14
2024-01,Enmoladas,Enmolada,ORDEN,28.00,,4041.00,4041.00,26,16,1,144.32
2025-03,PROMO 6 surtidas,Otros,ORDEN,61.00,,5795.00,5795.00,12,0,0,95.00
2023-09,1/2 Empanadas (2 pzas.),Empanada,ORDEN,31.00,,1996.00,2128.00,30,1,2,64.39
2025-11,Porción Frijol con Queso,Guarnicion,ORDEN,12.00,,60.00,60.00,9,0,0,5.00
2025-04,Zanahorias p/llevar,Otros,ORDEN,47.00,,46.00,46.00,16,0,0,0.98
2026-08,Tacos de Harina,Taco,PIEZA,939.00,939.00,21665.00,21665.00,359,12,47,23.07
2024-09,Paquetes - Evento,Evento,ORDEN,2.00,,2450.00,2450.00,1,0,0,1225.00
2024-12,Salsa Verde,Guarnicion,ORDEN,39.00,,25.00,25.00,19,0,0,0.64
2025-01,Quesadillas (4 pzas.),Quesadilla,ORDEN,149.00,,18287.00,18287.00,64,7,66,122.73
2023-11,Plátano Frito,Otros,ORDEN,50.00,,1610.00,1610.00,23,0,0,32.20
2024-02,Huevo Revuelto 2 pzas.,Huevos,ORDEN,1.00,,28.00,28.00,1,0,0,28.00
2023-08,Quesadillas (4 pzas.),Quesadilla,ORDEN,22.00,,2280.00,2280.00,12,1,8,103.64
2026-04,Migada Guisado de Carne,Migada,PIEZA,252.00,252.00,37406.00,37406.00,231,0,137,148.44
2025-02,Empanadas (4 pzas.),Empanada,ORDEN,101.00,,13198.00,13198.00,100,20,29,130.67
2024-01,Jugo Naranja Vaso,Bebida,ORDEN,117.00,,4563.00,4563.00,26,0,0,39.00
2025-10,Jamaica 1 Litro,Bebida,ORDEN,17.00,,1038.00,1038.00,10,0,0,61.06
2023-12,PROMO 6 surtidas,Otros,ORDEN,35.00,,2940.00,2940.00,12,0,1,84.00
2024-04,PROMO 6 surtidas,Otros,ORDEN,44.00,,3683.40,3696.00,9,0,0,83.71
2023-12,Pieza Tortilla de Maíz,Guarnicion,ORDEN,12.00,,36.00,36.00,6,0,0,3.00
2024-08,Pieza Huevo Estrellado Ciego,Huevos,ORDEN,1.00,,18.00,18.00,1,0,0,18.00
2026-03,Refresco 600 ml.,Bebida,ORDEN,425.00,,16755.00,16755.00,135,0,0,39.42
2025-09,Encremadas,Encremada,ORDEN,14.00,,2578.00,2578.00,13,8,0,184.14
2024-02,Aguacate Extra,Otros,ORDEN,4.00,,60.00,60.00,4,0,0,15.00
2024-11,Bocoles Surtidos,Bocol,PIEZA,1.00,4.00,72.00,72.00,1,0,0,72.00
2023-09,1/2 Enchiladas Picositas,Enchilada,ORDEN,24.00,,2279.00,2279.00,23,14,1,94.96
2025-03,Enchiladas Mixtas,Enchilada,ORDEN,32.00,,6299.00,6299.00,31,23,3,196.84
2026-06,Pieza Extra Empanada,Empanada,ORDEN,7.00,,266.00,266.00,6,0,0,38.00
2024-12,Huevos a la Mexicana,Huevos,ORDEN,31.00,,3100.00,3100.00,20,0,0,100.00
2026-02,Salsa Verde,Guarnicion,ORDEN,4.00,,0.00,0.00,4,0,0,0.00
2023-10,Orden Huevos Estrellados,Huevos,ORDEN,3.00,,249.00,249.00,3,0,0,83.00
2026-09,Entomatadas,Entomatada,ORDEN,11.00,,1990.00,1990.00,10,7,3,180.91
2023-10,1/2 Enmoladas,Enmolada,ORDEN,35.00,,3098.00,3098.00,26,13,1,88.51
2025-07,Refresco 600 ml.,Bebida,ORDEN,505.00,,18352.00,18352.00,160,0,0,36.34
2024-12,Gorditas Surtidas,Gordita,PIEZA,44.00,251.00,4016.00,4016.00,29,0,0,91.27
2026-03,Salsa Verde,Guarnicion,ORDEN,5.00,,0.00,0.00,5,0,0,0.00
2023-12,Enmoladas,Enmolada,ORDEN,62.00,,8838.00,8838.00,47,31,10,142.55
2023-10,Plátano Frito,Otros,ORDEN,33.00,,1040.00,1040.00,22,0,0,31.52
2025-08,Huevos con Deshebrada,Huevos,ORDEN,33.00,,4290.00,4290.00,19,0,0,130.00
2024-03,Huevos Rancheros,Huevos,ORDEN,3.00,,285.00,285.00,3,0,0,95.00
2025-05,Bisquet,Otros,ORDEN,125.00,,3750.00,3750.00,32,0,0,30.00
2024-07,Orden de Guisado de Carne,Guarnicion,ORDEN,6.00,,692.00,692.00,6,0,0,115.33
2023-10,Quesadillas (4 pzas.),Quesadilla,ORDEN,126.00,,12727.00,12727.00,60,10,29,101.01
2025-08,Pieza Huevo Estrellado Ciego,Huevos,ORDEN,2.00,,40.00,40.00,2,0,0,20.00
2024-10,PROMO 6 surtidas,Otros,ORDEN,122.00,,10980.00,10980.00,10,0,0,90.00
2024-09,Enmoladas,Enmolada,ORDEN,34.00,,4917.00,4917.00,27,11,12,144.62
2025-08,Tacos Maíz Surtidos,Taco,PIEZA,2.00,12.00,240.00,240.00,1,0,0,120.00
2025-06,Limón Vaso,Bebida,ORDEN,523.00,,19986.00,19986.00,30,0,0,38.21
2024-07,Migada Guisado Normal,Migada,PIEZA,31.00,31.00,3453.35,3458.00,29,1,8,111.40
2024-11,Horchata 1 Litro,Bebida,ORDEN,46.00,,3017.00,3017.00,18,0,0,65.59
2024-09,Bocoles,Bocol,PIEZA,2204.00,2204.00,39787.40,39787.40,526,21,14,18.05
2026-04,Bisquet,Otros,ORDEN,146.00,,4380.00,4380.00,36,0,0,30.00
2024-06,Migada Guisado Normal,Migada,PIEZA,34.00,34.00,3316.00,3316.00,34,0,23,97.53
2023-11,1/2 Enchiladas Picositas,Enchilada,ORDEN,31.00,,3462.00,3462.00,28,25,3,111.68
2025-12,Pieza Tortilla de Maíz,Guarnicion,ORDEN,17.00,,85.00,85.00,8,0,0,5.00
2024-02,Bocoles Surtidos,Bocol,PIEZA,8.00,38.00,646.00,646.00,7,0,0,80.75
2026-04,1/2 Empanadas (2 pzas.),Empanada,ORDEN,104.00,,9932.00,9932.00,102,13,25,95.50
2024-04,Huevos a la Mexicana,Huevos,ORDEN,34.00,,2822.00,2822.00,17,0,0,83.00
2025-02,Aguacate Extra,Otros,ORDEN,10.00,,150.00,150.00,6,0,0,15.00
2025-04,Ciel 600 ml.,Bebida,ORDEN,77.00,,2464.00,2464.00,28,0,0,32.00
2026-02,Orden de Guisado de Carne,Guarnicion,ORDEN,4.00,,540.00,540.00,4,0,0,135.00
2025-08,Salsa Verde,Guarnicion,ORDEN,34.00,,24.00,24.00,21,0,0,0.71
2026-07,Pieza Enchilada Roja,Enchilada,ORDEN,2.00,,95.00,95.00,2,1,0,47.50
2026-02,Pieza Extra Quesadilla,Quesadilla,ORDEN,9.00,,315.00,315.00,8,0,0,35.00
2023-10,Jamaica Vaso,Bebida,ORDEN,271.00,,8400.15,8411.00,31,0,0,31.00
2024-05,Gorditas Surtidas,Gordita,PIEZA,32.00,159.00,2145.00,2385.00,20,0,0,67.03
2026-09,Guisado Infantil,Otros,ORDEN,4.00,,152.00,152.00,4,0,0,38.00
2025-06,Refresco 355 ml.,Bebida,ORDEN,94.00,,3008.00,3008.00,28,0,0,32.00
2026-06,Bocoles,Bocol,PIEZA,2392.00,2392.00,53223.00,53573.00,549,14,31,22.25
2025-09,Café con Leche,Bebida,ORDEN,1040.00,,36412.00,36412.00,89,0,0,35.01
2026-01,Guisado Infantil,Otros,ORDEN,1.00,,38.00,38.00,1,0,0,38.00
2024-06,Migada Guisado de Carne,Migada,PIEZA,288.00,288.00,30103.80,30114.00,255,4,109,104.53
2025-08,Orden de Guisado Normal,Guarnicion,ORDEN,15.00,,1725.00,1725.00,14,0,0,115.00
2024-05,Quesadillas (4 pzas.),Quesadilla,ORDEN,213.00,,21659.95,21666.00,88,15,96,101.69
2023-09,Huevos a la Mexicana,Huevos,ORDEN,24.00,,1992.00,1992.00,15,0,0,83.00
2025-07,Café Negro,Bebida,ORDEN,239.00,,8365.00,8365.00,34,0,0,35.00
2023-12,1/2 Quesadillas (2 pzas.),Quesadilla,ORDEN,88.00,,5594.00,5594.00,51,3,30,63.57
2025-09,Porción Leche,Guarnicion,ORDEN,1.00,,15.00,15.00,1,0,0,15.00
2025-08,Bocoles,Bocol,PIEZA,2182.00,2182.00,44088.00,44188.00,539,16,24,20.21
2024-06,Jugo Naranja Vaso,Bebida,ORDEN,28.00,,1400.00,1400.00,6,0,0,50.00
2023-08,Plátano Frito,Otros,ORDEN,9.00,,280.00,280.00,6,0,0,31.11
2025-05,Pieza Extra Empanada,Empanada,ORDEN,9.00,,315.00,315.00,9,0,0,35.00
2025-07,Empanadas (4 pzas.),Empanada,ORDEN,111.00,,15991.00,15991.00,105,29,41,144.06
2026-08,1/2 Enchiladas Picositas,Enchilada,ORDEN,47.00,,6783.00,6783.00,41,36,13,144.32
2026-02,Ciel 600 ml.,Bebida,ORDEN,53.00,,1855.00,1855.00,23,0,0,35.00
2024-10,1/2 Enchiladas Mixtas (4 Piezas),Enchilada,ORDEN,7.00,,1067.00,1067.00,7,5,2,152.43
2026-01,Pieza Extra Quesadilla,Quesadilla,ORDEN,12.00,,393.00,393.00,10,0,0,32.75
2025-08,Empanadas (4 pzas.),Empanada,ORDEN,162.00,,22915.00,23172.00,156,37,45,141.45
2026-01,Jamaica 1 Litro,Bebida,ORDEN,10.00,,569.00,569.00,8,0,0,56.90
2023-09,Pieza Encremada,Encremada,ORDEN,3.00,,60.00,60.00,2,0,0,20.00
2024-04,1/2 Enchiladas Rojas,Enchilada,ORDEN,108.00,,9820.00,9820.00,83,62,16,90.93
2024-07,Horchata Vaso,Bebida,ORDEN,181.00,,6162.95,6203.00,31,0,0,34.05
2026-08,Orden Huevos Revueltos,Huevos,ORDEN,5.00,,600.00,600.00,5,0,0,120.00
2026-06,Jamaica 1 Litro,Bebida,ORDEN,26.00,,1570.00,1570.00,14,0,0,60.38
2026-04,Pieza de Pan,Guarnicion,ORDEN,125.00,,3500.00,3500.00,27,0,0,28.00
2024-09,Migada Guisado Normal,Migada,PIEZA,41.00,41.00,4832.00,4832.00,41,0,23,117.85
2024-01,Pieza Extra Empanada,Empanada,ORDEN,10.00,,260.00,260.00,9,0,0,26.00
2025-04,Pieza Enmolada,Enmolada,ORDEN,1.00,,25.00,25.00,1,0,0,25.00
2026-06,Orden Huevos Revueltos,Huevos,ORDEN,3.00,,432.00,432.00,3,0,0,144.00
2026-02,Jamaica Vaso,Bebida,ORDEN,322.00,,13628.00,13628.00,28,0,0,42.32
2026-08,Enfrijoladas,Enfrijolada,ORDEN,10.00,,2034.00,2034.00,10,7,1,203.40
2025-02,Horchata 1 Litro,Bebida,ORDEN,29.00,,1941.00,1941.00,15,0,0,66.93
2025-02,Quesadillas (4 pzas.),Quesadilla,ORDEN,123.00,,15367.00,15367.00,50,2,35,124.93
2023-11,Bocoles,Bocol,PIEZA,2189.00,2189.00,37765.40,37779.00,468,12,0,17.25
2023-11,Jamaica Vaso,Bebida,ORDEN,212.00,,6622.00,6622.00,30,0,0,31.24
2025-05,Jamaica 1 Litro,Bebida,ORDEN,22.00,,1235.00,1235.00,13,0,0,56.14
2023-12,Horchata 1 Litro,Bebida,ORDEN,56.00,,3250.00,3250.00,22,0,0,58.04
2025-09,Bistec 1 Pza.,Otros,ORDEN,4.00,,408.00,408.00,4,0,0,102.00
2025-03,Porción Ensalada,Guarnicion,ORDEN,4.00,,100.00,100.00,4,0,0,25.00
2023-10,Enchiladas Picositas,Enchilada,ORDEN,46.00,,6582.00,6582.00,43,33,10,143.09
2024-03,1/2 Enchiladas Mixtas (4 Piezas),Enchilada,ORDEN,4.00,,446.00,446.00,4,2,3,111.50
2025-07,Tacos de Harina,Taco,PIEZA,739.00,739.00,15163.00,15163.00,296,9,4,20.52
2023-11,Migada Guisado Normal,Migada,PIEZA,38.00,38.00,3742.00,3742.00,35,2,18,98.47
2024-05,Bocoles,Bocol,PIEZA,2121.00,2121.00,36701.05,36859.50,524,9,36,17.30
2026-07,Porción Frijol con Queso,Guarnicion,ORDEN,22.00,,110.00,110.00,14,0,0,5.00
2023-09,Fuze Tea,Bebida,ORDEN,9.00,,305.35,307.00,6,0,0,33.93
2025-11,Tacos de Harina,Taco,PIEZA,864.00,864.00,17857.00,17857.00,303,9,0,20.67
2025-02,Enchiladas Picositas,Enchilada,ORDEN,32.00,,5729.00,5729.00,29,27,3,179.03
2025-01,Jamaica 1 Litro,Bebida,ORDEN,26.00,,1362.00,1362.00,17,0,0,52.38
2025-01,Pieza de Pan,Guarnicion,ORDEN,134.00,,2948.00,2948.00,30,0,0,22.00
2026-06,Orden de Guisado de Carne,Guarnicion,ORDEN,7.00,,945.00,945.00,7,8,0,135.00
2024-11,Pieza Entomatada,Entomatada,ORDEN,1.00,,23.00,23.00,1,0,0,23.00
2023-12,Enchiladas Mixtas,Enchilada,ORDEN,55.00,,7952.00,7952.00,50,39,7,144.58
2025-10,Horchata Vaso,Bebida,ORDEN,143.00,,5605.00,5605.00,29,0,0,39.20
2026-02,1/2 Enmoladas,Enmolada,ORDEN,37.00,,4923.00,4923.00,32,19,11,133.05
2023-11,Enchiladas Rojas,Enchilada,ORDEN,100.00,,14050.00,14050.00,82,67,19,140.50
2024-05,Enchiladas Rojas,Enchilada,ORDEN,153.00,,21378.20,21387.00,105,87,25,139.73
2026-01,Huevos a la Mexicana,Huevos,ORDEN,51.00,,5873.00,5873.00,25,0,0,115.16
2024-04,Orden de Guisado de Carne,Guarnicion,ORDEN,8.00,,816.00,816.00,8,0,0,102.00
2025-09,Horchata 1 Litro,Bebida,ORDEN,25.00,,1750.00,1750.00,16,0,0,70.00
2023-09,1/2 Enmoladas,Enmolada,ORDEN,20.00,,1617.70,1621.00,19,7,7,80.89
2025-05,Huevos con Deshebrada,Huevos,ORDEN,59.00,,7709.00,7709.00,25,0,0,130.66
2024-09,Enfrijoladas,Enfrijolada,ORDEN,17.00,,2766.00,2766.00,16,11,2,162.71
2025-01,Café Negro,Bebida,ORDEN,341.00,,11253.00,11253.00,35,0,0,33.00
2026-09,Orden de Guisado Normal,Guarnicion,ORDEN,3.00,,360.00,360.00,3,3,0,120.00
2026-04,Huevos a la Mexicana,Huevos,ORDEN,44.00,,5280.00,5280.00,24,0,0,120.00
2024-10,Enchiladas Mixtas,Enchilada,ORDEN,41.00,,6439.00,6439.00,38,23,1,157.05
2025-11,1/2 Enfrijoladas,Enfrijolada,ORDEN,27.00,,3203.00,3203.00,27,16,10,118.63
2025-02,Porción Frijol con Queso,Guarnicion,ORDEN,9.00,,45.00,45.00,6,0,0,5.00
2026-08,PROMO 6 surtidas,Otros,ORDEN,56.00,,6048.00,6048.00,9,0,0,108.00
2026-03,Entomatadas,Entomatada,ORDEN,67.00,,13535.00,13535.00,57,47,28,202.01
2026-04,Plátano Frito,Otros,ORDEN,38.00,,1596.00,1596.00,31,0,0,42.00
2024-07,Zanahorias p/llevar,Otros,ORDEN,16.00,,13.00,14.00,11,0,0,0.81
2025-04,Aguacate Extra,Otros,ORDEN,8.00,,120.00,120.00,7,0,0,15.00
2025-03,Migada Guisado Normal,Migada,PIEZA,28.00,28.00,3572.00,3572.00,27,0,11,127.57
2025-09,Orden Huevos Estrellados,Huevos,ORDEN,10.00,,1150.00,1150.00,10,0,0,115.00
2024-04,1/2 Enmoladas,Enmolada,ORDEN,34.00,,3381.00,3381.00,29,20,3,99.44
2024-02,Migada Guisado Normal,Migada,PIEZA,37.00,37.00,3584.65,3601.00,36,1,14,96.88
2023-09,1/2 Quesadillas (2 pzas.),Quesadilla,ORDEN,38.00,,2318.00,2318.00,24,0,10,61.00
2026-08,Pieza Enchilada Roja,Enchilada,ORDEN,3.00,,90.00,90.00,3,0,0,30.00
2025-12,Jamaica Vaso,Bebida,ORDEN,455.00,,17293.00,17293.00,30,0,0,38.01
2024-05,1/2 Entomatadas,Entomatada,ORDEN,122.00,,11063.40,11077.00,92,62,25,90.68
2026-08,Enchiladas Picositas,Enchilada,ORDEN,22.00,,4471.00,4471.00,21,19,2,203.23
2023-11,Tacos de Maiz,Taco,PIEZA,645.00,645.00,11115.00,11115.00,269,9,0,17.23
2024-09,1/2 Quesadillas (2 pzas.),Quesadilla,ORDEN,107.00,,8018.00,8018.00,58,4,48,74.93
2023-11,Café con Leche,Bebida,ORDEN,653.00,,19665.00,19671.00,30,0,0,30.11
2024-11,Pieza Extra Quesadilla,Quesadilla,ORDEN,4.00,,112.00,112.00,3,0,0,28.00
2024-10,Jugo Naranja Vaso,Bebida,ORDEN,11.00,,550.00,550.00,5,0,0,50.00
2025-01,Enchiladas Picositas,Enchilada,ORDEN,32.00,,5235.00,5235.00,30,20,4,163.59
2025-02,Pieza Huevo Estrellado Medio,Huevos,ORDEN,20.00,,372.00,372.00,16,0,0,18.60
2024-01,Ciel 600 ml.,Bebida,ORDEN,33.00,,933.00,933.00,19,0,0,28.27
2023-09,Orden de Guisado de Carne,Guarnicion,ORDEN,4.00,,408.00,408.00,3,0,0,102.00
2024-06,Pieza Extra Empanada,Empanada,ORDEN,4.00,,104.00,104.00,4,0,0,26.00
2026-04,Tacos de Maiz,Taco,PIEZA,1008.00,1008.00,22594.00,22616.00,329,18,1,22.41
2026-08,Café Negro,Bebida,ORDEN,397.00,,16687.00,16687.00,34,0,0,42.03
2024-04,Entomatadas,Entomatada,ORDEN,74.00,,11027.40,11037.00,62,50,19,149.02
2026-08,Bistec 1 Pza.,Otros,ORDEN,7.00,,714.00,714.00,6,0,0,102.00
2026-08,Fuze Tea,Bebida,ORDEN,33.00,,1499.00,1499.00,20,0,0,45.42
2026-02,Pieza Huevo Estrellado Medio,Huevos,ORDEN,8.00,,160.00,160.00,7,0,0,20.00
2024-07,Salsa Verde,Guarnicion,ORDEN,38.00,,22.00,23.00,18,0,0,0.58
2024-12,Pieza Enmolada,Enmolada,ORDEN,2.00,,46.00,46.00,2,0,0,23.00
2023-12,Pieza Encremada,Encremada,ORDEN,1.00,,20.00,20.00,1,0,0,20.00
2025-05,Fuze Tea,Bebida,ORDEN,20.00,,800.00,800.00,13,0,0,40.00
2025-03,Huevos con Deshebrada,Huevos,ORDEN,32.00,,4160.00,4160.00,19,0,0,130.00
2026-06,Gorditas de Azúcar,Gordita,PIEZA,38.00,38.00,1596.00,1596.00,24,0,0,42.00
2024-10,Salsa Verde,Guarnicion,ORDEN,37.00,,33.00,34.00,15,0,0,0.89
2024-07,1/2 Enfrijoladas,Enfrijolada,ORDEN,30.00,,2934.00,2941.00,23,9,4,97.80
2024-10,Jamaica 1 Litro,Bebida,ORDEN,30.00,,1620.00,1620.00,18,0,0,54.00
2026-02,Quesadillas (4 pzas.),Quesadilla,ORDEN,121.00,,17447.00,17447.00,66,6,47,144.19
2025-08,Migada Guisado Normal,Migada,PIEZA,27.00,27.00,3483.00,3483.00,26,1,17,129.00
2024-10,Pieza de Pan,Guarnicion,ORDEN,129.00,,2838.00,2838.00,30,0,0,22.00
2023-12,Jugo Naranja Vaso,Bebida,ORDEN,135.00,,5263.05,5265.00,27,0,0,38.99
2025-11,Enmoladas,Enmolada,ORDEN,28.00,,4758.00,4758.00,23,13,5,169.93
2026-01,Pieza Tortilla de Maíz,Guarnicion,ORDEN,9.00,,45.00,45.00,2,0,0,5.00
2024-02,Huevos Rancheros,Huevos,ORDEN,19.00,,1805.00,1805.00,13,0,0,95.00
2026-07,Porción Ensalada,Guarnicion,ORDEN,9.00,,225.00,225.00,7,0,0,25.00
2024-05,Tacos Harina Surtidos,Taco,PIEZA,1.00,5.00,85.00,85.00,1,0,0,85.00
2023-10,Porción Frijol con Queso,Guarnicion,ORDEN,3.00,,15.00,15.00,1,0,0,5.00
2026-01,1/2 Enfrijoladas,Enfrijolada,ORDEN,22.00,,2473.00,2473.00,18,9,7,112.41
2023-12,Orden Huevos Estrellados,Huevos,ORDEN,10.00,,830.00,830.00,10,0,0,83.00
2026-06,1/2 Encremadas,Encremada,ORDEN,38.00,,5342.00,5342.00,35,24,0,140.58
2023-10,Limón 1 Litro,Bebida,ORDEN,62.00,,3019.80,3126.00,22,0,0,48.71
2025-11,1/2 Enchiladas Rojas,Enchilada,ORDEN,152.00,,18304.00,18304.00,102,74,38,120.42
2026-05,1/2 Empanadas (2 pzas.),Empanada,ORDEN,117.00,,11234.00,11234.00,113,21,44,96.02
2026-04,Pieza Extra Empanada,Empanada,ORDEN,5.00,,210.00,210.00,5,1,0,42.00
2025-12,Porción Frijol con Queso,Guarnicion,ORDEN,22.00,,110.00,110.00,14,0,0,5.00
2025-12,Ciel 600 ml.,Bebida,ORDEN,78.00,,2496.00,2496.00,29,0,0,32.00
2025-06,Porción Leche,Guarnicion,ORDEN,2.00,,30.00,30.00,2,0,0,15.00
2024-11,1/2 Enchiladas Mixtas (4 Piezas),Enchilada,ORDEN,9.00,,1332.00,1332.00,9,7,2,148.00
2025-02,Jamaica Vaso,Bebida,ORDEN,358.00,,12944.00,12944.00,28,0,0,36.16
2026-04,Enchiladas Mixtas,Enchilada,ORDEN,33.00,,6956.00,6956.00,33,28,7,210.79
2024-02,Orden Huevos Revueltos,Huevos,ORDEN,2.00,,166.00,166.00,2,0,0,83.00
2025-12,Huevos a la Mexicana,Huevos,ORDEN,38.00,,4370.00,4370.00,20,0,0,115.00
2024-05,Enfrijoladas,Enfrijolada,ORDEN,12.00,,1523.00,1523.00,12,4,11,126.92
2025-04,Enmoladas,Enmolada,ORDEN,35.00,,6037.00,6037.00,32,17,5,172.49
2024-08,Limón 1 Litro,Bebida,ORDEN,21.00,,1143.00,1143.00,14,0,0,54.43
2025-01,Huevos Rancheros,Huevos,ORDEN,30.00,,3500.00,3500.00,19,0,0,116.67
2026-02,1/2 Encremadas,Encremada,ORDEN,31.00,,4659.00,4659.00,25,18,2,150.29
2026-09,Huevos con Deshebrada,Huevos,ORDEN,9.00,,1256.00,1256.00,3,0,0,139.56
2024-07,Bisquet,Otros,ORDEN,87.00,,2175.00,2175.00,36,0,0,25.00
2025-12,Pieza Tortilla de Harina,Guarnicion,ORDEN,7.00,,35.00,35.00,3,0,0,5.00
2023-09,Café con Leche,Bebida,ORDEN,330.00,,9876.00,9909.00,30,0,0,29.93
2025-06,Orden Huevos Estrellados,Huevos,ORDEN,15.00,,1725.00,1725.00,15,0,0,115.00
2026-08,Orden Huevos Estrellados,Huevos,ORDEN,16.00,,1920.00,1920.00,15,0,0,120.00
2025-08,Refresco 355 ml.,Bebida,ORDEN,111.00,,3552.00,3552.00,31,0,0,32.00
2024-02,Refresco 600 ml.,Bebida,ORDEN,310.00,,9337.50,9345.00,125,0,0,30.12
2025-03,Horchata 1 Litro,Bebida,ORDEN,26.00,,1822.00,1822.00,12,0,0,70.08
2025-08,Jamaica Vaso,Bebida,ORDEN,587.00,,22369.00,22407.00,31,0,0,38.11
2023-12,Pieza Extra Empanada,Empanada,ORDEN,9.00,,234.00,234.00,6,0,0,26.00
2025-10,Quesadillas (4 pzas.),Quesadilla,ORDEN,124.00,,17021.00,17191.00,68,5,60,137.27
2024-06,Horchata 1 Litro,Bebida,ORDEN,62.00,,3637.00,3637.00,24,0,0,58.66
2024-09,Quesadillas (4 pzas.),Quesadilla,ORDEN,142.00,,17552.00,17552.00,61,7,59,123.61
2024-04,Pieza Encremada,Encremada,ORDEN,1.00,,48.00,48.00,1,1,0,48.00
2025-05,Bistec 1 Pza.,Otros,ORDEN,5.00,,510.00,510.00,5,0,0,102.00
2025-04,Porción Frijol con Queso,Guarnicion,ORDEN,12.00,,60.00,60.00,11,0,0,5.00
2026-01,Café Negro,Bebida,ORDEN,366.00,,12950.00,12950.00,35,0,0,35.38
2023-11,Empanadas (4 pzas.),Empanada,ORDEN,79.00,,8521.70,8537.00,77,16,25,107.87
2026-01,1/2 Enchiladas Mixtas (4 Piezas),Enchilada,ORDEN,24.00,,3381.00,3381.00,23,12,6,140.88
2026-08,Enmoladas,Enmolada,ORDEN,38.00,,7435.00,7435.00,34,25,8,195.66
2024-06,Pieza Entomatada,Entomatada,ORDEN,1.00,,20.00,20.00,1,0,0,20.00
2024-12,1/2 Quesadillas (2 pzas.),Quesadilla,ORDEN,137.00,,10234.00,10234.00,60,4,49,74.70
2024-02,Bisquet,Otros,ORDEN,87.00,,2175.00,2175.00,26,0,0,25.00
2026-05,Pieza Encremada,Encremada,ORDEN,2.00,,60.00,60.00,2,0,0,30.00
2024-08,Refresco 355 ml.,Bebida,ORDEN,86.00,,2752.00,2752.00,24,0,0,32.00
2024-09,Jamaica Vaso,Bebida,ORDEN,423.00,,14850.00,14850.00,30,0,0,35.11
2026-08,Pieza Huevo Estrellado Ciego,Huevos,ORDEN,1.00,,20.00,20.00,1,0,0,20.00
2025-05,Pieza de Pan,Guarnicion,ORDEN,141.00,,3525.00,3525.00,31,0,0,25.00
2024-02,Orden Huevos Estrellados,Huevos,ORDEN,1.00,,83.00,83.00,1,0,0,83.00
2026-04,1/2 Enmoladas,Enmolada,ORDEN,57.00,,7026.00,7159.00,48,33,5,123.26
2025-04,Gorditas,Gordita,PIEZA,6564.00,6564.00,113264.00,113349.00,643,11,19,17.26
2024-08,Plátano Frito,Otros,ORDEN,39.00,,1326.00,1326.00,30,0,0,34.00
2024-08,Entomatadas,Entomatada,ORDEN,91.00,,14719.00,14719.00,72,49,30,161.75
2025-11,Enchiladas Mixtas,Enchilada,ORDEN,29.00,,5418.00,5418.00,29,22,5,186.83
2026-04,PROMO 6 surtidas,Otros,ORDEN,36.00,,3888.00,3888.00,10,0,0,108.00
2024-04,Bisquet,Otros,ORDEN,31.00,,775.00,775.00,21,0,0,25.00
2025-12,Orden Huevos Estrellados,Huevos,ORDEN,17.00,,1955.00,1955.00,15,0,0,115.00
2025-05,Pieza Tortilla de Maíz,Guarnicion,ORDEN,8.00,,40.00,40.00,5,0,0,5.00
2024-04,Enchiladas Mixtas,Enchilada,ORDEN,36.00,,5843.00,5843.00,36,31,3,162.31
2025-09,Migada Guisado de Carne,Migada,PIEZA,220.00,220.00,31772.00,31772.00,206,0,121,144.42
2025-08,Huevo Estrellado 2 pzas.,Huevos,ORDEN,5.00,,175.00,175.00,4,0,0,35.00
2024-09,Pieza Entomatada,Entomatada,ORDEN,2.00,,46.00,46.00,2,0,0,23.00
2024-12,Entomatadas,Entomatada,ORDEN,82.00,,13201.00,13201.00,74,49,27,160.99
2026-01,Encremadas,Encremada,ORDEN,17.00,,2907.00,2907.00,15,6,0,171.00
2023-09,1/2 Encremadas,Encremada,ORDEN,21.00,,2163.00,2163.00,17,10,1,103.00
2026-03,Orden Huevos Revueltos,Huevos,ORDEN,2.00,,240.00,240.00,2,0,0,120.00
2023-11,Gorditas Surtidas,Gordita,PIEZA,16.00,80.00,1200.00,1200.00,16,0,0,75.00
2025-06,1/2 Enchiladas Picositas,Enchilada,ORDEN,31.00,,4484.00,4484.00,30,25,1,144.65
2024-12,Huevos con Deshebrada,Huevos,ORDEN,17.00,,1938.00,1938.00,11,0,0,114.00
2024-08,Tacos de Maiz,Taco,PIEZA,984.00,984.00,17748.00,17748.00,334,5,0,18.04
2024-02,Tacos Maíz Surtidos,Taco,PIEZA,2.00,8.00,136.00,136.00,2,0,0,68.00
2024-02,Tacos de Maiz,Taco,PIEZA,648.00,648.00,11120.00,11120.00,254,5,2,17.16
2026-07,Huevos con Deshebrada,Huevos,ORDEN,64.00,,9214.00,9214.00,26,0,0,143.97
2025-06,1/2 Quesadillas (2 pzas.),Quesadilla,ORDEN,105.00,,8716.00,8716.00,64,3,48,83.01
2024-11,Enchiladas Rojas,Enchilada,ORDEN,95.00,,15027.00,15027.00,71,56,15,158.18
2025-09,Café Negro,Bebida,ORDEN,325.00,,11375.00,11375.00,35,0,0,35.00
2025-02,Gorditas Surtidas,Gordita,PIEZA,17.00,95.00,1546.00,1546.00,10,0,0,90.94
2023-08,Ciel 600 ml.,Bebida,ORDEN,8.00,,224.00,224.00,6,0,0,28.00
2024-07,Tacos de Harina,Taco,PIEZA,875.00,875.00,15698.80,15720.40,338,6,7,17.94
2023-12,Orden de Guisado Normal,Guarnicion,ORDEN,16.00,,1520.00,1520.00,14,0,0,95.00
2023-12,Gorditas de Azúcar,Gordita,PIEZA,40.00,40.00,1200.00,1200.00,21,0,0,30.00
2026-06,Porción Frijol con Queso,Guarnicion,ORDEN,16.00,,80.00,80.00,13,0,0,5.00
2023-10,PROMO 6 surtidas,Otros,ORDEN,31.00,,2604.00,2604.00,9,0,0,84.00
2026-01,Huevos Rancheros,Huevos,ORDEN,37.00,,4265.00,4265.00,20,0,0,115.27
2024-10,Limón 1 Litro,Bebida,ORDEN,34.00,,2020.00,2020.00,20,0,0,59.41
2025-03,Bistec 1 Pza.,Otros,ORDEN,1.00,,102.00,102.00,1,0,0,102.00
2025-12,Porción Ensalada,Guarnicion,ORDEN,7.00,,175.00,175.00,5,0,0,25.00
2024-01,Entomatadas,Entomatada,ORDEN,70.00,,9632.00,9836.00,59,40,16,137.60
2024-06,Ciel 600 ml.,Bebida,ORDEN,57.00,,1596.00,1596.00,26,0,0,28.00
2026-03,1/2 Enchiladas Rojas,Enchilada,ORDEN,171.00,,21149.00,21339.00,129,80,52,123.68
2023-09,Encremadas,Encremada,ORDEN,10.00,,1441.90,1447.00,10,5,1,144.19
2024-04,1/2 Encremadas,Encremada,ORDEN,34.00,,3270.70,3274.00,25,13,0,96.20
2026-08,Jamaica Vaso,Bebida,ORDEN,599.00,,25223.00,25223.00,31,0,0,42.11
2023-09,Bocoles,Bocol,PIEZA,1763.00,1763.00,30433.75,30523.00,437,6,1,17.26
2025-05,Jamaica Vaso,Bebida,ORDEN,552.00,,21032.00,21032.00,31,0,0,38.10
2024-11,Refresco 355 ml.,Bebida,ORDEN,87.00,,2784.00,2784.00,28,0,0,32.00
2025-09,1/2 Enchiladas Rojas,Enchilada,ORDEN,186.00,,22844.00,22844.00,129,102,46,122.82
2025-04,Horchata 1 Litro,Bebida,ORDEN,47.00,,3243.00,3243.00,21,0,0,69.00
2026-05,Salsa Roja,Guarnicion,ORDEN,16.00,,0.00,0.00,3,0,0,0.00
2025-05,1/2 Enchiladas Picositas,Enchilada,ORDEN,45.00,,6253.00,6253.00,37,33,6,138.96
2024-01,Pieza Enmolada,Enmolada,ORDEN,1.00,,20.00,20.00,1,0,0,20.00
2025-11,1/2 Enchiladas Picositas,Enchilada,ORDEN,32.00,,4303.00,4303.00,30,24,8,134.47
2024-06,Tacos Maíz Surtidos,Taco,PIEZA,2.00,4.00,68.00,68.00,1,0,0,34.00
2024-12,1/2 Enchiladas Picositas,Enchilada,ORDEN,47.00,,5535.00,5535.00,36,27,3,117.77
2024-09,Gorditas Surtidas,Gordita,PIEZA,12.00,65.00,1040.00,1040.00,8,0,0,86.67
2023-08,Encremadas,Encremada,ORDEN,1.00,,149.00,149.00,1,0,0,149.00
2024-10,1/2 Entomatadas,Entomatada,ORDEN,107.00,,11971.00,11971.00,88,62,15,111.88
2023-08,Gorditas de Azúcar,Gordita,PIEZA,8.00,8.00,240.00,240.00,6,0,0,30.00
2023-09,1/2 Entomatadas,Entomatada,ORDEN,63.00,,5979.00,5986.00,55,33,4,94.90
2025-05,Tacos de Harina,Taco,PIEZA,824.00,824.00,16846.00,16972.00,305,10,1,20.44
2026-03,Gorditas,Gordita,PIEZA,5490.00,5490.00,106748.00,106805.00,677,25,30,19.44
2026-01,Salsa Habanera,Guarnicion,ORDEN,9.00,,0.00,0.00,9,0,0,0.00
2026-07,Gorditas,Gordita,PIEZA,6620.00,6620.00,128036.00,128355.00,734,26,31,19.34
2025-08,Porción Ensalada,Guarnicion,ORDEN,8.00,,200.00,200.00,7,0,0,25.00
2025-05,Orden Huevos Revueltos,Huevos,ORDEN,2.00,,230.00,230.00,2,0,0,115.00
2024-07,Salsa Roja,Guarnicion,ORDEN,40.00,,32.00,34.00,16,0,0,0.80
2025-09,1/2 Encremadas,Encremada,ORDEN,33.00,,4454.00,4454.00,31,24,2,134.97
2024-11,1/2 Enmoladas,Enmolada,ORDEN,33.00,,3609.00,3609.00,31,18,3,109.36
2024-06,Jugo Naranja 1 Litro,Bebida,ORDEN,6.00,,480.00,480.00,4,0,0,80.00
2024-11,Huevos a la Mexicana,Huevos,ORDEN,34.00,,3408.00,3408.00,18,0,0,100.24
2025-05,Orden Huevos Estrellados,Huevos,ORDEN,13.00,,1495.00,1495.00,11,0,0,115.00
2026-04,1/2 Enfrijoladas,Enfrijolada,ORDEN,37.00,,4455.00,4455.00,30,19,13,120.41
2024-02,Tacos de Harina,Taco,PIEZA,624.00,624.00,11057.50,11142.00,247,11,3,17.72
2024-06,Salsa Roja,Guarnicion,ORDEN,30.00,,15.00,16.00,18,0,0,0.50
2025-12,1/2 Enmoladas,Enmolada,ORDEN,50.00,,6241.00,6241.00,42,29,6,124.82
2024-08,Orden Huevos Revueltos,Huevos,ORDEN,5.00,,500.00,500.00,4,0,0,100.00
2026-03,Tacos de Harina,Taco,PIEZA,763.00,763.00,17473.00,17539.00,283,12,8,22.90
2023-11,1/2 Empanadas (2 pzas.),Empanada,ORDEN,41.00,,2930.70,2934.00,41,4,9,71.48
2026-09,Ciel 600 ml.,Bebida,ORDEN,11.00,,396.00,396.00,5,0,0,36.00
2025-12,Enfrijoladas,Enfrijolada,ORDEN,7.00,,1141.00,1141.00,7,4,1,163.00
2025-07,Orden Huevos Estrellados,Huevos,ORDEN,8.00,,960.00,960.00,7,0,0,120.00
2025-11,Plátano Frito,Otros,ORDEN,29.00,,1102.00,1102.00,28,0,0,38.00
2026-06,Pieza Extra Quesadilla,Quesadilla,ORDEN,9.00,,315.00,315.00,8,0,0,35.00
2025-12,1/2 Enchiladas Rojas,Enchilada,ORDEN,190.00,,22592.00,22592.00,136,98,65,118.91
2026-09,Horchata 1 Litro,Bebida,ORDEN,3.00,,228.00,228.00,2,0,0,76.00
2023-09,Pieza Enmolada,Enmolada,ORDEN,2.00,,40.00,40.00,1,0,0,20.00
2025-06,1/2 Entomatadas,Entomatada,ORDEN,102.00,,13552.00,13552.00,85,68,34,132.86
2023-10,Pieza Extra Quesadilla,Quesadilla,ORDEN,2.00,,46.00,46.00,2,0,0,23.00
2024-12,Pieza Enchilada Roja,Enchilada,ORDEN,1.00,,23.00,23.00,1,0,0,23.00
2025-03,Brownie Oreo,Postre,ORDEN,30.00,,750.00,750.00,15,0,0,25.00
2024-08,Enfrijoladas,Enfrijolada,ORDEN,12.00,,1581.00,1581.00,12,2,6,131.75
2026-09,Fuze Tea,Bebida,ORDEN,1.00,,45.00,45.00,1,0,0,45.00
2024-11,1/2 Empanadas (2 pzas.),Empanada,ORDEN,81.00,,6515.00,6515.00,75,5,21,80.43
2025-11,Porción Leche,Guarnicion,ORDEN,1.00,,15.00,15.00,1,0,0,15.00
2024-02,Enchiladas Picositas,Enchilada,ORDEN,31.00,,4406.00,4406.00,29,21,4,142.13
2026-05,Café con Leche,Bebida,ORDEN,1162.00,,48788.00,48830.00,89,0,0,41.99
2026-01,Enchiladas Rojas,Enchilada,ORDEN,71.00,,11636.00,11636.00,57,31,20,163.89
2026-04,Pieza Enchilada Roja,Enchilada,ORDEN,1.00,,30.00,30.00,1,0,0,30.00
2024-03,Jamaica 1 Litro,Bebida,ORDEN,57.00,,2598.00,2607.00,25,0,0,45.58
2025-09,Huevos a la Mexicana,Huevos,ORDEN,43.00,,4945.00,4945.00,22,0,0,115.00
2023-09,Ciel 600 ml.,Bebida,ORDEN,43.00,,1222.00,1222.00,21,0,0,28.42
2023-11,Pieza Tortilla de Harina,Guarnicion,ORDEN,9.00,,27.00,27.00,3,0,0,3.00
2026-08,Pieza Huevo Estrellado Tierno,Huevos,ORDEN,16.00,,320.00,320.00,12,0,0,20.00
2025-02,Brownie Oreo,Postre,ORDEN,18.00,,450.00,450.00,7,0,0,25.00
2026-06,Enchiladas Picositas,Enchilada,ORDEN,23.00,,4565.00,4565.00,23,17,7,198.48
2026-08,Aguacate Extra,Otros,ORDEN,36.00,,540.00,540.00,19,0,0,15.00
2025-11,Gorditas,Gordita,PIEZA,6045.00,6045.00,104407.00,104543.00,629,16,15,17.27
2024-10,Porción Ensalada,Guarnicion,ORDEN,2.00,,50.00,50.00,2,0,0,25.00
2024-02,Gorditas de Azúcar,Gordita,PIEZA,25.00,25.00,772.00,772.00,16,0,0,30.88
2025-04,Orden de Guisado de Carne,Guarnicion,ORDEN,4.00,,520.00,520.00,4,0,0,130.00
2023-12,Tacos de Maiz,Taco,PIEZA,949.00,949.00,16270.50,16287.00,327,1,1,17.14
2024-03,Fuze Tea,Bebida,ORDEN,6.00,,198.00,198.00,6,0,0,33.00
2023-08,Refresco 600 ml.,Bebida,ORDEN,126.00,,3777.00,3807.00,48,0,0,29.98
2025-09,Migada Guisado Normal,Migada,PIEZA,18.00,18.00,2312.00,2312.00,18,0,9,128.44
2024-12,Salsa Habanera,Guarnicion,ORDEN,25.00,,10.00,10.00,17,0,0,0.40
2025-08,Migada Guisado de Carne,Migada,PIEZA,253.00,253.00,35742.00,35999.00,232,2,111,141.27
